bas25_nhd_nyrs,bas25_nhd_blks,bas25_nhd_sat,bas25_nhd_cohes1,bas25_nhd_cohes2,bas25_nhd_cohes3,bas25_nhd_cohes4,bas25_nhd_cohes5,bas25_nhd_newres,bas25_nhd_schqual,bas25_nhd_schchg,bas25_nhd_safe,bas25_nhd_safechg,bas25_nhd_walksafe,bas25_nhd_wratt,bas25_nhd_wrbkhm,bas25_nhd_pbycrime,bas25_nhd_pbvbld,bas25_nhd_pbnoplc,bas25_nhd_pbdrugs,bas25_nhd_pbod,bas25_nhd_pbdsale,bas25_nhd_sansat,bas25_nhd_ptrsat,bas25_nhd_plcsat,bas25_nhd_schsat,bas25_nhd_emgsat,bas25_nhd_pkasat,bas25_nhd_pkqsat,bas25_con_gentrust,bas25_con_gtrust,bas25_con_mdtrust,bas25_con_dctrust,bas25_con_dggthnk,bas25_con_dgtreat,bas25_con_dgtrqual,bas25_con_use988md,bas25_con_use988mh,bas25_con_use988dp,bas25_con_use988ht,bas25_con_use988sl,bas25_con_use988od,bas25_con_use988tk,bas25_con_use988cm,bas25_con_use988no,bas25_con_pbycrime,bas25_con_pbvbld,bas25_con_pbnoplc,bas25_con_pbdrugs,bas25_con_pbod,bas25_con_pbdsale,bas25_con_kbdate1,bas25_con_kbdate2,bas25_tsp_appt,bas25_tsp_skipgo,bas25_tsp_noleave,bas25_tsp_feeldown,bas25_tsp_inconv,bas25_tsp_affrel,bas25_tsp_afford,bas25_tsp_newjob,bas25_tsp_vehrelus,bas25_env_aqconc,bas25_env_lvwtshed,bas25_env_lvecosys,bas25_env_aqcomp,bas25_env_aqsmell,bas25_env_aqsmoke,bas25_env_aqburn,bas25_env_aqknowtv,bas25_env_aqknowrd,bas25_env_aqknownp,bas25_env_aqknownw,bas25_env_aqknowww,bas25_env_aqknowow,bas25_env_aqknowsm,bas25_env_aqknowwa,bas25_env_aqknowtx,bas25_env_aqknowff,bas25_env_aqknowot,bas25_env_aqknowdk,bas25_env_aqprftv,bas25_env_aqprfrd,bas25_env_aqprfnp,bas25_env_aqprfnw,bas25_env_aqprfww,bas25_env_aqprfow,bas25_env_aqprfsm,bas25_env_aqprfwa,bas25_env_aqprftx,bas25_env_aqprfff,bas25_env_aqprfot,bas25_env_aqprfno,bas25_env_sqprobcn,bas25_env_sqprobgs,bas25_env_sqprobds,bas25_env_sqprobwt,bas25_env_sqproben,bas25_env_sqprobdg,bas25_env_sqcontas,bas25_env_sqcontpl,bas25_env_sqcontpb,bas25_env_sqcontch,bas25_env_sqcontps,bas25_env_sqcontsl,bas25_env_sqcontws,bas25_env_simpfoun,bas25_env_simpcarb,bas25_env_simpgrow,bas25_env_simpwat,bas25_env_simptox,bas25_env_sqlrngs,bas25_env_sqlrngd,bas25_env_sqlrncn,bas25_env_sqlrndn,bas25_env_sqlrnhl,bas25_env_sqlrnsq,bas25_env_sqlrnna,bas25_env_wqconc,bas25_env_floodbw,bas25_env_floodhs,bas25_env_floodyd,bas25_env_floodbs,bas25_env_floodsw,bas25_env_floodst,bas25_env_floodcr,bas25_env_stree,bas25_env_streea,bas25_env_streerwa,bas25_env_streercs,bas25_env_streerck,bas25_env_streerfn,bas25_env_streerph,bas25_env_streercr,bas25_env_streeren,bas25_fin_jobstat,bas25_fin_jobsect,bas25_fin_jobeasy,bas25_fin_jobworry,bas25_fin_amtrich,bas25_fin_amtpoor,bas25_fin_econba,bas25_fin_efutba,bas25_fin_econus,bas25_fin_efutus,bas25_fsi_runout,bas25_fsi_notlast,bas25_fsi_nobal,bas25_fsi_cutsize,bas25_fsi_cutsizea,bas25_fsi_eatless,bas25_fsi_hungry,bas25_fin_med,bas25_fin_futfood,bas25_fin_futhome,bas25_fin_fututil,bas25_fin_futmed,bas25_fin_futtsp,bas25_fin_housworr,bas25_fin_housdiff,bas25_fin_housfmv,bas25_fin_utillate,bas25_hlt_srph,bas25_hlt_srmh,bas25_hlt_medhome,bas25_hlt_annexam,bas25_hlt_heatslp,bas25_hlt_heatefwk,bas25_hlt_heateflt,bas25_hlt_heatefbr,bas25_hlt_heatefpa,bas25_hlt_heatefff,bas25_hlt_heatefir,bas25_hlt_heatefdz,bas25_hlt_heatefot,bas25_hlt_heatefot_os,bas25_hlt_heatefna,bas25_hlt_ediaghyp,bas25_hlt_ediagchl,bas25_hlt_ediagchd,bas25_hlt_ediagasm,bas25_hlt_ediagpdb,bas25_hlt_ediagdib,bas25_hlt_ediaglng,bas25_hlt_ediagdep,bas25_hlt_ediaganx,bas25_hlt_ediagnon,bas25_att_vacceff,bas25_att_vacckid,bas25_dem_own,bas25_dem_houslate,bas25_dem_hmacc,bas25_dem_hmacw,bas25_dem_hmaco,bas25_dem_hmacn,bas25_dem_openwin,bas25_dem_hmnettyp,bas25_dem_hmnettyp_os,bas25_dem_hmgun,bas25_dem_hmgunsf,bas25_dem_hmgunlk,bas25_dem_adults,bas25_dem_hhemp,bas25_dem_child,bas25_dem_childyng,bas25_dem_childmid,bas25_dem_childold,bas25_dem_hhdisabl,bas25_dem_edattain,bas25_dem_married,bas25_dem_yearborn,bas25_dem_age,bas25_dem_gender,bas25_dem_gender_os,bas25_dem_sexlty,bas25_dem_latx,bas25_dem_fborn,bas25_dem_fbornm,bas25_dem_fbornf,bas25_dem_religion,bas25_dem_denom,bas25_dem_denom_os,bas25_dem_jewtrad,bas25_dem_jewtrad_os,bas25_dem_attrel,bas25_dem_income_70k,bas25_dem_income_lo,bas25_dem_income_hi,bas25_dem_income,bas25_prg_snap,bas25_prg_med,bas25_prg_housing,bas25_prg_ssi,bas25_prg_ssdi,bas25_prg_tanf,bas25_dem_ideo,bas25_dem_pparty,bas25_dem_votreg,bas25_dem_voter,bas25_dem_voteelig,bas25_dem_race3,bas25_dem_race5,bas25_dem_raceeth4,bas25_dem_raceeth6,bas25_dem_multi,bas25_dem_black,bas25_dem_white,bas25_dem_amind,bas25_dem_asian,bas25_dem_latinx,bas25_svy_uid,bas25_svy_fwgt,bas25_svy_cty,bas25_svy_ctyfips,bas25_svy_csaid,bas25_svy_smonth,bas25_svy_sday,bas25_svy_stime,bas25_svy_cmonth,bas25_svy_cday,bas25_svy_ctime,bas25_svy_rpord,bas25_svy_econord,bas25_svy_kbsplit,bas25_ana_race,bas25_ana_income,bas25_ana_educ,bas25_ana_gender,bas25_ana_agecat,bas25_ana_tsicont,bas25_ana_tsicat
17,4,1,1,2,1,4,3,1,3,3,2,3,2,1,4,2,1,1,2,1,1,1,2,2,2,1,1,2,3,2,3,4,3,3,2,2,2,2,2,2,2,2,2,2,4,5,3,4,4,5,-7,4,3,3,3,3,3,3,1,4,1,3,3,1,3,1,1,1,0,0,0,0,0,0,0,1,0,0,0,0,0,0,0,0,0,0,0,1,1,0,0,0,0,0,0,0,0,1,0,0,0,1,0,1,0,0,0,1,1,0,0,1,0,1,0,1,0,2,-8,-8,-8,-8,-8,-8,-8,3,-7,-7,-7,-7,-7,-7,-7,-7,1,4,5,1,200000,40000,3,2,3,5,3,3,3,2,-7,2,2,1,1,1,1,1,1,1,1,1,1,2,2,2,2,1,0,0,0,0,0,0,0,0,NA,1,0,0,0,1,0,0,0,0,0,0,5,5,2,4,1,0,0,0,1,2,NA,2,-7,-7,1,-7,2,-7,-7,-7,2,7,5,1972,53,1,-7,2,2,1,1,1,9,-7,-7,-7,-7,1,2,-7,4,9,2,2,2,2,2,2,3,3,1,1,-7,2,2,2,2,0,0,1,0,0,0,bas25_00008,115.02728102,1,24510,Hampden/Remington,9,4,19:02:23,9,4,19:44:07,2,1,2,2,4,4,1,4,0,1
45,6,4,3,3,2,2,3,3,5,4,4,3,4,3,3,3,3,3,2,2,2,2,3,3,4,2,3,3,2,3,3,4,4,3,3,-8,-8,-8,-8,1,1,-8,1,2,5,4,3,4,4,4,-7,4,3,3,3,3,3,3,1,1,1,3,3,3,3,1,1,1,1,0,0,0,0,0,0,0,0,0,0,0,1,0,0,0,0,0,0,0,0,0,0,0,0,0,1,0,0,0,0,0,0,1,0,1,0,1,0,0,1,0,1,0,1,1,0,0,0,1,0,0,0,1,0,0,0,3,-7,-7,-7,-7,-7,-7,-7,-7,5,-7,-7,-7,100000,50000,3,4,3,4,3,3,3,2,-7,2,2,2,1,1,1,1,1,1,1,1,1,4,3,1,1,1,0,0,0,0,0,0,0,0,NA,1,1,1,1,0,0,0,0,0,0,0,5,5,2,4,1,0,0,0,1,2,NA,2,-7,-7,2,2,2,-7,-7,-7,2,7,1,1943,82,2,-7,2,2,3,3,3,6,-7,-7,-7,-7,3,2,-7,2,7,2,2,2,2,2,2,3,3,1,1,-7,2,2,2,2,0,0,1,0,0,0,bas25_00009,301.40487577,1,24510,Chinquapin Park/Belvedere,8,28,08:27:32,8,28,09:04:48,2,1,2,2,3,4,2,5,0,1
15,2,2,2,2,2,3,3,3,4,3,2,3,2,1,2,2,3,2,2,2,1,4,3,3,3,2,3,3,2,3,3,4,3,3,3,2,2,1,1,2,2,2,2,1,3,4,3,3,3,3,-7,5,3,3,3,3,3,3,1,3,1,3,2,1,3,1,1,3,1,1,0,0,1,0,1,0,1,1,0,0,1,1,0,1,1,0,1,0,1,1,0,0,-8,-8,-8,-8,-8,-8,0,0,1,1,0,0,1,0,0,1,0,1,1,1,0,1,0,0,0,3,1,0,0,0,0,0,0,2,-7,0,0,1,0,0,0,0,1,1,3,4,500000,55000,4,4,4,5,3,3,3,2,-7,2,2,2,4,2,5,4,2,2,1,1,2,3,3,1,1,1,0,0,0,0,0,0,0,0,NA,1,0,0,0,0,0,1,0,0,0,0,5,5,2,1,0,1,0,0,2,2,NA,2,-7,-7,1,-7,1,0,1,1,1,7,5,1980,45,1,-7,2,2,1,1,1,9,-7,-7,-7,-7,1,2,-7,1,6,2,1,2,2,2,2,4,2,1,1,-7,1,1,1,1,0,1,0,0,0,0,bas25_00016,196.98390528,1,24510,Southern Park Heights,9,24,18:34:39,9,24,19:01:50,2,1,2,1,3,4,1,3,0,1
45,3,4,1,1,2,3,3,2,5,5,5,5,4,3,3,5,5,3,4,3,5,1,1,5,5,2,3,3,3,4,4,4,1,2,4,1,1,1,1,1,1,1,1,2,5,5,3,4,5,5,5,-7,3,3,3,3,3,3,1,1,1,5,2,2,3,3,1,2,1,1,0,0,0,0,0,0,0,0,0,0,1,1,0,0,0,0,1,0,1,0,0,0,0,1,0,0,0,0,1,1,1,1,1,1,1,0,0,1,0,1,0,0,0,0,0,0,1,5,0,0,0,0,0,1,0,3,-7,-7,-7,-7,-7,-7,-7,-7,2,1,1,4,100000,20000,4,5,4,5,2,2,2,2,-7,2,2,1,3,4,5,5,3,3,2,1,2,2,2,1,1,1,0,0,0,0,0,0,0,0,NA,1,1,0,0,0,1,0,0,0,1,0,3,3,2,2,1,0,0,0,1,2,NA,1,1,-7,2,1,2,-7,-7,-7,2,7,5,1980,45,1,-7,2,2,1,1,1,7,-7,-7,-7,-7,4,2,-7,3,8,2,2,2,2,2,2,3,2,1,1,-7,1,1,1,1,0,1,0,0,0,0,bas25_00021,376.66391027,1,24510,Oldtown/Middle East,8,28,13:56:28,8,28,14:25:07,2,1,1,1,4,4,1,3,0,1
54,3,1,3,3,2,1,-8,3,3,3,2,4,3,3,2,1,1,-8,1,1,1,2,2,3,3,1,2,2,2,3,3,3,3,4,3,1,1,1,1,2,1,2,1,2,2,2,2,3,3,3,3,-7,3,3,3,3,3,3,1,2,1,1,3,3,1,1,1,1,1,0,0,0,0,0,1,1,0,0,0,0,1,0,0,0,0,0,0,1,0,0,0,0,0,0,0,1,0,0,0,0,0,0,1,1,0,0,0,1,1,0,0,0,0,0,1,0,0,1,-8,-8,-8,-8,-8,-8,-8,2,-7,1,0,1,0,0,0,0,5,-7,-7,-7,300000,30000,3,3,3,3,2,2,3,2,-7,2,2,3,2,1,3,3,1,1,1,1,1,1,2,1,1,1,0,0,0,1,0,0,0,0,NA,0,0,0,0,0,0,0,0,0,0,1,4,5,2,4,1,0,0,0,2,2,NA,-8,-7,-7,2,2,2,-7,-7,-7,-8,4,2,1946,79,1,-7,2,2,1,1,3,2,-7,-7,-7,-7,8,1,4,-7,4,2,2,2,2,2,2,3,1,1,1,-7,2,2,2,2,0,0,1,0,0,0,bas25_00022,917.54424049,2,24005,-7,9,11,13:28:21,9,11,14:13:47,1,2,1,2,2,3,1,5,0,1
23,-8,2,2,3,2,3,3,3,3,3,2,3,3,1,3,2,1,1,2,2,2,1,-8,1,2,1,2,4,2,2,2,4,2,3,-8,1,1,1,2,2,1,2,2,2,3,2,1,3,3,3,2,-7,3,3,3,3,3,3,1,4,1,2,1,1,3,1,1,2,1,0,0,1,1,0,0,1,0,0,0,0,1,1,0,1,1,0,0,1,0,0,0,0,-8,-8,-8,-8,-8,-8,0,0,0,0,1,1,0,0,0,1,1,0,0,0,0,1,1,1,0,4,-8,-8,-8,-8,-8,-8,-8,1,4,-7,-7,-7,-7,-7,-7,-7,5,-7,-7,-7,NA,NA,2,4,2,4,3,3,3,2,-7,2,2,1,1,1,1,1,1,1,1,1,1,2,2,1,2,1,0,0,0,0,0,0,0,0,NA,1,0,0,0,0,0,0,0,0,0,1,5,5,2,1,1,0,0,0,1,2,NA,2,-7,-7,1,-7,2,-7,-7,-7,2,7,5,1959,66,1,-7,2,2,3,3,1,9,-7,-7,-7,-7,1,2,-7,-8,-6,2,2,2,2,2,2,3,3,1,1,-7,2,2,2,2,0,0,1,0,0,0,bas25_00029,230.94698951,2,24005,-7,10,14,09:06:51,10,14,09:40:18,1,2,1,2,-6,4,1,5,0,1
35,5,2,2,2,2,3,3,3,3,3,3,4,3,2,3,3,1,1,1,1,1,1,2,3,3,2,3,3,3,2,2,3,2,2,2,1,1,1,1,2,1,2,1,2,5,4,2,4,3,4,-7,3,3,3,3,3,3,3,1,1,1,1,3,3,3,1,1,2,1,0,0,0,0,0,0,1,0,0,0,0,1,0,0,0,0,0,0,1,0,0,0,0,-8,-8,-8,-8,-8,-8,-8,-8,-8,-8,-8,-8,-8,1,0,0,1,0,0,0,0,0,0,0,1,3,-8,-8,-8,-8,-8,-8,-8,1,1,-7,-7,-7,-7,-7,-7,-7,5,-7,-7,-7,100000,30000,3,4,4,4,2,3,2,2,-7,2,2,3,4,1,4,4,2,1,1,1,2,4,2,1,2,1,0,0,0,1,0,0,0,0,NA,0,1,1,0,0,0,0,0,0,0,0,5,5,2,4,0,1,0,0,1,2,NA,1,3,3,2,2,2,-7,-7,-7,1,4,1,1945,80,2,-7,2,2,1,1,1,1,1,-7,-7,-7,6,1,3,-7,3,2,2,2,2,2,2,4,2,1,1,-7,1,1,1,1,0,1,0,0,0,0,bas25_00030,932.28501133,1,24510,The Waverlies,8,28,11:38:49,8,28,12:40:55,2,2,2,1,2,3,2,5,0,1
1,5,2,2,2,3,3,3,2,3,-8,2,3,2,2,3,3,2,2,3,1,1,3,5,4,2,3,1,3,2,3,3,4,3,-8,-8,1,1,1,1,2,2,2,2,2,5,3,4,4,3,3,-7,4,3,3,3,3,3,3,1,1,1,3,3,3,2,2,2,1,0,0,0,0,0,0,0,0,0,0,0,1,0,0,0,0,0,0,1,1,1,0,0,0,0,0,1,0,0,0,0,1,0,1,0,1,0,1,0,0,1,0,-8,-8,-8,-8,-8,-8,-8,2,0,0,1,0,1,1,0,1,1,-7,-7,-7,-7,-7,-7,-7,1,1,3,2,400000,75000,3,2,4,5,3,3,3,2,-7,2,2,2,2,2,4,5,1,3,1,1,1,3,2,2,2,1,0,0,0,1,0,1,0,0,NA,0,0,0,0,0,0,0,0,0,0,1,5,5,2,1,1,0,1,0,1,2,NA,2,-7,-7,2,1,2,-7,-7,-7,2,7,1,1995,30,2,-7,2,2,1,1,1,9,-7,-7,-7,-7,2,2,-7,5,10,2,2,2,2,2,2,4,2,1,5,2,2,2,2,2,0,0,1,0,0,0,bas25_00031,489.11594657,1,24510,Patterson Park North & East,8,27,15:15:11,8,27,15:33:33,1,1,2,2,4,4,2,2,0,1
12,4,2,2,2,3,3,2,2,1,2,1,1,1,1,1,2,1,1,3,2,3,1,3,1,1,1,1,1,2,2,3,2,4,1,2,1,1,1,1,1,1,1,1,2,3,1,5,5,5,4,3,-7,3,3,3,3,3,3,1,4,1,1,1,3,3,2,1,1,1,0,0,0,0,0,0,0,0,0,0,0,1,0,0,0,0,0,0,0,0,0,0,0,1,1,1,0,0,0,1,0,0,1,0,0,0,1,0,1,0,0,0,0,0,0,0,0,1,2,0,0,0,0,0,1,0,3,-7,-7,-7,-7,-7,-7,-7,-7,1,1,2,4,100000,350000,3,3,1,1,1,2,1,2,-7,2,2,2,3,3,3,3,3,4,3,1,1,2,1,1,1,1,0,0,0,0,0,0,0,0,NA,1,0,0,0,0,0,0,0,0,0,1,1,3,1,3,1,0,0,0,1,2,NA,2,-7,-7,3,2,1,2,0,2,2,2,5,1992,33,1,-7,2,2,1,1,1,2,-7,-7,-7,-7,1,1,3,-7,3,1,1,2,2,2,2,2,3,1,1,-7,2,2,2,2,0,0,1,0,0,0,bas25_00034,5746.1177327,2,24005,-7,8,27,17:47:37,8,27,18:00:44,2,2,1,2,2,1,1,2,0,1
54,4,2,2,2,2,3,3,4,3,3,2,2,3,2,2,2,1,2,2,1,1,1,3,2,2,1,3,3,2,3,3,3,3,2,3,2,1,2,2,1,1,2,1,2,4,2,1,4,3,3,-7,3,3,3,3,3,3,3,1,1,1,1,2,3,2,1,1,1,0,0,0,0,0,0,0,0,0,0,0,1,1,0,0,0,0,0,0,0,0,0,0,0,-8,-8,-8,-8,-8,-8,0,0,1,0,0,0,0,1,0,0,1,0,0,0,1,0,0,1,0,2,1,0,0,0,0,0,0,2,-7,0,0,1,0,0,0,0,5,-7,-7,-7,80000,20000,4,4,4,4,3,3,3,2,-7,2,2,2,2,1,2,2,2,1,1,1,1,3,2,1,1,1,0,0,0,0,0,0,0,0,NA,1,1,0,0,0,0,0,0,0,0,0,5,4,2,1,1,0,0,0,1,2,NA,2,-7,-7,1,-7,2,-7,-7,-7,2,2,2,1939,86,1,-7,2,2,1,1,1,9,-7,-7,-7,-7,1,1,2,-7,2,2,2,2,2,2,2,2,2,1,1,-7,2,2,2,2,0,0,1,0,0,0,bas25_00035,751.14809126,2,24005,-7,9,4,18:34:45,9,4,19:18:17,1,2,2,2,1,1,1,5,0,1
25,3,1,2,2,2,4,4,2,2,2,2,3,2,2,2,2,1,1,2,1,2,2,1,2,2,1,6,-7,2,3,3,4,3,2,3,1,1,1,1,1,1,1,1,2,4,1,2,3,3,3,-7,2,3,3,3,3,3,3,1,1,1,1,2,2,2,1,1,1,1,0,0,0,0,0,1,0,0,1,0,0,1,1,0,0,0,0,1,0,0,1,0,0,-8,-8,-8,-8,-8,-8,-8,-8,-8,-8,-8,-8,-8,1,0,1,0,0,0,0,0,0,0,0,1,1,-8,-8,-8,-8,-8,-8,-8,2,-7,0,0,1,0,1,0,1,5,-7,-7,-7,100000,45000,2,3,2,3,1,2,2,1,2,1,2,2,5,4,4,4,3,1,1,1,2,3,2,1,1,1,0,0,0,0,0,0,0,0,NA,1,1,1,0,0,1,0,1,0,0,0,3,5,2,1,1,0,0,0,2,2,NA,2,-7,-7,1,-7,2,-7,-7,-7,1,3,2,1956,69,1,-7,2,2,1,1,1,8,-7,-7,-7,-7,7,1,2,-7,2,1,2,2,2,2,2,3,2,1,1,-7,1,1,1,1,0,1,0,0,0,0,bas25_00040,717.92993642,2,24005,-7,9,6,20:54:19,9,6,21:45:57,2,1,2,1,1,2,1,5,0,1
36,4,2,1,2,2,3,3,3,4,2,2,3,2,2,2,2,2,3,2,1,2,2,2,4,4,1,4,4,2,3,3,4,3,-8,4,1,1,1,1,2,1,2,1,1,3,2,3,2,2,2,2,-7,3,3,3,3,3,3,1,1,1,1,2,3,2,1,1,4,1,1,0,0,1,0,0,0,0,0,0,0,1,0,0,0,1,0,1,1,1,0,0,0,0,0,0,0,0,1,0,0,0,0,1,0,0,0,0,1,1,0,1,1,1,0,1,1,0,3,-8,-8,-8,-8,-8,-8,-8,3,-7,-7,-7,-7,-7,-7,-7,-7,1,2,4,3,150000,50000,3,1,4,5,3,3,3,2,-7,2,2,3,2,2,2,2,2,1,1,1,1,2,3,2,1,1,0,0,0,0,0,0,0,0,NA,1,0,1,0,0,0,0,0,1,1,0,5,5,2,1,1,0,0,0,1,2,NA,2,-7,-7,2,2,2,-7,-7,-7,2,7,1,1966,59,1,-7,2,2,1,1,1,1,2,-7,-7,-7,2,2,-7,2,7,2,2,2,2,2,2,5,2,1,1,-7,2,2,2,2,0,0,1,0,0,0,bas25_00041,370.5488874,2,24005,-7,8,31,20:17:05,8,31,20:43:49,1,1,1,2,3,4,1,4,0,1
40,2,1,2,3,2,3,3,5,4,3,2,3,2,2,2,3,2,2,2,2,2,2,3,3,3,1,1,1,2,3,3,4,3,3,3,2,1,2,1,2,2,2,2,1,4,4,3,4,5,5,-7,4,3,3,3,3,3,3,1,4,1,3,1,1,2,1,1,1,1,0,0,0,0,0,1,1,1,0,0,0,0,0,0,0,0,0,0,1,1,0,0,0,0,0,0,0,0,1,1,1,1,1,1,1,0,0,0,1,1,0,0,0,0,0,0,1,0,1,-8,-8,-8,-8,-8,-8,-8,3,-7,-7,-7,-7,-7,-7,-7,-7,5,-7,-7,-7,150000,30000,4,3,4,5,3,3,3,2,-7,2,2,1,1,1,1,1,1,1,1,1,1,2,2,1,1,1,0,0,0,0,0,0,0,0,NA,1,1,1,0,0,1,0,0,0,0,0,5,5,2,1,0,0,1,0,1,2,NA,2,-7,-7,2,2,2,-7,-7,-7,2,6,1,1955,70,1,-7,2,2,1,1,1,1,3,-7,-7,-7,7,2,-7,2,7,2,2,2,2,2,2,4,2,1,1,-7,2,2,2,2,0,0,1,0,0,0,bas25_00047,258.02801014,1,24510,Belair-Edison,8,29,11:01:10,8,29,11:31:11,1,2,2,2,3,4,1,5,0,1
3,3,1,2,2,2,3,3,3,3,3,2,3,2,2,1,3,1,2,2,2,2,1,4,1,2,1,1,2,2,2,2,4,3,3,3,-8,1,1,1,1,1,1,-8,1,3,3,3,4,4,4,-7,4,3,3,3,3,2,2,1,3,1,3,2,1,2,2,3,1,0,0,1,0,1,0,0,0,0,0,0,0,0,0,0,0,1,0,0,0,0,0,0,0,-8,-8,-8,-8,-8,-8,-8,-8,-8,-8,-8,-8,-8,0,1,1,0,0,0,0,0,0,0,1,0,3,-8,-8,-8,-8,-8,-8,-8,1,3,-7,-7,-7,-7,-7,-7,-7,5,-7,-7,-7,500,60000,4,3,3,5,3,3,3,2,-7,2,2,2,1,1,1,2,2,1,1,1,1,3,2,1,1,1,0,0,0,1,0,0,0,0,NA,0,1,0,1,0,0,0,0,0,0,0,5,5,1,1,0,1,0,0,1,2,NA,2,-7,-7,2,2,2,-7,-7,-7,1,7,1,1946,79,1,-7,2,2,1,1,1,1,7,QUAKER,-7,-7,4,2,-7,2,7,2,2,2,1,2,2,5,2,1,1,-7,2,2,2,2,0,0,1,0,0,0,bas25_00054,217.02621067,1,24510,North Baltimore/Guilford/Homeland,9,22,13:54:08,9,22,14:20:28,1,2,2,2,3,4,1,5,2,2
8,4,3,2,2,3,3,3,3,4,3,3,3,3,2,2,2,3,1,5,3,3,4,2,2,3,3,4,5,2,2,2,2,3,3,3,1,1,1,1,2,1,2,2,2,3,3,2,3,3,3,-7,4,3,3,3,3,3,3,1,4,2,3,2,1,2,2,2,1,0,0,0,0,0,0,0,1,0,0,0,0,0,0,0,0,0,0,0,1,0,0,0,0,-8,-8,-8,-8,-8,-8,-8,-8,-8,-8,-8,-8,-8,-8,-8,-8,-8,-8,0,1,0,0,0,0,0,3,-8,-8,-8,-8,-8,-8,-8,3,-7,-7,-7,-7,-7,-7,-7,-7,4,-7,-7,-7,NA,NA,3,2,3,2,1,1,2,1,1,1,1,2,3,2,2,2,3,1,1,1,3,4,4,1,1,3,0,0,0,0,0,0,0,0,NA,1,0,0,0,0,0,0,0,1,1,0,3,3,1,1,0,1,0,0,1,2,NA,2,-7,-7,1,-7,1,0,1,0,1,4,5,1992,33,1,-7,1,2,1,1,1,8,-7,-7,-7,-7,7,1,1,-7,1,1,1,1,1,2,2,3,3,3,5,1,1,1,1,1,0,1,0,0,0,0,bas25_00059,485.93615395,1,24510,Downtown/Seton Hill,9,18,17:28:58,9,18,18:41:44,2,1,2,1,1,3,1,2,0,1
0,1,4,3,3,3,3,2,5,3,1,2,3,3,1,1,3,4,3,4,4,4,2,2,3,2,2,2,2,3,3,3,4,3,2,4,1,1,1,1,1,1,1,1,2,4,5,3,3,5,4,5,-7,2,2,2,1,2,3,2,2,2,3,2,3,3,5,5,2,0,0,0,0,0,0,0,1,0,0,0,0,0,0,0,0,0,0,0,1,0,0,0,0,0,1,0,0,0,0,0,0,1,0,0,0,0,0,1,0,0,1,0,0,0,0,0,0,1,2,0,0,0,0,1,0,0,1,4,-7,-7,-7,-7,-7,-7,-7,4,-7,-7,-7,100000,20000,4,4,4,5,2,2,2,1,1,1,1,2,4,4,4,4,2,3,3,2,2,3,5,1,1,5,0,0,0,0,0,0,1,0,NA,0,1,0,0,0,0,0,0,0,1,0,3,4,1,4,0,1,0,0,1,2,NA,2,-7,-7,2,1,1,4,0,15,2,3,2,1991,34,1,-7,2,2,1,1,1,9,-7,-7,-7,-7,1,1,1,-7,1,1,1,2,2,2,2,2,3,1,3,-7,1,1,1,1,0,1,0,0,0,0,bas25_00073,1619.9804372,1,24510,Southwest Baltimore,8,28,01:11:51,8,28,01:52:06,2,2,1,1,1,2,1,2,6,3
10,6,2,2,2,2,3,3,4,2,3,3,3,2,2,2,1,1,1,1,1,1,2,2,3,2,2,3,2,2,3,3,3,3,3,3,1,1,1,1,1,1,1,1,2,2,2,3,3,3,3,4,-7,2,2,2,2,2,2,1,1,1,1,2,2,2,1,1,2,1,0,0,0,0,0,1,0,0,0,0,0,1,1,1,1,1,1,1,1,1,0,1,0,-8,-8,-8,-8,-8,-8,-8,-8,-8,-8,-8,-8,-8,1,0,0,1,0,0,0,0,0,0,0,1,1,-8,-8,-8,-8,-8,-8,-8,3,-7,-7,-7,-7,-7,-7,-7,-7,8,-7,-7,-7,200000,30000,3,3,3,3,2,2,2,1,3,2,2,2,3,3,3,3,3,3,2,3,3,2,2,1,1,4,0,0,0,0,0,0,0,0,NA,1,0,0,0,0,0,0,0,0,0,1,4,4,2,3,1,1,1,0,1,2,NA,2,-7,-7,2,2,1,1,1,0,2,4,1,1985,40,2,-7,2,2,3,3,3,7,-7,-7,-7,-7,9,2,-7,3,8,2,2,2,2,2,2,3,2,1,1,-7,2,2,2,2,0,0,1,0,0,0,bas25_00078,1447.4408051,2,24005,-7,10,4,13:26:47,10,4,20:25:14,2,2,1,2,4,3,2,3,6,3
10,4,4,3,3,3,3,3,4,3,3,4,4,5,3,3,5,1,3,3,1,4,2,2,3,3,2,3,3,4,3,3,3,3,-8,-8,2,1,2,1,2,1,2,1,2,5,5,4,4,4,4,4,-7,3,2,3,3,3,3,-8,4,2,2,2,2,3,3,1,1,0,0,0,0,1,0,1,1,1,1,0,0,0,0,0,0,1,0,1,0,1,0,0,0,-8,-8,-8,-8,-8,-8,-8,-8,-8,-8,-8,-8,-8,1,0,0,1,0,0,0,0,0,0,0,1,3,0,0,0,1,0,0,0,2,-7,1,0,1,1,0,0,0,7,-7,-7,-7,NA,NA,3,4,4,5,2,2,2,2,-7,2,2,-8,4,4,5,4,3,1,1,2,2,4,2,2,2,1,0,0,0,0,0,0,0,0,NA,1,1,0,0,1,0,0,0,0,0,0,3,3,1,4,1,0,0,0,1,4,NA,2,-7,-7,1,-7,1,1,0,1,2,4,5,-8,-8,1,-7,2,2,1,1,1,-8,-6,-7,-7,-7,-8,1,-8,-7,-6,1,1,1,2,2,2,-8,-8,1,-8,-7,1,1,1,1,0,1,0,0,0,0,bas25_00079,644.94564724,1,24510,Cedonia/Frankford,9,19,14:24:35,9,19,15:06:20,2,2,1,1,-6,3,1,-8,1,1
20,6,1,1,1,1,4,4,2,4,5,1,3,1,1,2,2,1,1,1,1,1,2,3,1,4,1,1,1,2,3,3,3,3,3,3,1,1,1,1,2,1,2,2,1,2,1,1,2,2,2,-7,3,3,3,3,3,3,3,1,1,1,1,3,3,3,1,1,5,1,0,0,0,0,0,0,0,0,0,0,0,1,0,0,0,0,0,0,0,1,0,0,0,0,0,0,0,0,1,0,0,0,0,1,0,0,0,0,1,1,0,0,0,0,0,0,0,1,1,0,0,0,0,1,0,0,1,2,-7,-7,-7,-7,-7,-7,-7,1,1,4,3,500000,30000,3,4,3,4,3,3,3,2,-7,2,2,2,1,1,1,2,1,1,2,1,1,4,3,1,1,4,0,1,0,0,0,0,0,0,NA,0,1,0,0,0,0,0,0,0,0,0,5,5,2,1,1,0,0,0,1,2,NA,1,1,-7,4,1,2,-7,-7,-7,1,6,1,1970,55,1,-7,2,2,1,1,1,2,-7,-7,-7,-7,2,2,-7,6,11,2,2,2,2,2,2,3,3,1,1,-7,2,2,2,2,0,0,1,0,0,0,bas25_00080,2084.7807535,2,24005,-7,8,28,07:11:29,8,28,07:42:34,2,1,2,2,4,4,1,4,0,1
2,4,1,1,2,2,3,2,2,3,3,2,3,2,1,1,1,1,1,1,1,1,3,3,3,3,2,3,3,2,3,3,3,4,3,-8,1,1,1,1,1,2,1,2,2,3,2,2,2,3,3,5,-7,3,3,3,3,3,3,1,1,1,1,2,1,2,1,1,1,0,0,0,0,0,0,0,1,0,0,0,0,0,0,0,0,0,0,0,1,0,0,0,0,-8,-8,-8,-8,-8,-8,0,0,0,1,1,0,0,1,0,1,0,0,0,0,0,0,0,0,1,1,-8,-8,-8,-8,-8,-8,-8,2,-7,1,0,0,0,0,0,0,1,1,4,3,150000,40000,2,3,4,3,3,3,3,2,-7,2,2,2,1,1,1,2,1,1,1,1,1,5,5,1,1,1,0,0,1,0,0,1,0,0,NA,0,0,0,0,1,0,0,0,1,1,0,4,4,3,1,1,0,0,0,2,2,NA,2,-7,-7,2,1,2,-7,-7,-7,2,2,3,1977,48,2,-7,2,2,1,1,1,8,-7,-7,-7,-7,1,1,5,-7,5,2,1,2,2,2,2,2,1,3,2,-7,1,1,1,1,0,1,0,0,0,0,bas25_00085,1807.7912762,2,24005,-7,8,28,16:58:34,8,28,17:19:19,1,1,1,1,2,1,2,3,0,1
0,3,2,2,2,2,4,4,2,4,3,2,2,2,2,2,2,1,1,1,1,1,2,2,3,4,2,2,4,2,2,2,4,2,2,3,1,1,1,1,2,2,2,2,1,2,3,3,4,4,4,4,-7,3,3,3,3,3,3,1,1,1,2,3,1,1,1,1,1,0,0,0,0,0,0,1,1,0,0,0,0,0,0,0,0,0,0,1,1,1,1,0,0,-8,-8,-8,-8,-8,-8,-8,-8,-8,-8,-8,-8,-8,1,0,0,1,0,0,0,0,0,0,0,1,2,-8,-8,-8,-8,-8,-8,-8,1,3,-7,-7,-7,-7,-7,-7,-7,1,1,4,3,400000,50000,3,2,4,5,3,3,3,2,-7,2,2,1,1,1,1,1,1,1,1,1,1,2,2,1,1,2,0,0,0,0,0,0,0,0,NA,1,0,0,0,0,0,0,0,1,1,0,5,5,1,1,1,0,0,0,2,2,NA,2,-7,-7,2,2,1,0,0,1,2,7,5,2000,25,1,-7,2,2,1,3,3,9,-7,-7,-7,-7,3,2,-7,2,7,2,2,2,2,2,2,5,2,3,1,-7,3,4,3,4,0,0,0,0,1,0,bas25_00108,194.10412687,1,24510,Mount Washington/Coldspring,9,2,14:26:26,9,2,14:44:02,2,2,1,3,3,4,1,2,0,1
32,3,1,1,1,1,4,4,2,-8,-8,2,4,1,1,1,1,1,-8,-8,-8,-8,2,-8,-8,-8,1,1,2,1,4,4,2,5,-8,-8,-8,1,-8,1,-8,-8,-8,-8,1,5,5,5,5,5,5,4,-7,3,3,3,3,3,3,1,1,1,1,3,3,3,2,1,1,0,0,0,0,0,0,0,1,0,0,0,0,0,0,0,0,0,0,0,1,0,0,0,0,-8,-8,-8,-8,-8,-8,-8,-8,-8,-8,-8,-8,-8,0,1,1,0,0,0,0,0,0,0,0,1,1,-8,-8,-8,-8,-8,-8,-8,-8,-7,-7,-7,-7,-7,-7,-7,-7,2,1,2,4,200000,NA,-8,2,-8,-8,3,3,3,2,-7,2,2,1,1,1,1,1,1,1,1,1,1,2,2,1,1,1,0,0,0,0,0,0,0,0,NA,1,0,1,0,0,0,0,0,0,0,0,3,3,2,1,1,1,0,0,1,2,NA,2,-7,-7,3,1,2,-7,-7,-7,2,4,1,1966,59,1,-7,2,2,1,1,1,2,-7,-7,-7,-7,4,2,-7,2,7,2,2,2,2,2,2,-8,1,1,1,-7,2,2,2,2,0,0,1,0,0,0,bas25_00115,362.00476919,1,24510,Highlandtown,8,27,15:26:23,8,27,15:52:05,1,1,1,2,3,3,1,4,0,1
57,2,2,2,2,2,3,3,2,4,5,3,4,2,3,2,4,3,3,4,2,3,4,3,4,5,3,5,4,2,4,4,4,4,3,5,1,1,1,1,1,1,1,1,2,5,3,3,5,3,5,-7,5,3,3,3,3,3,3,1,1,1,3,2,1,3,2,1,6,0,0,0,0,0,0,0,1,0,0,0,0,0,0,0,0,0,0,0,1,0,0,0,0,0,1,1,0,0,1,1,1,1,1,1,1,1,0,0,1,1,0,0,0,0,0,0,1,0,3,-8,-8,-8,-8,-8,-8,-8,3,-7,-7,-7,-7,-7,-7,-7,-7,1,1,3,3,100000,30000,3,5,2,2,2,3,2,2,-7,2,2,3,3,4,5,5,1,2,1,3,1,3,3,1,1,3,0,1,0,0,0,1,0,0,NA,0,1,0,0,0,0,0,0,0,0,0,3,4,2,1,1,0,0,0,1,2,NA,2,-7,-7,3,1,1,0,0,1,2,5,1,1967,58,2,-7,2,2,1,1,1,1,2,-7,-7,-7,4,2,-7,3,8,2,2,2,2,2,2,1,3,3,5,1,2,2,2,2,0,0,1,0,0,0,bas25_00118,1081.5372366,2,24005,-7,9,12,09:44:39,9,12,10:18:16,2,1,2,2,4,3,2,4,0,1
10,3,2,2,2,3,3,2,3,4,3,2,4,3,2,1,2,2,4,2,4,4,2,4,4,2,2,4,4,2,3,3,4,3,3,4,1,1,1,1,1,1,1,1,2,3,4,5,4,5,5,-7,3,3,3,3,3,3,3,1,2,1,2,2,1,2,2,1,2,1,0,0,0,1,0,0,0,0,0,0,0,1,0,0,0,1,0,0,0,1,0,0,0,1,0,0,0,0,0,0,1,0,0,1,0,1,0,0,1,1,0,0,0,1,0,1,1,0,4,0,0,0,1,0,0,0,3,-7,-7,-7,-7,-7,-7,-7,-7,4,-7,-7,-7,400000,22360,3,4,4,5,2,2,2,2,-7,1,2,2,3,5,5,3,2,5,5,4,1,4,3,1,1,1,0,0,0,0,0,1,0,0,NA,0,1,0,0,0,1,0,0,0,0,0,5,5,1,1,1,0,0,0,1,2,NA,2,-7,-7,1,-7,2,-7,-7,-7,1,6,5,1961,64,2,-7,2,2,1,1,1,1,1,-7,-7,-7,7,1,5,-7,5,2,1,2,2,2,2,3,3,1,1,-7,1,1,1,1,0,1,0,0,0,0,bas25_00122,973.85631368,2,24005,-7,9,19,03:51:29,9,19,04:30:05,1,1,2,1,2,4,2,4,0,1
4,2,4,2,3,2,3,3,3,4,4,5,5,4,4,2,3,2,3,3,3,3,3,3,3,3,3,3,3,3,3,3,3,4,4,4,2,2,2,2,2,2,2,2,2,3,3,3,3,3,3,-7,4,3,3,3,3,3,3,1,1,2,4,2,3,4,3,1,1,0,0,0,0,0,0,0,0,0,0,0,1,0,0,0,0,0,0,0,0,1,0,0,0,-8,-8,-8,-8,-8,-8,0,0,1,0,0,0,0,-8,-8,-8,-8,-8,-8,-8,-8,-8,-8,-8,-8,4,-8,-8,-8,-8,-8,-8,-8,1,3,-7,-7,-7,-7,-7,-7,-7,1,2,4,3,250000,60000,3,4,3,4,3,3,3,2,-7,2,2,2,2,3,3,3,-8,2,2,3,1,3,3,1,1,5,-8,-8,-8,-8,-8,-8,-8,-8,NA,-8,-8,-8,-8,-8,-8,-8,-8,-8,-8,-8,5,5,1,1,-8,-8,-8,-8,1,5,NA,2,-7,-7,-8,-7,2,-7,-7,-7,2,-8,5,1985,40,1,-7,-8,2,3,1,1,9,-7,-7,-7,-7,1,2,-7,1,6,2,2,2,2,2,2,4,2,1,1,-7,-6,-6,-6,-6,-8,-8,-8,-8,-8,0,bas25_00123,496.32146743,1,24510,Poppleton/The Terraces/Hollins Market,8,31,08:50:54,8,31,09:48:23,1,1,2,-6,3,-8,1,3,0,1
27,2,1,1,1,1,3,3,2,4,4,3,4,1,1,2,3,1,2,4,2,3,3,3,2,4,2,6,-7,3,4,4,3,4,5,5,1,1,1,1,1,1,1,1,2,5,3,2,5,5,5,-7,4,3,3,3,3,3,2,1,1,1,3,1,1,2,3,1,6,1,1,0,0,0,0,0,1,0,0,0,0,0,0,0,0,0,0,0,1,1,0,0,0,0,1,0,0,0,1,1,1,1,1,1,1,1,0,0,1,1,0,1,1,1,1,1,1,0,4,0,0,1,0,0,0,0,3,-7,-7,-7,-7,-7,-7,-7,-7,1,4,4,4,300000,50000,3,4,2,2,3,3,3,2,-7,2,2,2,1,1,2,2,1,1,1,1,1,3,3,1,1,3,0,0,0,1,0,1,0,0,NA,0,0,1,0,0,0,0,0,0,1,0,3,4,2,1,1,0,0,0,2,2,NA,2,-7,-7,6,1,2,-7,-7,-7,2,6,1,1966,59,1,-7,2,2,1,1,1,2,-7,-7,-7,-7,7,2,-7,5,10,2,2,2,-8,2,2,3,1,1,1,-7,2,2,2,2,0,0,1,0,0,0,bas25_00136,2330.4491968,2,24005,-7,8,27,20:51:49,8,27,21:27:42,1,2,2,2,4,4,1,4,1,1
13,4,2,2,3,2,3,2,4,3,2,2,3,3,2,1,1,1,1,1,1,1,2,2,3,3,2,2,3,2,2,3,3,3,3,3,1,1,1,1,1,1,1,1,2,4,3,4,5,5,5,-7,2,3,2,3,2,2,2,1,2,1,1,2,2,2,2,1,1,1,1,0,1,0,0,0,0,0,0,0,0,1,1,1,1,1,0,0,1,1,0,0,0,0,0,0,0,0,1,0,1,0,0,1,0,0,0,0,1,1,0,0,1,0,0,1,0,0,1,-8,-8,-8,-8,-8,-8,-8,3,-7,-7,-7,-7,-7,-7,-7,-7,5,-7,-7,-7,150000,35000,3,4,3,4,2,3,3,2,-7,2,2,3,2,2,4,3,2,3,2,1,2,4,4,2,1,1,0,1,0,0,0,0,0,0,NA,0,1,0,0,0,0,0,0,1,1,0,5,5,2,1,0,1,0,0,1,1,NA,2,-7,-7,3,1,2,-7,-7,-7,1,7,1,1942,83,2,-7,2,2,1,1,1,1,5,-7,-7,-7,6,2,-7,1,6,2,1,2,2,2,2,3,1,1,1,-7,2,2,2,2,0,0,1,0,0,0,bas25_00140,579.53868294,1,24510,Greater Roland Park/Poplar Hill,9,5,14:52:02,9,5,15:33:41,1,2,2,2,3,4,2,5,4,2
57,2,2,3,3,2,3,3,3,3,3,3,4,4,3,3,3,3,2,2,2,2,2,3,2,3,2,2,2,2,3,3,-8,3,2,3,1,1,1,1,1,1,1,1,2,4,5,3,5,4,4,-7,4,3,3,3,3,3,3,1,1,1,1,2,2,2,1,1,1,1,0,1,0,0,0,0,0,0,0,0,0,1,1,0,0,0,0,0,0,0,0,0,0,0,0,0,0,0,1,0,0,0,1,0,1,0,0,0,1,1,0,0,1,0,0,0,0,0,1,0,1,0,0,0,0,0,2,-7,0,0,1,0,0,0,0,5,-7,-7,-7,80000,25000,3,3,3,3,2,3,3,2,-7,2,2,2,3,2,2,2,1,1,1,1,1,3,3,1,1,1,0,0,0,0,0,0,0,0,NA,1,1,1,0,0,0,1,0,0,0,0,5,5,2,4,1,0,0,0,1,1,NA,2,-7,-7,2,1,2,-7,-7,-7,1,3,2,1946,79,1,-7,2,2,1,1,1,1,3,-7,-7,-7,1,1,4,-7,4,2,2,2,2,2,2,3,2,1,1,-7,2,2,2,2,0,0,1,0,0,0,bas25_00144,441.36834748,1,24510,Hamilton Hills,9,17,11:43:50,9,17,12:10:17,2,1,2,2,2,2,1,5,0,1
0,4,1,1,2,2,3,3,1,2,2,1,2,2,1,1,2,4,4,1,1,1,5,1,1,1,1,1,1,3,3,3,3,3,1,2,1,1,1,1,1,1,1,1,1,5,5,5,5,5,5,-7,3,2,2,2,3,2,2,1,1,1,1,2,2,3,2,1,4,0,1,0,0,0,0,1,1,0,0,0,0,1,1,0,0,1,0,1,1,0,0,0,0,0,0,1,1,0,0,0,0,0,0,1,0,0,0,0,0,1,1,0,0,0,0,0,0,1,1,-8,-8,-8,-8,-8,-8,-8,3,-7,-7,-7,-7,-7,-7,-7,-7,1,1,2,4,A million,15000,4,4,4,5,1,1,1,1,2,1,1,1,5,5,5,3,3,5,3,5,3,1,3,2,1,4,0,1,0,1,1,0,0,0,NA,0,0,0,0,0,0,0,0,0,0,1,3,4,1,3,1,0,0,0,1,2,NA,2,-7,-7,1,-7,1,1,0,1,1,3,5,1988,37,1,-7,2,2,1,1,1,8,-7,-7,-7,-7,4,1,2,-7,2,1,1,2,2,2,2,1,2,1,1,-7,1,1,1,1,0,1,0,0,0,0,bas25_00146,628.66670332,1,24510,Belair-Edison,8,29,19:12:35,8,29,19:45:57,1,2,2,1,1,2,1,3,5,2
7,3,2,2,2,2,3,3,3,3,3,2,3,2,1,2,2,1,2,2,1,2,2,3,3,2,3,1,2,2,3,3,3,2,3,3,1,1,1,1,1,1,1,1,2,3,2,2,2,2,2,-7,4,3,3,3,3,3,3,1,1,1,1,2,1,2,1,1,1,1,0,0,0,1,0,0,1,0,0,0,0,1,0,0,1,1,0,0,1,0,0,0,0,-8,-8,-8,-8,-8,-8,-8,-8,-8,-8,-8,-8,-8,1,0,0,1,0,1,0,0,0,0,0,0,1,-8,-8,-8,-8,-8,-8,-8,2,-7,0,0,1,1,0,0,0,3,-8,2,3,NA,NA,3,3,3,4,3,3,3,2,-7,2,2,2,1,2,1,2,2,3,1,2,1,4,3,2,1,-8,0,0,0,0,0,0,0,0,NA,1,1,1,1,0,0,1,0,1,0,0,3,2,2,1,1,0,0,0,2,2,NA,2,-7,-7,3,1,2,-7,-7,-7,2,6,1,-8,-8,2,-7,2,2,3,3,3,1,1,-7,-7,-7,8,2,-7,-8,-6,2,2,2,2,2,2,2,4,-8,5,1,3,4,3,4,0,0,0,0,1,0,bas25_00174,1483.462329,2,24005,-7,9,2,16:18:40,9,2,17:01:32,2,1,2,3,-6,4,2,-8,0,1
5,4,1,3,3,3,3,3,3,3,4,1,4,4,3,3,5,1,1,1,1,1,3,4,3,1,1,1,1,3,3,3,4,3,2,2,1,1,1,1,1,1,1,1,1,5,1,1,1,1,1,5,-7,3,3,3,3,3,3,1,1,1,5,2,3,3,3,1,1,0,0,0,0,1,0,0,1,0,0,0,0,1,1,0,1,1,0,1,0,1,0,0,0,-8,-8,-8,-8,-8,-8,0,1,0,1,1,1,0,1,0,1,0,0,1,1,0,0,1,0,0,3,0,0,0,0,0,1,0,3,-7,-7,-7,-7,-7,-7,-7,-7,1,1,5,1,100000,12000,3,5,4,5,1,1,1,2,-7,2,2,1,5,5,5,2,2,4,3,2,3,3,4,1,1,5,0,1,0,1,1,1,0,0,NA,0,0,0,0,0,0,0,0,1,1,0,5,5,1,1,1,0,0,0,1,2,NA,2,-7,-7,2,1,1,1,1,0,1,4,5,1983,42,1,-7,2,2,1,1,1,8,-7,-7,-7,-7,8,1,1,-7,1,1,1,2,1,2,1,3,2,2,1,-7,1,1,1,1,0,1,0,0,0,0,bas25_00178,1527.5740356,2,24005,-7,9,5,17:35:24,9,10,17:48:57,2,1,1,1,1,3,1,3,0,1
11,3,1,2,2,2,3,3,2,2,2,1,1,1,1,1,2,1,1,1,1,1,1,1,2,1,1,1,1,3,3,3,3,2,2,2,1,1,1,1,1,1,1,1,1,5,3,4,4,4,4,-7,3,1,1,1,1,1,1,2,4,2,2,2,2,2,1,1,1,1,0,0,0,0,0,1,0,0,1,0,0,1,0,0,0,0,0,1,0,0,0,0,0,0,1,0,0,0,0,1,1,1,0,0,1,0,1,0,0,1,0,0,1,1,0,0,0,0,4,0,0,1,0,1,0,0,2,-7,0,0,0,0,0,0,1,9,-7,-7,-7,Don't know,0,3,2,3,4,1,1,2,1,2,1,2,2,5,5,5,5,5,5,5,3,3,4,5,1,1,5,0,0,0,0,0,0,0,0,NA,1,1,0,0,0,1,0,0,1,1,0,1,1,1,1,1,0,0,0,1,4,NA,2,-7,-7,1,-7,2,-7,-7,-7,2,4,3,1974,51,1,-7,5,2,1,1,1,9,-7,-7,-7,-7,1,1,1,-7,1,2,1,1,2,2,2,5,2,1,1,-7,1,1,1,1,0,1,0,0,0,0,bas25_00186,448.37788385,1,24510,Loch Raven,8,29,18:03:37,8,29,18:32:07,1,1,2,1,1,3,1,4,12,3
8,2,2,2,3,2,3,3,2,3,2,2,3,2,1,1,1,1,1,2,1,1,2,2,3,3,2,6,-7,2,3,2,3,3,2,3,1,1,1,1,1,1,1,2,2,3,2,2,3,2,2,-7,3,3,3,3,3,2,2,1,2,2,2,3,3,3,2,2,1,0,0,0,0,0,0,0,0,0,0,0,1,0,0,0,0,0,0,1,1,0,0,0,0,0,0,0,0,0,1,0,1,0,1,1,0,0,0,0,1,1,0,0,1,1,0,0,1,0,2,0,0,0,0,0,1,0,1,2,-7,-7,-7,-7,-7,-7,-7,1,1,3,2,200000,10000,3,4,3,4,2,2,3,2,-7,2,1,2,3,3,4,4,3,3,3,3,2,4,4,2,2,3,0,0,0,0,0,0,0,0,NA,1,0,0,0,0,0,0,0,0,0,1,5,4,2,2,1,0,0,0,2,2,NA,2,-7,-7,3,1,1,0,0,1,2,3,5,2007,18,2,-7,2,1,1,3,3,2,-7,-7,-7,-7,7,1,4,-7,4,1,1,2,2,2,2,3,2,3,5,2,2,2,4,6,0,0,1,0,0,1,bas25_00187,2152.1595094,1,24510,Southeastern,9,13,09:34:37,9,13,10:38:22,1,1,2,3,2,2,2,1,2,2
1,2,4,3,3,3,3,3,3,4,3,4,3,4,3,2,3,2,3,3,3,3,3,4,3,3,3,4,3,3,3,3,4,3,3,3,2,1,1,1,1,1,2,2,2,3,4,3,4,4,4,4,-7,3,3,2,3,2,3,1,1,2,4,3,2,3,4,1,1,0,0,0,0,1,0,0,0,0,0,0,0,0,0,0,0,1,0,0,1,1,0,0,0,0,1,0,0,0,0,0,1,0,0,0,1,1,0,0,1,0,1,0,1,0,0,0,1,0,3,-8,-8,-8,-8,-8,-8,-8,1,3,-7,-7,-7,-7,-7,-7,-7,6,-7,-7,-7,NA,NA,3,3,3,3,3,3,3,2,-7,2,2,2,1,2,1,1,2,1,1,1,1,3,3,1,2,1,0,0,0,1,0,0,0,0,NA,0,0,0,0,0,0,0,0,0,0,1,5,5,1,1,1,0,0,0,2,2,NA,2,-7,-7,4,2,2,-7,-7,-7,2,6,5,2002,23,1,-7,2,2,1,1,1,9,-7,-7,-7,-7,1,2,-7,-8,-6,2,2,2,2,2,2,4,2,1,1,-7,2,2,2,2,0,0,1,0,0,0,bas25_00191,792.86612813,1,24510,Downtown/Seton Hill,10,9,17:16:04,10,9,17:33:24,2,2,1,2,-6,4,1,1,2,2
3,4,4,2,2,3,2,2,4,4,4,4,4,4,2,2,4,2,4,4,5,5,2,5,5,4,4,4,4,3,4,4,2,5,4,4,2,2,2,2,2,2,2,2,2,5,3,3,5,5,5,5,-7,1,1,1,3,3,3,1,1,1,5,1,1,5,5,5,1,0,0,0,0,0,0,0,1,0,0,0,0,1,0,1,1,1,0,0,1,1,0,0,0,0,0,0,1,0,0,-8,-8,-8,-8,-8,-8,-8,0,0,1,1,0,-8,-8,-8,-8,-8,-8,-8,5,0,1,0,0,0,0,0,1,4,-7,-7,-7,-7,-7,-7,-7,1,1,5,2,250000,80000,4,5,4,5,2,3,1,2,-7,2,2,3,4,4,4,4,3,4,3,2,2,3,4,2,1,3,0,0,0,1,1,1,0,0,NA,0,-8,-8,-8,-8,-8,-8,-8,-8,-8,-8,1,1,2,1,1,0,0,0,2,2,NA,2,-7,-7,2,1,1,1,0,0,2,4,1,1980,45,2,-7,2,2,1,1,1,2,-7,-7,-7,-7,3,2,-7,4,9,2,1,2,2,2,2,2,1,3,5,1,-6,-6,-6,-6,-8,-8,-8,-8,-8,0,bas25_00197,1717.193917,2,24005,-7,9,4,19:03:01,9,4,19:30:19,2,1,1,-6,4,3,2,3,6,3
1,3,2,2,2,2,3,2,2,4,3,2,2,2,2,2,1,2,1,1,1,1,4,3,3,3,3,4,3,3,3,3,4,3,4,3,2,2,2,2,2,2,2,2,2,3,3,3,3,3,3,-7,4,3,3,2,3,3,3,1,4,1,1,1,1,3,2,1,1,0,0,0,0,1,0,1,0,0,0,0,0,0,0,0,0,0,0,1,1,0,0,0,0,-8,-8,-8,-8,-8,-8,0,1,0,0,1,0,0,0,0,1,1,0,1,0,0,1,0,0,0,2,0,1,0,0,0,0,0,2,-7,0,0,0,0,0,0,1,1,1,2,3,300000,40000,3,5,4,5,3,3,3,2,-7,2,2,2,1,2,1,2,1,2,2,1,1,3,3,1,1,1,0,0,0,0,0,0,0,0,NA,1,0,0,0,0,0,0,0,0,0,1,5,4,2,1,1,0,0,0,2,2,NA,2,-7,-7,2,1,2,-7,-7,-7,2,7,1,1995,30,2,-7,2,2,1,1,1,1,2,-7,-7,-7,2,2,-7,5,10,2,2,2,2,2,2,4,2,1,1,-7,2,2,2,2,0,0,1,0,0,0,bas25_00204,2642.2311063,2,24005,-7,8,28,19:22:10,8,28,19:40:14,1,1,2,2,4,4,2,2,1,1
25,5,1,2,3,2,3,4,3,2,3,2,2,2,1,3,1,1,3,1,1,1,2,3,2,3,2,1,1,2,2,1,4,3,2,-8,2,2,2,1,2,1,2,1,2,3,4,3,4,4,4,-7,3,3,3,3,3,3,3,1,-8,1,1,3,2,3,1,2,2,0,0,0,0,0,0,0,0,0,0,0,1,0,0,0,0,0,0,0,0,1,0,0,0,-8,-8,-8,-8,-8,-8,-8,-8,-8,-8,-8,-8,-8,0,0,1,1,0,0,0,0,0,0,0,1,2,0,0,1,0,0,0,0,1,4,-7,-7,-7,-7,-7,-7,-7,2,5,5,4,150000,20000,3,3,3,5,3,3,3,2,-7,2,2,1,1,1,1,1,1,1,1,1,1,3,3,1,1,1,0,0,0,0,0,0,0,0,NA,1,1,1,0,0,0,0,0,1,1,0,5,5,2,1,1,0,0,0,1,2,NA,2,-7,-7,2,1,2,-7,-7,-7,2,7,1,1955,70,2,-7,2,2,1,1,1,9,-7,-7,-7,-7,1,2,-7,4,9,2,2,2,2,2,2,5,2,1,1,-7,2,2,2,2,0,0,1,0,0,0,bas25_00205,291.6119698,1,24510,North Baltimore/Guilford/Homeland,9,4,19:01:12,9,4,19:23:45,2,2,2,2,4,4,2,5,0,1
23,4,2,2,2,2,3,3,2,3,3,2,3,3,2,2,2,2,2,2,2,2,2,2,2,2,2,2,2,2,3,3,4,3,3,3,1,1,1,1,2,2,2,2,2,3,4,3,3,4,3,3,-7,3,3,3,3,3,3,1,1,1,2,1,1,2,1,1,1,1,0,0,0,1,0,1,0,0,0,0,0,1,0,0,0,1,0,1,0,0,0,0,0,0,0,0,0,1,1,0,1,0,0,1,1,0,0,0,0,1,1,0,0,1,0,0,1,0,2,-8,-8,-8,-8,-8,-8,-8,1,3,-7,-7,-7,-7,-7,-7,-7,1,3,3,2,1000000,30000,3,4,3,4,3,3,3,2,-7,2,2,1,1,1,2,1,1,1,1,1,1,3,2,1,1,1,0,0,0,1,0,0,0,0,NA,0,0,1,0,0,0,0,0,0,0,0,4,4,2,1,0,1,1,0,1,2,NA,2,-7,-7,2,1,2,-7,-7,-7,2,7,1,1968,57,2,-7,1,2,1,1,1,9,-7,-7,-7,-7,1,2,-7,5,10,2,2,2,2,2,2,4,2,1,1,-7,2,2,2,2,0,0,1,0,0,0,bas25_00213,288.80659883,1,24510,Greater Charles Village/Barclay,8,28,15:19:04,8,28,16:20:18,1,2,1,2,4,4,2,4,0,1
20,2,2,2,3,2,3,3,3,3,2,3,3,3,2,2,3,1,2,2,1,3,2,2,3,3,2,3,4,3,4,4,4,4,4,2,1,1,1,1,2,1,1,1,1,5,5,5,5,5,5,4,-7,2,2,2,2,2,2,1,3,2,3,2,3,3,1,1,1,0,0,0,0,0,0,0,1,0,0,0,0,0,0,0,0,0,0,0,1,0,0,0,0,0,1,0,0,0,0,0,0,0,1,0,0,0,0,0,0,1,0,0,1,0,0,0,0,0,4,0,1,0,0,0,0,0,1,2,-7,-7,-7,-7,-7,-7,-7,6,-7,-7,-7,17,17,4,4,4,4,2,2,2,2,-7,2,2,3,4,4,4,4,4,3,3,3,2,4,4,1,1,5,0,0,0,0,0,0,0,0,NA,1,0,0,0,0,0,0,0,0,0,1,4,3,3,3,0,1,0,0,1,2,NA,2,-7,-7,2,2,2,-7,-7,-7,2,3,4,1986,39,2,-7,2,2,1,1,1,9,-7,-7,-7,-7,2,1,2,-7,2,2,1,2,2,1,2,2,2,1,1,-7,1,1,1,1,0,1,0,0,0,0,bas25_00214,1738.0917381,1,24510,Dorchester/Ashburton,8,27,10:31:18,8,27,10:58:06,2,1,1,1,1,2,2,3,6,3
23,2,5,4,4,-8,-8,4,3,5,5,5,5,5,5,5,5,3,5,5,-8,5,5,5,5,5,5,6,-7,3,4,4,4,5,3,-8,1,-8,1,-8,-8,1,-8,1,2,5,5,5,5,5,5,-7,-8,3,3,3,2,3,2,2,3,2,-8,3,3,-8,2,-8,1,0,0,0,0,0,0,0,0,0,0,0,1,0,0,0,0,0,0,0,0,0,0,0,1,0,0,0,0,0,1,-8,-8,-8,-8,-8,-8,-8,0,0,1,1,0,-8,-8,-8,-8,-8,-8,-8,5,1,0,0,0,1,0,0,2,-7,0,0,1,0,0,0,0,5,-7,-7,-7,Millions,0,4,5,4,5,3,3,3,2,-7,2,2,3,-8,3,5,5,5,3,3,3,3,3,3,1,1,2,0,0,0,0,0,0,0,0,NA,1,1,1,0,0,0,0,0,0,0,0,4,5,2,2,1,1,0,0,1,2,NA,2,-7,-7,3,2,2,-7,-7,-7,-8,4,5,-8,-8,-8,-6,-8,-8,1,-8,-8,-8,-6,-7,-7,-7,-8,-8,-7,-7,-6,-8,-8,-8,-8,-8,-8,2,3,-8,-8,-7,-6,-6,-6,-6,-8,-8,-8,-8,-8,-8,bas25_00217,935.64584268,1,24510,Allendale/Irvington/S. Hilton,9,25,08:50:47,9,25,11:02:19,2,1,2,-6,-6,3,-8,-8,2,2
8,3,1,2,2,3,3,-8,2,1,-8,1,3,2,1,1,1,1,1,1,1,1,1,-8,1,1,1,1,1,2,4,2,4,2,-8,-8,1,1,1,1,1,1,1,1,2,-8,1,1,-8,-8,-8,-7,3,3,3,3,3,3,3,1,1,1,1,3,1,2,1,1,2,0,0,0,0,0,0,0,1,0,0,0,0,0,0,0,0,0,0,0,1,0,0,0,0,-8,-8,-8,-8,-8,-8,0,0,0,0,0,1,0,0,0,1,1,0,0,1,0,0,0,0,0,1,0,0,1,0,0,0,0,3,-7,-7,-7,-7,-7,-7,-7,-7,1,3,1,4,200000,15000,3,5,4,5,2,3,2,1,3,2,2,1,3,3,4,1,1,3,2,2,1,1,1,1,1,2,0,0,0,0,0,0,0,0,NA,1,0,0,0,0,0,1,0,0,0,0,4,4,2,2,1,1,0,0,2,2,NA,2,-7,-7,3,1,1,0,1,1,1,6,4,1972,53,1,-7,2,2,1,1,1,8,-7,-7,-7,-7,7,2,-7,3,8,2,2,2,2,2,2,-8,2,1,1,-7,1,1,1,1,0,1,0,0,0,0,bas25_00219,2848.2438092,2,24005,-7,9,2,10:42:12,9,2,11:53:07,2,1,2,1,4,4,1,4,0,1
4,3,1,2,3,2,4,3,3,1,3,1,3,3,2,1,2,1,1,1,1,1,2,1,1,1,1,1,1,2,3,3,4,3,3,3,1,1,1,1,1,1,2,2,1,5,5,4,5,4,5,-7,4,3,3,3,3,3,3,1,4,1,2,1,1,2,1,1,1,1,1,0,1,1,0,1,0,0,0,0,0,1,1,0,1,1,1,1,1,1,1,0,0,-8,-8,-8,-8,-8,-8,0,1,1,1,0,0,0,0,1,1,0,0,0,0,0,0,1,0,0,1,-8,-8,-8,-8,-8,-8,-8,1,1,-7,-7,-7,-7,-7,-7,-7,5,-7,-7,-7,100000,30000,3,4,3,5,3,3,3,2,-7,2,2,2,2,2,1,2,1,1,1,1,1,3,2,1,1,1,0,0,0,0,0,0,0,0,NA,1,1,0,0,0,0,1,0,0,0,0,5,5,1,1,1,0,0,0,1,2,NA,2,-7,-7,1,-7,2,-7,-7,-7,2,4,2,1949,76,1,-7,2,2,1,1,1,8,-7,-7,-7,-7,7,-8,-7,-7,-6,2,2,2,2,2,2,3,2,1,1,-7,1,1,1,1,0,1,0,0,0,0,bas25_00223,384.58990621,1,24510,Hampden/Remington,9,9,18:23:44,9,9,19:38:56,1,2,2,1,-6,3,1,5,0,1
25,2,1,2,3,2,3,3,3,2,3,1,3,3,1,1,1,1,1,1,1,1,2,5,1,2,2,6,-7,2,3,2,3,2,2,3,1,1,1,1,1,1,1,2,2,4,2,2,3,3,3,-7,4,3,3,3,3,3,3,1,1,1,5,1,1,2,2,1,1,1,0,0,0,0,0,0,0,0,0,0,0,0,0,0,0,0,0,0,0,1,0,0,0,0,0,0,0,1,0,0,1,1,0,1,1,0,0,0,1,1,0,0,0,1,0,0,0,0,3,1,0,1,0,0,0,0,1,4,-7,-7,-7,-7,-7,-7,-7,7,-7,-7,-7,300000,50000,2,4,3,4,3,3,3,2,-7,2,2,1,1,1,1,1,1,1,-8,1,1,2,2,1,1,1,0,1,0,1,0,1,1,0,NA,0,0,1,0,0,0,0,0,1,1,0,5,5,2,4,1,0,0,0,2,2,NA,1,1,-7,2,2,2,-7,-7,-7,2,7,1,1966,59,1,-7,2,2,1,1,3,9,-7,-7,-7,-7,2,2,-7,4,9,2,1,2,2,2,2,4,4,1,1,-7,2,2,2,2,0,0,1,0,0,0,bas25_00225,626.66561888,2,24005,-7,8,28,15:32:31,8,28,15:53:20,2,1,2,2,4,4,1,4,0,1
1,2,4,2,3,2,3,3,3,5,5,3,3,4,2,1,4,2,1,5,3,3,1,1,3,1,2,3,3,2,4,4,4,3,2,3,2,2,2,1,2,2,2,2,1,3,1,5,5,5,-8,-7,4,3,3,3,2,3,3,1,4,1,5,2,1,3,1,1,1,0,0,0,0,0,0,0,1,0,0,0,0,0,0,0,0,0,0,0,1,0,0,0,0,-8,-8,-8,-8,-8,-8,0,0,0,0,1,0,0,1,0,1,0,0,0,1,0,0,0,0,0,5,1,0,1,0,0,0,0,3,-7,-7,-7,-7,-7,-7,-7,-7,4,-7,-7,-7,0,0,4,5,4,5,1,1,1,1,2,1,1,4,2,3,4,5,2,3,2,3,3,5,3,2,2,1,0,0,0,0,0,1,0,0,NA,0,0,0,0,0,0,0,0,1,0,0,3,3,1,2,0,1,0,0,2,4,NA,2,-7,-7,2,1,2,-7,-7,-7,1,3,1,1997,28,2,-7,2,2,1,1,3,8,-7,-7,-7,-7,7,1,1,-7,1,2,2,2,2,2,2,3,4,3,5,1,1,1,1,1,0,1,0,0,0,0,bas25_00228,1743.2051502,1,24510,Hamilton Hills,9,12,12:11:29,9,12,13:08:34,2,2,2,1,1,2,2,2,1,1
0,4,2,2,3,2,3,3,3,3,-8,2,-8,3,3,1,1,2,2,3,3,3,4,5,2,2,2,1,1,2,2,2,4,1,4,3,2,1,2,1,2,1,1,2,1,1,2,2,3,3,3,-7,4,3,3,3,3,2,3,1,4,2,1,3,3,2,1,2,-8,0,0,0,1,1,0,0,1,0,0,0,0,0,0,0,0,0,0,0,0,1,0,0,0,-8,-8,-8,-8,-8,-8,-8,-8,-8,-8,-8,-8,-8,0,0,1,1,0,0,0,0,1,1,0,0,2,-8,-8,-8,-8,-8,-8,-8,3,-7,-7,-7,-7,-7,-7,-7,-7,6,-7,-7,-7,200000,40000,4,5,4,5,3,3,3,2,-7,2,2,2,2,2,2,3,1,2,1,1,1,3,3,2,1,4,0,0,0,0,0,1,0,0,NA,0,0,0,0,0,0,0,0,0,0,1,5,4,1,1,1,0,0,0,1,2,NA,2,-7,-7,2,2,2,-7,-7,-7,2,6,5,2002,23,2,-7,2,2,1,3,3,9,-7,-7,-7,-7,1,2,-7,4,9,2,2,2,2,2,2,5,2,1,5,2,2,2,2,2,0,0,1,0,0,0,bas25_00253,814.06522965,1,24510,Patterson Park North & East,8,28,13:13:43,8,28,13:28:27,1,2,2,2,4,4,2,1,1,1
0,3,1,2,2,2,3,2,2,3,3,2,2,2,2,2,2,2,2,2,2,2,4,4,3,3,3,3,3,2,3,3,3,4,3,3,1,2,1,2,1,1,2,2,1,2,2,4,3,4,3,5,-7,3,2,2,3,2,2,1,1,1,2,2,2,2,1,1,1,0,0,0,0,0,0,0,0,0,0,0,1,0,0,0,0,0,0,0,1,0,0,0,0,1,0,0,0,0,1,0,0,1,0,0,0,0,0,0,1,1,0,0,1,0,0,0,0,0,2,-8,-8,-8,-8,-8,-8,-8,1,2,-7,-7,-7,-7,-7,-7,-7,1,2,1,4,110000,70000,3,3,4,4,2,2,2,1,2,2,2,2,3,3,3,2,3,3,2,2,2,3,3,2,2,3,0,1,0,1,1,1,1,0,NA,0,0,0,0,0,0,0,0,0,0,1,5,5,1,2,1,0,0,0,1,2,NA,2,-7,-7,1,-7,2,-7,-7,-7,2,7,5,1998,27,1,-7,3,2,1,1,3,9,-7,-7,-7,-7,3,1,1,-7,1,1,2,2,2,2,2,4,2,1,1,-7,3,5,3,5,1,0,1,0,1,0,bas25_00257,169.33234736,1,24510,Canton,9,20,12:43:13,9,20,13:03:01,2,2,1,3,1,4,1,2,4,2
39,5,2,3,3,3,2,2,4,4,4,3,4,4,3,3,3,2,2,3,2,2,4,3,2,2,2,2,2,3,3,3,3,3,2,3,1,1,1,1,1,1,1,1,2,4,2,2,4,3,4,4,-7,3,3,3,3,3,3,1,-8,1,2,2,2,3,2,1,1,1,0,0,0,0,0,0,0,0,0,0,0,1,0,0,0,0,0,0,0,0,0,0,0,-8,-8,-8,-8,-8,-8,-8,-8,-8,-8,-8,-8,-8,-8,-8,-8,-8,-8,0,0,0,0,0,0,1,2,0,0,0,0,0,1,0,2,-7,0,0,1,0,0,0,0,5,-7,-7,-7,NA,NA,4,4,4,4,3,3,3,2,-7,2,2,1,1,1,1,2,1,1,1,1,1,3,3,1,1,1,0,0,0,0,0,0,0,0,NA,1,1,1,0,0,0,0,0,0,0,0,4,5,2,1,0,1,0,0,1,2,NA,2,-7,-7,2,2,2,-7,-7,-7,2,4,2,-8,-8,1,-7,-8,2,1,1,1,-8,-6,-7,-7,-7,-8,-8,-7,-7,-6,2,2,2,2,2,2,-8,-8,1,1,-7,2,2,2,2,0,0,1,0,0,0,bas25_00265,322.59326428,1,24510,Greektown/Bayview,8,28,14:15:06,8,28,14:55:33,1,2,1,2,-6,3,1,-8,0,1
20,6,1,2,2,1,4,3,1,1,2,1,3,2,2,2,1,1,1,1,1,1,1,1,1,1,1,1,1,2,3,3,4,3,2,3,1,1,1,1,1,1,2,1,2,4,4,4,4,4,5,4,-7,3,3,3,3,3,3,1,1,1,1,1,1,2,1,1,1,0,1,0,0,1,0,0,0,0,0,0,0,0,1,0,0,1,0,0,0,0,0,0,0,-8,-8,-8,-8,-8,-8,0,0,0,1,1,1,0,0,0,1,1,0,0,0,0,1,0,0,0,1,0,0,0,0,0,1,0,3,-7,-7,-7,-7,-7,-7,-7,-7,1,1,3,3,500000,40000,2,3,3,4,3,3,3,2,-7,2,2,1,1,1,1,1,1,2,1,1,1,2,2,1,1,3,0,0,0,0,0,0,0,0,NA,1,1,0,0,0,0,0,0,0,0,0,5,5,2,1,0,0,1,0,1,2,NA,2,-7,-7,1,-7,2,-7,-7,-7,2,6,5,1971,54,1,-7,2,2,1,1,1,2,-7,-7,-7,-7,2,2,-7,3,8,2,2,2,2,2,2,4,3,1,1,-7,1,1,1,1,0,1,0,0,0,0,bas25_00268,363.40386227,1,24510,Mount Washington/Coldspring,8,29,06:44:00,8,29,07:07:08,2,1,1,1,4,4,1,4,0,1
6,6,2,1,3,2,3,2,3,2,2,1,2,2,1,1,2,2,2,2,2,2,2,2,2,2,2,2,2,2,2,2,2,2,2,2,1,1,1,1,1,1,1,1,2,4,4,3,4,3,4,5,-7,3,3,3,3,3,3,1,3,1,1,2,3,2,1,1,2,0,0,0,0,0,0,0,0,0,0,0,1,0,1,0,0,1,0,1,0,1,0,0,0,0,0,0,0,0,1,0,0,0,0,1,0,0,1,0,1,0,0,0,1,0,0,1,0,0,1,-8,-8,-8,-8,-8,-8,-8,2,-7,0,0,1,1,0,0,1,1,3,5,3,120000,55000,3,4,3,5,2,2,1,2,-7,2,2,2,4,4,5,4,3,4,3,1,1,1,2,1,1,1,0,0,0,0,1,0,0,0,NA,0,0,0,0,0,0,0,0,0,0,1,4,4,2,1,1,0,0,0,1,2,NA,2,-7,-7,3,1,2,-7,-7,-7,2,6,2,1973,52,1,-7,2,2,3,3,3,2,-7,-7,-7,-7,8,2,-7,4,9,2,2,2,2,2,2,2,3,1,1,-7,1,1,1,1,0,1,0,0,0,0,bas25_00276,2200.607947,2,24005,-7,9,26,19:50:22,10,5,18:01:28,2,2,1,1,4,4,1,4,0,1
25,3,1,2,2,2,3,3,2,2,3,1,3,2,2,2,2,1,1,2,1,1,1,1,1,2,1,1,1,2,2,2,3,2,2,-8,2,2,2,2,2,2,2,1,2,4,3,4,4,4,-8,-7,3,3,3,3,3,3,3,1,4,1,1,2,1,2,1,-8,1,1,0,0,0,0,0,0,0,0,0,0,0,1,0,0,0,0,0,0,0,0,0,0,0,-8,-8,-8,-8,-8,-8,0,0,0,0,1,0,0,0,0,1,1,0,0,1,0,0,0,0,0,2,-8,-8,-8,-8,-8,-8,-8,1,3,-7,-7,-7,-7,-7,-7,-7,5,-7,-7,-7,250000,30000,3,4,3,4,3,3,3,2,-7,2,2,2,3,4,3,5,4,1,1,3,1,3,3,1,1,1,0,0,0,0,0,0,0,0,NA,1,1,1,0,0,0,0,0,0,0,0,4,5,2,1,1,0,0,0,1,2,NA,1,1,-7,2,2,2,-7,-7,-7,1,7,1,1948,77,2,-7,2,2,1,1,1,9,-7,-7,-7,-7,2,2,-7,1,6,2,2,2,2,2,2,3,2,1,1,-7,1,5,1,5,1,1,1,0,0,0,bas25_00281,330.39999526,2,24005,-7,9,29,13:26:40,9,29,14:15:02,2,1,2,1,3,4,2,5,0,1
17,3,1,2,2,2,4,3,2,4,4,1,3,2,2,2,2,1,1,1,1,1,1,3,1,4,1,1,1,2,2,2,4,3,2,3,1,1,1,1,2,2,2,2,1,4,2,5,3,3,2,4,-7,3,3,3,3,3,3,1,4,1,3,3,1,2,2,1,1,1,0,0,1,1,0,0,0,0,0,0,0,1,0,0,1,1,0,0,0,1,0,0,0,-8,-8,-8,-8,-8,-8,0,1,0,1,1,0,0,0,0,1,1,0,0,0,0,1,1,0,0,1,-8,-8,-8,-8,-8,-8,-8,1,3,-7,-7,-7,-7,-7,-7,-7,1,1,4,3,350000,40000,2,4,1,4,3,3,3,2,-7,2,2,1,1,1,1,1,1,1,1,1,1,2,2,1,1,1,0,0,0,0,0,0,0,0,NA,1,0,0,0,0,0,0,0,0,0,1,5,5,2,1,1,0,0,0,1,2,NA,2,-7,-7,3,1,1,0,0,1,2,6,1,1974,51,2,-7,2,2,1,1,1,1,3,-7,-7,-7,7,2,-7,6,11,2,2,2,2,2,2,4,2,1,1,-7,2,2,2,2,0,0,1,0,0,0,bas25_00292,2121.3846449,2,24005,-7,8,28,19:50:50,8,28,20:24:53,2,2,1,2,4,4,2,4,0,1
6,5,1,2,2,2,3,4,2,3,3,2,3,3,2,1,2,1,1,1,1,1,1,3,2,2,1,1,1,2,4,4,4,4,5,4,1,1,1,1,1,1,2,1,2,3,2,1,3,3,3,2,-7,2,2,2,2,2,2,1,3,1,1,3,3,2,1,1,1,1,0,0,0,0,0,0,1,0,0,0,0,1,0,0,0,1,0,0,1,1,0,0,0,-8,-8,-8,-8,-8,-8,1,0,1,1,0,0,1,1,0,1,0,0,0,0,0,0,1,0,0,2,-8,-8,-8,-8,-8,-8,-8,1,4,-7,-7,-7,-7,-7,-7,-7,5,-7,-7,-7,100000,35000,4,5,4,5,1,1,1,1,1,1,1,3,5,5,5,5,5,3,2,3,1,3,3,1,2,4,0,0,0,1,1,1,0,0,NA,0,1,1,1,1,1,0,0,1,1,0,5,5,1,1,0,0,1,0,2,2,NA,2,-7,-7,1,-7,2,-7,-7,-7,1,4,2,1950,75,1,-7,2,2,1,1,1,1,2,-7,-7,-7,4,1,2,-7,2,1,2,1,2,2,2,4,2,1,1,-7,1,1,1,1,0,1,0,0,0,0,bas25_00302,678.88018613,2,24005,-7,9,5,18:03:41,9,5,18:41:06,2,2,1,1,1,3,1,5,6,3
3,2,1,2,2,2,3,2,3,3,2,2,3,2,1,2,2,1,1,3,3,3,2,2,3,2,2,4,3,2,2,2,2,3,3,3,1,1,1,1,1,1,1,2,2,2,2,2,3,3,3,4,-7,2,2,2,3,3,3,1,2,1,2,2,1,2,2,2,1,0,0,0,0,0,0,0,1,0,0,0,0,0,0,0,1,0,0,0,1,1,0,0,0,0,0,0,0,0,1,0,1,0,0,0,1,0,1,0,0,1,0,1,1,0,0,0,1,0,3,-8,-8,-8,-8,-8,-8,-8,1,3,-7,-7,-7,-7,-7,-7,-7,1,1,2,3,NA,50000,2,3,2,3,3,2,2,2,-7,2,2,2,3,4,4,4,4,2,3,3,1,3,3,1,1,2,0,0,0,1,0,0,0,0,NA,0,0,0,0,0,0,0,0,0,0,1,4,4,2,1,1,0,0,0,1,2,NA,1,1,-7,4,1,1,0,1,1,2,6,1,1982,43,1,-7,2,2,3,3,3,2,-7,-7,-7,-7,8,2,-7,4,9,2,2,2,2,2,2,3,2,1,1,-7,3,4,3,4,0,0,0,0,1,0,bas25_00318,1873.1784362,2,24005,-7,8,29,16:21:32,8,29,16:48:15,2,1,1,3,4,4,1,3,3,2
15,4,1,1,1,2,3,3,2,2,2,2,3,2,3,3,2,1,1,2,1,2,2,2,3,2,1,1,1,2,4,3,4,1,2,3,1,1,1,1,1,1,1,1,1,5,5,5,5,5,5,4,-7,3,3,3,3,3,3,1,1,1,1,2,1,2,1,1,1,1,0,0,0,0,0,0,0,0,0,0,0,1,0,0,0,0,0,0,0,0,0,0,0,-8,-8,-8,-8,-8,-8,0,0,0,0,0,1,0,0,0,1,1,0,0,1,0,0,1,1,0,5,-8,-8,-8,-8,-8,-8,-8,1,2,-7,-7,-7,-7,-7,-7,-7,1,3,3,3,500000,20000,4,4,4,4,2,2,2,1,2,1,2,1,4,4,5,4,2,1,1,1,1,2,1,1,1,1,0,0,0,0,0,0,0,0,NA,1,0,0,0,0,0,0,0,0,0,1,5,5,2,1,1,0,0,0,2,2,NA,2,-7,-7,4,1,1,1,0,0,2,4,1,1967,58,1,-7,2,2,1,1,1,-8,-6,-7,-7,-7,8,2,-7,1,6,2,2,2,2,2,2,2,2,1,1,-7,1,1,1,1,0,1,0,0,0,0,bas25_00323,960.53183923,1,24510,Chinquapin Park/Belvedere,9,5,11:04:16,9,5,11:34:59,1,1,1,1,3,3,1,4,0,1
3,2,2,1,2,2,3,3,2,4,3,3,3,3,3,2,3,3,3,2,1,2,2,3,4,3,3,6,-7,3,3,3,4,4,4,5,1,1,1,1,2,2,2,2,2,5,5,5,5,5,5,-7,4,3,2,3,3,3,3,1,1,1,2,2,2,3,1,1,1,1,0,0,0,0,0,0,0,1,0,0,0,0,0,0,0,0,0,0,0,1,0,0,0,-8,-8,-8,-8,-8,-8,1,1,1,1,0,1,0,0,0,1,1,0,1,0,1,1,0,0,0,5,1,0,0,0,0,0,0,1,4,-7,-7,-7,-7,-7,-7,-7,1,4,5,2,600k,60k,4,4,3,4,3,3,3,2,-7,2,2,2,1,1,1,1,1,1,1,1,1,3,2,2,2,5,0,1,0,1,0,0,0,0,NA,0,1,1,0,0,0,0,0,0,0,0,5,5,2,1,1,0,0,0,1,2,NA,1,3,3,2,1,2,-7,-7,-7,2,7,3,1969,56,1,-7,2,2,1,1,1,2,-7,-7,-7,-7,2,2,-7,6,11,2,2,2,2,2,2,3,3,1,1,-7,2,2,2,2,0,0,1,0,0,0,bas25_00325,140.53745296,1,24510,Pigtown/Carroll Park,8,28,16:57:58,8,28,17:37:08,1,1,2,2,4,4,1,4,1,1
3,4,5,3,3,3,2,2,4,4,4,4,4,4,4,5,3,3,2,2,2,3,5,5,2,4,3,4,4,4,4,4,4,5,1,-8,2,1,2,1,2,2,2,2,1,5,5,5,5,5,5,5,-7,1,1,1,1,1,1,2,4,2,5,3,3,4,2,2,1,1,0,0,0,0,0,0,1,0,0,0,0,1,0,0,0,0,0,1,1,0,0,0,0,-8,-8,-8,-8,-8,-8,0,0,1,0,0,1,0,0,0,1,1,0,0,0,0,0,0,0,1,5,-8,-8,-8,-8,-8,-8,-8,1,4,-7,-7,-7,-7,-7,-7,-7,1,2,1,1,1000000,50000,4,5,4,5,3,3,1,1,3,1,1,3,4,1,5,5,5,1,1,1,1,4,4,2,1,4,0,1,0,0,0,1,0,0,NA,0,0,1,0,0,1,0,0,1,1,0,1,3,2,1,1,0,0,0,1,2,NA,2,-7,-7,1,-7,2,-7,-7,-7,2,7,5,1990,35,2,-7,1,2,1,1,1,1,6,-7,-7,-7,1,2,-7,1,6,2,2,2,2,2,2,4,3,1,5,1,1,1,1,1,0,1,0,0,0,0,bas25_00330,335.63213365,1,24510,Oldtown/Middle East,9,3,23:21:54,9,18,17:29:29,1,1,1,1,3,4,2,3,12,3
1,4,3,3,3,3,2,2,3,3,3,3,3,3,2,3,2,2,2,2,1,1,2,2,2,3,1,6,-7,2,3,3,4,1,5,4,1,1,1,1,1,1,1,2,1,4,5,4,5,5,4,-7,4,2,2,2,1,1,1,1,5,2,3,3,1,2,3,4,1,0,0,0,0,0,0,0,1,0,0,0,0,0,1,0,0,0,0,1,1,1,0,0,0,-8,-8,-8,-8,-8,-8,-8,-8,-8,-8,-8,-8,-8,0,0,1,1,0,0,1,0,0,0,1,0,3,-8,-8,-8,-8,-8,-8,-8,1,4,-7,-7,-7,-7,-7,-7,-7,2,5,5,3,400000,20000,4,5,2,4,1,1,1,2,-7,2,2,4,3,4,4,5,4,4,3,3,1,1,2,2,1,2,0,1,0,0,0,1,1,0,NA,0,0,0,0,0,0,0,0,1,0,0,5,5,1,2,1,0,0,0,1,2,NA,2,-7,-7,2,1,2,-7,-7,-7,2,3,5,1996,29,2,-7,1,1,3,3,3,8,-7,-7,-7,-7,1,1,3,-7,3,1,1,2,2,2,2,3,2,3,5,2,2,2,4,6,0,0,1,0,0,1,bas25_00342,1738.5030028,1,24510,Cedonia/Frankford,9,7,15:51:52,9,7,16:16:17,2,2,2,3,2,2,2,2,9,3
30,6,1,2,2,2,3,3,2,2,3,3,3,3,2,1,3,3,2,2,2,3,2,4,2,4,2,4,2,2,3,2,3,3,3,4,1,1,1,1,1,1,1,2,2,4,4,4,4,4,3,3,-7,3,3,3,3,3,3,1,2,1,2,2,1,3,2,1,1,1,0,0,0,1,0,0,0,0,0,0,0,1,0,0,0,1,0,0,1,0,0,0,0,-8,-8,-8,-8,-8,-8,0,1,0,0,0,1,0,0,0,1,1,0,0,0,1,0,0,1,0,2,0,1,0,0,0,1,0,2,-7,0,0,1,1,0,0,1,5,-7,-7,-7,100000000,20000,3,4,4,4,3,3,3,2,-7,2,2,2,1,1,2,2,2,1,2,1,1,2,2,1,1,1,0,0,0,1,0,0,0,0,NA,0,1,1,0,0,1,0,0,0,0,0,4,5,2,1,0,1,0,0,1,2,NA,2,-7,-7,1,-7,2,-7,-7,-7,2,6,5,1957,68,1,-7,2,2,1,1,1,1,2,-7,-7,-7,8,1,4,-7,4,2,2,2,2,2,2,3,2,1,1,-7,1,1,1,1,0,1,0,0,0,0,bas25_00355,291.29074169,1,24510,Hamilton Hills,9,22,17:00:32,9,22,17:41:28,2,1,1,1,2,4,1,5,0,1
25,3,1,1,1,1,4,4,2,1,3,1,1,1,1,1,1,1,1,1,1,1,1,2,1,1,1,1,1,2,2,2,3,2,3,2,2,1,1,2,2,1,1,1,2,3,2,5,4,4,3,4,-7,3,3,3,3,3,3,1,1,1,1,2,3,3,1,1,4,1,1,0,0,0,0,0,0,0,0,0,0,1,1,0,0,0,0,0,0,0,0,0,0,0,0,0,0,0,1,1,0,1,0,1,0,0,0,1,1,0,0,0,0,0,0,0,0,1,1,1,0,0,1,0,0,0,1,4,-7,-7,-7,-7,-7,-7,-7,5,-7,-7,-7,500000,12000,3,5,3,5,3,3,3,2,-7,2,2,1,1,1,1,1,1,1,1,1,1,2,3,1,1,1,0,0,0,0,0,0,0,0,NA,1,0,0,0,0,0,1,0,1,0,0,5,5,2,1,0,1,0,0,1,2,NA,2,-7,-7,2,1,2,-7,-7,-7,2,5,1,1952,73,2,-7,2,2,1,1,1,9,-7,-7,-7,-7,1,2,-7,3,8,2,2,2,2,2,2,2,4,1,1,-7,2,2,2,2,0,0,1,0,0,0,bas25_00359,1093.8823047,2,24005,-7,9,4,18:42:40,9,4,19:13:19,1,2,1,2,4,3,2,5,0,1
10,3,1,2,3,2,3,3,2,3,3,1,3,2,1,1,2,1,1,2,2,2,1,1,1,3,1,1,1,2,2,1,3,3,2,2,2,2,2,2,1,2,2,-8,2,3,2,1,3,3,3,3,-7,3,3,3,3,3,3,1,2,1,1,1,1,3,1,1,2,1,0,0,0,1,0,0,0,0,0,0,0,0,0,0,1,1,0,0,0,1,0,0,0,-8,-8,-8,-8,-8,-8,-8,-8,-8,-8,-8,-8,-8,1,0,0,1,0,0,0,0,0,1,0,0,1,-8,-8,-8,-8,-8,-8,-8,3,-7,-7,-7,-7,-7,-7,-7,-7,5,-7,-7,-7,500000,40000,2,3,1,3,3,3,3,2,-7,2,2,1,1,1,1,1,1,1,1,1,1,1,1,1,1,1,0,0,0,0,0,0,0,0,NA,1,0,0,0,0,0,0,0,1,0,0,5,5,1,1,1,0,0,0,1,2,NA,2,-7,-7,1,-7,2,-7,-7,-7,2,7,3,1947,78,2,-7,2,2,1,1,1,9,-7,-7,-7,-7,2,2,-7,3,8,2,2,2,2,2,2,4,2,1,1,-7,2,2,2,2,0,0,1,0,0,0,bas25_00367,229.15038873,2,24005,-7,8,28,20:30:29,8,28,21:11:21,1,2,1,2,4,4,2,5,0,1
5,2,4,3,2,4,2,1,3,3,3,5,3,4,1,4,3,5,2,5,5,2,5,2,4,1,1,1,1,2,3,4,4,3,1,1,1,1,1,1,1,1,1,1,2,5,5,5,-8,5,5,-7,1,3,3,3,3,3,3,1,5,2,5,3,3,4,5,1,1,1,0,0,0,0,0,1,0,0,0,0,0,1,0,0,0,0,0,1,0,1,0,0,0,0,0,0,1,0,0,1,1,0,0,0,1,0,0,0,1,0,1,0,0,0,0,0,0,1,5,0,0,1,0,1,1,0,3,-7,-7,-7,-7,-7,-7,-7,-7,9,-7,-7,-7,200000,0,3,3,4,2,1,1,1,1,1,1,1,1,5,5,5,5,5,5,5,5,3,5,4,1,1,1,0,1,1,1,1,1,0,0,NA,0,1,1,0,1,0,1,1,1,1,0,5,5,1,3,0,1,0,0,1,3,Just wifi,2,-7,-7,1,-7,2,-7,-7,-7,1,2,5,1974,51,1,-7,2,2,1,1,1,2,-7,-7,-7,-7,3,1,1,-7,1,1,1,2,1,1,1,5,2,1,1,-7,2,2,2,2,0,0,1,0,0,0,bas25_00369,254.77125004,1,24510,Brooklyn/Curtis Bay/Hawkins Point,8,27,13:40:44,10,1,21:31:43,1,2,2,2,1,1,1,4,0,1
10,2,2,2,2,2,3,3,2,2,2,1,1,2,1,1,1,1,1,1,1,1,2,2,1,1,1,1,1,2,3,3,3,3,4,3,1,1,1,1,1,1,1,1,2,2,1,1,1,1,1,4,-7,3,3,3,3,2,2,1,2,1,2,2,2,3,1,1,2,1,0,0,0,0,0,0,0,0,0,0,0,1,0,0,0,0,0,0,0,0,0,0,0,0,0,0,0,0,1,0,0,0,0,1,0,0,0,0,0,0,1,1,1,0,0,0,0,0,2,0,1,0,0,0,0,0,2,-7,0,0,1,1,0,0,0,1,3,4,2,175000,30000,2,4,3,4,1,2,2,1,3,1,2,4,2,2,2,4,2,4,2,4,1,2,2,2,1,1,0,0,0,0,0,0,0,0,NA,1,1,0,0,0,0,0,0,0,0,0,5,5,1,1,1,0,0,0,2,2,NA,2,-7,-7,4,1,1,1,0,0,1,3,2,1977,48,1,-7,2,2,1,1,1,7,-7,-7,-7,-7,1,1,2,-7,2,2,1,2,2,2,2,3,2,2,4,1,1,1,1,1,0,1,0,0,0,0,bas25_00400,3339.0070682,2,24005,-7,9,2,14:25:17,9,2,15:20:41,2,2,1,1,1,2,1,3,2,2
30,6,4,2,3,3,2,2,3,4,3,4,3,4,3,2,4,2,2,3,2,3,1,1,3,3,1,1,3,3,2,2,3,2,1,3,1,1,1,1,1,1,1,2,2,4,5,4,5,4,4,-7,3,3,3,3,3,3,3,1,2,1,3,3,3,3,2,1,1,0,0,0,0,0,0,0,1,0,0,0,0,0,1,0,0,1,0,0,1,0,0,0,0,0,0,0,0,0,1,0,0,1,1,0,0,0,0,0,1,0,1,0,0,0,0,0,0,1,2,0,0,0,0,0,1,0,1,2,-7,-7,-7,-7,-7,-7,-7,1,1,4,3,75000,30000,3,3,3,4,2,2,3,2,-7,2,2,3,3,3,4,3,3,1,1,1,1,3,2,1,1,1,0,0,0,0,0,0,0,0,NA,1,1,1,0,0,0,1,0,0,0,0,4,5,2,1,0,1,0,0,1,2,NA,2,-7,-7,1,-7,2,-7,-7,-7,2,3,3,1960,65,2,-7,2,2,1,1,1,2,-7,-7,-7,-7,3,1,3,-7,3,2,2,2,2,2,2,3,1,1,1,-7,2,2,2,2,0,0,1,0,0,0,bas25_00401,451.27507601,1,24510,Allendale/Irvington/S. Hilton,9,6,01:44:39,9,6,02:19:10,1,2,2,2,2,2,2,5,0,1
56,4,2,1,2,2,4,3,2,3,3,2,3,3,2,1,3,1,1,4,2,3,2,2,3,2,1,2,4,2,4,4,4,4,3,5,1,1,2,1,1,2,1,1,2,5,3,1,5,4,5,4,-7,3,2,3,3,3,3,1,2,1,2,2,2,3,2,1,1,0,0,0,1,0,0,1,1,0,0,0,0,0,0,0,1,0,0,1,1,1,0,0,0,0,0,0,1,0,0,0,1,0,0,0,1,1,0,0,1,1,0,0,0,0,0,0,0,1,2,0,0,0,1,0,0,0,2,-7,0,0,1,0,0,0,0,1,1,4,2,500000,50000,4,4,4,4,2,3,2,1,3,1,1,2,4,4,5,3,2,5,2,2,3,4,4,2,2,4,0,0,0,0,0,0,0,0,NA,1,0,0,0,0,0,0,0,0,0,1,4,4,3,4,1,0,0,0,1,2,NA,2,-7,-7,2,1,2,-7,-7,-7,2,3,1,1969,56,1,-7,2,2,1,1,1,2,-7,-7,-7,-7,1,2,-7,2,7,2,2,2,2,2,2,3,3,1,1,-7,2,2,2,2,0,0,1,0,0,0,bas25_00403,776.81639893,2,24005,-7,8,27,19:06:17,8,27,19:48:04,1,1,1,2,3,2,1,4,1,1
40,4,2,3,3,2,3,3,4,4,4,2,4,4,2,2,3,1,1,2,1,2,1,4,1,3,1,5,4,2,3,3,3,3,3,3,2,2,2,2,2,2,2,2,2,4,2,1,3,3,4,4,-7,3,3,3,3,3,3,1,1,1,1,3,3,3,1,1,1,1,1,0,0,1,0,0,1,0,0,0,0,1,1,0,0,1,0,0,1,0,0,0,0,-8,-8,-8,-8,-8,-8,-8,-8,-8,-8,-8,-8,-8,0,0,1,1,0,1,1,0,1,0,0,0,2,-8,-8,-8,-8,-8,-8,-8,3,-7,-7,-7,-7,-7,-7,-7,-7,2,1,2,4,250000,50000,3,3,3,2,3,3,3,2,-7,2,2,2,1,1,1,1,1,1,1,1,1,2,2,2,1,1,0,0,0,0,0,0,0,0,NA,1,0,1,0,0,0,0,0,0,0,0,3,4,2,4,1,0,0,0,1,2,NA,-8,-7,-7,2,1,2,-7,-7,-7,2,6,1,1957,68,1,-7,2,1,1,1,3,1,7,United church of Christ,-7,-7,2,2,-7,-8,-6,2,2,2,2,2,2,3,3,1,1,-7,2,2,4,6,0,0,1,0,0,1,bas25_00404,686.0024467,2,24005,-7,8,29,07:44:40,8,29,08:12:24,1,2,1,3,-6,4,1,5,0,1
8,4,2,3,3,3,3,2,4,4,3,3,3,3,2,2,2,3,2,4,3,3,4,4,4,3,2,2,2,3,4,3,4,1,4,4,2,2,2,2,2,2,2,2,2,2,5,4,4,3,4,4,-7,3,3,3,2,1,2,1,4,2,2,2,2,4,4,2,2,0,1,0,0,1,0,0,0,0,0,1,0,0,0,0,0,0,0,0,0,1,0,0,0,0,1,0,0,0,0,1,1,1,1,1,1,1,0,0,1,0,1,0,1,0,0,1,0,0,5,0,0,0,0,0,1,0,2,-7,0,0,1,1,1,1,1,1,2,4,1,200000,55000,3,2,4,4,2,2,2,2,-7,1,2,3,2,2,2,4,4,3,3,3,2,4,4,1,1,4,1,1,0,1,0,0,0,0,NA,0,0,0,0,1,0,0,0,0,0,0,2,4,1,1,1,0,0,0,2,2,NA,2,-7,-7,1,-7,2,-7,-7,-7,2,6,5,1990,35,1,-7,5,2,1,1,1,8,-7,-7,-7,-7,2,1,4,-7,4,2,2,2,2,2,2,3,2,1,1,-7,-6,-6,-6,-6,0,0,0,0,0,0,bas25_00405,174.55096652,1,24510,Midtown,9,10,14:38:52,9,10,15:36:15,2,2,1,-6,2,4,1,3,4,2
2,5,1,2,2,2,3,3,2,3,3,1,3,1,1,1,2,2,1,2,1,1,3,3,3,3,3,1,1,2,2,2,4,2,2,3,2,1,2,1,1,1,2,2,2,3,4,3,3,5,3,-7,4,3,2,3,3,3,3,1,1,1,1,3,1,2,1,1,1,0,0,0,0,0,0,1,1,0,1,0,0,0,0,0,0,0,0,1,1,0,0,0,0,-8,-8,-8,-8,-8,-8,-8,-8,-8,-8,-8,-8,-8,-8,-8,-8,-8,-8,-8,-8,-8,-8,-8,-8,-8,1,-8,-8,-8,-8,-8,-8,-8,1,4,-7,-7,-7,-7,-7,-7,-7,1,2,5,4,300000,55000,3,4,3,4,3,3,3,2,-7,2,2,1,1,1,1,1,1,1,1,1,1,1,3,2,2,1,0,1,0,1,1,1,0,0,NA,0,0,1,0,0,0,0,0,0,0,0,5,5,2,1,1,0,0,0,1,2,NA,2,-7,-7,1,-7,2,-7,-7,-7,2,7,5,1988,37,2,-7,2,2,1,1,1,4,-7,-7,4,-7,4,2,-7,5,10,2,2,2,2,2,2,4,2,1,1,-7,2,2,2,2,0,0,1,0,0,0,bas25_00410,229.93902553,1,24510,Hampden/Remington,9,7,18:49:50,9,7,19:17:10,2,2,2,2,4,4,2,3,1,1
3,4,1,2,2,2,4,2,2,5,5,2,3,3,2,3,5,1,1,3,2,2,1,3,3,4,1,2,4,3,4,3,2,3,3,4,2,1,2,1,1,1,2,1,1,5,4,5,4,4,4,-7,4,3,3,3,3,3,3,1,2,1,1,2,1,1,1,1,7,0,0,0,0,1,0,0,0,0,0,0,0,0,0,0,0,1,0,0,0,0,0,0,0,-8,-8,-8,-8,-8,-8,0,0,0,0,1,0,0,0,0,1,1,0,0,0,0,0,0,0,1,2,-8,-8,-8,-8,-8,-8,-8,3,-7,-7,-7,-7,-7,-7,-7,-7,5,-7,-7,-7,400000,20000,4,5,2,2,3,3,3,2,-7,2,2,1,1,1,2,2,1,1,1,1,1,3,3,1,1,1,0,0,0,0,0,0,0,0,NA,1,1,0,0,1,0,0,0,0,0,0,2,2,2,4,1,0,0,0,2,2,NA,1,1,-7,2,2,2,-7,-7,-7,2,4,1,1955,70,1,-7,2,2,1,1,1,1,4,-7,-7,-7,4,2,-7,1,6,2,2,2,2,2,2,1,1,1,1,-7,2,2,2,2,0,0,1,0,0,0,bas25_00417,799.59239295,2,24005,-7,9,13,11:45:52,10,7,12:59:09,1,1,2,2,3,3,1,5,0,1
1,3,1,1,1,1,4,4,2,4,4,1,2,1,1,1,2,1,5,1,1,1,1,3,4,1,3,1,1,2,4,2,4,-8,4,-8,-8,-8,-8,-8,-8,-8,-8,2,2,4,1,5,1,1,1,-7,-8,-8,-8,2,1,1,1,2,-8,2,3,1,1,3,5,2,1,0,0,0,0,0,0,0,0,0,1,1,0,0,0,0,1,0,1,1,0,0,0,0,0,-8,-8,-8,-8,-8,-8,0,1,0,1,1,1,1,0,0,1,0,1,1,1,0,0,0,1,0,5,-8,-8,-8,-8,-8,-8,-8,1,3,-7,-7,-7,-7,-7,-7,-7,4,-7,-7,-7,1,NA,1,1,4,5,1,1,1,1,1,1,1,-8,5,5,5,5,5,5,5,5,3,1,4,1,1,5,1,1,0,1,1,1,1,1,Nausea,0,0,0,0,0,0,0,0,0,0,1,5,5,3,3,1,0,0,0,1,-8,NA,2,-7,-7,1,-7,1,1,0,0,-8,7,-8,1999,26,1,-7,2,-8,1,1,1,-8,-6,-7,-7,-7,-8,-8,-7,-7,-6,2,2,2,2,2,2,-8,-8,1,1,-7,1,5,1,5,1,1,1,1,1,-8,bas25_00422,707.14164624,2,24005,-7,10,4,00:14:43,10,4,01:02:59,1,1,2,1,-6,4,1,2,10.5,3
34,4,1,2,2,1,4,4,2,3,-8,1,3,2,1,2,1,1,2,1,1,1,3,4,2,3,2,4,3,2,2,2,4,3,5,4,1,1,1,1,2,2,2,2,2,3,4,3,5,4,4,4,-7,3,3,3,3,3,3,1,1,1,1,3,1,1,1,1,4,1,0,0,0,0,0,0,1,1,0,0,0,1,1,0,0,0,0,0,0,1,0,0,0,-8,-8,-8,-8,-8,-8,0,1,1,0,0,1,0,0,0,1,1,0,1,0,0,0,0,0,0,2,-8,-8,-8,-8,-8,-8,-8,3,-7,-7,-7,-7,-7,-7,-7,-7,5,-7,-7,-7,200000,40000,4,5,4,5,3,3,3,2,-7,2,2,2,1,1,1,1,1,1,1,1,1,2,1,1,1,1,0,0,0,0,0,0,0,0,NA,1,1,1,1,0,0,0,0,0,0,0,5,5,2,1,1,0,0,0,1,2,NA,2,-7,-7,2,2,1,2,0,0,2,7,1,1945,80,2,-7,2,2,1,1,1,9,-7,-7,-7,-7,1,2,-7,5,10,2,2,2,2,2,2,4,2,1,1,-7,2,2,2,2,0,0,1,0,0,0,bas25_00429,344.56486534,1,24510,North Baltimore/Guilford/Homeland,9,5,11:01:19,9,5,12:17:21,2,2,1,2,4,4,2,5,0,1
1,1,2,2,2,2,3,3,2,4,3,4,3,5,3,2,2,1,4,4,4,4,2,3,2,3,3,3,2,2,3,3,3,2,2,3,1,1,1,1,1,1,1,1,2,3,3,4,4,4,4,-7,3,2,1,1,3,2,3,1,4,2,1,2,2,3,2,1,1,0,0,0,0,0,0,0,1,0,0,0,0,0,0,0,0,0,0,0,1,0,0,0,0,0,1,0,0,0,0,0,0,0,0,0,0,1,1,0,0,1,0,0,0,0,0,0,1,0,2,-8,-8,-8,-8,-8,-8,-8,1,2,-7,-7,-7,-7,-7,-7,-7,6,-7,-7,-7,500000,20000,3,3,3,4,3,3,3,2,-7,2,2,1,1,1,1,1,1,1,1,1,1,3,3,2,1,1,0,0,0,0,0,0,0,0,NA,1,0,0,0,0,0,0,0,1,1,0,4,5,1,1,0,1,0,0,1,2,NA,2,-7,-7,1,-7,2,-7,-7,-7,2,6,5,2001,24,1,-7,2,2,3,3,3,9,-7,-7,-7,-7,1,2,-7,1,6,2,2,1,2,2,2,3,2,2,5,2,3,4,3,4,0,0,0,0,1,0,bas25_00433,125.5993616,1,24510,Greater Charles Village/Barclay,9,23,19:53:05,9,23,20:07:27,2,2,2,3,3,4,1,1,6,3
26,5,5,1,2,2,4,3,2,3,2,2,3,3,2,2,2,1,3,2,2,2,2,2,2,2,2,1,1,3,3,2,4,1,1,2,1,2,1,2,2,1,2,1,1,5,5,5,3,3,4,1,-7,3,3,3,3,3,3,1,1,1,4,3,3,2,1,1,1,1,1,0,1,0,0,1,1,1,1,0,0,0,0,0,0,0,0,0,0,0,0,0,1,-8,-8,-8,-8,-8,-8,-8,-8,-8,-8,-8,-8,-8,1,0,1,0,0,0,1,0,0,1,1,0,5,0,1,0,0,1,1,0,3,-7,-7,-7,-7,-7,-7,-7,-7,5,-7,-7,-7,"$500,000,0",10000,4,3,3,4,1,1,1,1,1,1,-8,3,5,1,5,5,1,1,1,1,1,3,2,1,1,1,0,0,0,0,0,0,0,0,NA,1,1,1,0,0,0,1,0,0,0,0,5,5,2,1,0,1,0,0,2,2,NA,2,-7,-7,2,2,2,-7,-7,-7,2,6,1,1948,77,1,-7,2,2,1,1,1,-8,-6,-7,-7,-7,8,1,-8,-7,-6,2,-8,-8,1,-8,2,5,2,1,1,-7,-6,-6,-6,-6,-8,-8,-8,-8,-8,0,bas25_00436,338.1574976,1,24510,Cedonia/Frankford,9,1,11:03:38,-9,-9,NA:NA:NA,1,1,1,-6,-6,4,1,5,0,1
10,3,2,2,2,2,3,3,4,4,3,1,3,1,1,2,2,1,1,1,1,1,1,3,1,2,1,1,1,3,3,3,4,2,2,3,1,1,1,1,1,1,2,1,2,2,1,1,2,1,1,-7,3,3,3,3,3,3,3,1,2,1,1,2,2,2,2,2,1,0,0,0,0,0,0,0,1,0,0,0,0,0,0,0,0,0,0,0,1,0,0,0,0,-8,-8,-8,-8,-8,-8,1,1,1,1,1,1,1,0,0,1,1,0,0,0,1,0,1,0,0,5,-8,-8,-8,-8,-8,-8,-8,1,3,-7,-7,-7,-7,-7,-7,-7,3,1,2,4,350000,18000,3,4,4,5,2,2,2,1,2,1,2,1,5,5,5,5,4,4,1,1,3,5,4,1,1,5,0,0,0,0,0,0,0,0,NA,1,1,1,0,0,1,0,0,1,0,0,1,1,1,1,1,0,0,0,1,2,NA,2,-7,-7,1,-7,2,-7,-7,-7,1,4,3,1963,62,2,-7,2,2,1,1,1,9,-7,-7,-7,-7,1,1,5,-7,5,-8,1,1,-8,-8,-8,-8,-8,1,1,-7,1,1,1,1,0,1,0,0,0,0,bas25_00448,973.85631368,2,24005,-7,9,12,00:50:51,9,12,02:15:00,2,2,2,1,2,3,2,4,0,1
0,2,2,1,1,2,3,2,2,2,3,1,3,4,3,2,3,2,2,3,3,4,2,2,1,2,2,2,1,2,2,3,3,3,4,3,1,1,1,1,1,2,1,1,2,2,2,3,4,3,4,-7,4,2,2,3,2,2,3,1,4,2,1,3,2,2,1,3,1,0,0,1,0,0,0,0,1,0,0,0,0,0,0,0,0,1,0,0,0,0,0,0,0,0,0,0,0,0,1,0,1,0,0,1,0,0,0,0,1,1,0,0,1,0,0,1,0,0,2,0,1,0,0,0,0,0,1,4,-7,-7,-7,-7,-7,-7,-7,6,-7,-7,-7,54000,9000,2,2,3,3,3,3,3,2,-7,2,2,2,1,1,1,1,1,1,1,1,1,2,3,2,1,1,0,0,0,1,0,0,1,0,NA,0,0,0,0,0,0,0,0,0,0,1,4,5,1,1,0,1,0,0,1,2,NA,2,-7,-7,3,1,2,-7,-7,-7,2,6,5,2000,25,2,-7,2,2,3,3,3,9,-7,-7,-7,-7,2,2,-7,2,7,2,2,2,2,2,2,4,4,3,5,2,3,4,3,4,0,0,0,0,1,0,bas25_00457,727.42610452,1,24510,North Baltimore/Guilford/Homeland,8,27,19:55:56,8,27,20:33:50,2,1,2,3,3,4,2,2,4,2
3,4,2,1,3,2,3,4,3,2,3,2,3,1,1,1,2,1,5,4,1,5,2,5,5,2,3,5,5,2,2,2,4,4,2,3,2,1,2,1,2,2,2,2,1,3,3,5,2,2,5,2,-7,3,3,2,2,3,3,1,1,1,2,2,1,2,1,3,1,0,1,0,1,1,0,0,0,0,0,0,0,0,1,0,1,1,0,0,0,0,0,0,0,0,0,0,1,0,0,0,1,1,0,0,0,0,1,0,0,1,0,0,0,0,1,1,1,0,2,0,0,1,0,0,0,0,1,2,-7,-7,-7,-7,-7,-7,-7,1,1,5,1,678000,56789,3,5,3,5,3,3,3,2,-7,2,2,1,1,1,1,1,1,1,1,1,1,1,3,1,1,1,0,1,0,0,0,0,0,0,NA,0,0,0,0,0,0,0,0,1,1,0,5,4,2,1,1,0,0,0,1,2,NA,2,-7,-7,2,1,2,-7,-7,-7,2,7,1,1991,34,2,-7,2,2,1,1,1,9,-7,-7,-7,-7,1,2,-7,6,11,2,2,2,2,2,2,5,4,1,1,-7,2,2,2,2,0,0,1,0,0,0,bas25_00459,2392.0523322,2,24005,-7,8,28,19:44:45,8,28,20:48:57,1,1,1,2,4,4,2,2,2,2
0,4,5,4,4,4,2,1,5,4,5,5,3,5,5,4,5,1,3,5,2,2,2,4,2,5,3,2,2,3,4,3,4,4,2,3,2,1,2,1,2,2,1,2,1,5,5,5,5,5,5,2,-7,2,2,2,2,2,2,2,4,1,4,3,2,2,5,3,1,0,1,1,1,1,1,0,1,1,1,1,0,0,1,1,1,1,1,0,1,1,1,1,0,1,0,0,0,0,0,0,1,0,1,0,1,1,0,0,1,1,0,1,1,1,1,1,1,0,4,0,1,0,0,1,1,0,3,-7,-7,-7,-7,-7,-7,-7,-7,9,-7,-7,-7,435302,32150,3,3,4,5,1,1,1,1,1,1,1,4,5,5,5,5,5,5,5,5,3,2,5,1,2,2,0,1,1,0,0,1,1,0,NA,0,0,0,0,0,0,0,0,1,1,0,4,5,1,3,1,0,0,0,1,2,NA,2,-7,-7,1,-7,2,-7,-7,-7,1,6,5,1999,26,1,-7,5,2,1,3,3,8,-7,-7,-7,-7,6,1,1,-7,1,1,1,2,2,2,2,3,3,1,1,-7,1,1,1,1,0,1,0,0,0,0,bas25_00460,231.96750627,1,24510,Inner Harbor/Federal Hill,8,29,16:44:28,9,5,17:09:27,1,1,1,1,1,4,1,2,6,3
44,2,2,1,2,1,3,3,4,5,4,2,3,2,1,1,2,5,3,3,1,2,4,2,3,4,1,1,2,1,3,2,4,3,3,3,1,1,2,1,2,2,2,2,2,2,4,3,3,4,4,-7,3,3,3,3,3,3,3,1,1,1,2,2,1,2,1,1,7,1,0,0,0,0,0,0,1,0,0,0,0,1,1,0,0,0,0,0,1,1,0,0,0,-8,-8,-8,-8,-8,-8,0,1,1,0,0,1,0,0,0,1,1,0,0,0,1,0,0,1,0,4,-8,-8,-8,-8,-8,-8,-8,1,4,-7,-7,-7,-7,-7,-7,-7,5,-7,-7,-7,100000,20000,3,3,2,3,3,3,3,2,-7,2,2,1,1,1,1,1,1,1,1,1,1,2,1,1,1,4,0,0,0,1,0,0,0,0,NA,0,0,1,1,0,0,0,0,0,0,0,5,5,2,1,0,1,0,0,1,2,NA,1,1,-7,3,1,1,1,0,0,2,4,1,1961,64,2,-7,2,2,1,1,1,9,-7,-7,-7,-7,2,2,-7,2,7,2,1,2,2,2,2,3,1,1,1,-7,2,2,2,2,0,0,1,0,0,0,bas25_00461,625.60704905,1,24510,Penn North/Reservoir Hill,8,27,17:27:17,8,27,17:59:37,2,2,2,2,3,3,2,4,0,1
9,2,2,2,3,2,3,3,3,3,3,2,3,2,1,1,1,1,1,1,1,2,2,4,3,3,3,6,-7,3,3,3,3,-8,3,-8,-8,-8,-8,-8,-8,-8,-8,-8,2,3,4,3,-8,-8,-8,-7,4,3,3,3,3,3,3,1,4,1,2,1,1,2,1,1,2,0,0,0,0,0,0,0,0,0,0,0,1,0,0,0,0,0,0,0,1,1,0,0,0,-8,-8,-8,-8,-8,-8,0,0,0,1,1,1,0,1,0,1,0,0,1,1,0,1,0,0,0,3,0,0,0,0,1,1,0,1,2,-7,-7,-7,-7,-7,-7,-7,1,1,3,2,NA,NA,4,3,3,5,3,3,3,2,-7,2,2,2,2,3,3,3,2,2,1,3,1,3,3,2,1,2,0,0,0,0,0,0,0,0,NA,1,0,0,0,0,0,0,0,1,0,0,5,5,1,1,0,1,0,0,2,2,NA,2,-7,-7,1,-7,2,-7,-7,-7,2,6,5,1990,35,1,-7,4,2,1,1,1,1,3,-7,-7,-7,2,2,-7,1,6,2,2,2,2,2,2,4,2,1,1,-7,2,2,2,2,0,0,1,0,0,0,bas25_00466,1068.8538896,2,24005,-7,10,5,09:55:26,10,5,10:16:18,2,1,2,2,3,4,1,3,0,1
49,2,2,1,2,2,4,3,2,1,1,1,3,2,1,2,2,1,1,2,1,1,1,1,1,1,1,2,1,2,3,1,2,3,2,2,1,1,1,1,1,1,1,2,2,5,3,1,2,5,5,2,-7,3,3,3,3,3,3,1,1,1,2,2,3,3,1,1,1,1,1,1,1,1,0,1,1,0,1,0,0,1,1,1,1,1,0,1,1,1,1,0,0,0,0,0,0,1,0,0,0,0,0,1,0,0,1,0,1,0,0,0,1,0,0,0,0,0,1,1,0,0,0,0,0,0,3,-7,-7,-7,-7,-7,-7,-7,-7,1,3,3,4,35000,10000,3,3,2,4,2,2,3,2,-7,1,2,3,2,5,5,4,2,5,4,3,3,2,1,1,1,2,0,0,0,0,0,0,0,0,NA,1,-8,-8,-8,-8,-8,-8,-8,-8,-8,-8,5,5,2,3,0,0,1,0,1,2,NA,2,-7,-7,3,2,2,-7,-7,-7,2,5,3,1962,63,1,-7,2,2,1,1,1,8,-7,-7,-7,-7,8,1,5,-7,5,2,1,2,2,2,2,3,2,1,1,-7,1,1,1,1,0,1,0,0,0,0,bas25_00469,814.46968762,1,24510,Dorchester/Ashburton,9,2,18:28:24,9,2,19:25:39,1,2,1,1,2,3,1,4,0,1
19,4,2,3,3,3,3,2,4,2,3,5,5,5,4,4,5,3,5,5,3,4,4,4,5,3,5,6,-7,3,4,3,4,5,5,4,1,1,1,1,1,1,1,1,1,5,3,5,5,5,5,-7,5,2,2,2,2,1,2,2,5,2,3,3,2,3,2,2,1,1,0,0,0,1,0,1,1,0,1,0,0,1,0,0,1,1,1,1,1,1,1,1,0,0,1,0,1,0,0,0,0,1,1,1,1,1,0,0,1,1,0,0,0,0,0,0,0,1,5,-8,-8,-8,-8,-8,-8,-8,3,-7,-7,-7,-7,-7,-7,-7,-7,5,-7,-7,-7,200,20000,4,5,4,5,1,2,2,2,-7,2,1,4,5,5,5,5,5,4,3,4,3,4,3,1,1,4,0,0,0,1,1,1,0,0,NA,0,1,1,0,1,0,1,0,0,0,0,1,3,1,2,1,0,0,0,1,2,NA,2,-7,-7,2,1,1,1,0,0,2,3,1,1955,70,1,-7,2,2,1,1,1,7,-7,-7,-7,-7,4,1,4,-7,4,2,2,2,2,2,2,-8,2,1,1,-7,1,1,1,1,0,1,0,0,0,0,bas25_00480,1009.6845885,1,24510,The Waverlies,8,27,18:07:59,8,27,21:22:00,1,2,2,1,2,2,1,5,7,3
12,4,1,1,2,2,3,3,2,4,2,2,3,3,2,2,2,1,1,3,3,3,1,4,3,4,1,2,2,2,3,3,3,3,3,3,-8,-8,-8,-8,-8,-8,-8,-8,2,3,5,3,4,4,4,-7,4,3,3,3,3,3,3,1,1,1,1,3,1,3,1,2,1,0,0,0,0,0,0,0,0,0,1,0,0,0,0,0,0,0,0,0,0,1,0,0,0,-8,-8,-8,-8,-8,-8,-8,-8,-8,-8,-8,-8,-8,0,0,1,1,0,1,1,0,0,0,1,0,2,-8,-8,-8,-8,-8,-8,-8,1,4,-7,-7,-7,-7,-7,-7,-7,1,5,3,4,300000,70000,3,4,4,5,3,3,3,2,-7,2,2,2,1,1,1,2,1,1,1,1,1,2,1,1,2,1,-8,-8,-8,-8,-8,-8,-8,-8,NA,-8,0,1,0,0,1,0,0,0,0,0,5,3,2,1,1,0,0,0,1,2,NA,2,-7,-7,2,1,1,0,1,0,2,6,1,1981,44,1,-7,2,2,1,1,1,5,-7,-7,-7,-7,1,2,-7,2,7,2,1,2,2,2,2,4,2,1,1,-7,2,2,2,2,0,0,1,0,0,0,bas25_00503,341.11240851,1,24510,Hampden/Remington,8,28,14:32:18,8,28,14:46:13,2,2,2,2,3,4,1,3,0,1
11,2,2,1,2,2,4,3,2,4,3,4,4,4,2,3,3,3,1,1,1,1,1,4,3,4,1,2,2,2,2,2,4,3,2,3,1,1,1,1,1,2,1,2,2,3,2,1,2,2,2,-7,3,3,3,3,3,3,3,1,1,1,2,3,1,2,2,2,1,0,0,0,0,0,0,0,1,0,0,0,0,0,0,0,0,0,0,0,1,0,0,0,0,-8,-8,-8,-8,-8,-8,-8,-8,-8,-8,-8,-8,-8,1,0,1,0,0,1,0,0,0,0,0,0,1,0,0,1,0,1,0,0,1,3,-7,-7,-7,-7,-7,-7,-7,1,2,2,4,250000,30000,2,3,3,5,2,2,3,2,-7,2,2,3,2,1,2,4,1,5,2,1,2,2,3,1,1,1,0,1,0,0,0,0,0,0,NA,0,0,1,0,1,1,0,0,1,1,0,5,5,2,1,1,0,0,0,2,2,NA,2,-7,-7,2,2,2,-7,-7,-7,2,5,1,1978,47,1,-7,1,2,1,1,1,9,-7,-7,-7,-7,1,2,-7,3,8,2,2,2,2,2,2,4,2,1,1,-7,2,2,2,2,0,0,1,0,0,0,bas25_00505,1457.998189,2,24005,-7,9,24,05:41:39,9,24,05:59:32,1,2,2,2,4,3,1,3,0,1
22,2,3,2,2,3,3,2,2,2,1,3,3,3,1,3,2,3,3,3,3,2,4,2,3,1,3,2,4,2,3,3,3,3,3,-8,1,1,1,1,1,1,1,1,2,3,3,3,3,3,3,-7,2,3,3,3,3,3,3,1,1,1,1,3,1,2,1,1,1,1,1,0,1,1,0,1,0,0,0,0,0,1,1,0,1,1,0,1,1,1,0,0,0,-8,-8,-8,-8,-8,-8,-8,-8,-8,-8,-8,-8,-8,0,0,1,0,1,0,1,0,0,1,0,0,1,-8,-8,-8,-8,-8,-8,-8,2,-7,0,0,0,0,0,0,1,1,1,1,4,500000,10000,3,2,3,3,3,3,3,2,-7,2,2,2,1,1,1,1,1,1,1,1,1,1,2,1,1,1,0,0,0,0,0,0,0,0,NA,1,0,0,0,0,0,0,0,0,0,1,5,4,2,1,1,0,0,0,1,2,NA,2,-7,-7,6,2,2,-7,-7,-7,1,6,5,-8,-8,1,-7,2,2,1,1,1,9,-7,-7,-7,-7,1,1,1,-7,1,2,2,2,2,2,2,3,4,2,5,2,2,2,2,2,0,0,1,0,0,0,bas25_00517,600.78961045,1,24510,Brooklyn/Curtis Bay/Hawkins Point,8,28,17:16:56,8,28,17:30:06,1,1,2,2,1,4,1,-8,0,1
25,5,1,2,2,2,3,3,3,3,2,1,3,2,2,2,2,2,2,2,2,2,1,4,2,1,2,1,2,2,3,2,4,3,3,3,1,1,1,1,2,1,1,2,1,3,3,3,4,4,4,-7,4,3,3,3,3,3,3,1,1,1,2,1,1,2,2,1,2,0,1,0,0,1,0,0,1,1,0,0,0,0,0,0,0,1,0,0,1,1,0,0,0,0,0,0,0,0,1,0,0,0,0,1,1,0,0,0,1,1,0,0,0,0,0,1,1,0,2,-8,-8,-8,-8,-8,-8,-8,3,-7,-7,-7,-7,-7,-7,-7,-7,1,3,3,3,200000,50000,3,4,3,4,3,3,3,2,-7,2,2,2,1,1,2,2,1,1,1,1,1,2,1,2,1,2,0,0,0,0,0,0,0,0,NA,1,0,0,0,0,0,0,0,0,0,1,5,5,2,1,1,0,0,0,1,2,NA,2,-7,-7,1,-7,2,-7,-7,-7,2,7,3,1965,60,1,-7,2,2,1,1,1,1,2,-7,-7,-7,3,2,-7,1,6,2,2,2,2,2,2,5,3,1,1,-7,2,2,2,2,0,0,1,0,0,0,bas25_00523,222.97185605,2,24005,-7,8,27,17:32:00,8,27,18:17:02,2,2,2,2,3,4,1,4,0,1
0,4,2,2,3,2,3,3,5,4,3,3,3,3,2,2,1,1,1,1,1,1,2,3,4,3,1,2,3,3,3,4,4,3,1,3,1,1,1,1,1,1,2,2,1,3,2,1,3,3,3,5,-7,3,3,3,2,2,3,1,2,2,1,3,3,3,1,1,1,0,0,0,0,0,0,0,1,0,0,0,0,1,0,0,0,0,0,0,1,1,0,0,0,-8,-8,-8,-8,-8,-8,-8,-8,-8,-8,-8,-8,-8,1,0,0,1,0,0,0,0,0,1,0,0,1,-8,-8,-8,-8,-8,-8,-8,3,-7,-7,-7,-7,-7,-7,-7,-7,9,-7,-7,-7,200000,70 000,3,3,4,5,3,3,3,2,-7,2,2,2,2,2,1,2,2,1,2,4,1,5,4,2,1,1,0,0,0,0,0,0,0,0,NA,1,0,0,0,0,0,0,0,1,1,0,5,5,1,1,0,1,0,0,1,2,NA,-8,-7,-7,1,-7,2,-7,-7,-7,1,3,5,2000,25,2,-7,2,2,1,1,1,9,-7,-7,-7,-7,1,1,1,-7,1,2,1,2,2,1,2,4,2,1,1,-7,2,2,2,2,0,0,1,0,0,0,bas25_00527,876.38672103,1,24510,Greater Charles Village/Barclay,8,27,15:07:11,9,20,15:53:14,1,2,1,2,1,2,2,2,2,2
2,3,2,2,3,2,3,3,2,5,3,2,3,1,1,1,2,1,1,1,1,1,2,2,2,3,1,5,5,2,3,3,4,3,4,5,1,1,1,1,2,1,2,1,2,4,5,4,5,5,5,-7,3,3,3,3,3,3,3,1,1,1,1,1,1,1,1,1,2,0,0,0,0,0,0,0,0,0,0,0,1,0,0,0,0,0,0,0,0,0,0,0,1,-8,-8,-8,-8,-8,-8,-8,-8,-8,-8,-8,-8,-8,0,0,1,1,0,0,0,0,0,0,0,1,2,-8,-8,-8,-8,-8,-8,-8,1,4,-7,-7,-7,-7,-7,-7,-7,1,1,5,3,600000,50000,4,2,2,4,3,3,3,2,-7,2,2,1,1,1,1,1,1,3,3,1,1,1,3,2,1,3,0,0,0,0,0,0,0,0,NA,1,0,0,0,0,0,0,0,0,0,1,5,5,2,1,1,0,0,0,1,2,NA,2,-7,-7,2,1,1,3,0,1,2,6,1,1988,37,2,-7,2,2,1,1,1,2,-7,-7,-7,-7,3,2,-7,6,11,2,2,2,2,2,2,3,3,1,1,-7,2,2,2,2,0,0,1,0,0,0,bas25_00528,683.25419086,1,24510,Greater Roland Park/Poplar Hill,10,2,08:23:59,10,2,08:41:50,1,1,2,2,4,4,2,3,0,1
5,3,2,2,2,2,3,2,3,2,4,2,4,3,2,2,4,1,2,2,2,1,2,3,2,2,2,2,2,2,3,3,3,3,3,3,2,2,2,1,2,1,1,2,1,4,2,3,3,4,4,-7,4,3,3,3,3,3,3,1,3,1,2,2,1,2,2,1,5,1,0,0,0,1,0,1,0,0,0,0,0,0,0,0,0,1,0,0,0,1,0,0,0,0,1,1,0,0,1,0,0,0,1,1,1,0,1,0,1,0,0,1,1,1,1,1,1,0,2,-8,-8,-8,-8,-8,-8,-8,1,2,-7,-7,-7,-7,-7,-7,-7,2,5,2,4,NA,NA,4,4,3,4,3,3,3,2,-7,2,2,3,1,1,2,4,1,3,2,3,1,3,3,1,1,4,0,0,0,1,0,0,0,0,NA,0,0,0,0,0,0,0,0,1,1,0,4,5,2,1,1,0,0,0,1,2,NA,2,-7,-7,4,2,2,-7,-7,-7,2,7,1,1967,58,1,-7,2,2,1,1,1,1,6,-7,-7,-7,7,-8,-7,-7,-6,2,2,2,2,2,2,3,1,1,1,-7,2,2,2,2,0,0,1,0,0,0,bas25_00554,739.99871346,2,24005,-7,8,30,13:27:59,8,30,13:48:48,1,1,2,2,-6,4,1,4,0,1
2,3,1,2,2,2,3,3,2,3,3,1,3,2,1,1,1,1,1,1,1,1,1,3,3,3,1,6,-7,2,3,3,3,3,3,3,1,1,1,1,1,1,1,1,1,3,3,3,3,3,-8,-7,4,3,3,3,3,3,3,1,1,1,3,3,1,2,3,1,1,1,1,0,1,1,1,1,1,1,1,0,0,1,1,0,1,1,1,1,1,1,1,0,0,1,1,1,1,1,1,1,1,1,1,1,1,1,0,0,1,1,0,0,0,0,0,0,0,1,1,0,0,0,0,1,0,0,3,-7,-7,-7,-7,-7,-7,-7,-7,1,4,3,2,1000000000,15000,3,3,3,3,3,3,3,2,-7,2,2,2,1,1,1,1,1,1,1,1,1,1,1,1,1,1,0,0,0,0,0,0,0,0,NA,1,0,0,0,0,0,0,0,0,0,1,3,3,2,1,1,0,0,0,2,2,NA,2,-7,-7,1,-7,2,-7,-7,-7,2,7,5,1976,49,2,-7,3,2,1,1,1,8,-7,-7,-7,-7,8,2,-7,3,8,2,2,2,2,2,2,3,2,1,1,-7,1,1,1,1,0,1,0,0,0,0,bas25_00557,459.76508663,2,24005,-7,9,2,16:30:53,9,2,17:04:42,2,1,2,1,4,4,2,3,0,1
10,4,1,2,2,2,3,3,2,2,3,3,3,2,1,1,2,2,3,2,3,3,2,3,2,2,2,3,2,3,3,2,3,4,3,2,1,1,1,1,1,1,1,1,2,3,4,4,3,4,5,2,-7,3,2,2,2,2,2,2,3,2,3,2,2,3,1,3,1,0,0,0,1,0,0,0,0,0,0,0,0,0,0,0,0,0,0,1,0,0,0,0,0,0,0,0,0,1,0,0,0,0,1,0,0,0,0,0,0,1,0,0,1,0,0,0,0,0,4,0,0,0,0,1,0,0,3,-7,-7,-7,-7,-7,-7,-7,-7,1,2,2,3,100000,20000,2,1,2,3,2,2,2,2,-7,1,2,2,3,4,4,4,-8,3,3,3,2,2,2,2,2,2,0,0,1,0,1,0,0,0,NA,0,0,0,0,0,0,0,0,0,0,1,2,5,1,3,0,0,1,0,2,2,NA,2,-7,-7,2,1,-8,-7,-7,-7,2,6,-8,1969,56,1,-7,2,2,1,1,1,1,6,-7,-7,-7,8,1,4,-7,4,2,2,1,2,2,2,4,2,1,1,-7,1,1,1,1,0,1,0,0,0,0,bas25_00571,1620.3992689,2,24005,-7,9,1,11:41:03,9,1,12:04:45,1,1,1,1,2,4,1,4,5,2
34,3,1,2,2,2,4,4,3,2,3,1,3,2,1,2,2,1,1,2,1,1,1,1,1,1,1,1,1,2,2,2,3,3,2,3,2,2,1,1,2,1,2,-8,1,3,2,2,3,2,3,-7,3,3,3,3,3,3,3,1,1,1,2,1,1,1,1,1,1,1,1,1,1,1,0,0,1,0,1,0,0,1,1,0,1,1,0,0,1,1,0,0,0,-8,-8,-8,-8,-8,-8,0,0,0,0,0,1,0,0,0,1,1,0,1,0,0,0,0,1,0,1,-8,-8,-8,-8,-8,-8,-8,1,2,-7,-7,-7,-7,-7,-7,-7,5,-7,-7,-7,200000,20000,3,4,3,5,3,3,3,2,-7,2,2,1,1,1,1,1,1,1,1,1,1,2,1,1,1,1,-8,-8,-8,-8,-8,-8,-8,-8,NA,-8,0,0,0,0,0,0,0,0,0,1,5,5,2,1,1,0,0,0,1,2,NA,2,-7,-7,2,2,1,1,0,0,2,7,1,1948,77,2,-7,2,2,1,1,1,2,-7,-7,-7,-7,8,2,-7,6,11,2,2,2,2,2,2,4,2,1,1,-7,2,2,2,2,0,0,1,0,0,0,bas25_00582,550.75925628,2,24005,-7,10,5,19:07:07,10,5,19:26:03,2,1,2,2,4,4,2,5,0,1
1,2,2,3,3,3,3,2,2,3,1,2,3,2,2,2,2,2,2,3,3,2,4,2,3,3,2,6,-7,1,2,2,2,3,3,4,1,1,1,1,1,1,1,1,2,3,3,3,3,3,3,-7,2,3,3,2,1,1,2,2,1,2,1,2,2,5,5,4,1,0,1,1,1,0,0,0,0,0,0,0,0,0,0,0,0,0,0,1,0,0,0,0,0,-8,-8,-8,-8,-8,-8,-8,-8,-8,-8,-8,-8,-8,1,0,0,0,0,0,0,0,1,0,0,0,2,1,0,0,0,0,0,0,1,1,-7,-7,-7,-7,-7,-7,-7,6,-7,-7,-7,100000,30000,3,3,2,3,2,2,2,2,-7,2,2,3,3,3,3,3,3,2,3,1,1,3,2,2,2,1,0,1,0,0,0,0,0,0,NA,0,0,0,0,0,0,0,0,0,0,1,5,4,1,1,0,1,0,0,1,5,NA,2,-7,-7,3,2,2,-7,-7,-7,2,7,5,2000,25,1,-7,2,2,3,3,3,9,-7,-7,-7,-7,1,1,1,-7,1,2,2,1,2,2,2,4,4,3,5,2,3,4,3,4,0,0,0,0,1,0,bas25_00601,260.6738278,1,24510,Greater Charles Village/Barclay,9,16,17:17:05,9,16,17:37:41,2,2,2,3,1,4,1,2,6,3
13,5,3,2,3,3,3,3,4,3,4,3,3,3,2,2,3,2,1,3,3,2,2,3,3,3,2,4,4,2,3,2,4,3,2,3,1,1,1,1,2,1,2,2,2,3,2,2,4,4,4,-7,2,3,3,3,3,3,3,1,1,1,3,2,2,3,2,2,1,0,0,0,0,1,0,0,1,0,0,0,0,0,0,0,0,0,0,0,1,0,0,0,0,0,0,0,1,1,0,0,0,0,0,1,1,1,0,0,1,1,0,0,0,0,0,0,0,1,4,0,0,0,0,1,0,0,1,2,-7,-7,-7,-7,-7,-7,-7,1,1,3,3,1000000,20000,3,3,3,4,3,3,3,2,-7,2,2,2,2,2,2,2,1,1,1,2,1,3,3,1,1,1,0,0,0,1,0,0,0,0,NA,0,0,1,0,0,0,0,0,0,1,0,4,5,2,1,1,0,0,0,1,2,NA,2,-7,-7,1,-7,2,-7,-7,-7,2,4,3,1958,67,2,-7,2,2,1,1,1,9,-7,-7,-7,-7,1,1,5,-7,5,2,2,2,2,2,2,3,3,1,1,-7,2,2,2,2,0,0,1,0,0,0,bas25_00603,811.79779633,2,24005,-7,8,30,14:30:01,8,31,06:24:08,2,1,2,2,2,3,2,5,0,1
9,5,1,1,2,2,2,3,3,3,3,2,2,2,2,1,1,1,1,2,1,2,1,1,2,3,1,2,2,2,4,4,3,2,3,3,2,1,1,1,2,1,2,1,1,5,5,2,5,4,5,3,-7,3,3,3,3,3,3,2,5,2,1,2,1,1,1,1,1,1,0,0,0,0,0,0,0,0,0,0,0,1,0,0,0,0,0,1,0,0,0,0,0,-8,-8,-8,-8,-8,-8,0,1,0,0,1,1,0,0,0,1,1,0,1,1,0,0,0,1,0,1,-8,-8,-8,-8,-8,-8,-8,1,1,-7,-7,-7,-7,-7,-7,-7,8,-7,-7,-7,80000,30000,4,4,4,5,1,2,3,2,-7,2,2,4,3,5,5,4,2,5,5,4,3,5,4,1,1,1,0,0,0,0,0,0,0,0,NA,1,1,0,0,0,0,0,0,0,1,0,3,5,3,1,1,0,0,0,1,3,My mother pays for cable for me,2,-7,-7,1,-7,2,-7,-7,-7,1,3,5,1979,46,2,-7,2,2,1,1,1,9,-7,-7,-7,-7,1,1,1,-7,1,1,1,2,2,2,2,4,4,2,5,1,2,2,2,2,0,0,1,0,0,0,bas25_00616,469.4647738,1,24510,Pimlico/Arlington/Hilltop,10,18,10:16:26,10,18,10:42:12,2,2,1,2,1,2,2,3,0,1
4,3,5,3,3,3,3,2,3,5,3,3,3,4,1,1,1,1,1,1,1,1,1,1,1,3,1,1,1,2,4,4,4,5,2,3,1,1,1,1,1,1,1,1,2,5,4,1,3,4,4,4,-7,3,3,3,3,3,3,1,1,2,1,2,3,2,1,1,1,0,0,0,0,0,0,0,0,0,0,0,1,0,0,0,0,0,0,0,0,0,1,0,0,0,0,0,1,0,0,0,0,1,0,0,0,0,1,0,1,0,0,0,0,0,0,0,0,1,1,1,0,0,0,0,0,0,2,-7,0,0,0,0,1,0,0,4,-7,-7,-7,190,5,3,3,3,3,2,1,2,1,2,1,1,4,1,2,2,1,1,1,2,3,1,5,5,1,1,2,0,0,0,0,0,0,0,0,NA,1,0,0,0,1,0,0,0,1,1,0,4,4,3,1,0,0,0,1,1,5,NA,2,-7,-7,5,1,2,-7,-7,-7,1,3,5,1994,31,2,-7,3,2,1,1,1,9,-7,-7,-7,-7,1,1,4,-7,4,1,1,1,1,1,2,3,4,3,5,2,1,1,1,1,0,1,0,0,0,0,bas25_00641,3494.8096081,1,24510,Howard Park/West Arlington,8,28,19:26:07,8,28,20:11:56,1,1,1,1,2,2,2,2,0,1
26,4,1,2,3,2,3,3,2,3,3,1,3,2,1,1,2,1,1,1,1,1,2,2,3,3,2,2,2,2,2,2,3,2,-8,-8,1,1,1,1,2,1,1,2,2,2,2,1,-8,-8,-8,3,-7,3,3,3,3,3,3,1,1,1,1,1,1,3,1,1,1,1,1,1,0,1,0,0,0,0,0,0,0,1,1,1,0,1,0,0,1,0,0,0,0,-8,-8,-8,-8,-8,-8,-8,-8,-8,-8,-8,-8,-8,0,0,1,1,0,0,0,0,0,0,1,0,1,-8,-8,-8,-8,-8,-8,-8,1,4,-7,-7,-7,-7,-7,-7,-7,1,2,4,4,100000,40000,3,4,3,4,3,3,3,2,-7,2,2,1,1,1,1,1,1,1,1,1,1,2,-8,1,1,1,0,0,0,0,0,0,0,0,NA,1,0,0,0,0,0,0,0,0,0,1,5,5,2,1,1,0,0,0,2,2,NA,2,-7,-7,1,-7,2,-7,-7,-7,2,7,5,1961,64,1,-7,2,2,1,1,1,-8,-6,-7,-7,-7,3,2,-7,-8,-6,2,2,2,2,2,2,4,2,1,1,-7,2,2,2,2,0,0,1,0,0,0,bas25_00648,233.56697248,2,24005,-7,9,7,12:28:27,9,7,12:50:42,1,1,1,2,-6,4,1,4,0,1
2,2,2,2,3,2,3,3,3,4,2,4,3,3,2,3,2,1,2,3,3,4,1,3,2,4,1,5,4,2,2,2,4,3,3,3,1,1,1,1,1,2,2,2,2,3,3,1,4,3,3,-7,4,2,2,2,2,2,3,1,4,1,2,2,2,3,2,5,2,0,0,0,0,0,0,0,1,0,0,0,0,1,1,0,1,0,0,0,1,0,0,0,0,-8,-8,-8,-8,-8,-8,0,0,0,0,1,1,0,0,0,1,1,0,0,0,1,0,1,1,0,4,0,1,0,0,0,0,0,3,-7,-7,-7,-7,-7,-7,-7,-7,6,-7,-7,-7,150000,40000,3,3,2,3,2,2,2,2,-7,2,1,3,2,2,2,3,2,2,2,1,2,3,4,2,2,1,0,0,0,0,0,0,0,0,NA,1,0,0,0,0,0,0,0,0,1,0,5,5,1,1,1,0,0,0,2,2,NA,2,-7,-7,2,1,2,-7,-7,-7,2,6,5,2002,23,1,-7,3,2,1,1,1,9,-7,-7,-7,-7,1,1,2,-7,2,2,2,2,2,2,2,5,4,1,1,-7,2,2,2,2,0,0,1,0,0,0,bas25_00653,3484.1371903,2,24005,-7,9,10,19:38:08,9,10,20:21:03,2,1,2,2,1,4,1,1,5,2
25,2,4,4,4,4,2,4,5,4,5,5,5,5,5,5,5,3,3,4,3,4,5,3,4,4,3,4,2,4,4,4,4,5,3,4,2,1,2,1,1,1,1,1,2,5,5,5,5,5,5,4,-7,3,3,3,3,3,3,1,3,1,5,1,1,4,2,1,1,1,0,0,0,1,0,0,0,0,0,0,0,1,1,0,1,0,0,0,0,0,0,0,0,0,1,1,0,0,1,0,0,1,1,1,1,1,1,0,0,1,0,1,1,1,0,1,1,0,5,1,0,0,1,0,0,0,3,-7,-7,-7,-7,-7,-7,-7,-7,5,-7,-7,-7,100,1500,4,5,4,5,1,2,2,2,-7,2,2,3,5,5,5,5,3,3,2,1,2,4,4,1,1,4,0,1,1,0,1,0,0,0,NA,0,1,1,1,0,0,0,0,0,1,0,1,3,2,1,1,0,0,0,1,2,NA,2,-7,-7,1,-7,1,0,0,1,1,5,5,1958,67,1,-7,2,2,1,1,1,9,-7,-7,-7,-7,4,1,2,-7,2,1,1,2,1,2,2,-8,4,1,1,-7,1,1,1,1,0,1,0,0,0,0,bas25_00669,247.08205481,1,24510,Belair-Edison,9,8,10:26:11,9,8,11:12:55,2,1,1,1,1,3,1,5,0,1
7,2,1,2,2,2,3,2,3,4,3,1,2,3,1,1,2,5,5,2,5,2,5,4,5,4,5,5,5,4,4,4,4,3,4,4,2,2,2,2,2,2,2,2,2,3,4,5,5,5,5,5,-7,2,1,2,1,1,2,2,4,2,5,1,2,5,5,5,6,1,0,0,0,0,0,0,0,0,0,0,0,1,1,0,1,1,0,1,1,1,0,0,0,1,1,1,1,0,1,0,1,1,1,1,1,1,0,1,1,0,0,0,1,0,1,1,1,0,5,1,1,0,0,1,0,0,3,-7,-7,-7,-7,-7,-7,-7,-7,6,-7,-7,-7,100000,40000,4,4,4,5,1,1,1,1,1,1,1,3,5,5,5,4,4,5,4,3,1,3,3,1,1,3,0,1,0,1,0,1,1,0,NA,0,0,0,0,0,0,0,0,0,0,1,1,1,2,1,1,1,1,0,1,2,NA,2,-7,-7,3,1,1,0,2,2,1,5,1,2005,20,1,-7,3,2,1,1,1,2,-7,-7,-7,-7,1,1,2,-7,2,1,1,2,2,1,2,3,2,2,5,1,1,1,1,1,0,1,0,0,0,0,bas25_00676,4644.1243571,2,24005,-7,9,11,14:39:33,9,11,15:26:30,2,1,1,1,1,3,1,1,9,3
5,3,2,2,2,2,3,3,2,4,3,3,3,3,3,3,3,1,1,2,1,2,2,1,2,3,2,3,3,2,3,3,3,5,2,3,1,1,1,1,1,1,1,1,2,1,5,5,5,5,5,5,-7,2,2,2,2,2,2,1,3,2,3,2,3,3,3,1,1,1,0,0,1,1,0,0,0,1,1,0,0,1,0,0,0,1,0,0,0,0,0,0,0,0,0,0,1,0,0,0,0,0,0,0,1,0,1,0,0,1,0,0,0,0,0,0,0,1,1,0,0,0,0,0,1,0,3,-7,-7,-7,-7,-7,-7,-7,-7,2,3,4,4,50000,10000,2,3,3,3,2,2,2,1,3,2,2,1,5,5,5,5,5,4,3,2,2,2,2,1,1,1,0,0,0,0,0,0,0,0,NA,1,0,0,0,0,0,0,0,0,0,1,3,5,1,2,1,0,0,0,2,2,NA,2,-7,-7,1,-7,1,0,0,1,1,3,2,1959,66,1,-7,2,2,1,1,1,8,-7,-7,-7,-7,2,1,1,-7,1,2,1,2,1,2,2,3,2,1,4,2,1,1,1,1,0,1,0,0,0,0,bas25_00696,657.53208361,1,24510,Hamilton Hills,9,16,10:44:39,9,16,11:39:58,1,1,1,1,1,2,1,5,6,3
16,6,4,2,3,3,3,3,5,5,3,5,5,4,3,3,5,1,1,5,-8,4,1,1,1,-8,1,1,1,2,3,4,2,3,2,-8,2,1,1,1,2,1,2,2,2,5,2,1,5,-8,4,3,-7,3,3,3,3,3,3,-8,1,1,2,2,3,3,2,1,1,0,0,0,0,0,0,0,1,0,0,0,0,0,0,0,0,0,0,0,1,0,0,0,0,0,0,0,1,0,0,0,0,0,0,1,0,0,0,0,1,1,0,0,0,0,0,0,0,1,4,0,0,1,0,0,0,0,3,-7,-7,-7,-7,-7,-7,-7,-7,5,-7,-7,-7,600000,63000,4,5,4,2,3,3,3,2,-7,2,2,3,2,1,2,2,3,3,2,3,1,3,2,1,1,1,0,0,1,0,1,0,0,0,NA,0,0,1,0,1,0,0,1,0,1,0,3,5,2,1,1,0,0,0,1,2,NA,-8,-7,-7,-8,-7,2,-7,-7,-7,2,4,-8,-8,-8,-8,-6,-8,-8,1,1,1,2,-7,-7,-7,-7,4,1,5,-7,5,2,2,2,2,2,2,-8,-8,1,1,-7,-6,-6,-6,-6,-8,-8,-8,-8,-8,-8,bas25_00700,1536.9169926,2,24005,-7,9,3,07:08:06,9,3,07:36:04,2,1,1,-6,2,3,-8,-8,0,1
9,6,1,2,2,2,4,3,3,2,1,2,1,2,1,1,1,1,1,1,1,1,1,1,1,1,1,1,1,4,3,1,3,2,1,1,1,1,1,1,1,1,-8,1,2,5,3,1,3,3,3,4,-7,3,3,3,3,3,3,1,1,1,3,2,2,2,1,1,1,1,1,1,1,1,0,1,1,1,0,0,0,1,1,1,1,0,0,1,0,1,0,0,0,-8,-8,-8,-8,-8,-8,0,0,0,0,1,1,1,0,0,1,1,0,1,1,1,1,1,1,0,5,-8,-8,-8,-8,-8,-8,-8,1,3,-7,-7,-7,-7,-7,-7,-7,7,-7,-7,-7,10.00.000,O,3,3,3,4,1,1,3,2,-7,2,2,3,5,4,4,4,4,1,1,1,2,4,3,1,1,4,0,0,1,1,1,0,0,1,Weezzing,0,0,0,0,1,1,0,1,0,0,0,3,3,1,1,1,0,0,0,1,2,NA,2,-7,-7,2,1,-8,-7,-7,-7,1,2,3,1961,64,1,-7,2,2,1,1,1,8,-7,-7,-7,-7,6,1,1,-7,1,1,1,1,1,1,2,2,4,1,1,-7,3,4,3,4,0,0,0,0,1,0,bas25_00703,284.30991722,1,24510,Allendale/Irvington/S. Hilton,9,10,10:29:53,9,10,11:28:50,1,2,1,3,1,1,1,4,0,1
0,3,2,2,4,3,3,3,5,4,3,2,3,3,2,3,1,2,1,5,-8,-8,4,5,3,3,3,5,2,3,4,4,4,3,4,4,1,1,1,1,2,1,2,2,2,5,5,-8,5,5,5,-7,-8,2,2,2,3,2,3,1,1,1,4,3,3,5,-8,1,1,-8,-8,-8,-8,-8,-8,-8,-8,-8,-8,-8,-8,0,0,0,1,0,0,0,0,1,0,0,0,-8,-8,-8,-8,-8,-8,0,1,1,1,1,0,1,0,0,1,1,0,1,1,0,0,0,1,0,5,-8,-8,-8,-8,-8,-8,-8,1,4,-7,-7,-7,-7,-7,-7,-7,1,2,5,1,250000,50000,4,5,4,5,3,3,3,2,-7,2,2,2,1,2,1,3,3,2,2,1,1,3,5,1,1,3,0,0,0,1,0,0,0,0,NA,0,0,0,0,0,0,0,0,1,1,0,4,4,1,1,1,0,0,0,2,2,NA,2,-7,-7,1,-7,2,-7,-7,-7,2,6,5,1996,29,1,-7,1,2,1,1,1,4,-7,-7,2,-7,6,1,4,-7,4,2,2,2,2,2,2,4,2,1,1,-7,2,2,2,2,0,0,1,0,0,0,bas25_00706,237.04269425,1,24510,Midtown,9,7,12:31:38,9,7,12:58:32,1,2,2,2,2,4,1,2,4,2
36,1,1,1,1,1,4,4,1,2,1,2,3,2,2,2,4,1,1,2,1,1,1,1,1,1,1,2,2,1,2,2,2,3,2,2,2,1,2,2,2,2,2,2,2,5,3,1,4,3,4,4,-7,3,3,3,3,3,3,1,2,1,5,1,3,1,1,1,2,0,0,0,0,0,0,1,0,0,0,0,0,0,0,0,0,1,0,1,0,0,1,0,0,0,1,0,0,0,0,0,0,0,1,1,0,0,0,0,1,1,0,0,0,0,0,0,0,1,2,-8,-8,-8,-8,-8,-8,-8,2,-7,0,0,1,0,0,0,0,1,3,4,2,100000,"50,00",3,4,2,4,3,3,3,2,-7,2,2,1,2,1,2,2,2,1,1,3,1,3,3,1,1,2,0,1,0,0,0,0,0,0,NA,0,0,0,0,0,0,0,0,0,0,1,4,5,2,1,1,0,0,0,1,2,NA,2,-7,-7,1,-7,2,-7,-7,-7,2,7,2,1956,69,1,-7,2,2,1,1,3,4,-7,-7,1,-7,8,2,-7,3,8,2,1,2,1,2,2,2,2,1,1,-7,2,2,2,2,0,0,1,0,0,0,bas25_00707,95.793731537,1,24510,Cross-Country/Cheswolde,9,4,20:41:07,9,4,21:07:30,1,2,1,2,4,4,1,5,0,1
32,2,2,-8,3,-8,3,-8,3,3,3,1,2,-8,1,2,1,2,-8,-8,-8,1,2,2,5,3,3,2,3,2,4,2,4,3,3,4,1,1,1,1,1,1,1,1,2,3,2,-8,4,-8,4,3,-7,3,3,3,3,3,3,1,1,1,2,2,3,3,1,1,1,1,0,0,1,1,0,0,1,1,0,0,0,1,0,0,1,1,1,0,1,1,0,0,0,-8,-8,-8,-8,-8,-8,0,0,0,1,1,1,1,1,0,1,0,0,0,1,0,0,1,1,0,1,-8,-8,-8,-8,-8,-8,-8,1,3,-7,-7,-7,-7,-7,-7,-7,5,-7,-7,-7,500000,40000,3,5,3,5,3,3,3,2,-7,2,2,3,3,1,1,1,-8,1,1,1,1,2,3,1,1,1,0,0,0,0,0,0,0,0,NA,1,1,1,0,0,1,0,0,0,0,0,5,5,2,1,1,0,0,0,1,2,NA,2,-7,-7,2,2,2,-7,-7,-7,1,6,3,1941,84,1,-7,2,2,1,1,-8,1,3,-7,-7,-7,8,1,4,-7,4,1,1,2,2,1,2,-8,-8,1,-8,-7,1,1,1,1,0,1,0,0,0,0,bas25_00715,1404.0643809,2,24005,-7,8,27,20:28:32,8,27,21:24:31,2,1,1,1,2,4,1,5,0,1
20,4,2,1,1,1,3,4,1,5,4,5,5,3,3,5,5,1,2,2,1,3,4,2,5,5,2,2,2,3,4,3,3,4,3,4,1,1,1,1,1,2,1,2,1,5,5,4,5,5,5,-7,3,3,3,3,3,3,3,2,5,1,3,1,1,3,1,1,4,1,1,0,0,1,0,0,0,0,0,0,0,0,0,0,0,0,0,0,0,0,0,0,1,-8,-8,-8,-8,-8,-8,-8,-8,-8,-8,-8,-8,-8,0,0,1,1,0,0,0,0,0,0,0,1,1,-8,-8,-8,-8,-8,-8,-8,1,4,-7,-7,-7,-7,-7,-7,-7,1,1,2,2,2000000,40000,3,3,2,2,3,3,2,2,-7,2,2,3,3,3,3,4,4,3,2,2,1,4,4,1,1,1,0,0,0,0,0,0,0,0,NA,1,0,0,0,0,0,0,1,1,0,0,5,5,1,1,1,0,0,0,1,2,NA,2,-7,-7,1,-7,2,-7,-7,-7,2,7,3,1971,54,2,-7,2,2,1,1,1,4,-7,-7,1,-7,9,1,4,-7,4,2,2,2,2,2,2,1,3,1,3,-7,2,2,2,2,0,0,1,0,0,0,bas25_00741,212.80243808,1,24510,Glen-Fallstaff,9,7,16:22:23,9,7,16:50:36,2,2,2,2,2,4,2,4,0,1
25,5,1,1,1,2,3,3,2,3,3,2,2,3,3,3,1,1,1,1,1,1,1,3,1,2,1,3,3,2,3,-8,3,2,1,1,1,1,1,1,1,1,1,1,1,3,2,1,5,5,4,4,-7,3,3,3,3,3,3,1,1,1,1,2,3,2,2,1,1,1,0,0,0,0,0,0,0,0,0,0,0,1,0,0,0,0,0,0,0,0,0,0,0,-8,-8,-8,-8,-8,-8,-8,-8,-8,-8,-8,-8,-8,0,0,1,1,0,0,0,0,0,0,0,1,2,-8,-8,-8,-8,-8,-8,-8,1,3,-7,-7,-7,-7,-7,-7,-7,5,-7,-7,-7,500000,60000,3,5,3,5,3,3,3,2,-7,2,2,3,1,1,4,4,1,1,1,1,1,4,4,1,1,1,0,0,0,0,0,0,0,0,NA,1,0,0,0,0,0,0,0,0,0,1,4,5,2,1,1,0,0,0,2,2,NA,2,-7,-7,1,-7,2,-7,-7,-7,2,4,1,1940,85,2,-7,2,2,1,1,1,1,2,-7,-7,-7,8,1,4,-7,4,2,1,2,1,2,2,3,2,1,1,-7,1,1,1,1,0,1,0,0,0,0,bas25_00751,918.15848837,2,24005,-7,9,10,17:25:58,9,10,17:58:15,2,2,1,1,2,3,2,5,0,1
3,3,1,2,2,2,4,3,1,2,2,1,1,1,1,1,2,1,1,2,2,1,1,2,1,1,1,1,1,2,2,2,3,3,2,3,2,2,2,2,1,2,2,2,1,3,2,2,3,3,3,-7,3,3,3,1,3,3,3,1,1,1,2,3,3,2,1,1,1,1,0,1,1,1,0,1,0,1,0,0,0,1,1,1,1,1,0,1,0,1,1,0,0,-8,-8,-8,-8,-8,-8,-8,-8,-8,-8,-8,-8,-8,0,0,1,1,0,0,0,0,0,0,0,1,2,-8,-8,-8,-8,-8,-8,-8,3,-7,-7,-7,-7,-7,-7,-7,-7,5,-7,-7,-7,150000,50000,3,4,3,4,3,3,3,2,-7,2,2,1,1,1,1,2,1,1,1,1,1,3,2,1,1,1,0,0,0,0,0,0,0,0,NA,1,1,0,0,1,1,0,0,0,0,0,5,5,3,1,1,0,0,0,2,2,NA,2,-7,-7,2,2,2,-7,-7,-7,2,7,1,1946,79,2,-7,2,2,1,1,1,2,-7,-7,-7,-7,8,2,-7,4,9,2,2,2,2,2,2,4,2,1,1,-7,2,2,2,2,0,0,1,0,0,0,bas25_00752,550.75925628,2,24005,-7,8,28,08:02:34,8,28,08:44:46,2,2,2,2,4,4,2,5,2,2
10,5,4,2,3,3,3,2,3,4,3,4,3,4,2,1,5,4,3,4,3,5,4,4,2,3,2,5,5,2,4,4,4,4,3,4,1,1,2,1,2,2,2,2,2,5,5,4,5,4,5,-7,5,2,2,2,1,2,3,2,4,2,4,1,2,3,2,1,1,0,0,0,0,0,0,0,0,0,0,0,1,1,0,0,1,1,0,0,1,1,0,0,0,0,0,0,0,1,1,1,0,1,0,1,1,0,0,0,1,0,1,1,1,1,0,0,0,0,4,0,0,0,1,1,0,0,1,2,-7,-7,-7,-7,-7,-7,-7,8,-7,-7,-7,400-500k,Below 50k,4,5,4,5,2,2,2,2,-7,1,1,2,5,5,5,5,5,4,5,4,3,4,3,1,1,1,0,0,0,0,0,0,0,0,NA,1,0,0,0,0,0,0,0,0,1,0,3,4,1,3,0,1,0,0,2,2,NA,2,-7,-7,2,1,2,-7,-7,-7,1,4,5,1965,60,1,-7,2,2,1,1,1,1,1,-7,-7,-7,2,1,2,-7,2,1,1,1,1,1,2,3,2,1,4,1,1,1,1,1,0,1,0,0,0,0,bas25_00778,504.36028943,1,24510,Cherry Hill,8,29,15:57:40,8,29,16:35:47,1,2,2,1,1,3,1,4,6,3
13,2,2,2,3,2,3,3,4,5,3,4,3,3,2,4,1,1,1,1,1,1,1,1,3,4,1,1,2,1,3,3,4,3,3,3,1,1,1,1,1,1,1,2,2,4,3,3,3,3,3,3,-7,3,3,3,3,3,3,1,2,1,3,1,1,-8,1,1,2,1,0,0,1,1,0,0,0,1,0,0,0,1,0,0,1,1,0,0,0,1,0,0,0,-8,-8,-8,-8,-8,-8,0,0,1,0,1,0,0,0,0,1,1,0,1,0,0,0,0,0,0,2,-8,-8,-8,-8,-8,-8,-8,1,2,-7,-7,-7,-7,-7,-7,-7,1,2,5,2,200000,50000,3,4,2,4,3,3,3,2,-7,2,2,1,1,1,1,1,1,1,1,1,1,2,1,1,1,2,0,1,0,1,0,1,0,1,this was unusual cool weather,0,1,0,0,0,0,0,0,1,0,0,1,1,2,1,1,1,0,0,1,2,NA,2,-7,-7,1,-7,2,-7,-7,-7,2,7,2,1960,65,1,-7,2,2,1,1,1,2,-7,-7,-7,-7,3,2,-7,6,11,2,2,2,2,2,2,4,2,1,1,-7,2,2,2,2,0,0,1,0,0,0,bas25_00784,92.119639139,1,24510,North Baltimore/Guilford/Homeland,9,1,14:53:48,9,1,15:35:51,2,2,1,2,4,4,1,5,0,1
29,3,3,4,4,3,3,3,5,5,4,1,2,2,1,2,1,1,1,2,1,1,2,3,2,2,1,1,2,3,4,4,4,4,4,4,1,1,1,1,1,1,1,1,1,5,5,2,4,5,5,-7,5,3,3,3,3,3,3,1,1,1,3,1,3,2,1,1,1,1,0,0,0,0,0,0,0,0,0,0,0,1,0,0,0,0,0,0,0,0,0,0,0,-8,-8,-8,-8,-8,-8,-8,-8,-8,-8,-8,-8,-8,-8,-8,-8,-8,-8,0,0,0,0,0,0,1,1,-8,-8,-8,-8,-8,-8,-8,3,-7,-7,-7,-7,-7,-7,-7,-7,8,-7,-7,-7,1.5 millio,150,4,5,3,3,2,2,2,2,-7,2,2,3,2,2,2,3,1,1,1,1,1,3,1,1,1,1,0,0,0,0,0,0,0,0,NA,1,1,0,0,1,0,0,0,0,0,0,5,5,2,1,0,1,0,0,1,2,NA,2,-7,-7,2,2,2,-7,-7,-7,1,4,1,1961,64,1,-7,2,2,1,1,1,8,-7,-7,-7,-7,8,1,1,-7,1,2,1,2,2,1,2,3,2,1,1,-7,1,1,1,1,0,1,0,0,0,0,bas25_00792,493.90965338,1,24510,Loch Raven,8,28,09:49:48,8,28,10:37:57,2,1,2,1,1,3,1,4,0,1
1,4,2,2,3,2,3,3,4,4,3,4,4,4,2,2,4,2,1,2,2,2,1,4,1,3,1,4,4,2,3,3,3,3,3,-8,1,1,1,1,2,1,2,2,1,4,2,1,2,2,-8,3,-7,3,3,3,3,3,3,1,1,1,1,2,3,3,1,2,1,0,0,0,0,0,0,0,1,0,0,0,0,0,0,0,0,0,0,0,1,1,0,0,0,-8,-8,-8,-8,-8,-8,-8,-8,-8,-8,-8,-8,-8,0,0,1,1,0,0,1,0,0,1,0,0,2,0,0,0,0,1,0,0,3,-7,-7,-7,-7,-7,-7,-7,-7,1,2,3,4,300000,60000,3,3,4,2,3,3,3,2,-7,2,2,2,1,2,2,2,1,2,1,1,1,1,3,1,1,1,0,1,0,0,0,1,1,0,NA,0,0,0,0,0,0,0,0,0,1,0,5,5,1,1,0,0,1,0,2,2,NA,2,-7,-7,1,-7,2,-7,-7,-7,2,7,5,1996,29,1,-7,2,2,1,1,1,2,-7,-7,-7,-7,1,1,5,-7,5,2,2,2,2,2,2,3,1,3,5,1,2,2,2,2,0,0,1,0,0,0,bas25_00795,192.64224231,1,24510,Inner Harbor/Federal Hill,9,10,20:25:53,9,10,20:40:42,2,1,1,2,2,4,1,2,0,1
55,3,2,2,2,2,3,3,3,3,3,3,3,3,3,2,2,1,2,3,2,2,1,1,2,2,1,2,2,2,3,2,4,2,3,3,1,1,1,1,1,1,-8,2,1,3,4,3,4,3,4,4,-7,3,3,3,3,3,3,1,1,1,3,-8,1,3,1,3,2,1,0,0,0,1,0,0,0,0,0,0,0,1,0,0,0,0,0,0,1,0,0,0,0,-8,-8,-8,-8,-8,-8,0,0,0,0,1,1,0,0,0,1,1,0,0,0,0,0,0,1,0,2,-8,-8,-8,-8,-8,-8,-8,1,2,-7,-7,-7,-7,-7,-7,-7,1,3,3,3,500000000,NA,3,5,4,5,3,3,3,2,-7,2,2,2,1,1,2,1,1,2,1,1,1,3,2,1,1,1,-8,-8,-8,-8,-8,-8,-8,-8,NA,-8,0,0,0,0,0,0,0,0,0,1,5,5,2,1,1,0,0,0,1,2,NA,2,-7,-7,2,1,2,-7,-7,-7,2,7,1,-8,-8,1,-7,2,2,1,1,1,1,2,-7,-7,-7,7,2,-7,4,9,2,2,2,2,2,2,4,4,1,1,-7,1,1,1,1,0,1,0,0,0,0,bas25_00807,490.00963006,1,24510,Northwood,9,26,23:25:47,9,27,00:38:25,2,2,1,1,4,4,1,-8,0,1
40,5,2,2,2,3,3,3,3,3,4,3,4,3,3,2,3,5,1,4,3,3,2,3,3,2,1,2,2,2,4,4,3,4,2,3,-8,1,1,1,2,2,1,2,1,5,5,3,5,4,5,4,-7,2,2,2,1,2,2,2,3,2,2,2,3,3,2,1,1,1,0,0,0,0,0,0,0,0,0,0,0,0,0,0,0,0,0,0,1,0,0,0,0,0,0,1,0,0,0,0,0,0,1,1,0,0,0,0,1,1,0,1,1,1,1,1,0,0,5,0,0,0,0,0,1,0,1,3,-7,-7,-7,-7,-7,-7,-7,8,-7,-7,-7,500000,20000,4,4,3,5,1,1,1,1,1,1,1,2,3,2,2,3,4,2,1,2,2,4,4,1,1,2,0,0,0,0,0,1,0,0,NA,0,0,0,0,0,1,0,0,1,1,0,3,3,1,1,1,1,0,0,2,4,NA,2,-7,-7,1,-7,2,-7,-7,-7,1,4,3,1965,60,2,-7,2,2,1,1,1,8,-7,-7,-7,-7,3,1,1,-7,1,1,1,1,2,1,2,3,2,1,4,1,1,1,1,1,0,1,0,0,0,0,bas25_00811,406.96724441,1,24510,Oliver/Johnston Square,9,6,11:20:44,9,11,11:15:01,1,2,1,1,1,3,2,4,7,3
10,1,2,2,2,2,2,3,2,2,3,2,4,2,2,1,3,1,2,1,1,1,1,2,2,2,1,3,2,2,2,3,2,3,2,3,1,1,1,1,1,1,1,1,1,3,1,2,2,3,3,2,-7,3,3,3,3,3,3,1,1,1,2,3,3,2,2,1,1,1,1,1,0,0,0,0,0,0,0,0,0,1,0,1,0,0,0,0,0,0,0,0,0,-8,-8,-8,-8,-8,-8,0,0,0,0,1,1,0,1,0,1,0,0,0,1,0,0,1,0,0,2,-8,-8,-8,-8,-8,-8,-8,1,1,-7,-7,-7,-7,-7,-7,-7,5,-7,-7,-7,150000,30000,3,3,2,2,3,3,3,2,-7,2,2,2,2,1,1,3,1,2,2,1,4,4,4,1,1,1,0,0,0,0,0,0,0,0,NA,1,1,1,1,0,0,0,0,0,0,0,4,4,3,4,1,0,0,0,1,2,NA,2,-7,-7,1,-7,2,-7,-7,-7,2,6,2,1932,93,2,-7,2,2,1,1,1,2,-7,-7,-7,-7,9,1,5,-7,5,2,2,2,2,2,2,2,-8,1,1,-7,2,2,2,2,0,0,1,0,0,0,bas25_00822,843.16674382,2,24005,-7,8,29,12:54:34,8,29,13:32:19,2,1,1,2,2,4,2,5,0,1
5,3,1,1,2,2,3,3,2,4,3,1,3,1,1,1,1,2,1,1,1,1,1,1,3,3,1,1,3,2,3,3,3,2,3,3,-8,-8,-8,-8,-8,-8,-8,-8,2,3,2,1,-8,2,2,-7,4,3,3,3,3,3,3,1,1,1,1,1,1,3,2,1,1,1,0,0,0,0,0,0,0,0,0,0,0,1,1,0,1,1,0,0,1,0,0,0,0,-8,-8,-8,-8,-8,-8,0,0,0,0,1,0,0,1,0,0,1,0,0,0,0,0,0,0,1,1,0,0,0,0,1,1,0,2,-7,1,0,1,0,0,0,1,1,2,2,4,150k,30k,3,3,3,3,3,3,3,2,-7,2,2,1,1,1,2,1,1,1,1,1,1,2,2,1,1,1,0,0,0,0,0,0,0,0,NA,1,0,0,0,0,0,0,0,0,0,1,5,5,2,1,1,0,0,0,1,2,NA,2,-7,-7,1,-7,2,-7,-7,-7,2,6,5,1982,43,1,-7,2,2,1,3,3,9,-7,-7,-7,-7,3,2,-7,2,7,2,2,2,2,2,2,3,1,1,1,-7,3,4,3,4,0,0,0,0,1,0,bas25_00824,520.59847538,2,24005,-7,9,24,18:02:01,9,24,18:38:30,1,2,2,3,3,4,1,3,0,1
6,2,2,2,2,2,2,3,3,4,4,4,4,4,3,3,2,1,1,2,1,2,1,3,1,3,1,2,2,3,3,3,3,3,3,3,2,2,2,2,2,1,2,1,2,2,2,2,2,2,2,2,-7,3,3,3,3,3,3,1,1,1,4,2,2,3,3,3,1,1,0,0,0,0,0,0,0,0,0,0,0,1,0,0,0,0,0,0,0,0,0,0,0,0,0,0,0,0,1,0,0,0,0,1,0,0,0,0,1,1,0,0,0,0,0,1,0,0,2,0,0,1,0,0,0,0,1,4,-7,-7,-7,-7,-7,-7,-7,1,1,5,3,125000,25000,3,4,2,4,3,3,3,2,-7,2,2,2,2,2,2,2,3,2,1,2,1,4,4,1,2,1,0,1,0,0,0,1,0,0,NA,0,1,1,1,0,0,0,0,0,0,0,2,4,2,1,1,0,0,0,2,2,NA,2,-7,-7,1,-7,2,-7,-7,-7,2,4,2,1953,72,1,-7,2,2,1,1,1,2,-7,-7,-7,-7,2,1,5,-7,5,2,2,2,1,2,2,2,1,1,1,-7,2,2,2,2,0,0,1,0,0,0,bas25_00828,475.18122654,2,24005,-7,8,29,17:02:10,8,29,17:29:36,2,2,1,2,2,3,1,5,0,1
5,4,2,2,2,2,3,3,2,2,3,2,3,3,1,1,3,2,1,3,1,3,1,1,1,1,1,3,3,2,3,3,3,3,2,2,1,1,1,1,1,1,1,1,2,4,5,4,5,4,4,2,-7,2,3,3,2,2,3,1,2,2,1,2,3,3,1,1,2,1,0,0,0,0,0,1,0,0,1,0,0,1,0,0,0,0,0,0,0,0,1,0,0,-8,-8,-8,-8,-8,-8,-8,-8,-8,-8,-8,-8,-8,1,0,1,0,0,0,0,0,0,0,1,0,1,-8,-8,-8,-8,-8,-8,-8,3,-7,-7,-7,-7,-7,-7,-7,-7,8,-7,-7,-7,75000,10000,3,4,3,4,2,3,3,2,-7,2,2,2,5,5,5,5,5,3,3,1,1,2,2,1,1,1,0,0,1,0,0,0,0,0,NA,0,0,1,0,0,0,1,1,0,1,0,4,4,1,2,1,0,0,0,1,4,NA,2,-7,-7,1,-7,2,-7,-7,-7,1,3,5,1963,62,1,-7,2,2,1,1,1,8,-7,-7,-7,-7,5,1,1,-7,1,1,1,1,2,1,2,2,2,1,1,-7,1,1,1,1,0,1,0,0,0,0,bas25_00830,467.23611569,1,24510,Beechfield/Ten Hills/West Hills,10,1,20:11:43,10,1,20:39:05,1,2,1,1,1,2,1,4,3,2
2,3,2,3,3,2,3,3,3,2,3,3,3,3,1,1,3,1,2,2,1,2,4,1,2,2,1,1,1,2,4,3,4,-8,3,3,2,1,1,1,1,1,2,1,2,2,5,3,3,4,4,1,-7,2,2,2,1,2,2,2,3,2,1,2,1,2,1,1,1,0,0,0,0,0,0,0,1,0,0,0,0,0,0,0,0,0,0,0,1,0,0,0,0,0,0,0,1,0,0,0,0,0,1,0,0,0,0,0,1,1,0,0,0,0,0,1,0,0,1,0,0,0,0,1,1,0,1,1,-7,-7,-7,-7,-7,-7,-7,1,1,5,1,100000,75000,4,5,4,5,2,2,2,2,-7,2,1,2,4,4,4,4,4,5,5,5,3,2,4,2,2,1,0,0,0,0,0,1,0,0,NA,0,1,0,0,0,0,0,0,0,0,0,1,1,1,3,0,1,0,0,1,2,NA,2,-7,-7,1,-7,1,2,1,1,2,5,3,1980,45,1,-7,2,2,1,1,1,8,-7,-7,-7,-7,1,1,1,-7,1,1,1,2,2,2,2,3,2,3,5,1,1,1,1,1,0,1,0,0,0,0,bas25_00848,346.95403969,1,24510,Loch Raven,9,9,07:47:45,9,9,08:06:50,2,2,1,1,1,3,1,3,7,3
25,4,2,2,3,2,3,2,3,4,3,2,3,3,2,2,2,2,3,3,3,3,2,3,5,3,2,3,3,2,3,3,4,4,3,3,1,1,1,1,1,1,1,1,2,4,4,4,4,4,4,4,-7,3,3,3,3,3,3,1,1,1,2,1,3,2,1,1,2,1,0,0,0,0,0,1,0,0,0,0,0,1,0,0,0,0,0,0,0,1,0,0,0,0,0,0,1,0,1,1,1,1,1,1,1,0,0,0,1,1,0,0,0,0,0,0,0,1,2,1,0,0,0,1,0,0,1,4,-7,-7,-7,-7,-7,-7,-7,1,3,2,4,"1,000,000+","30,000-",4,5,4,5,3,3,3,2,-7,2,2,1,1,1,1,1,1,1,1,1,1,4,1,1,1,1,0,0,0,0,0,0,0,0,NA,1,0,0,0,0,0,1,0,0,0,0,5,5,2,1,1,0,0,0,1,2,NA,2,-7,-7,3,1,2,-7,-7,-7,2,7,1,1958,67,2,-7,2,2,3,3,3,6,-7,-7,-7,-7,4,2,-7,5,10,2,2,2,2,2,2,3,3,1,1,-7,3,4,3,4,0,0,0,0,1,0,bas25_00876,458.60250099,2,24005,-7,8,29,10:54:40,8,29,11:58:27,1,1,1,3,4,4,2,5,0,1
10,3,1,2,2,3,3,3,3,2,3,2,2,2,3,1,2,2,3,3,2,3,2,2,3,2,2,2,2,3,4,4,4,5,2,2,1,1,1,1,1,1,1,1,2,5,5,5,5,4,5,-7,1,3,3,3,3,3,3,1,1,1,4,2,2,3,4,1,1,1,1,0,0,0,0,1,0,0,1,0,0,1,1,0,1,0,0,1,0,1,1,0,0,-8,-8,-8,-8,-8,-8,0,0,0,1,0,0,0,0,0,1,1,0,0,1,1,0,1,0,0,5,-8,-8,-8,-8,-8,-8,-8,2,-7,1,0,0,0,0,0,1,8,-7,-7,-7,NA,NA,4,5,3,5,1,2,3,2,-7,2,2,2,5,5,5,5,4,4,3,1,1,3,3,1,1,2,0,0,0,0,0,0,0,0,NA,1,1,1,0,1,1,0,0,0,0,0,5,1,1,1,1,0,0,0,1,2,NA,2,-7,-7,2,1,1,0,1,1,1,2,3,1963,62,1,-7,2,2,1,1,1,8,-7,-7,-7,-7,1,1,1,-7,1,1,1,1,1,1,2,5,4,3,5,1,1,1,1,1,0,1,0,0,0,0,bas25_00886,1112.3374161,1,24510,Greater Mondawmin,8,31,17:13:26,8,31,18:22:19,2,2,2,1,1,1,1,4,0,1
0,4,4,2,2,3,3,3,4,5,3,5,3,3,2,2,2,5,2,5,3,5,3,3,2,3,2,5,5,2,4,3,4,5,5,4,1,1,1,1,1,1,1,2,1,3,5,5,5,5,5,5,-7,3,3,3,3,2,3,1,4,1,2,3,3,4,2,1,2,1,1,0,1,1,0,1,1,1,1,0,0,1,1,0,1,1,0,1,1,1,1,0,0,-8,-8,-8,-8,-8,-8,-8,-8,-8,-8,-8,-8,-8,0,0,1,1,0,1,1,1,0,0,1,0,4,-8,-8,-8,-8,-8,-8,-8,1,4,-7,-7,-7,-7,-7,-7,-7,1,3,2,1,NA,NA,4,4,4,5,1,1,1,1,1,1,1,1,5,5,5,5,5,5,5,5,1,3,4,1,1,5,0,0,0,1,0,0,0,0,NA,0,0,0,0,0,0,0,0,1,1,0,3,4,1,1,0,1,0,0,2,4,NA,2,-7,-7,1,-7,1,0,1,1,1,4,3,1990,35,1,-7,3,2,1,1,1,7,-7,-7,-7,-7,3,1,3,-7,3,1,1,1,2,2,2,1,2,1,1,-7,1,1,1,1,0,1,0,0,0,0,bas25_00888,274.32304438,1,24510,Westport/Mount Winans/Lakeland,8,27,17:26:50,8,27,17:48:41,2,1,1,1,2,3,1,3,1,1
2,4,2,2,2,2,3,3,3,4,4,3,3,3,2,1,3,3,1,4,3,3,3,2,3,3,3,6,-7,2,4,4,4,1,5,5,1,1,1,1,1,1,1,1,2,3,3,3,4,4,4,-7,4,3,3,3,3,2,3,1,3,1,4,2,2,4,5,4,1,1,1,1,1,1,0,1,0,0,1,0,0,1,1,1,1,1,0,1,1,1,0,0,0,0,1,1,1,1,1,1,0,1,0,1,0,1,0,0,1,1,0,0,1,0,0,0,1,0,5,0,0,0,0,0,1,0,3,-7,-7,-7,-7,-7,-7,-7,-7,1,1,3,3,100000,25000,4,4,4,4,2,3,3,2,-7,2,2,3,1,1,1,5,2,2,1,1,2,3,3,1,1,3,0,0,0,0,0,1,0,0,NA,0,0,0,0,0,0,0,0,1,1,0,3,3,1,2,0,1,1,0,1,2,NA,2,-7,-7,1,-7,1,0,0,1,2,4,5,1972,53,1,-7,2,2,1,1,1,2,-7,-7,-7,-7,1,1,4,-7,4,2,1,2,2,2,2,4,3,1,3,-7,2,2,2,2,0,0,1,0,0,0,bas25_00895,139.81847448,1,24510,Downtown/Seton Hill,8,29,18:53:01,8,29,19:37:57,1,2,2,2,2,3,1,4,1,1
17,4,3,3,3,3,3,2,3,4,4,3,3,4,3,2,4,3,3,5,4,5,3,2,3,4,2,3,3,3,4,4,4,4,3,4,1,1,1,1,1,1,1,1,2,5,4,4,5,4,5,4,-7,3,2,2,-8,1,2,1,2,2,3,2,2,3,2,3,2,1,0,0,0,0,0,0,0,0,0,0,0,1,0,0,1,1,0,1,0,0,0,0,0,-8,-8,-8,-8,-8,-8,0,0,0,0,0,1,0,1,0,1,0,0,0,0,0,0,0,0,1,1,0,0,0,0,0,1,0,1,2,-7,-7,-7,-7,-7,-7,-7,8,-7,-7,-7,1000000,15000,4,3,4,5,2,2,2,1,2,1,2,3,2,1,1,3,2,1,1,1,2,4,5,1,1,4,0,0,0,0,0,0,0,0,NA,1,1,1,1,0,1,1,0,1,1,0,4,2,1,1,1,0,0,0,1,2,NA,2,-7,-7,1,-7,2,-7,-7,-7,1,5,5,1980,45,2,-7,2,2,1,1,1,9,-7,-7,-7,-7,1,1,2,-7,2,1,2,1,1,1,2,3,2,1,1,-7,1,1,1,1,0,1,0,0,0,0,bas25_00910,683.73148438,1,24510,Pimlico/Arlington/Hilltop,9,9,22:52:09,9,9,23:22:28,1,2,1,1,1,3,2,3,6,3
30,3,2,2,2,2,3,3,3,2,3,1,3,1,1,1,2,1,1,1,1,1,2,5,2,2,1,6,-7,2,3,3,4,4,5,5,2,2,2,2,2,2,2,2,2,3,2,2,3,3,3,-7,5,3,3,3,3,3,3,1,1,1,1,2,1,2,5,1,1,0,0,0,0,0,0,0,1,0,0,0,0,1,0,0,0,0,0,0,0,0,0,0,0,0,0,0,0,0,1,0,1,0,0,1,1,0,0,0,1,1,0,0,0,0,0,0,0,1,1,0,0,0,0,1,0,0,1,4,-7,-7,-7,-7,-7,-7,-7,1,2,4,2,300000,50000,3,5,4,5,3,3,3,2,-7,2,2,2,2,2,2,4,1,3,2,1,1,2,2,1,1,1,0,1,1,1,1,1,1,0,NA,0,0,0,0,0,0,0,0,0,1,0,5,5,2,1,1,0,0,0,1,2,NA,2,-7,-7,2,1,2,-7,-7,-7,2,7,1,1965,60,1,-7,2,2,1,1,1,4,-7,-7,3,-7,2,2,-7,1,6,2,2,2,2,2,2,3,3,1,1,-7,2,2,2,2,0,0,1,0,0,0,bas25_00913,626.66561888,2,24005,-7,9,1,16:35:27,9,1,17:02:01,1,1,2,2,3,4,1,4,0,1
26,3,4,3,3,3,3,2,4,4,4,4,4,5,4,4,4,1,3,3,2,3,5,2,4,2,2,2,2,3,4,4,3,3,2,4,1,1,1,1,2,1,2,1,2,5,4,4,4,4,4,-7,4,3,3,3,3,3,3,1,1,1,1,2,1,2,2,1,3,1,1,0,1,1,0,0,1,1,1,0,0,1,1,0,1,1,0,0,1,1,1,0,0,0,0,0,0,0,1,0,0,0,0,0,1,0,0,0,1,1,0,0,0,1,0,1,0,0,1,-8,-8,-8,-8,-8,-8,-8,1,2,-7,-7,-7,-7,-7,-7,-7,5,-7,-7,-7,$300k,25k,4,4,2,3,3,3,3,2,-7,2,2,2,1,1,2,2,1,1,1,3,1,3,2,1,1,3,0,1,0,1,0,1,1,0,NA,0,1,1,0,0,1,0,0,1,0,0,5,5,2,1,1,0,0,0,2,2,NA,1,1,-7,2,1,2,-7,-7,-7,1,6,1,1947,78,2,-7,2,2,1,1,1,1,6,-7,-7,-7,3,2,-7,1,6,2,2,2,2,2,2,3,3,1,1,-7,1,1,1,1,0,1,0,0,0,0,bas25_00916,1211.1896063,1,24510,Cedonia/Frankford,9,5,10:32:22,9,5,11:04:58,1,2,2,1,3,4,2,5,0,1
21,2,1,2,2,1,3,3,3,2,3,4,3,2,1,2,2,1,1,2,1,2,2,3,2,3,1,1,1,2,3,4,4,4,3,3,2,2,2,2,2,2,2,2,2,4,1,1,2,2,3,4,-7,3,3,3,3,3,3,1,1,1,1,1,2,2,1,1,2,0,0,0,0,0,0,0,1,0,0,0,0,0,0,0,0,0,0,0,1,0,0,0,0,0,0,0,1,0,1,0,0,0,0,0,0,1,1,0,0,1,0,0,1,0,0,0,1,0,1,0,1,1,0,0,0,0,3,-7,-7,-7,-7,-7,-7,-7,-7,1,1,2,3,300000,40000,3,4,3,3,3,3,3,2,-7,2,2,2,4,4,5,5,1,2,1,3,1,3,1,1,1,1,0,0,0,0,0,0,0,0,NA,1,1,0,0,0,0,0,0,0,0,0,3,3,2,1,1,0,0,0,1,2,NA,1,1,-7,6,1,2,-7,-7,-7,2,5,3,1970,55,2,-7,2,2,1,1,1,2,-7,-7,-7,-7,4,2,-7,4,9,2,2,2,2,2,2,2,3,1,1,-7,3,3,3,3,0,0,0,1,0,0,bas25_00925,3320.1419054,2,24005,-7,9,4,18:21:08,9,4,19:03:55,1,2,1,3,4,3,2,4,0,1
21,4,1,2,2,2,4,3,1,2,3,2,3,3,3,3,3,2,2,2,2,2,2,1,3,2,1,1,1,2,3,3,3,1,3,-8,1,1,1,1,2,1,2,1,2,5,4,3,5,5,5,1,-7,3,3,3,3,3,3,1,3,1,3,1,3,2,1,1,1,1,0,0,0,0,0,0,0,0,1,0,0,1,1,0,1,0,0,0,1,0,1,0,0,-8,-8,-8,-8,-8,-8,-8,-8,-8,-8,-8,-8,-8,0,1,0,1,0,0,0,0,0,0,0,1,4,-8,-8,-8,-8,-8,-8,-8,2,-7,0,0,1,0,1,1,0,5,-7,-7,-7,80000,15000,3,3,4,5,2,3,3,2,-7,2,2,2,3,2,5,4,3,1,2,1,1,3,1,1,1,1,-8,-8,-8,-8,-8,-8,-8,-8,NA,-8,0,1,0,0,0,1,0,0,0,0,5,5,2,1,1,0,0,0,2,2,NA,2,-7,-7,1,-7,2,-7,-7,-7,2,4,2,1943,82,1,-7,2,2,1,1,1,1,6,-7,-7,-7,8,1,3,-7,3,2,2,2,2,2,2,-8,2,1,1,-7,1,1,1,1,0,1,0,0,0,0,bas25_00926,259.29279731,1,24510,Belair-Edison,8,28,13:43:11,8,28,14:38:58,2,2,1,1,2,3,1,5,0,1
2,2,2,2,3,-8,3,2,3,3,3,3,3,3,3,2,1,1,1,2,1,1,2,2,2,2,2,1,1,2,3,3,4,3,-8,3,2,2,2,2,1,2,2,2,2,3,3,2,3,3,3,-7,1,3,3,3,3,3,3,1,1,1,3,1,3,3,2,1,1,1,0,0,0,1,0,0,0,0,0,0,0,1,0,0,1,1,0,0,0,0,0,0,0,0,0,0,1,0,0,-8,-8,-8,-8,-8,-8,-8,1,0,1,0,0,0,0,0,1,1,0,0,3,-8,-8,-8,-8,-8,-8,-8,2,-7,0,0,1,1,0,0,0,1,1,3,2,1000000,30000,3,5,4,5,3,3,3,2,-7,2,2,2,2,2,2,3,1,3,1,2,1,2,4,1,1,3,0,0,0,0,0,0,0,0,NA,1,1,0,0,0,1,0,0,0,1,0,5,5,2,1,1,0,0,0,1,2,NA,2,-7,-7,3,1,2,-7,-7,-7,1,7,1,1969,56,1,-7,2,1,2,2,1,2,-7,-7,-7,-7,2,2,-7,6,11,2,2,2,2,2,2,4,2,1,1,-7,1,1,4,6,0,1,0,0,0,1,bas25_00927,482.4603762,2,24005,-7,9,7,21:08:37,9,7,21:34:10,1,2,2,3,4,4,1,4,0,1
7,4,2,2,3,2,3,3,3,4,3,2,3,2,2,2,2,1,1,2,1,1,2,1,1,3,3,1,2,2,3,2,3,3,3,3,1,1,1,1,2,2,1,2,1,4,4,-8,4,4,4,-7,4,3,3,3,3,3,3,1,2,1,3,1,1,2,2,1,1,0,1,0,0,0,0,0,1,0,1,0,0,0,1,0,0,0,0,0,1,1,1,0,0,1,0,0,0,0,0,0,1,1,0,0,1,0,0,0,1,1,0,0,1,1,0,0,1,0,2,-8,-8,-8,-8,-8,-8,-8,3,-7,-7,-7,-7,-7,-7,-7,-7,1,3,4,3,120000,50000,4,3,4,3,3,3,3,2,-7,2,2,2,1,1,1,2,1,1,1,1,1,1,3,1,1,1,0,0,0,0,0,1,0,0,NA,0,0,1,0,0,0,0,0,0,1,0,5,3,1,1,1,0,0,0,2,2,NA,2,-7,-7,2,1,2,-7,-7,-7,2,6,1,1995,30,1,-7,3,2,1,1,1,9,-7,-7,-7,-7,4,2,-7,4,9,2,2,2,2,2,2,5,2,1,1,-7,2,2,2,2,0,0,1,0,0,0,bas25_00931,643.5146249,1,24510,Inner Harbor/Federal Hill,9,29,17:46:03,9,29,18:51:13,1,1,2,2,4,4,1,2,0,1
1,4,1,2,2,2,3,4,2,3,4,3,2,3,2,1,3,2,3,1,2,3,1,1,2,2,1,2,1,2,3,2,4,2,4,4,2,2,1,1,2,2,2,1,2,4,3,4,4,5,5,5,-7,2,3,2,2,1,3,1,2,2,2,3,1,2,2,1,7,0,0,1,1,1,0,1,1,1,1,0,0,0,0,0,0,1,0,0,1,1,0,0,0,0,0,0,1,0,1,0,1,0,1,1,1,0,0,0,1,1,0,0,0,0,0,0,0,1,4,0,0,1,0,1,1,0,1,3,-7,-7,-7,-7,-7,-7,-7,2,2,4,1,130000,50000,4,3,4,4,2,3,2,1,2,1,1,3,3,4,2,4,2,3,3,3,2,3,4,2,2,4,0,1,0,1,0,1,0,0,NA,0,0,0,0,0,0,0,0,0,1,0,5,4,1,2,0,0,0,1,1,2,NA,2,-7,-7,3,2,2,-7,-7,-7,2,6,5,1990,35,2,-7,2,2,3,3,3,6,-7,-7,-7,-7,4,2,-7,1,6,2,2,2,2,2,2,4,2,3,3,-7,3,4,3,4,0,0,0,0,1,0,bas25_00941,513.11364996,1,24510,North Baltimore/Guilford/Homeland,8,27,20:33:08,8,27,21:08:08,1,1,1,3,3,4,2,3,5,2
1,3,3,2,3,4,3,3,4,5,4,3,3,5,1,1,5,5,3,1,1,1,5,5,3,3,5,6,-7,3,3,4,3,2,2,4,1,1,1,1,1,1,1,2,2,5,5,5,5,5,5,-7,4,3,3,3,3,3,3,1,3,1,4,3,3,3,2,1,1,0,0,0,0,0,0,0,1,0,0,0,0,0,0,0,0,0,0,0,1,0,0,0,0,-8,-8,-8,-8,-8,-8,0,1,0,0,0,0,0,1,0,0,1,0,0,0,0,0,1,0,0,5,-8,-8,-8,-8,-8,-8,-8,1,1,-7,-7,-7,-7,-7,-7,-7,1,1,2,4,100000,0,4,3,3,4,3,3,3,2,-7,2,2,1,1,2,1,1,1,1,1,1,1,3,3,1,1,1,0,0,0,0,0,0,0,0,NA,1,0,0,0,0,0,0,0,0,0,1,1,4,1,1,0,1,0,0,2,3,Mobile hotspot from carrier unlimited,2,-7,-7,1,-7,2,-7,-7,-7,1,4,5,1994,31,2,-7,2,2,1,1,1,9,-7,-7,-7,-7,1,1,4,-7,4,1,1,2,2,1,2,3,1,1,5,1,1,1,1,1,0,1,0,0,0,0,bas25_00944,714.32199273,1,24510,Brooklyn/Curtis Bay/Hawkins Point,8,28,20:02:01,8,28,20:28:44,1,1,2,1,2,3,2,2,0,1
17,1,5,3,3,4,2,2,3,4,3,5,4,5,5,4,4,4,4,5,4,4,2,1,2,2,1,1,1,3,3,3,4,4,4,3,1,1,1,1,1,1,1,1,2,4,4,5,4,4,4,4,-7,2,2,1,2,3,2,2,3,1,5,1,3,5,4,2,1,1,0,0,0,0,0,0,0,0,0,0,0,1,0,0,0,0,0,0,0,0,0,0,0,1,0,0,0,0,1,0,0,0,0,0,1,0,1,0,0,0,1,1,0,1,0,0,0,0,4,0,0,0,0,1,0,0,1,4,-7,-7,-7,-7,-7,-7,-7,5,-7,-7,-7,3300 per y,25000,4,4,4,5,1,2,2,1,3,1,2,3,4,4,4,3,4,4,5,4,4,4,4,1,1,5,0,1,0,0,0,0,0,0,NA,0,1,0,0,1,0,0,0,1,1,0,5,5,1,3,1,0,0,0,1,2,NA,2,-7,-7,1,-7,2,-7,-7,-7,2,2,3,1952,73,2,-7,2,2,1,1,1,9,-7,-7,-7,-7,1,1,1,-7,1,1,1,1,1,2,2,3,2,2,1,-7,1,1,1,1,0,1,0,0,0,0,bas25_00951,910.56559544,1,24510,Upton/Druid Heights,9,6,18:20:26,9,9,12:21:00,1,2,1,1,1,1,2,5,6,3
8,3,1,1,1,1,4,4,3,1,1,1,1,1,1,1,1,2,1,1,1,1,1,1,1,1,1,1,1,2,2,2,3,2,2,2,-8,-8,-8,-8,-8,-8,-8,-8,2,2,3,2,2,2,2,4,-7,3,3,3,3,3,3,1,1,1,1,2,2,1,1,1,1,0,0,0,0,0,0,0,0,0,0,0,1,1,0,0,0,0,0,0,0,0,0,0,0,0,1,0,0,0,0,0,1,0,0,0,1,0,1,0,1,0,0,0,1,0,0,1,1,0,1,-8,-8,-8,-8,-8,-8,-8,1,1,-7,-7,-7,-7,-7,-7,-7,1,3,5,3,80000,40000,4,3,4,5,3,3,3,2,-7,2,2,2,2,2,2,2,2,1,1,1,1,3,3,1,1,1,0,0,0,0,0,0,0,0,NA,1,1,1,1,0,1,0,0,0,0,0,5,5,2,1,1,0,0,0,1,2,NA,2,-7,-7,1,-7,2,-7,-7,-7,2,7,3,1959,66,2,-7,2,2,1,1,1,2,-7,-7,-7,-7,4,2,-7,1,6,2,2,2,2,2,2,3,2,1,1,-7,1,1,1,1,0,1,0,0,0,0,bas25_00953,326.29967792,1,24510,Howard Park/West Arlington,8,29,16:35:53,8,29,16:58:43,1,1,1,1,3,4,2,5,0,1
10,2,1,2,-8,2,3,3,2,2,3,1,3,3,3,1,2,2,3,2,1,1,1,2,2,3,2,2,2,2,3,3,4,4,5,4,1,1,1,1,1,1,1,1,2,5,5,4,5,5,5,2,-7,2,2,3,3,3,3,1,4,2,2,1,2,3,1,1,1,1,0,0,0,1,0,1,0,0,0,0,0,1,0,0,1,1,0,0,0,0,0,0,0,0,0,0,0,0,1,0,0,0,1,0,1,0,0,0,1,0,1,1,1,1,0,1,1,0,2,0,0,0,0,1,0,0,2,-7,0,0,0,0,0,0,1,5,-7,-7,-7,200000,30000,3,3,3,4,1,1,1,1,2,1,2,1,4,3,5,3,3,1,1,1,3,2,1,1,1,3,0,1,0,1,0,1,0,0,NA,0,1,1,0,1,1,0,0,0,0,0,5,5,3,1,1,0,0,0,1,2,NA,2,-7,-7,2,2,2,-7,-7,-7,2,2,4,1955,70,1,-7,2,2,1,1,1,1,5,-7,-7,-7,8,1,2,-7,2,1,1,2,2,2,2,1,3,1,1,-7,1,1,1,1,0,1,0,0,0,0,bas25_00959,1167.3088943,1,24510,Greater Mondawmin,8,28,11:56:20,8,28,12:33:05,1,1,1,1,1,1,1,5,2,2
15,5,2,2,3,3,3,3,2,2,1,4,2,3,2,1,3,2,1,3,1,1,1,1,1,1,1,1,2,3,3,3,3,1,2,3,1,1,1,1,1,1,1,1,2,4,3,3,4,5,5,2,-7,3,3,2,3,3,3,1,1,2,1,3,2,3,3,1,2,1,1,0,0,0,0,1,1,0,1,0,0,1,0,0,1,0,0,1,1,0,0,0,0,0,1,0,0,0,0,0,0,1,0,1,0,0,0,0,0,1,1,0,0,0,0,0,0,1,1,-8,-8,-8,-8,-8,-8,-8,1,1,-7,-7,-7,-7,-7,-7,-7,1,-8,4,4,NA,NA,3,1,3,2,3,2,3,2,-7,2,2,3,1,3,4,5,2,2,2,1,1,1,2,1,1,1,0,1,0,0,0,0,0,0,NA,0,0,0,0,0,0,0,0,0,0,1,3,5,3,1,1,0,0,0,1,4,NA,2,-7,-7,1,-7,2,-7,-7,-7,2,4,5,1976,49,1,-7,2,2,1,1,1,8,-7,-7,-7,-7,3,1,1,-7,1,2,2,2,2,2,2,-8,-8,1,1,-7,1,1,1,1,0,1,0,0,0,0,bas25_00971,456.1721341,1,24510,Fells Point,8,27,20:49:10,8,28,10:47:58,1,1,1,1,1,3,1,3,1,1
5,1,1,2,2,2,3,3,2,1,3,1,3,1,1,1,1,1,1,1,1,1,1,3,1,1,1,1,1,2,4,4,3,5,3,3,1,1,1,1,1,1,1,1,2,5,3,1,4,4,4,2,-7,3,3,3,3,3,3,1,1,1,2,1,1,2,2,1,1,1,1,0,1,1,0,1,0,0,0,0,0,0,1,0,1,1,0,1,1,0,0,0,0,0,0,0,0,1,0,0,0,0,0,1,1,0,0,0,1,1,0,0,0,0,0,0,0,1,2,-8,-8,-8,-8,-8,-8,-8,2,-7,0,0,0,0,0,0,1,1,2,4,3,500000,30000,2,3,2,2,3,3,3,2,-7,2,2,3,1,1,1,1,1,1,1,1,1,2,1,1,1,2,0,0,0,0,0,0,0,0,NA,1,0,1,0,0,0,1,0,0,0,0,4,4,2,1,1,0,0,0,2,2,NA,-8,-7,-7,3,1,2,-7,-7,-7,2,6,1,-8,-8,2,-7,2,2,1,1,1,1,2,-7,-7,-7,1,2,-7,-8,-6,2,2,2,2,2,2,2,1,1,1,-7,2,2,2,2,0,0,1,0,0,0,bas25_00978,2774.4432566,2,24005,-7,9,23,09:01:04,9,23,09:23:44,1,1,1,2,-6,4,2,-8,0,1
20,2,2,1,2,2,3,3,4,2,3,2,3,3,2,2,3,1,1,2,1,1,2,4,2,2,2,6,-7,2,3,3,3,3,3,3,1,1,1,1,1,1,2,1,1,4,3,2,4,4,4,-7,4,3,3,3,3,3,3,1,1,1,1,2,3,3,1,1,2,1,0,0,1,0,0,1,0,0,0,0,0,1,0,1,0,0,0,1,0,0,0,0,0,0,1,0,0,0,0,0,1,0,0,1,1,0,0,0,1,1,0,0,0,0,1,0,1,0,1,-8,-8,-8,-8,-8,-8,-8,1,2,-7,-7,-7,-7,-7,-7,-7,5,-7,-7,-7,500000,50000,4,4,4,4,2,3,3,2,-7,2,2,2,4,3,3,3,1,1,1,1,1,2,2,1,1,3,0,0,1,0,0,0,0,0,NA,0,0,1,0,1,0,0,0,0,0,0,5,5,2,1,1,0,0,0,1,2,NA,1,3,3,2,2,2,-7,-7,-7,1,4,1,1958,67,1,-7,2,2,1,1,1,1,2,-7,-7,-7,2,2,-7,2,7,2,2,2,2,1,2,2,3,1,1,-7,2,2,2,2,0,0,1,0,0,0,bas25_01007,1054.2157963,2,24005,-7,8,28,21:05:08,8,28,21:31:30,1,2,2,2,3,3,1,5,0,1
2,4,1,2,3,3,3,3,4,3,4,1,2,3,2,1,2,1,1,1,1,1,1,4,4,4,1,2,1,3,3,4,3,4,3,4,1,1,1,1,1,1,1,1,2,5,5,1,5,3,5,-7,3,3,3,3,3,3,3,1,1,1,2,2,3,3,1,1,1,0,0,0,0,1,0,0,0,0,0,0,0,0,0,0,0,0,0,0,0,1,0,0,0,-8,-8,-8,-8,-8,-8,1,1,1,1,1,1,0,1,0,1,0,0,0,0,0,0,1,0,0,4,0,0,0,0,1,0,0,1,4,-7,-7,-7,-7,-7,-7,-7,5,-7,-7,-7,350000,100000,4,4,3,1,2,3,1,2,-7,1,2,4,1,1,1,1,1,1,3,4,1,1,2,2,1,1,0,1,0,0,0,0,0,0,NA,0,0,0,0,0,0,0,0,0,0,1,2,1,1,1,0,0,1,0,1,4,NA,2,-7,-7,1,-7,2,-7,-7,-7,2,6,2,1952,73,1,-7,2,2,1,1,1,1,6,-7,-7,-7,1,1,3,-7,3,2,2,2,1,2,2,1,1,1,1,-7,2,2,2,2,0,0,1,0,0,0,bas25_01010,180.41350305,1,24510,Greater Roland Park/Poplar Hill,9,27,16:25:59,9,27,17:22:00,1,1,2,2,2,4,1,5,0,1
5,2,3,3,3,3,3,3,3,4,3,3,4,4,3,3,3,3,3,3,3,3,2,2,3,3,2,3,3,2,4,2,3,3,3,3,1,1,1,1,2,1,2,1,1,4,4,4,4,4,3,-7,4,3,3,3,3,3,3,1,5,1,4,2,2,3,3,3,1,1,0,0,0,0,0,0,0,0,0,0,0,1,0,0,0,0,0,0,0,0,0,0,0,0,0,0,1,0,0,0,0,0,1,0,0,0,0,0,1,0,0,0,0,0,1,0,0,0,3,0,0,0,0,1,1,0,2,-7,0,0,0,0,0,0,1,2,1,4,1,1000000,13000,3,4,4,3,1,2,1,1,2,1,1,4,3,2,3,1,3,3,2,3,1,3,3,1,1,4,0,1,0,0,0,0,0,0,NA,0,0,0,0,0,0,0,0,1,1,0,3,5,3,1,0,0,0,1,1,4,NA,2,-7,-7,2,1,2,-7,-7,-7,1,3,5,1976,49,2,-7,2,2,1,1,1,2,-7,-7,-7,-7,4,1,1,-7,1,2,2,2,2,2,2,3,2,3,4,1,2,2,2,2,0,0,1,0,0,0,bas25_01016,1318.0462896,2,24005,-7,8,29,07:43:32,8,29,08:09:00,1,2,2,2,1,2,2,3,0,1
0,3,1,1,1,2,3,3,1,1,2,1,3,1,1,1,1,1,1,1,1,1,1,1,1,1,1,1,1,2,3,3,3,4,2,3,1,1,1,1,1,1,1,1,2,5,5,4,5,5,5,-7,5,3,3,3,3,3,3,1,4,2,1,2,2,1,1,1,2,1,0,0,0,0,0,0,0,0,0,0,0,1,0,0,0,1,0,0,0,0,0,0,0,-8,-8,-8,-8,-8,-8,-8,-8,-8,-8,-8,-8,-8,-8,-8,-8,-8,-8,0,0,0,0,0,0,1,2,-8,-8,-8,-8,-8,-8,-8,1,3,-7,-7,-7,-7,-7,-7,-7,2,2,4,4,1000000,10000,4,5,4,5,2,2,2,1,2,1,2,2,4,3,2,1,1,1,1,1,1,4,1,1,1,4,0,1,0,1,0,0,0,0,NA,0,1,0,0,0,1,0,0,0,0,0,3,3,1,1,1,0,0,0,2,3,Internet,2,-7,-7,1,-7,2,-7,-7,-7,2,5,2,1958,67,1,-7,2,2,1,1,1,8,-7,-7,-7,-7,-8,-8,-7,-7,-6,2,2,-8,-8,-8,-8,-8,-8,1,1,-7,-6,-6,-6,-6,-8,-8,-8,-8,-8,0,bas25_01018,261.98854232,1,24510,Mount Washington/Coldspring,9,3,13:59:46,9,19,12:23:23,2,2,2,-6,-6,3,1,5,0,1
9,2,2,2,2,3,3,2,4,5,5,4,4,4,5,5,5,5,4,4,3,5,5,5,5,5,5,6,-7,4,4,4,4,1,2,3,-8,-8,-8,-8,-8,-8,-8,-8,2,5,5,4,5,5,5,5,-7,2,2,2,2,2,2,2,3,1,5,2,1,5,5,5,6,0,0,0,1,0,0,0,0,0,0,0,0,0,0,0,1,0,0,0,0,0,0,0,0,0,1,0,0,0,0,0,1,1,0,0,1,0,1,0,1,0,0,0,0,1,0,0,0,0,5,0,0,0,1,0,0,0,2,-7,0,0,0,0,1,1,1,1,4,3,1,100000,30000,4,5,4,5,1,1,1,1,1,1,1,4,5,5,5,5,5,5,5,5,3,4,5,1,1,4,0,1,0,0,0,1,1,0,NA,0,1,1,0,0,0,1,0,0,0,0,4,5,3,2,1,0,0,0,1,2,NA,2,-7,-7,3,1,2,-7,-7,-7,1,3,5,1978,47,1,-7,2,2,1,1,1,9,-7,-7,-7,-7,4,1,3,-7,3,2,1,2,2,2,2,-8,-8,-8,-8,-7,1,1,1,1,0,1,0,0,0,0,bas25_01022,1704.5256542,1,24510,Allendale/Irvington/S. Hilton,9,18,18:32:11,9,19,10:19:40,1,1,1,1,2,2,1,3,6,3
20,5,1,2,2,2,3,2,2,3,3,3,3,2,2,3,2,1,1,2,1,1,1,3,3,2,1,3,3,3,3,2,4,3,3,3,1,1,1,1,1,1,1,2,2,4,3,3,3,3,3,-7,4,3,3,3,3,3,3,1,5,1,1,2,2,2,1,1,1,1,0,0,0,1,0,0,0,0,0,0,0,1,1,0,1,1,0,0,1,0,0,0,0,1,1,1,1,1,1,0,1,0,1,1,1,0,0,0,1,1,0,0,0,1,0,1,0,0,2,-8,-8,-8,-8,-8,-8,-8,2,-7,0,0,1,0,0,0,0,5,-7,-7,-7,250000,12000,3,3,2,4,2,2,2,2,-7,2,2,3,4,4,5,5,4,1,1,1,2,3,4,1,1,3,0,0,0,0,1,0,0,0,NA,0,0,1,0,0,0,0,0,0,0,0,5,5,2,4,1,1,0,0,1,2,NA,2,-7,-7,3,1,2,-7,-7,-7,2,4,4,1966,59,2,-7,2,2,3,3,3,8,-7,-7,-7,-7,9,2,-7,2,7,2,2,2,2,2,2,3,4,3,5,2,3,4,3,4,0,0,0,0,1,0,bas25_01024,1508.4732021,2,24005,-7,9,18,21:55:27,9,18,22:43:01,1,1,2,3,3,3,2,4,0,1
32,2,3,2,3,3,3,1,4,5,4,3,4,2,3,2,4,1,3,3,3,3,5,3,3,5,3,6,-7,3,4,4,3,4,2,4,1,1,1,1,2,1,1,1,2,5,-8,-8,5,4,5,4,-7,3,3,3,3,3,3,1,1,1,1,3,1,3,1,1,2,1,1,0,1,0,0,1,0,0,0,0,0,1,1,0,1,1,0,1,1,0,0,0,0,-8,-8,-8,-8,-8,-8,0,0,1,0,1,1,1,0,0,1,1,0,0,0,0,0,0,0,1,2,-8,-8,-8,-8,-8,-8,-8,2,-7,0,0,1,0,1,0,1,5,-7,-7,-7,200000,20000,4,5,4,3,3,3,3,2,-7,2,2,2,3,3,3,3,1,1,1,1,1,3,3,1,1,1,0,0,0,0,0,0,0,0,NA,1,1,1,1,1,1,1,0,0,1,0,4,4,2,1,1,0,0,0,1,2,NA,1,1,-7,2,2,2,-7,-7,-7,2,4,1,1945,80,2,-7,2,2,1,1,1,1,3,-7,-7,-7,2,1,5,-7,5,2,2,2,2,2,2,1,1,1,1,-7,2,2,2,2,0,0,1,0,0,0,bas25_01039,657.36880935,2,24005,-7,9,4,20:19:33,9,4,21:25:24,1,2,1,2,2,3,2,5,0,1
4,4,2,2,3,3,3,3,2,3,3,3,3,3,3,3,4,4,4,3,3,3,4,2,3,3,2,4,3,2,3,3,3,3,3,3,1,1,1,1,1,1,1,1,1,4,4,4,4,4,4,4,-7,2,3,3,2,3,3,2,3,2,3,2,2,3,3,3,1,1,0,0,0,0,0,0,0,0,1,0,0,1,0,0,0,1,0,0,1,0,0,0,0,0,1,1,0,0,0,0,0,0,1,0,1,0,0,0,1,0,1,0,1,0,0,1,1,0,3,0,0,0,0,1,1,0,1,2,-7,-7,-7,-7,-7,-7,-7,4,-7,-7,-7,70000,100,4,4,4,4,2,2,2,2,-7,2,1,3,3,4,5,4,3,3,2,4,3,4,4,1,1,3,0,1,0,1,0,0,0,0,NA,0,1,1,0,1,0,0,0,1,0,0,4,4,3,1,0,0,1,0,1,4,NA,2,-7,-7,1,-7,2,-7,-7,-7,1,3,3,1966,59,2,-7,2,2,1,1,1,2,-7,-7,-7,-7,6,1,1,-7,1,1,1,1,2,2,1,3,2,1,1,-7,1,1,1,1,0,1,0,0,0,0,bas25_01043,845.41267712,1,24510,Southern Park Heights,8,28,08:44:29,8,28,09:24:15,1,2,1,1,1,2,2,4,2,2
0,5,4,4,4,4,1,1,4,4,3,5,3,3,3,5,5,1,5,1,1,1,5,3,5,5,3,3,3,4,3,3,3,3,2,5,2,1,1,1,1,1,1,1,2,3,3,3,3,3,3,-7,1,2,2,2,2,2,2,2,3,2,3,2,2,3,3,3,1,1,1,0,0,0,0,0,0,0,0,0,0,0,1,0,0,0,0,0,0,0,0,0,0,0,0,0,0,1,1,1,1,1,1,1,1,1,1,1,0,0,0,-8,-8,-8,-8,-8,-8,-8,3,1,1,1,1,1,1,1,2,-7,0,0,0,0,1,1,0,6,-7,-7,-7,NA,NA,3,3,3,3,2,2,2,2,-7,2,2,3,4,4,4,3,3,2,3,2,2,4,4,2,2,-8,-8,-8,-8,-8,-8,-8,-8,-8,NA,-8,0,0,0,0,0,0,0,0,0,1,3,3,1,2,1,0,0,0,2,4,NA,1,3,1,1,-7,1,0,1,0,2,5,5,1997,28,1,-7,1,2,1,1,1,9,-7,-7,-7,-7,1,1,1,-7,1,2,2,2,2,2,2,3,2,3,1,-7,1,1,1,1,0,1,0,0,0,0,bas25_01063,1865.8975373,2,24005,-7,9,30,16:42:49,9,30,17:19:36,1,2,2,1,1,3,1,2,6,3
17,2,1,1,2,2,4,3,2,5,3,2,2,2,1,2,1,1,2,3,2,3,1,2,2,2,1,1,2,3,2,1,4,3,2,3,1,1,1,1,2,1,2,2,1,3,5,3,4,4,4,4,-7,3,2,2,2,1,3,1,4,1,2,3,1,2,1,1,1,1,0,0,0,0,0,0,0,0,0,0,0,0,0,0,0,0,0,0,0,1,0,0,0,0,0,0,0,0,1,0,1,0,0,0,1,1,1,0,1,0,0,0,1,0,1,1,0,0,4,1,0,0,0,0,0,0,1,4,-7,-7,-7,-7,-7,-7,-7,1,5,4,3,200000,40000,4,4,4,5,3,2,1,1,3,1,1,2,5,5,5,5,5,4,3,1,1,3,2,1,2,1,0,0,0,1,0,0,0,0,NA,0,0,0,0,0,0,0,0,0,0,1,5,5,2,2,0,1,1,0,1,2,NA,1,1,-7,2,1,1,0,0,1,1,7,1,1982,43,2,-7,2,2,3,3,3,9,-7,-7,-7,-7,1,2,-7,1,6,2,2,2,2,2,2,5,4,1,1,-7,2,2,2,2,0,0,1,0,0,0,bas25_01067,349.36040022,1,24510,Hamilton Hills,9,4,17:34:23,9,4,18:03:43,1,2,1,2,3,4,2,3,5,2
45,2,2,2,2,2,3,3,-8,3,3,2,3,3,3,3,3,1,1,2,2,2,2,2,3,3,2,4,3,2,3,3,4,2,3,3,1,1,1,1,2,1,1,1,1,4,3,3,4,3,3,-7,3,3,3,3,3,3,3,1,1,1,2,2,3,2,1,1,4,1,0,0,0,0,0,0,0,0,0,0,0,1,0,0,0,0,0,0,0,0,0,0,0,0,0,0,0,0,1,0,1,0,0,0,0,0,0,0,1,0,0,1,0,0,1,0,0,0,2,-8,-8,-8,-8,-8,-8,-8,3,-7,-7,-7,-7,-7,-7,-7,-7,5,-7,-7,-7,NA,25000,3,4,2,3,3,3,3,2,-7,2,2,2,1,1,1,1,1,1,1,1,1,3,3,-8,1,1,0,1,0,0,0,0,0,0,NA,0,1,1,0,1,0,0,0,0,0,0,5,5,2,4,1,0,0,0,1,2,NA,2,-7,-7,2,2,2,-7,-7,-7,2,6,2,1948,77,1,-7,2,2,1,1,1,2,-7,-7,-7,-7,6,2,-7,1,6,2,2,2,2,2,2,3,2,1,1,-7,1,1,1,1,0,1,0,0,0,0,bas25_01068,1309.09431,2,24005,-7,10,2,20:56:16,10,2,21:31:06,1,1,2,1,3,4,1,5,0,1
0,2,2,2,2,2,3,3,3,4,2,4,3,4,4,5,3,1,4,2,2,3,4,2,2,4,2,2,2,3,2,3,3,2,2,2,1,1,1,1,1,1,1,1,2,2,2,4,4,4,4,-7,5,2,2,2,2,2,2,1,1,1,2,3,3,2,3,1,2,0,0,0,0,1,0,0,0,0,0,0,0,0,0,0,0,1,0,0,0,0,0,0,0,-8,-8,-8,-8,-8,-8,-8,-8,-8,-8,-8,-8,-8,0,1,0,0,0,0,0,0,0,0,1,0,2,-8,-8,-8,-8,-8,-8,-8,1,3,-7,-7,-7,-7,-7,-7,-7,1,1,4,3,400000,30000,2,2,2,2,1,3,3,2,-7,2,2,2,2,2,2,2,2,2,2,2,1,2,2,1,1,2,0,0,0,0,0,0,0,0,NA,1,0,0,0,0,0,0,0,0,1,0,3,3,1,1,1,0,0,0,2,2,NA,2,-7,-7,3,1,2,-7,-7,-7,2,7,5,2002,23,1,-7,2,2,1,1,1,8,-7,-7,-7,-7,2,2,-7,1,6,2,2,2,2,2,2,2,1,1,1,-7,2,2,2,2,0,0,1,0,0,0,bas25_01076,651.00303378,1,24510,Inner Harbor/Federal Hill,8,28,09:55:08,8,28,10:08:38,2,2,2,2,3,4,1,1,6,3
40,2,4,2,3,1,3,3,3,3,3,1,3,1,1,2,1,1,1,1,1,1,1,3,1,3,1,3,3,2,2,2,4,2,4,3,1,1,1,1,1,1,1,2,2,3,3,3,4,4,4,-7,4,3,3,3,3,3,3,1,1,1,1,1,1,2,1,1,3,0,1,0,0,1,0,0,0,0,0,0,0,0,1,0,0,0,0,0,1,1,0,0,0,0,0,0,0,1,0,0,0,0,0,1,1,0,0,0,1,1,0,1,1,0,0,1,0,0,1,-8,-8,-8,-8,-8,-8,-8,1,2,-7,-7,-7,-7,-7,-7,-7,5,-7,-7,-7,500000,50000,3,4,2,3,3,3,3,2,-7,2,2,1,1,1,1,1,1,1,1,1,1,2,2,1,1,3,0,0,0,0,0,0,0,0,NA,1,0,1,0,0,1,0,0,0,0,0,5,5,2,4,1,0,0,0,1,2,NA,2,-7,-7,2,2,2,-7,-7,-7,2,7,1,1953,72,1,-7,2,2,1,1,1,9,-7,-7,-7,-7,1,2,-7,5,10,2,2,2,2,2,2,4,2,1,1,-7,2,2,2,2,0,0,1,0,0,0,bas25_01117,571.34015058,2,24005,-7,9,16,11:49:17,9,16,12:17:30,2,2,2,2,4,4,1,5,0,1
35,3,2,2,2,2,3,3,2,3,3,2,3,3,1,2,2,1,1,1,1,1,1,3,2,3,-8,3,3,2,3,3,3,3,3,3,1,1,1,1,1,1,2,1,2,3,2,1,3,3,2,-7,2,3,3,3,3,3,3,1,1,1,2,2,2,2,2,2,2,1,1,1,0,0,0,0,0,0,0,0,0,1,1,1,0,0,0,0,0,0,0,0,0,0,0,1,0,0,0,0,0,0,0,0,1,0,0,0,1,1,0,1,0,1,0,0,0,0,2,0,0,0,0,0,1,0,3,-7,-7,-7,-7,-7,-7,-7,-7,5,-7,-7,-7,175000,40000,3,4,3,4,3,3,3,2,-7,2,2,3,2,1,2,2,1,1,1,1,1,4,3,1,1,1,0,0,0,0,0,0,0,0,NA,1,1,1,0,1,0,1,0,0,0,0,5,4,2,4,1,0,0,0,2,2,NA,2,-7,-7,2,2,2,-7,-7,-7,2,6,1,1939,86,2,-7,2,2,1,1,1,4,-7,-7,3,-7,4,1,5,-7,5,2,2,2,2,2,2,3,2,1,1,-7,2,2,2,2,0,0,1,0,0,0,bas25_01121,1322.8651578,2,24005,-7,9,11,11:17:54,9,11,11:51:39,2,2,2,2,2,4,2,5,0,1
1,2,2,2,2,2,3,3,2,2,3,2,3,4,3,3,3,2,2,3,3,2,2,3,2,2,2,2,2,2,2,2,3,3,2,3,1,2,1,2,2,1,2,1,2,3,2,2,3,4,2,-7,1,2,2,3,2,2,3,1,2,2,1,3,1,3,2,1,1,1,0,0,1,0,0,0,0,0,0,0,0,1,0,0,1,0,0,1,1,1,1,1,0,0,1,0,0,0,0,0,1,0,1,0,0,0,1,0,0,1,0,0,1,1,0,0,0,0,2,1,0,0,0,0,0,0,1,1,-7,-7,-7,-7,-7,-7,-7,6,-7,-7,-7,NA,NA,3,3,3,4,3,3,3,2,-7,2,2,2,1,2,1,2,1,2,2,1,1,4,5,2,2,1,0,0,0,0,0,0,0,0,NA,1,0,0,0,0,0,0,0,1,1,0,4,4,1,1,1,0,0,0,1,5,NA,2,-7,-7,-8,-7,2,-7,-7,-7,1,6,5,-8,-8,1,-7,4,2,3,3,3,9,-7,-7,-7,-7,1,1,5,-7,5,1,2,2,2,2,2,3,4,3,5,2,3,4,3,4,0,0,0,0,1,0,bas25_01122,239.35553443,1,24510,Greater Charles Village/Barclay,9,21,23:03:29,9,21,23:37:46,2,2,2,3,2,4,1,-8,4,2
3,2,4,3,4,2,3,1,3,3,-8,4,4,3,2,1,3,1,2,1,-8,-8,2,1,3,-8,1,5,4,2,-8,2,4,4,2,-8,1,1,1,1,2,1,2,1,2,3,1,2,2,2,2,4,-7,3,2,3,3,3,3,1,2,1,2,3,1,2,2,1,1,0,0,0,0,0,0,0,1,0,1,0,0,0,0,0,0,1,0,0,1,0,0,0,0,0,0,0,0,1,0,0,0,0,0,1,0,0,0,0,1,0,1,1,1,1,0,1,1,0,4,-8,-8,-8,-8,-8,-8,-8,3,-7,-7,-7,-7,-7,-7,-7,-7,1,1,2,3,225000,70000,4,5,4,4,3,3,3,2,-7,2,2,2,1,1,1,2,1,1,1,1,1,2,1,1,1,1,0,0,0,0,0,0,0,0,NA,1,0,0,0,0,0,0,0,0,0,1,3,2,2,1,1,0,0,0,1,2,NA,2,-7,-7,2,1,2,-7,-7,-7,2,6,1,1987,38,2,-7,2,2,1,1,1,9,-7,-7,-7,-7,1,2,-7,4,9,2,2,2,2,2,2,3,2,1,1,-7,2,2,2,2,0,0,1,0,0,0,bas25_01123,1680.9267095,2,24005,-7,9,22,16:50:41,9,22,17:23:42,1,2,1,2,4,4,2,3,1,1
0,2,2,1,1,1,1,1,1,1,1,1,1,2,2,1,2,2,2,4,4,4,2,2,2,2,2,2,2,2,4,2,2,3,2,2,1,1,1,1,1,1,1,1,2,2,2,2,2,2,2,-7,2,2,2,2,2,2,2,1,2,2,3,2,1,2,1,1,5,0,0,0,0,0,0,1,1,0,0,0,0,0,0,0,0,0,0,0,1,1,1,0,0,0,1,0,1,0,0,0,0,0,0,0,1,0,0,0,0,1,0,0,0,0,1,1,1,0,3,-8,-8,-8,-8,-8,-8,-8,1,2,-7,-7,-7,-7,-7,-7,-7,6,-7,-7,-7,20000,5000,2,2,2,2,2,2,2,2,-7,2,2,2,1,1,1,1,1,2,1,1,1,2,2,1,2,2,0,0,0,0,0,0,0,0,NA,1,0,0,0,0,0,0,0,0,0,1,5,5,1,2,0,1,0,0,2,2,NA,2,-7,-7,1,-7,2,-7,-7,-7,2,7,5,2000,25,2,-7,2,2,3,3,3,9,-7,-7,-7,-7,1,1,5,-7,5,2,2,2,2,2,2,3,3,2,4,2,3,4,3,4,0,0,0,0,1,0,bas25_01136,143.84220403,1,24510,Greater Charles Village/Barclay,8,27,16:06:07,8,27,16:18:28,1,2,2,3,2,4,2,2,6,3
28,2,2,1,2,2,3,3,2,2,1,2,4,2,2,2,3,1,1,2,1,2,1,1,3,1,1,2,4,2,3,3,4,4,4,4,1,1,1,1,1,1,1,1,2,5,5,2,5,4,5,-7,1,2,2,2,2,2,2,1,5,1,3,2,2,3,1,1,1,1,1,0,0,1,0,0,0,0,1,0,0,1,1,0,0,0,0,0,0,1,0,0,0,0,1,0,0,0,1,0,0,0,1,0,1,1,1,0,1,0,0,0,1,1,0,1,0,0,3,-8,-8,-8,-8,-8,-8,-8,2,-7,1,0,1,1,1,1,1,8,-7,-7,-7,120000,35000,4,5,4,5,1,1,2,1,2,1,1,1,4,1,5,3,1,1,1,1,3,5,3,1,1,4,0,0,0,1,0,0,1,0,NA,0,0,1,0,0,0,1,1,1,0,0,1,4,2,4,0,1,0,0,1,2,NA,1,1,-7,2,1,2,-7,-7,-7,1,3,3,1970,55,1,-7,2,2,1,1,1,9,-7,-7,-7,-7,1,2,-7,1,6,2,1,2,1,1,2,3,2,1,1,-7,1,1,1,1,0,1,0,0,0,0,bas25_01149,902.78588322,1,24510,The Waverlies,9,2,23:58:35,9,3,00:56:50,2,2,2,1,3,2,1,4,6,3
1,3,1,2,2,2,3,2,1,5,3,1,3,2,1,1,3,3,2,3,2,1,4,5,3,3,3,1,1,2,3,3,3,3,4,3,1,1,1,1,1,1,2,1,2,3,5,3,4,4,4,4,-7,3,3,3,3,3,3,1,1,1,3,1,1,3,2,1,1,0,1,0,1,1,0,0,1,1,1,0,0,0,0,0,0,1,0,0,1,1,1,0,0,0,0,1,0,1,0,0,1,0,1,1,1,1,0,1,0,1,0,0,1,1,0,1,1,0,3,0,0,0,0,1,1,0,1,4,-7,-7,-7,-7,-7,-7,-7,2,1,4,1,300000,75000,4,2,4,5,3,3,3,2,-7,2,2,2,1,3,1,3,1,3,3,3,1,1,4,1,1,1,0,1,0,1,0,0,0,0,NA,0,0,1,0,0,0,0,0,0,0,0,5,5,3,1,1,0,0,0,1,2,NA,2,-7,-7,2,2,2,-7,-7,-7,2,6,1,1988,37,2,-7,2,2,1,1,1,9,-7,-7,-7,-7,1,1,4,-7,4,2,2,2,2,2,2,5,3,1,1,-7,2,2,2,2,0,0,1,0,0,0,bas25_01151,604.68584136,1,24510,Canton,9,22,13:36:01,9,22,14:05:20,1,2,1,2,2,4,2,3,0,1
0,2,2,2,2,2,3,3,2,3,3,2,3,3,2,3,1,1,1,1,1,1,3,4,3,3,3,6,-7,2,2,2,3,2,3,3,1,1,1,1,1,2,2,2,2,5,5,3,4,4,4,-7,3,3,3,3,3,3,3,1,2,1,1,3,1,2,1,1,1,1,0,0,0,0,0,0,1,0,0,0,0,1,0,0,0,1,0,0,1,0,0,0,0,0,1,0,0,0,1,-8,-8,-8,-8,-8,-8,-8,0,0,1,1,0,1,1,0,0,0,1,0,2,-8,-8,-8,-8,-8,-8,-8,3,-7,-7,-7,-7,-7,-7,-7,-7,1,1,3,2,800000,60000,3,4,2,4,3,3,3,2,-7,2,2,1,1,2,2,2,1,1,1,3,1,4,3,1,1,3,0,0,0,1,0,1,1,0,NA,0,1,1,0,0,1,0,0,0,0,0,5,5,2,1,1,0,0,0,1,2,NA,2,-7,-7,2,1,2,-7,-7,-7,2,7,1,1967,58,2,-7,2,2,1,1,1,1,2,-7,-7,-7,2,2,-7,6,11,2,2,2,2,2,2,3,3,1,1,-7,2,2,2,2,0,0,1,0,0,0,bas25_01152,637.52247,2,24005,-7,9,2,17:25:09,9,2,17:52:15,1,2,2,2,4,4,2,4,0,1
1,1,1,2,2,2,2,2,1,1,1,1,1,1,1,1,1,1,1,1,1,1,1,1,1,1,1,1,1,1,1,1,1,2,2,2,2,2,2,2,2,2,2,2,1,1,1,1,1,1,1,1,-7,1,1,1,1,1,1,1,1,2,1,1,1,1,1,1,1,0,0,0,0,0,0,0,0,0,0,1,0,0,0,1,0,0,0,0,0,0,0,0,0,0,0,0,0,0,1,0,0,1,0,0,0,0,1,0,0,0,0,0,1,0,0,0,0,0,1,0,0,0,0,0,0,1,2,-7,0,0,0,0,0,0,1,1,1,1,1,20000,20000,1,1,1,1,1,1,1,1,1,1,1,1,1,1,1,1,1,1,5,3,4,1,1,1,1,1,0,0,0,0,0,0,0,0,NA,1,0,0,0,0,0,0,0,0,0,1,1,1,3,1,0,0,0,1,2,3,NA,2,-7,-7,1,-7,2,-7,-7,-7,2,2,2,2000,25,1,-7,5,2,3,3,3,6,-7,-7,-7,-7,1,2,-7,1,6,2,-8,-8,-8,2,2,4,4,1,5,1,3,4,3,4,0,0,0,0,1,0,bas25_01153,178.65236216,1,24510,Beechfield/Ten Hills/West Hills,8,28,09:52:27,8,28,10:10:44,1,2,1,3,3,1,1,2,12,3
12,2,3,2,2,2,3,3,2,2,3,3,3,2,2,2,1,1,1,3,1,1,2,1,2,2,1,3,3,2,4,4,3,5,2,3,-8,-8,-8,-8,-8,-8,-8,-8,2,-8,-8,1,-8,-8,-8,-7,1,3,3,3,3,3,3,1,4,1,1,2,1,3,1,1,2,1,0,0,0,1,0,0,1,0,0,0,0,0,0,0,0,0,0,0,1,0,0,0,0,-8,-8,-8,-8,-8,-8,-8,-8,-8,-8,-8,-8,-8,-8,-8,-8,-8,-8,0,0,0,0,0,0,1,3,-8,-8,-8,-8,-8,-8,-8,2,-7,0,0,0,0,0,0,1,1,5,4,3,500000,50000,4,4,2,1,3,3,3,2,-7,2,2,1,1,1,1,1,1,2,1,1,1,3,1,1,1,1,0,0,0,0,0,0,0,0,NA,1,0,0,1,0,0,0,0,0,0,0,3,2,1,1,1,0,0,0,1,2,NA,-8,-7,-7,1,-7,2,-7,-7,-7,2,4,2,1949,76,-8,-6,-8,2,1,1,1,1,1,-7,-7,-7,6,2,-7,-8,-6,2,2,2,2,2,2,2,3,1,1,-7,2,2,2,2,0,0,1,0,0,0,bas25_01161,517.14066623,2,24005,-7,8,29,11:35:47,8,29,12:18:41,2,2,2,2,-6,3,-8,5,0,1
18,4,1,2,2,2,3,2,2,2,2,1,3,2,1,3,2,1,2,2,1,2,2,5,4,2,3,2,2,2,3,2,3,4,4,5,1,1,1,1,1,1,1,2,2,5,5,5,5,5,5,-7,4,3,3,2,3,3,3,1,4,1,3,1,1,2,2,1,1,0,0,0,0,0,0,1,1,0,1,0,0,0,0,0,0,0,0,0,1,1,0,0,0,0,0,0,0,0,1,0,1,0,0,1,0,0,0,1,0,0,1,0,1,0,0,0,1,0,3,1,1,0,0,0,0,0,3,-7,-7,-7,-7,-7,-7,-7,-7,1,1,4,2,600000,50000,3,4,4,5,3,3,3,2,-7,2,2,1,1,1,1,1,1,1,1,1,1,3,3,1,1,2,0,0,0,0,0,0,0,0,NA,1,0,1,0,0,1,0,0,0,0,0,5,5,2,1,1,0,0,0,1,2,NA,2,-7,-7,4,1,2,-7,-7,-7,2,7,1,1971,54,1,-7,2,2,1,1,1,-8,-6,-7,-7,-7,5,-8,-7,-7,-6,2,2,2,2,2,2,3,2,1,1,-7,2,2,2,2,0,0,1,0,0,0,bas25_01179,472.22554665,1,24510,Greater Roland Park/Poplar Hill,9,4,19:53:40,9,4,20:18:17,1,2,2,2,-6,4,1,4,1,1
3,4,2,2,2,3,3,2,3,4,4,3,4,3,3,3,4,2,1,4,3,3,1,2,3,3,1,1,2,3,4,4,4,4,4,5,1,1,1,1,1,1,1,1,1,3,5,5,5,5,3,-7,3,3,3,3,3,3,3,2,3,2,2,2,3,2,5,2,7,0,0,0,0,0,0,0,0,0,0,0,1,0,0,0,0,0,0,0,0,0,1,0,0,1,0,0,0,0,0,0,0,0,0,1,0,0,0,0,0,1,0,0,0,1,0,0,0,0,1,0,1,0,0,0,0,0,1,1,-7,-7,-7,-7,-7,-7,-7,1,2,2,3,1 billion,1,4,3,3,3,3,1,2,1,1,1,1,4,4,4,2,3,4,3,3,3,3,3,4,1,1,5,0,0,0,0,0,1,0,0,NA,0,0,0,0,0,0,0,0,0,0,1,5,5,1,3,0,0,1,0,2,5,NA,2,-7,-7,2,1,1,0,0,0,2,4,5,1988,37,1,-7,2,2,1,1,1,8,-7,-7,-7,-7,2,1,4,-7,4,2,2,2,2,2,2,4,2,1,3,-7,1,1,1,1,0,1,0,0,0,0,bas25_01180,1900.0797346,2,24005,-7,8,28,13:01:26,8,28,13:14:39,1,2,2,1,2,3,1,3,0,1
1,3,1,2,1,1,4,2,5,2,3,1,3,3,1,1,1,1,1,1,1,1,1,2,1,3,1,6,-7,3,4,4,4,3,4,3,1,1,1,1,1,1,1,1,2,5,5,5,5,5,5,-7,3,2,1,1,1,1,1,2,1,2,1,3,3,1,1,2,2,1,1,0,1,1,0,1,0,0,1,0,0,1,1,0,1,1,0,1,1,1,0,0,0,-8,-8,-8,-8,-8,-8,-8,-8,-8,-8,-8,-8,-8,0,0,1,1,0,0,0,0,0,0,0,1,2,0,0,0,0,1,0,0,1,3,-7,-7,-7,-7,-7,-7,-7,1,3,1,4,300000,50000,4,3,4,5,1,1,1,1,1,1,1,4,5,5,5,5,5,4,5,4,3,1,2,1,1,2,0,0,0,0,0,0,0,0,NA,1,0,0,0,0,0,0,0,0,0,1,3,1,1,3,1,0,0,0,2,2,NA,2,-7,-7,1,-7,1,1,0,1,2,4,5,2000,25,1,-7,2,2,1,1,1,9,-7,-7,-7,-7,8,1,4,-7,4,2,2,2,2,2,2,3,3,1,1,-7,1,1,1,1,0,1,0,0,0,0,bas25_01188,568.57413373,1,24510,Cross-Country/Cheswolde,10,2,18:11:02,10,2,18:38:34,1,1,2,1,2,3,1,2,11,3
51,6,4,1,1,1,4,3,2,4,4,4,4,4,3,5,4,1,3,3,2,2,2,2,2,4,3,5,4,1,3,3,3,3,1,2,-8,-8,-8,-8,-8,-8,-8,-8,2,4,4,4,4,4,4,-7,4,3,3,3,3,3,3,1,1,1,2,3,3,3,1,1,1,0,1,0,0,0,0,0,0,0,0,0,0,0,0,0,0,0,0,0,0,1,0,0,0,-8,-8,-8,-8,-8,-8,0,0,0,0,0,1,0,1,1,0,0,0,1,1,1,1,1,1,0,1,-8,-8,-8,-8,-8,-8,-8,1,4,-7,-7,-7,-7,-7,-7,-7,1,1,5,4,500000,50000,3,4,2,4,3,3,3,2,-7,2,2,1,1,1,1,1,1,1,1,1,1,2,1,2,2,1,-8,-8,-8,-8,-8,-8,-8,-8,NA,-8,0,0,0,0,0,0,0,0,0,1,5,5,2,1,1,0,0,0,2,2,NA,2,-7,-7,2,1,2,-7,-7,-7,2,7,1,1953,72,1,-7,2,2,1,1,1,4,-7,-7,1,-7,8,2,-7,5,10,2,2,2,2,2,2,3,1,1,1,-7,2,2,2,2,0,0,1,0,0,0,bas25_01196,204.49128552,1,24510,Mount Washington/Coldspring,8,28,00:12:06,8,28,00:32:03,2,2,2,2,4,4,1,5,0,1
15,3,4,3,4,2,3,3,4,4,4,4,4,4,3,3,3,1,3,2,1,2,3,3,4,5,3,2,3,2,4,4,3,3,3,3,1,1,1,1,1,1,1,1,2,5,3,4,5,3,5,-7,5,3,2,3,3,3,3,1,1,1,3,2,1,2,1,-8,2,0,0,0,0,1,0,0,1,0,0,0,0,0,0,0,0,0,0,0,0,0,0,0,1,0,0,0,0,0,1,0,0,1,0,0,0,0,0,0,1,1,0,0,0,0,0,0,0,1,2,1,0,0,0,1,0,0,3,-7,-7,-7,-7,-7,-7,-7,-7,2,5,4,2,300k,25k,3,3,3,2,3,3,3,2,-7,2,2,3,1,2,1,2,1,1,1,1,1,3,3,1,1,2,0,1,0,0,0,0,0,0,NA,0,0,0,0,0,1,0,0,0,0,0,4,4,2,1,0,1,0,0,1,2,NA,2,-7,-7,3,1,2,-7,-7,-7,2,7,1,1970,55,-8,-6,5,2,3,3,3,8,-7,-7,-7,-7,8,2,-7,-8,-6,-8,-8,-8,-8,-8,-8,-8,3,1,1,-7,-6,-6,-6,-6,0,0,0,0,0,0,bas25_01197,514.14308478,1,24510,North Baltimore/Guilford/Homeland,8,27,19:17:37,8,27,20:03:12,1,2,2,-6,-6,4,-8,4,1,1
62,2,2,2,3,-8,2,-8,3,2,1,2,3,2,2,2,3,4,2,2,2,2,3,-8,2,1,1,3,3,2,3,3,4,1,2,3,1,1,1,1,-8,-8,-8,1,2,5,5,3,5,4,4,-7,3,3,3,3,3,3,3,1,1,2,2,3,3,2,2,1,1,1,0,0,0,0,0,0,0,0,0,0,0,1,0,0,0,0,0,0,0,0,0,0,0,-8,-8,-8,-8,-8,-8,0,1,0,0,0,1,0,0,0,1,1,0,1,0,0,0,1,0,0,2,1,0,0,0,0,0,0,2,-7,0,0,0,0,1,0,1,5,-7,-7,-7,125000,40000,3,3,4,5,3,3,3,2,-7,2,2,2,1,1,1,1,1,1,1,1,1,5,1,1,1,1,0,0,0,0,0,0,0,0,NA,1,1,1,0,1,1,0,1,0,0,0,4,5,2,1,0,0,1,0,1,2,NA,-8,-7,-7,-8,-7,2,-7,-7,-7,2,4,3,1940,85,1,-7,2,2,1,1,1,2,-7,-7,-7,-7,8,-8,-7,-7,-6,2,2,2,2,2,2,4,2,1,1,-7,1,1,1,1,0,1,0,0,0,0,bas25_01200,457.90540423,1,24510,Clifton-Berea,9,4,19:34:06,10,1,16:24:08,2,2,2,1,-6,3,1,5,0,1
13,3,2,2,2,2,4,2,2,3,3,2,3,2,1,2,1,2,2,1,2,1,4,4,3,4,3,1,2,1,3,3,4,2,3,4,1,1,1,1,1,2,1,2,2,2,5,2,2,3,2,-7,3,3,3,3,3,3,3,1,1,1,3,1,1,2,2,1,1,0,0,0,0,1,1,1,1,0,0,0,0,0,0,0,1,1,0,0,1,1,0,0,0,0,0,0,1,0,1,0,1,1,1,0,0,0,0,0,1,1,0,0,0,1,1,1,0,0,2,1,0,0,0,0,0,0,1,4,-7,-7,-7,-7,-7,-7,-7,1,1,4,3,300000,80000,4,5,4,5,3,3,3,2,-7,2,2,2,2,1,2,2,2,3,3,1,1,3,3,1,1,1,0,1,0,1,0,0,0,0,NA,0,0,0,0,0,0,0,0,1,1,0,5,5,1,2,1,0,0,0,1,2,NA,2,-7,-7,2,1,2,-7,-7,-7,1,6,1,1980,45,2,-7,2,2,1,1,1,9,-7,-7,-7,-7,1,2,-7,3,8,2,2,2,2,2,2,5,2,1,1,-7,2,2,2,2,0,0,1,0,0,0,bas25_01206,580.05472883,1,24510,Dickeyville/Franklintown,9,23,13:21:25,9,23,13:45:15,2,2,2,2,4,4,2,3,0,1
18,2,2,1,1,1,3,2,2,3,3,2,4,4,3,3,3,1,2,2,2,2,4,3,4,3,1,3,4,2,2,3,3,2,2,2,1,1,1,1,1,1,1,1,2,5,3,3,5,5,5,4,-7,3,3,3,3,3,3,1,1,1,3,3,3,3,2,1,1,0,0,0,0,1,0,0,0,0,0,0,0,0,0,0,0,1,0,0,0,0,0,0,0,0,1,0,0,0,0,0,0,1,0,1,0,0,1,0,0,1,0,0,0,0,0,1,0,0,2,-8,-8,-8,-8,-8,-8,-8,3,-7,-7,-7,-7,-7,-7,-7,-7,1,2,4,3,100000,70000,2,1,2,2,2,2,2,2,-7,2,2,2,3,3,5,4,3,3,2,1,1,3,1,1,1,5,0,1,1,1,1,0,1,0,NA,0,1,0,0,1,0,0,0,0,0,0,5,5,2,1,0,1,1,0,1,2,NA,2,-7,-7,1,-7,2,-7,-7,-7,1,7,3,1972,53,1,-7,2,2,3,3,3,3,-7,-7,-7,-7,6,1,2,-7,2,2,2,2,2,2,2,3,1,1,1,-7,2,2,2,2,0,0,1,0,0,0,bas25_01208,136.15460854,1,24510,Greektown/Bayview,9,1,15:43:47,9,1,16:14:25,1,1,1,2,1,4,1,4,0,1
5,4,2,2,3,2,3,3,3,4,3,2,3,3,3,2,2,3,2,4,4,4,3,3,3,4,3,2,2,2,2,2,3,2,3,3,2,2,2,2,2,2,2,2,2,4,5,3,4,5,4,-7,4,3,3,2,3,3,3,1,1,1,3,1,1,4,2,2,2,0,0,1,0,0,0,0,1,0,1,0,0,0,1,1,0,1,0,0,1,0,0,0,0,0,0,0,0,0,1,0,0,0,1,0,1,0,1,0,0,1,0,0,0,0,0,0,0,1,3,0,0,0,0,1,0,0,1,4,-7,-7,-7,-7,-7,-7,-7,1,2,4,3,200000,50000,3,3,4,5,3,3,3,2,-7,2,2,2,1,1,1,2,1,1,1,1,1,2,2,1,1,2,0,0,0,0,0,1,0,0,NA,0,0,0,0,0,0,0,0,0,0,1,5,5,2,1,1,1,0,0,1,2,NA,2,-7,-7,1,-7,2,-7,-7,-7,2,7,5,1989,36,1,-7,2,2,1,1,1,9,-7,-7,-7,-7,3,2,-7,3,8,2,2,2,2,2,2,5,2,1,1,-7,2,2,2,2,0,0,1,0,0,0,bas25_01225,100.46247593,1,24510,Midtown,9,7,13:12:26,9,7,17:17:49,2,1,2,2,4,4,1,3,1,1
25,5,2,3,3,3,3,3,3,1,2,3,3,3,2,2,2,1,2,2,1,2,1,1,2,1,1,3,3,3,3,3,3,-8,-8,-8,1,1,1,1,1,1,1,1,1,-8,-8,-8,-8,-8,-8,-7,3,3,3,3,3,3,3,1,1,-8,2,1,3,3,1,1,1,1,1,0,0,0,0,0,0,0,0,0,0,1,1,0,0,0,0,0,0,0,0,0,0,-8,-8,-8,-8,-8,-8,-8,-8,-8,-8,-8,-8,-8,0,0,1,0,0,0,0,0,0,0,0,1,3,-8,-8,-8,-8,-8,-8,-8,2,-7,0,0,1,0,0,0,0,1,-8,4,1,NA,NA,3,4,4,4,2,2,2,2,-7,2,2,2,4,5,5,5,3,3,-8,3,3,-8,-8,1,1,-8,0,0,0,0,0,0,0,0,NA,1,-8,-8,-8,-8,-8,-8,-8,-8,-8,-8,-8,5,-8,3,1,0,0,0,1,-8,NA,-8,-7,-7,-8,-7,-8,-7,-7,-7,-8,-8,-8,-8,-8,1,-7,-8,-8,1,1,1,-8,-6,-7,-7,-7,-8,-8,-7,-7,-6,-8,-8,-8,-8,-8,-8,-8,-8,1,-8,-7,-6,-6,-6,-6,-8,-8,-8,-8,-8,-8,bas25_01244,192.80670701,1,24510,Cedonia/Frankford,10,2,09:55:41,10,2,10:31:26,2,1,2,-6,-6,-8,1,-8,0,1
20,2,2,2,3,2,3,3,3,2,3,2,4,1,1,2,2,1,1,2,1,1,2,3,3,2,1,2,2,2,3,3,3,-8,3,3,1,1,1,1,1,1,2,2,1,3,3,-8,3,3,3,-7,4,3,3,3,3,3,3,1,1,1,1,1,3,3,1,1,5,1,0,0,0,0,0,0,1,0,0,0,0,1,0,0,0,0,0,0,1,0,0,0,0,0,1,0,0,0,0,0,0,0,1,1,0,0,0,0,1,1,0,1,1,0,0,0,0,0,1,-8,-8,-8,-8,-8,-8,-8,3,-7,-7,-7,-7,-7,-7,-7,-7,2,2,2,4,300000,50000,3,4,3,4,3,3,3,2,-7,2,2,2,1,1,1,2,1,1,2,1,1,3,5,2,1,1,0,1,0,0,1,1,0,0,NA,0,0,1,0,0,1,0,0,1,1,0,5,5,2,1,1,0,0,0,2,2,NA,2,-7,-7,3,1,2,-7,-7,-7,1,7,1,1966,59,1,-7,2,2,1,1,1,4,-7,-7,4,-7,1,2,-7,3,8,2,2,2,2,2,2,3,3,1,1,-7,2,2,2,2,0,0,1,0,0,0,bas25_01261,765.30347356,2,24005,-7,9,18,18:09:35,9,18,18:29:06,2,1,2,2,4,4,1,4,0,1
11,5,1,2,2,2,3,3,3,3,4,2,3,3,1,1,2,1,1,2,2,1,1,2,1,2,1,4,2,2,2,2,4,2,2,2,1,1,1,1,1,1,1,1,1,3,2,2,3,3,3,3,-7,2,2,2,2,2,2,1,5,2,4,3,1,3,1,1,1,1,0,0,1,1,0,0,0,0,1,0,0,1,0,0,1,1,0,0,1,1,0,0,0,-8,-8,-8,-8,-8,-8,0,1,0,0,1,1,0,0,0,1,1,0,0,1,1,1,1,1,0,4,0,0,1,0,0,0,0,3,-7,-7,-7,-7,-7,-7,-7,-7,5,-7,-7,-7,1000000,10000,4,5,4,5,3,3,3,2,-7,2,2,2,3,3,3,3,3,1,1,1,3,3,3,1,1,1,0,0,0,0,0,0,0,0,NA,1,1,1,1,0,0,1,1,1,0,0,5,5,2,1,0,1,0,0,1,2,NA,2,-7,-7,1,-7,2,-7,-7,-7,2,4,3,1948,77,1,-7,2,2,1,1,1,1,1,-7,-7,-7,1,1,2,-7,2,2,2,2,2,2,2,4,2,1,1,-7,2,2,2,2,0,0,1,0,0,0,bas25_01266,485.43360462,2,24005,-7,8,29,13:09:58,8,29,13:55:26,1,2,1,2,1,3,1,5,6,3
12,3,2,2,3,2,4,3,3,4,3,4,5,5,4,3,4,2,1,3,2,3,2,3,2,3,2,2,3,3,3,3,3,3,3,-8,2,2,2,2,2,2,2,2,2,5,4,3,4,4,4,-7,3,3,3,3,3,2,3,1,2,1,2,2,1,3,1,1,1,1,0,0,0,0,0,0,0,0,0,0,0,1,0,0,0,0,0,0,0,1,0,0,0,-8,-8,-8,-8,-8,-8,-8,-8,-8,-8,-8,-8,-8,0,0,1,1,0,0,0,0,0,0,0,1,2,-8,-8,-8,-8,-8,-8,-8,-8,-7,-7,-7,-7,-7,-7,-7,-7,5,-7,-7,-7,300000,20000,3,4,3,3,3,3,3,2,-7,2,2,2,1,1,1,2,1,1,1,1,1,3,3,1,1,1,0,0,0,1,0,0,0,0,NA,0,0,1,0,0,1,0,0,0,0,0,4,2,2,1,1,0,0,0,1,2,NA,2,-7,-7,1,-7,2,-7,-7,-7,2,7,3,1956,69,1,-7,2,2,3,3,3,9,-7,-7,-7,-7,1,2,-7,4,9,2,2,2,2,2,2,-8,-8,1,1,-7,3,4,3,4,0,0,0,0,1,0,bas25_01279,77.767884901,1,24510,Fells Point,8,30,12:25:39,8,30,13:23:41,1,2,2,3,4,4,1,5,1,1
9,3,3,2,2,2,3,3,3,2,1,3,2,3,3,3,2,1,1,3,2,2,3,2,4,1,1,3,3,2,4,3,4,4,3,3,1,1,1,1,1,1,1,1,2,3,2,3,3,3,3,-7,4,3,3,3,3,3,3,1,1,1,2,3,1,2,2,1,1,0,0,0,0,1,0,0,1,1,0,0,0,0,0,0,0,1,0,0,1,1,0,0,0,0,1,0,0,0,1,0,1,1,0,0,1,1,1,0,1,0,0,0,0,1,0,0,0,0,2,-8,-8,-8,-8,-8,-8,-8,1,1,-7,-7,-7,-7,-7,-7,-7,1,1,3,2,1010000,30000,3,4,4,5,3,3,3,2,-7,2,2,3,2,2,2,3,2,2,2,1,1,2,2,1,1,1,0,0,0,0,0,0,0,0,NA,1,0,0,0,0,0,0,0,0,0,1,5,5,2,1,1,0,0,0,1,2,NA,-8,-7,-7,2,1,1,0,1,0,2,6,1,1987,38,1,-7,2,2,3,3,3,3,-7,-7,-7,-7,1,2,-7,6,11,2,2,2,2,2,2,3,3,1,1,-7,2,2,2,2,0,0,1,0,0,0,bas25_01311,1536.9169926,2,24005,-7,8,27,21:05:00,8,27,21:50:12,1,2,2,2,4,4,1,3,0,1
33,3,4,2,3,2,3,2,3,3,3,4,5,3,2,3,4,2,3,2,2,2,2,2,4,2,2,2,2,3,3,3,4,3,3,4,2,2,2,2,2,2,2,2,1,3,4,3,5,4,4,-7,5,3,3,3,3,3,3,1,1,1,2,2,3,3,2,2,1,1,1,0,0,1,0,0,0,0,0,0,0,1,1,0,1,1,0,0,0,0,0,0,0,0,0,0,1,0,0,0,0,0,0,1,1,0,0,0,1,1,0,0,0,0,0,0,0,1,2,0,0,0,0,0,1,0,3,-7,-7,-7,-7,-7,-7,-7,-7,5,-7,-7,-7,29000,20000,3,4,3,4,1,1,2,1,2,1,1,3,5,4,5,4,3,4,4,4,2,4,4,1,2,4,0,1,1,1,0,1,1,0,NA,0,1,1,0,0,1,0,0,1,0,0,2,1,2,2,0,0,0,1,1,2,NA,2,-7,-7,1,-7,2,-7,-7,-7,1,6,5,1965,60,2,-7,1,2,1,1,1,1,7,Assembly of God,-7,-7,1,1,2,-7,2,1,2,2,2,1,2,5,2,1,1,-7,2,2,2,2,0,0,1,0,0,0,bas25_01325,282.99298925,1,24510,Loch Raven,8,27,12:46:26,8,27,13:07:43,1,1,2,2,1,4,2,4,0,1
10,4,2,2,2,2,3,3,2,3,3,2,3,4,2,1,2,2,2,2,2,1,3,3,2,3,2,2,2,2,3,2,4,3,2,2,1,1,1,1,1,1,1,2,2,3,3,3,2,3,3,4,-7,3,3,3,3,3,3,1,1,1,1,2,2,3,1,1,1,0,0,0,0,1,0,0,0,0,0,0,0,0,0,0,0,1,0,0,0,0,0,0,0,-8,-8,-8,-8,-8,-8,-8,-8,-8,-8,-8,-8,-8,0,0,1,1,0,0,0,0,0,0,0,1,1,-8,-8,-8,-8,-8,-8,-8,3,-7,-7,-7,-7,-7,-7,-7,-7,1,2,2,4,250000,30000,3,2,3,4,3,3,3,2,-7,2,2,1,1,1,1,1,1,1,1,1,1,3,3,1,1,1,0,0,0,0,0,0,0,0,NA,1,0,0,0,1,0,0,0,1,1,0,5,5,1,1,1,0,0,0,2,2,NA,2,-7,-7,1,-7,2,-7,-7,-7,2,7,5,1985,40,1,-7,2,2,1,1,1,9,-7,-7,-7,-7,1,2,-7,4,9,2,2,2,2,2,2,5,2,1,1,-7,2,2,2,2,0,0,1,0,0,0,bas25_01330,112.76766622,1,24510,Midtown,8,27,19:49:14,8,27,20:08:14,2,1,1,2,4,4,1,3,0,1
1,3,1,2,2,2,4,4,2,4,3,1,3,1,1,1,1,1,1,1,1,1,1,5,1,4,1,2,2,2,4,4,4,4,3,3,1,1,1,1,2,1,2,2,2,5,4,3,5,5,5,4,-7,3,2,2,2,2,3,1,1,1,1,3,1,1,1,1,4,0,0,0,0,0,0,0,1,0,0,0,0,0,0,0,0,0,0,0,1,0,0,0,0,-8,-8,-8,-8,-8,-8,0,0,0,0,1,0,0,0,0,1,1,0,0,0,0,0,0,0,1,1,-8,-8,-8,-8,-8,-8,-8,3,-7,-7,-7,-7,-7,-7,-7,-7,2,1,3,2,150000,30000,4,4,4,4,3,3,3,2,-7,2,2,1,1,2,1,1,1,2,1,1,1,4,3,1,2,1,0,0,0,0,0,0,0,0,NA,1,0,0,0,0,0,0,0,0,0,1,5,5,1,1,1,0,0,0,2,5,NA,2,-7,-7,4,1,2,-7,-7,-7,2,6,5,2000,25,2,-7,2,2,3,3,3,9,-7,-7,-7,-7,5,2,-7,3,8,2,2,2,2,2,2,3,2,1,1,-7,3,4,3,4,0,0,0,0,1,0,bas25_01340,5824.5286141,2,24005,-7,9,2,14:23:43,9,2,14:39:14,2,2,1,3,4,4,2,2,4,2
9,2,1,1,2,1,4,3,1,2,-8,1,3,1,1,1,1,1,1,1,1,1,1,1,-8,1,1,2,1,2,2,2,4,2,2,-8,1,1,1,1,1,1,1,1,2,5,5,3,5,5,5,-7,3,2,2,2,2,2,3,1,4,2,1,2,3,1,1,1,-8,1,1,0,1,0,0,0,0,0,0,0,0,1,1,0,1,0,0,0,0,0,0,0,0,-8,-8,-8,-8,-8,-8,0,0,0,0,1,0,0,0,0,1,1,0,-8,-8,-8,-8,-8,-8,-8,1,-8,-8,-8,-8,-8,-8,-8,3,-7,-7,-7,-7,-7,-7,-7,-7,2,1,4,4,100000,40000,3,4,3,4,3,3,3,2,-7,2,2,3,2,2,1,3,2,2,1,1,1,3,2,1,1,1,0,0,0,0,0,0,0,0,NA,1,1,1,0,0,0,0,0,1,0,0,5,5,1,1,1,0,0,0,1,2,NA,2,-7,-7,1,-7,2,-7,-7,-7,1,7,3,1951,74,1,-7,2,2,1,1,1,1,4,-7,-7,-7,8,1,3,-7,3,2,2,2,2,2,2,4,2,1,1,-7,2,2,2,2,0,0,1,0,0,0,bas25_01342,92.025529166,1,24510,Dickeyville/Franklintown,8,30,10:03:01,8,30,10:43:01,2,2,2,2,2,4,1,5,5,2
11,3,4,3,4,4,3,2,5,4,4,4,5,4,4,4,5,3,5,5,5,5,5,4,5,4,2,6,-7,3,4,4,4,5,4,5,1,1,1,1,1,2,2,1,2,5,5,5,5,5,5,4,-7,1,1,1,1,1,1,1,5,2,5,3,3,4,5,1,2,0,0,0,0,0,0,1,0,0,0,0,0,0,0,0,0,0,0,1,0,0,0,0,0,1,1,1,1,0,0,1,1,1,1,1,1,1,0,0,1,0,1,0,1,0,1,0,0,0,3,-8,-8,-8,-8,-8,-8,-8,1,2,-7,-7,-7,-7,-7,-7,-7,1,1,4,2,35000,25000,3,4,3,5,1,1,1,1,1,1,1,4,4,4,4,5,5,4,4,5,3,4,5,1,2,3,1,0,0,0,0,0,0,0,NA,0,0,0,0,0,0,0,0,0,0,1,5,5,1,2,0,1,0,0,2,2,NA,2,-7,-7,5,1,2,-7,-7,-7,1,3,5,1982,43,1,-7,2,2,3,3,3,5,-7,-7,-7,-7,5,1,2,-7,2,1,1,2,2,2,2,4,2,1,1,-7,3,4,3,4,0,0,0,0,1,0,bas25_01344,763.47981512,1,24510,Southeastern,10,1,17:41:56,10,1,17:59:39,1,1,1,3,1,2,1,3,12,3
5,5,2,2,3,3,3,2,3,3,3,4,5,4,2,3,5,3,3,5,4,4,2,2,4,3,4,1,1,2,3,3,4,3,3,3,2,1,2,2,2,1,2,1,2,4,5,3,4,4,4,-7,2,3,3,3,3,3,3,1,1,1,3,1,1,3,1,1,1,0,0,0,0,0,0,0,1,0,0,0,0,0,0,0,0,1,0,0,0,0,0,0,0,-8,-8,-8,-8,-8,-8,-8,-8,-8,-8,-8,-8,-8,0,0,1,1,0,0,0,1,0,0,0,0,1,-8,-8,-8,-8,-8,-8,-8,1,4,-7,-7,-7,-7,-7,-7,-7,1,1,3,3,500000,45000,3,2,4,5,3,3,3,2,-7,2,2,1,1,1,1,1,1,1,1,1,1,1,2,1,1,1,0,0,0,0,0,0,0,0,NA,1,0,0,0,0,0,0,0,0,0,1,5,5,2,1,1,0,0,0,2,2,NA,1,1,-7,2,1,2,-7,-7,-7,2,6,1,1985,40,2,-7,2,2,1,1,1,9,-7,-7,-7,-7,3,2,-7,6,11,2,2,2,2,2,2,4,3,1,1,-7,2,2,2,2,0,0,1,0,0,0,bas25_01346,681.8821945,1,24510,Hampden/Remington,9,3,16:52:48,9,3,17:18:20,2,2,2,2,4,4,2,3,0,1
12,4,2,1,2,2,3,3,3,4,5,2,4,3,2,3,3,2,2,1,1,1,1,2,2,5,2,1,1,3,4,4,3,1,3,3,1,1,1,1,1,1,1,1,2,5,3,2,4,4,4,4,-7,3,3,3,3,3,3,1,5,2,5,2,1,4,3,3,1,0,0,0,0,1,0,1,1,0,1,0,0,0,0,0,0,1,0,1,1,0,1,0,0,0,1,1,0,0,1,0,0,0,0,1,0,1,0,0,1,0,1,1,0,0,0,0,0,0,3,-8,-8,-8,-8,-8,-8,-8,3,-7,-7,-7,-7,-7,-7,-7,-7,9,-7,-7,-7,400000,40000,4,5,4,5,3,3,3,2,-7,2,2,2,1,1,1,1,1,1,1,1,1,4,4,1,1,2,0,1,1,1,0,1,1,0,NA,0,0,1,0,1,0,0,0,0,0,0,3,3,2,1,1,0,0,0,2,2,NA,2,-7,-7,2,2,1,2,2,0,2,7,1,1984,41,1,-7,2,2,1,1,1,9,-7,-7,-7,-7,5,2,-7,6,11,2,2,2,2,2,2,3,1,1,1,-7,2,2,2,2,0,0,1,0,0,0,bas25_01347,678.24546987,2,24005,-7,9,25,23:24:00,9,25,23:44:31,2,1,1,2,4,4,1,3,0,1
12,5,2,2,3,3,3,3,3,4,2,3,2,2,2,2,1,2,1,1,1,1,1,2,2,4,2,4,4,3,4,3,3,3,4,4,2,1,2,1,2,1,2,2,1,5,5,3,4,3,3,-7,4,2,2,2,2,2,2,2,2,2,4,2,1,4,2,3,1,1,0,0,0,0,0,0,0,0,0,0,0,1,1,0,0,0,0,1,0,0,0,0,0,0,0,1,0,0,0,0,0,0,0,1,0,1,0,0,0,1,1,0,0,1,0,0,1,0,5,0,0,1,0,1,0,0,1,4,-7,-7,-7,-7,-7,-7,-7,1,1,3,4,50000,5000,4,5,4,5,2,2,2,1,3,1,1,2,4,3,2,2,4,1,1,1,1,4,2,1,1,2,0,0,0,1,0,0,1,0,NA,0,1,1,0,0,0,1,0,0,0,0,2,2,1,1,0,1,0,0,1,2,NA,2,-7,-7,2,2,1,1,0,1,2,4,5,1982,43,1,-7,2,2,1,1,1,9,-7,-7,-7,-7,3,1,2,-7,2,2,2,2,2,2,2,3,2,1,3,-7,1,1,1,1,0,1,0,0,0,0,bas25_01354,631.26919902,1,24510,Cherry Hill,9,21,16:47:22,9,21,17:14:35,2,1,2,1,1,3,1,3,6,3
4,4,3,2,3,2,3,2,3,3,2,3,3,3,2,1,3,1,1,2,1,1,2,3,2,2,1,2,4,2,2,2,3,3,2,3,1,1,1,1,1,1,1,1,2,2,4,4,5,4,4,3,-7,3,3,3,3,3,3,1,1,1,4,2,2,3,1,1,1,1,0,0,1,0,0,0,1,0,0,0,0,1,0,0,0,1,0,0,1,1,0,0,0,0,0,0,0,0,1,0,1,0,0,0,0,1,0,0,1,1,0,0,0,0,0,0,1,0,2,-8,-8,-8,-8,-8,-8,-8,1,4,-7,-7,-7,-7,-7,-7,-7,5,-7,-7,-7,90000,30000,3,3,3,4,3,3,2,2,-7,2,2,2,4,3,4,4,4,4,4,3,1,3,2,1,1,2,0,1,0,0,0,0,0,0,NA,0,1,1,0,0,1,0,0,1,0,0,5,5,2,3,1,0,0,0,2,2,NA,2,-7,-7,1,-7,2,-7,-7,-7,2,6,3,1957,68,2,-7,1,2,3,3,3,2,-7,-7,-7,-7,1,1,5,-7,5,2,1,2,2,2,2,4,2,1,1,-7,1,1,1,1,0,1,0,0,0,0,bas25_01355,362.5590417,1,24510,Oliver/Johnston Square,9,13,22:19:24,9,13,23:00:59,2,1,1,1,2,4,2,5,0,1
5,2,1,2,2,2,4,3,1,3,2,2,2,3,1,1,3,1,1,1,1,3,2,2,3,3,1,3,3,2,2,2,4,1,5,5,1,1,1,1,2,2,1,2,1,5,5,-8,5,5,4,4,-7,3,3,3,3,3,3,1,1,1,1,2,2,2,1,1,1,1,0,0,1,0,0,0,0,0,0,0,0,1,0,0,1,0,0,0,0,0,0,0,0,0,0,0,1,0,0,1,1,1,1,1,1,0,0,0,1,1,0,0,0,0,0,0,0,1,1,-8,-8,-8,-8,-8,-8,-8,2,-7,-8,-8,-8,-8,-8,-8,-8,5,-7,-7,-7,NA,NA,3,2,4,5,3,3,3,2,-7,2,2,2,1,1,1,1,1,1,1,1,1,2,1,1,1,1,0,0,0,0,0,0,0,0,NA,1,1,1,0,0,0,0,0,0,0,0,5,5,2,1,0,1,0,0,1,2,NA,-8,-7,-7,1,-7,2,-7,-7,-7,-8,4,5,1959,66,1,-7,2,2,1,1,1,-8,-6,-7,-7,-7,7,2,-7,2,7,2,2,2,2,2,2,-8,2,1,1,-7,1,1,1,1,0,1,0,0,0,0,bas25_01401,273.42416129,1,24510,Forest Park/Walbrook,8,27,16:44:49,8,27,17:26:51,1,1,1,1,3,3,1,5,0,1
27,5,1,1,2,2,3,3,2,5,4,2,3,2,1,2,3,1,1,1,1,1,2,3,2,5,1,2,2,2,2,2,4,2,3,3,2,2,1,2,1,1,1,2,2,5,5,4,3,4,3,3,-7,3,3,3,3,3,3,1,1,1,2,1,1,2,1,1,4,1,0,0,0,0,0,0,0,0,0,0,0,1,0,0,0,0,0,0,1,1,0,0,0,0,0,0,0,0,1,0,1,1,0,0,0,1,0,0,1,1,0,1,0,0,0,0,0,0,3,1,0,0,0,0,0,0,3,-7,-7,-7,-7,-7,-7,-7,-7,1,5,1,4,750000,60000,3,4,3,4,3,3,3,2,-7,2,-8,1,1,1,1,1,1,1,1,1,1,2,2,1,1,1,0,0,0,0,0,0,0,0,NA,1,1,1,0,0,1,0,0,0,0,0,5,5,2,4,1,0,0,0,1,2,NA,2,-7,-7,2,1,2,-7,-7,-7,2,6,1,1966,59,1,-7,2,-8,1,1,1,1,3,-7,-7,-7,1,2,-7,6,11,2,2,2,2,2,2,3,2,1,1,-7,2,2,2,2,0,0,1,0,0,-8,bas25_01415,273.17999434,1,24510,North Baltimore/Guilford/Homeland,8,29,19:13:41,8,29,19:51:51,1,2,1,2,4,4,1,4,0,1
2,3,1,2,2,2,3,3,3,4,3,2,3,2,2,2,4,3,2,5,4,5,1,3,2,3,2,2,4,2,4,4,4,3,3,3,1,1,1,1,1,1,1,1,2,5,3,3,5,5,5,4,-7,3,3,3,3,3,3,1,1,1,4,2,1,2,4,2,1,0,0,0,0,1,0,0,1,0,0,0,0,0,0,0,0,0,0,0,1,0,0,0,0,0,0,0,1,1,1,1,1,1,1,1,1,1,0,0,1,1,0,0,0,1,1,0,0,0,4,1,0,1,0,1,0,0,2,-7,0,0,1,0,0,0,0,1,1,2,3,750000,50000,3,3,3,3,3,3,3,2,-7,2,2,1,1,1,1,1,1,1,1,1,1,1,1,1,2,1,0,0,0,0,0,0,0,0,NA,1,0,0,0,0,0,0,0,0,0,1,3,3,2,1,0,1,0,0,1,2,NA,1,1,-7,1,-7,2,-7,-7,-7,2,6,5,1994,31,2,-7,2,2,1,1,1,2,-7,-7,-7,-7,3,2,-7,2,7,2,2,2,2,2,2,3,2,1,1,-7,2,2,2,2,0,0,1,0,0,0,bas25_01422,430.90581531,1,24510,Hampden/Remington,9,13,10:01:31,9,13,10:18:10,1,1,1,2,3,4,2,2,0,1
3,2,2,2,3,2,4,3,3,3,2,3,2,3,3,2,5,3,2,2,2,2,2,2,2,2,2,3,3,2,4,4,4,3,4,3,1,1,1,1,1,1,2,2,2,5,5,5,5,5,5,-7,4,3,3,3,3,3,3,1,3,1,3,2,2,3,3,2,1,1,0,0,0,1,0,0,1,0,0,0,0,1,0,0,0,1,0,0,1,1,0,0,0,0,0,0,1,0,0,0,0,1,1,1,1,0,0,0,1,1,0,1,1,1,1,1,1,0,4,1,0,0,0,1,1,0,3,-7,-7,-7,-7,-7,-7,-7,-7,9,-7,-7,-7,200000,60000,3,4,4,5,3,3,2,2,-7,2,2,3,3,4,5,4,2,4,5,4,3,3,5,2,2,2,0,1,0,1,0,0,0,1,"Excess sweating, hormone change",0,0,0,0,0,0,0,0,1,1,0,3,3,2,3,1,1,0,0,1,2,NA,2,-7,-7,2,1,2,-7,-7,-7,1,6,3,1983,42,1,-7,2,2,1,1,2,9,-7,-7,-7,-7,1,1,4,1,4,2,1,2,2,2,2,3,2,1,4,1,2,2,2,2,0,0,1,0,0,0,bas25_01425,289.37230351,1,24510,North Baltimore/Guilford/Homeland,9,1,15:07:31,9,9,22:36:48,2,2,2,2,2,4,1,3,0,1
30,2,1,2,2,1,3,2,2,2,2,1,2,2,1,1,1,1,1,1,1,1,2,3,4,2,3,4,4,3,4,4,4,3,2,2,1,1,1,1,1,1,1,1,2,2,1,1,1,1,1,-7,2,3,3,3,3,3,3,1,1,1,1,2,2,3,1,1,1,1,0,0,0,0,1,0,0,1,0,0,0,1,0,0,1,0,0,0,0,0,0,0,0,-8,-8,-8,-8,-8,-8,1,0,1,0,0,0,0,0,0,1,1,0,0,0,1,0,0,1,0,1,-8,-8,-8,-8,-8,-8,-8,2,-7,1,0,1,0,1,0,0,5,-7,-7,-7,300000,60000,3,4,3,4,3,3,3,2,-7,2,2,2,1,2,2,3,2,1,1,1,1,4,4,1,1,1,0,0,0,0,0,0,0,0,NA,1,1,1,0,0,0,1,0,1,0,0,1,5,2,1,1,0,0,0,1,1,NA,2,-7,-7,2,1,2,-7,-7,-7,1,4,1,1955,70,2,-7,2,2,1,1,1,9,-7,-7,-7,-7,3,1,5,-7,5,2,2,2,2,2,2,3,-8,1,1,-7,1,1,1,1,0,1,0,0,0,0,bas25_01430,1534.458672,2,24005,-7,8,28,12:53:36,8,28,13:38:24,1,1,2,1,2,3,2,5,0,1
18,3,2,2,3,2,3,4,4,3,3,3,3,3,3,2,1,1,1,1,1,1,1,3,3,2,1,1,1,2,2,2,2,2,2,2,1,1,1,1,2,1,2,2,2,4,2,1,3,2,3,-7,2,3,3,3,3,3,3,1,1,1,1,2,3,3,1,1,2,1,1,0,0,0,0,0,1,0,0,0,0,1,0,0,0,1,0,0,1,0,0,0,0,0,0,0,0,1,0,0,0,0,1,0,0,0,0,0,0,1,0,-8,-8,-8,-8,-8,-8,-8,1,0,0,0,0,0,1,0,3,-7,-7,-7,-7,-7,-7,-7,-7,5,-7,-7,-7,150000,50000,4,4,2,4,3,3,3,2,-7,2,2,1,1,1,1,1,1,1,1,1,1,2,1,1,1,1,0,0,0,0,0,0,1,0,NA,0,0,0,1,0,0,0,0,0,0,0,5,5,2,1,1,0,0,0,1,2,NA,2,-7,-7,2,2,2,-7,-7,-7,2,7,1,1949,76,2,-7,2,2,1,1,1,4,-7,-7,3,-7,2,1,1,-7,1,2,2,2,2,2,2,2,2,3,1,-7,2,2,2,2,0,0,1,0,0,0,bas25_01437,606.06431943,2,24005,-7,9,8,20:49:34,9,8,21:27:39,1,2,2,2,1,4,2,5,0,1
12,3,3,2,2,2,3,3,3,4,4,3,3,4,3,3,3,3,5,4,3,3,5,3,4,4,4,2,2,3,4,4,4,5,2,3,1,1,1,1,1,1,1,1,2,4,4,4,4,4,4,-7,4,3,3,3,3,3,3,1,3,1,3,2,2,3,3,1,6,0,0,1,0,0,0,0,0,0,0,0,0,0,0,1,0,0,0,0,0,1,0,0,0,0,0,0,0,1,0,0,1,0,0,0,1,0,0,0,1,1,0,0,0,0,0,1,1,0,3,0,0,0,1,0,0,0,1,2,-7,-7,-7,-7,-7,-7,-7,4,-7,-7,-7,60000,20000,3,5,4,5,2,2,2,1,3,2,2,3,4,4,4,4,1,4,3,3,3,3,3,1,1,4,0,0,0,0,0,0,0,0,NA,1,1,0,1,0,1,0,0,0,0,0,3,3,2,3,1,0,0,0,2,2,NA,2,-7,-7,-8,-7,2,-7,-7,-7,2,5,5,-8,-8,-8,-6,-8,-8,1,1,1,-8,-6,-7,-7,-7,-8,1,2,-7,2,2,2,2,2,2,2,-8,-8,1,1,-7,-6,-6,-6,-6,-8,-8,-8,-8,-8,-8,bas25_01442,211.53544418,1,24510,Penn North/Reservoir Hill,9,18,17:42:56,9,18,18:59:15,2,2,2,-6,1,3,-8,-8,0,1
3,4,2,3,2,2,1,1,2,1,2,4,3,4,2,3,2,4,3,3,3,2,4,3,3,3,3,2,2,3,1,2,2,2,4,3,-8,-8,-8,-8,-8,-8,-8,-8,2,3,3,3,4,4,4,4,-7,1,3,2,2,3,2,2,3,2,3,2,2,2,4,4,4,0,0,0,0,0,0,1,0,0,0,0,0,0,0,0,0,1,0,0,0,0,0,0,0,0,0,1,0,0,0,0,0,0,1,0,0,0,0,0,1,0,0,0,0,0,0,1,0,0,2,0,0,0,1,0,0,0,3,-7,-7,-7,-7,-7,-7,-7,-7,2,2,3,2,200000,40000,3,2,2,3,3,2,2,2,-7,2,1,2,-8,3,2,4,4,5,4,3,3,2,3,1,1,3,0,0,1,0,0,0,0,0,NA,0,0,0,0,0,0,0,0,1,0,0,1,2,2,2,0,0,0,1,2,2,NA,2,-7,-7,-8,-7,2,-7,-7,-7,2,6,5,1999,26,1,-7,2,2,1,3,3,1,1,-7,-7,-7,1,1,4,-7,4,2,2,2,2,2,2,4,2,1,1,-7,1,1,1,1,0,1,0,0,0,0,bas25_01446,860.6481848,1,24510,Highlandtown,9,5,11:41:54,9,5,11:48:15,2,2,1,1,2,4,1,2,5,2
3,3,1,2,3,2,4,3,2,2,3,2,3,3,1,3,1,1,1,1,1,1,1,2,3,2,1,6,-7,2,2,2,4,3,3,3,1,1,1,1,1,1,1,1,2,4,5,4,4,4,4,4,-7,3,3,3,3,3,3,1,1,1,1,1,1,2,1,1,1,1,0,1,1,1,0,0,1,0,0,0,0,1,0,0,1,1,0,0,1,0,0,0,0,-8,-8,-8,-8,-8,-8,-8,-8,-8,-8,-8,-8,-8,-8,-8,-8,-8,-8,0,0,0,0,0,0,1,1,0,0,0,0,0,1,0,3,-7,-7,-7,-7,-7,-7,-7,-7,5,-7,-7,-7,60000,35000,3,3,3,4,3,3,3,2,-7,2,2,2,1,1,1,2,1,1,1,1,1,2,1,1,1,1,0,0,0,0,0,0,0,0,NA,1,0,0,0,0,0,0,0,0,0,1,4,4,2,1,1,0,0,0,2,2,NA,2,-7,-7,1,-7,2,-7,-7,-7,2,7,5,1954,71,1,-7,1,2,1,1,1,2,-7,-7,-7,-7,4,1,5,-7,5,2,2,2,2,2,2,4,2,1,1,-7,2,2,2,2,0,0,1,0,0,0,bas25_01463,98.984004783,1,24510,Greater Roland Park/Poplar Hill,9,19,09:52:18,9,19,10:10:03,2,1,1,2,2,4,1,5,0,1
27,4,1,2,2,1,4,3,2,3,3,1,3,2,1,2,2,1,1,2,2,2,1,2,2,2,1,1,1,2,2,2,4,2,2,2,1,1,1,1,2,1,2,2,1,3,3,2,3,3,3,2,-7,3,3,3,3,3,3,1,1,1,1,1,1,3,1,1,5,1,1,0,1,0,0,0,1,1,0,0,0,1,1,0,0,0,0,0,1,1,0,0,0,0,0,0,0,1,0,0,0,0,0,1,1,0,0,0,0,1,1,1,1,0,1,0,1,0,2,-8,-8,-8,-8,-8,-8,-8,3,-7,-7,-7,-7,-7,-7,-7,-7,1,2,2,3,750000,50000,3,3,3,4,3,3,3,2,-7,2,2,1,1,1,3,2,1,1,1,1,1,3,2,1,1,1,0,0,0,0,0,0,0,0,NA,1,1,0,0,0,0,0,0,0,0,0,5,5,2,1,1,0,0,0,1,2,NA,1,2,2,2,1,2,-7,-7,-7,2,7,1,1966,59,1,-7,2,2,1,1,1,2,-7,-7,-7,-7,6,2,-7,5,10,2,2,2,2,2,2,5,2,1,1,-7,2,2,2,2,0,0,1,0,0,0,bas25_01478,184.23927828,1,24510,North Baltimore/Guilford/Homeland,8,30,12:13:23,8,30,12:54:05,1,2,1,2,4,4,1,4,0,1
3,5,4,3,3,3,2,3,3,3,2,5,4,4,5,5,3,5,4,5,3,5,5,3,4,2,4,2,2,3,4,3,4,2,3,3,1,1,1,1,1,2,1,2,2,4,5,4,5,5,4,-7,4,2,2,2,2,1,2,2,1,1,3,3,3,3,3,1,4,0,1,0,0,0,0,1,0,0,1,0,0,1,1,0,0,1,0,1,0,1,0,0,0,1,1,0,0,0,0,0,1,0,1,1,1,1,0,0,1,1,0,1,0,0,0,1,1,0,3,0,0,0,1,1,1,0,3,-7,-7,-7,-7,-7,-7,-7,-7,2,3,3,2,100000,1200,3,2,3,4,2,2,2,1,2,1,1,3,5,5,5,5,2,5,4,3,2,3,1,1,1,4,0,1,0,1,0,1,0,0,NA,0,1,1,0,0,0,0,0,0,0,0,5,5,1,2,0,1,0,0,1,4,NA,2,-7,-7,4,1,2,-7,-7,-7,1,6,3,1967,58,1,-7,2,2,1,1,1,2,-7,-7,-7,-7,6,1,1,-7,1,2,1,2,2,1,2,3,2,1,1,-7,3,3,3,3,0,0,0,1,0,0,bas25_01486,473.43416379,1,24510,Clifton-Berea,8,27,11:27:14,8,27,12:01:50,2,1,2,3,1,4,1,4,7,3
2,4,2,1,2,3,1,1,3,4,4,3,3,4,3,2,4,4,2,3,1,4,2,2,4,3,5,5,5,4,4,3,4,4,3,3,1,1,1,1,1,1,1,1,1,5,5,5,5,4,4,2,-7,3,3,3,2,1,3,2,3,2,3,3,3,3,4,1,2,1,0,0,0,0,0,0,0,0,0,0,0,1,0,0,0,0,0,0,0,0,0,0,0,0,1,0,0,0,0,0,0,0,0,0,1,0,1,0,1,0,0,1,1,0,0,0,0,0,1,-8,-8,-8,-8,-8,-8,-8,2,-7,0,0,0,0,0,0,1,5,-7,-7,-7,50000,20000,3,2,4,4,1,1,2,1,1,1,2,1,5,3,1,1,3,1,1,1,1,4,4,1,1,4,0,0,0,0,0,0,0,0,NA,1,1,1,0,0,1,0,0,1,1,0,3,1,1,1,0,1,0,0,2,4,NA,2,-7,-7,1,-7,1,0,1,0,1,2,3,1958,67,1,-7,2,2,3,3,1,9,-7,-7,-7,-7,1,1,1,-7,1,1,1,1,1,1,2,3,2,1,1,-7,2,2,2,2,0,0,1,0,0,0,bas25_01487,203.5526232,1,24510,Brooklyn/Curtis Bay/Hawkins Point,9,4,15:14:23,9,4,15:51:07,1,1,1,2,1,1,1,5,3,2
70,4,5,4,3,4,2,2,5,4,4,5,5,5,5,5,5,4,3,5,2,3,5,3,4,3,1,5,4,2,4,4,2,1,1,2,2,2,2,1,2,2,2,1,2,5,5,2,5,2,5,5,-7,3,3,3,3,3,3,1,1,1,4,2,2,3,5,1,1,1,0,0,0,0,0,0,0,0,0,0,0,1,0,0,0,0,0,0,0,0,0,0,0,-8,-8,-8,-8,-8,-8,0,0,0,1,1,0,0,1,0,0,1,0,0,0,0,0,0,0,1,3,-8,-8,-8,-8,-8,-8,-8,3,-7,-7,-7,-7,-7,-7,-7,-7,9,-7,-7,-7,150000,25000,4,5,2,2,3,3,3,2,-7,2,2,2,2,2,5,3,3,1,2,1,3,2,2,1,1,1,0,0,0,0,0,1,0,0,NA,0,1,1,0,0,1,0,0,0,0,0,5,5,2,2,0,1,0,0,1,2,NA,1,1,-7,2,1,2,-7,-7,-7,1,3,1,1956,69,2,-7,2,2,1,1,1,2,-7,-7,-7,-7,2,1,4,-7,4,2,2,2,2,2,2,3,1,1,1,-7,2,2,2,2,0,0,1,0,0,0,bas25_01499,646.34665082,1,24510,Brooklyn/Curtis Bay/Hawkins Point,9,24,09:50:02,9,24,10:29:20,2,1,1,2,2,2,2,5,0,1
21,2,1,2,3,-8,3,3,3,3,3,1,3,1,1,1,1,1,1,1,1,1,1,3,3,3,3,1,1,2,2,2,3,3,3,-8,-8,-8,-8,-8,-8,-8,-8,-8,2,-8,-8,-8,-8,-8,-8,3,-7,3,3,3,3,3,3,1,1,1,2,3,1,3,1,1,1,0,1,0,0,0,0,0,0,0,0,0,0,0,1,0,0,0,0,0,0,1,0,0,0,-8,-8,-8,-8,-8,-8,0,0,0,0,1,1,0,0,0,1,1,0,0,0,0,0,0,0,1,2,-8,-8,-8,-8,-8,-8,-8,3,-7,-7,-7,-7,-7,-7,-7,-7,5,-7,-7,-7,NA,NA,3,4,3,5,3,3,3,2,-7,2,2,1,1,1,1,1,1,1,1,1,1,4,3,1,1,1,0,0,0,0,0,0,0,0,NA,1,1,1,0,0,1,0,0,0,0,0,5,5,2,1,1,0,0,0,1,2,NA,2,-7,-7,1,-7,2,-7,-7,-7,2,7,3,1955,70,1,-7,2,2,1,1,1,-8,-6,-7,-7,-7,2,2,-7,-8,-6,2,2,2,2,2,2,4,2,1,1,-7,2,2,2,2,0,0,1,0,0,0,bas25_01507,210.55772614,2,24005,-7,8,28,17:00:28,8,28,17:21:45,1,1,1,2,-6,4,1,5,0,1
1,2,1,1,1,1,4,4,2,2,1,1,1,1,1,1,1,1,1,1,1,1,1,2,3,2,3,2,2,2,3,3,3,3,2,3,2,2,2,2,2,2,2,2,2,1,1,1,1,1,1,3,-7,3,3,3,3,3,3,1,1,1,2,3,3,2,1,1,1,0,0,0,0,0,0,0,0,0,0,0,1,0,0,0,0,0,0,1,0,0,0,0,0,0,0,0,0,0,1,1,0,0,0,0,0,0,1,0,1,0,0,0,1,0,1,1,1,0,1,0,0,0,0,0,1,0,2,-7,0,0,1,0,1,0,0,2,1,3,4,2500000,25000,2,2,3,2,3,3,3,2,-7,2,2,4,1,1,1,1,1,1,1,1,1,2,2,1,1,1,0,0,0,0,0,0,0,0,NA,1,0,0,0,0,0,0,0,0,0,1,1,1,2,1,1,0,0,0,1,2,NA,2,-7,-7,3,2,2,-7,-7,-7,1,3,1,1978,47,1,-7,2,2,1,1,1,8,-7,-7,-7,-7,2,1,4,-7,4,2,1,2,2,2,2,3,3,3,5,2,2,2,2,2,0,0,1,0,0,0,bas25_01511,1969.4727363,2,24005,-7,8,27,19:18:50,8,27,19:57:05,2,2,1,2,2,2,1,3,0,1
1,2,1,1,2,2,4,2,2,4,3,1,2,2,1,1,2,4,2,3,2,3,1,1,1,2,3,3,2,2,3,3,4,4,2,3,1,1,1,1,1,1,1,1,1,5,5,5,3,5,3,4,-7,2,2,2,1,2,1,2,2,1,2,3,3,3,3,1,1,0,0,0,0,1,0,1,1,0,0,0,0,1,0,0,1,0,0,0,0,0,0,0,0,0,1,0,0,0,0,0,0,1,0,0,0,0,1,0,0,0,0,0,1,0,0,0,0,0,3,0,1,0,0,0,0,0,1,1,-7,-7,-7,-7,-7,-7,-7,8,-7,-7,-7,200000,13000,3,3,4,5,2,2,2,1,2,1,2,1,4,2,5,1,2,1,1,1,1,3,3,1,1,1,0,0,0,0,0,0,0,0,NA,1,1,1,0,0,1,0,1,1,1,0,3,4,1,1,1,0,0,0,1,4,NA,2,-7,-7,2,1,1,0,0,2,1,4,4,1971,54,2,-7,2,2,1,1,1,9,-7,-7,-7,-7,1,1,1,-7,1,1,1,1,1,1,2,3,4,1,1,-7,1,1,1,1,0,1,0,0,0,0,bas25_01512,1124.9569496,1,24510,Poppleton/The Terraces/Hollins Market,9,3,11:48:05,10,2,14:27:23,1,1,1,1,1,3,2,4,8,3
2,4,1,2,3,2,4,3,3,3,2,1,3,2,1,1,2,2,1,2,1,1,1,2,1,1,1,1,1,2,2,2,4,2,1,2,1,1,1,1,1,1,2,2,2,2,2,2,2,2,2,-7,3,3,3,3,3,3,3,1,3,2,2,3,1,2,2,1,1,0,0,0,1,1,0,0,0,1,0,0,0,0,0,0,1,1,0,0,1,1,0,0,0,-8,-8,-8,-8,-8,-8,0,1,0,0,1,0,0,0,1,1,0,0,0,0,0,0,0,0,1,2,1,0,0,0,0,0,0,2,-7,0,0,0,0,0,0,1,1,1,5,1,200000,50000,2,4,4,5,3,3,3,2,-7,2,2,2,2,2,2,3,2,1,1,1,1,2,2,2,1,1,0,0,0,0,0,0,0,0,NA,1,1,0,0,0,0,1,0,0,0,0,5,5,2,1,1,0,0,0,1,2,NA,2,-7,-7,2,1,2,-7,-7,-7,1,7,3,1965,60,1,-7,2,2,1,1,1,9,-7,-7,-7,-7,1,2,-7,4,9,2,2,2,2,2,2,4,2,1,1,-7,2,2,2,2,0,0,1,0,0,0,bas25_01521,168.27715067,1,24510,Harbor East/Little Italy,9,5,14:45:07,9,5,15:10:21,1,2,2,2,4,4,1,4,0,1
50,6,1,2,4,2,3,2,3,3,2,1,3,2,2,2,3,1,3,1,1,1,1,3,3,3,2,6,-7,2,3,3,3,3,-8,-8,2,2,2,2,2,2,2,2,2,3,2,2,3,2,2,4,-7,3,3,3,3,3,3,1,5,1,1,1,1,1,1,1,2,0,0,0,0,0,0,0,0,0,0,0,1,0,0,0,0,1,0,0,0,0,0,0,0,0,1,0,0,0,0,-8,-8,-8,-8,-8,-8,-8,0,0,1,1,0,1,0,0,0,0,0,0,2,-8,-8,-8,-8,-8,-8,-8,2,-7,0,0,0,0,0,0,1,5,-7,-7,-7,100000,25000,4,4,2,3,3,3,3,2,-7,2,2,2,1,1,1,1,1,1,1,1,1,3,2,2,1,3,0,0,0,0,0,0,0,0,NA,1,0,0,0,0,0,0,0,0,0,1,3,3,2,1,1,0,0,0,1,2,NA,-8,-7,-7,3,2,2,-7,-7,-7,2,6,1,1942,83,2,-7,2,2,1,1,1,1,5,-7,-7,-7,4,2,-7,6,11,2,1,2,2,2,2,2,1,1,1,-7,2,2,2,2,0,0,1,0,0,0,bas25_01522,1967.5860024,2,24005,-7,8,28,13:06:11,8,28,13:48:57,1,1,1,2,4,4,2,5,0,1
36,4,1,2,2,2,4,3,3,3,3,1,3,3,2,1,2,1,1,2,1,-8,1,2,1,2,1,3,3,2,2,2,4,3,-8,-8,1,1,1,1,1,2,1,2,2,3,3,1,-8,-8,-8,-7,3,3,3,3,3,3,3,1,1,1,1,1,1,2,1,1,1,1,0,0,1,1,0,0,1,0,0,0,0,1,1,0,1,1,0,0,1,1,0,0,0,-8,-8,-8,-8,-8,-8,0,1,1,1,1,0,0,1,0,1,0,0,1,0,0,0,1,0,0,2,0,0,0,0,0,1,0,3,-7,-7,-7,-7,-7,-7,-7,-7,5,-7,-7,-7,NA,40000,2,3,4,4,3,3,3,2,-7,2,2,1,1,1,1,1,1,1,1,1,1,2,1,1,1,1,0,0,0,0,0,0,0,0,NA,1,1,1,0,0,0,0,0,0,0,0,5,5,2,1,1,0,0,0,1,2,NA,1,1,-7,2,1,2,-7,-7,-7,2,5,2,1952,73,1,-7,2,2,1,1,1,1,1,-7,-7,-7,-8,2,-7,1,6,2,2,2,2,2,2,4,2,1,1,-7,-6,-6,-6,-6,-8,-8,-8,-8,-8,0,bas25_01537,1045.7940866,2,24005,-7,9,5,06:59:49,9,5,07:53:58,1,1,2,-6,3,3,1,5,0,1
60,5,2,2,2,2,3,2,3,3,2,2,3,3,3,1,3,3,3,4,4,3,3,2,3,2,3,3,3,3,3,2,4,2,4,3,1,1,1,1,-8,-8,-8,-8,1,4,4,3,4,4,4,-7,4,3,3,3,3,3,3,1,2,2,3,2,2,2,2,2,1,1,0,0,0,0,0,0,1,0,0,0,0,1,0,0,0,0,0,1,1,0,0,0,0,0,0,0,1,0,0,0,0,0,1,0,0,0,0,0,1,0,0,0,1,0,0,0,0,0,4,0,0,0,0,0,1,0,2,-7,0,0,1,0,0,0,0,5,-7,-7,-7,50000,24000,3,3,3,5,2,2,2,1,3,1,1,2,5,4,4,4,4,3,3,2,3,2,1,1,1,4,0,0,0,0,0,0,0,0,NA,1,1,0,0,0,0,0,0,0,0,0,4,5,2,3,1,0,0,0,1,2,NA,2,-7,-7,1,-7,2,-7,-7,-7,2,2,5,1956,69,2,-7,2,2,1,1,1,1,1,-7,-7,-7,2,1,2,-7,2,1,1,2,2,2,2,3,2,1,1,-7,1,1,1,1,0,1,0,0,0,0,bas25_01547,740.20681186,1,24510,Sandtown-Winchester/Harlem Park,9,4,10:48:48,9,4,11:40:49,1,2,2,1,1,1,2,5,0,1
4,2,1,1,2,2,3,3,2,3,3,2,3,-8,1,1,1,1,1,2,1,1,1,2,1,-8,1,6,-7,2,4,3,4,3,3,3,1,1,1,1,1,1,1,1,2,2,3,1,2,2,2,5,-7,3,3,3,3,2,3,1,4,2,1,3,1,2,1,1,1,1,0,0,0,0,0,1,1,0,0,0,0,1,0,0,0,1,0,1,1,0,0,0,0,-8,-8,-8,-8,-8,-8,1,0,0,1,1,1,0,1,0,1,0,0,0,0,0,0,0,0,1,2,0,0,0,0,1,0,0,3,-7,-7,-7,-7,-7,-7,-7,-7,5,-7,-7,-7,NA,40000,4,5,3,5,3,3,3,2,-7,2,2,2,4,4,3,1,1,1,1,1,1,4,3,1,1,3,0,0,0,0,0,0,0,0,NA,1,1,1,1,0,1,0,1,0,0,0,5,5,1,1,1,0,0,0,2,2,NA,2,-7,-7,1,-7,2,-7,-7,-7,1,4,3,1950,75,1,-7,2,2,1,1,1,8,-7,-7,-7,-7,4,1,3,-7,3,2,2,2,2,2,2,4,2,1,1,-7,1,1,1,1,0,1,0,0,0,0,bas25_01548,799.43075242,2,24005,-7,10,9,22:02:47,10,9,22:35:01,1,2,1,1,2,3,1,5,1,1
12,3,1,2,2,2,3,3,2,3,3,1,3,1,1,1,2,1,1,1,1,1,2,3,3,3,2,2,2,2,3,2,3,2,3,3,-8,-8,-8,-8,-8,-8,-8,-8,2,3,3,3,3,3,3,5,-7,3,3,3,3,3,3,1,3,1,1,3,1,2,1,1,1,0,0,0,1,1,0,0,0,0,0,0,0,0,0,0,1,1,0,0,1,0,0,0,0,-8,-8,-8,-8,-8,-8,-8,-8,-8,-8,-8,-8,-8,0,0,1,1,0,0,1,0,0,0,1,0,1,-8,-8,-8,-8,-8,-8,-8,1,3,-7,-7,-7,-7,-7,-7,-7,1,3,3,3,200000,40000,4,3,4,5,3,3,3,2,-7,2,2,2,1,1,1,1,1,1,1,1,1,1,3,1,1,1,0,0,0,0,0,0,0,0,NA,1,0,0,0,0,0,0,0,0,0,1,5,5,2,1,1,0,0,0,1,2,NA,2,-7,-7,2,1,2,-7,-7,-7,2,4,1,1984,41,2,-7,2,2,1,1,1,9,-7,-7,-7,-7,1,2,-7,3,8,2,2,2,2,2,2,3,3,1,1,-7,3,5,3,5,1,0,1,0,1,0,bas25_01570,964.01921331,2,24005,-7,9,19,13:31:08,9,19,13:48:26,1,2,1,3,4,3,2,3,0,1
21,5,3,2,3,3,3,3,2,3,3,1,3,4,2,1,3,5,4,4,2,4,5,3,3,3,1,6,-7,2,4,4,4,4,1,2,1,1,1,1,1,1,2,1,2,5,5,5,5,4,5,2,-7,3,3,3,3,3,3,1,1,1,1,2,2,3,1,1,1,1,1,0,0,0,0,0,1,0,0,0,0,1,1,1,1,1,0,1,1,1,0,0,0,-8,-8,-8,-8,-8,-8,-8,-8,-8,-8,-8,-8,-8,0,0,1,1,0,0,0,0,0,0,0,1,3,-8,-8,-8,-8,-8,-8,-8,3,-7,-7,-7,-7,-7,-7,-7,-7,1,1,4,3,NA,NA,4,5,4,5,1,2,2,1,2,1,2,3,3,3,5,3,1,3,2,1,3,3,2,1,1,3,0,0,1,0,0,0,0,0,NA,0,1,1,0,1,0,1,0,0,0,0,3,5,-8,3,0,1,0,0,1,2,NA,2,-7,-7,1,-7,2,-7,-7,-7,2,4,3,1962,63,1,-7,2,2,1,1,1,8,-7,-7,-7,-7,8,1,4,-7,4,2,2,2,2,2,2,5,2,1,1,-7,1,1,1,1,0,1,0,0,0,0,bas25_01578,306.91463922,1,24510,Forest Park/Walbrook,9,10,09:47:58,9,10,10:45:02,2,2,1,1,2,3,1,4,0,1
70,3,2,-8,1,1,4,3,3,3,2,2,4,2,3,3,4,1,3,2,2,1,1,2,2,2,1,2,2,2,3,3,3,3,3,3,1,1,2,1,1,2,1,2,1,5,4,4,3,5,4,-7,4,3,3,3,3,3,3,1,1,1,3,1,1,2,2,1,4,0,0,0,1,0,0,0,0,0,0,0,0,0,0,0,1,0,0,0,1,0,0,0,0,-8,-8,-8,-8,-8,-8,0,1,0,0,0,1,0,0,0,1,1,0,0,0,0,1,0,0,0,2,0,0,1,0,0,0,0,1,3,-7,-7,-7,-7,-7,-7,-7,5,-7,-7,-7,125000,30000,2,4,3,5,3,3,3,2,-7,2,2,2,1,1,2,3,2,1,1,1,2,3,4,1,1,2,0,1,0,0,0,1,0,0,NA,0,0,0,0,0,0,0,0,1,0,0,5,4,2,1,1,0,0,0,1,2,NA,2,-7,-7,2,1,2,-7,-7,-7,2,7,1,1953,72,2,-7,2,2,1,1,1,4,-7,-7,1,-7,9,2,-7,1,6,2,2,2,2,2,2,4,3,1,1,-7,2,2,2,2,0,0,1,0,0,0,bas25_01582,358.30746317,1,24510,Cross-Country/Cheswolde,9,16,16:17:42,9,16,17:02:56,2,1,2,2,3,4,2,5,0,1
25,2,1,2,3,3,3,3,4,3,3,-8,3,-8,2,2,2,1,2,1,1,1,1,1,1,1,1,1,1,2,2,2,4,2,2,3,1,1,1,1,1,1,1,1,1,4,4,4,-8,4,4,-7,3,3,3,3,2,3,3,1,-8,2,2,1,1,2,1,1,1,1,0,0,0,0,0,0,0,1,0,0,0,1,0,0,0,0,0,0,0,1,0,0,0,-8,-8,-8,-8,-8,-8,-8,-8,-8,-8,-8,-8,-8,1,0,0,1,0,0,0,0,0,0,0,1,1,-8,-8,-8,-8,-8,-8,-8,3,-7,-7,-7,-7,-7,-7,-7,-7,8,-7,-7,-7,NA,NA,3,4,3,5,3,3,3,2,-7,2,2,1,2,2,2,1,2,1,1,1,1,4,4,2,1,2,0,0,0,0,0,0,0,0,NA,1,1,1,0,0,0,1,0,1,0,0,5,5,1,1,1,0,0,0,1,2,NA,1,3,3,1,-7,2,-7,-7,-7,1,3,3,1942,83,2,-7,2,2,1,1,1,1,1,-7,-7,-7,2,1,3,-7,3,2,2,2,2,2,2,3,2,1,1,-7,1,1,1,1,0,1,0,0,0,0,bas25_01584,943.52015597,1,24510,Northwood,9,4,14:50:44,10,1,18:24:54,1,2,2,1,2,2,2,5,1,1
1,4,1,1,2,2,3,2,1,4,3,2,3,5,2,3,5,1,2,5,3,5,4,3,4,3,2,5,4,3,2,2,2,2,2,3,1,1,1,1,1,1,1,1,2,5,5,2,5,4,5,-7,2,3,3,3,3,3,3,1,1,2,1,2,2,3,1,1,1,1,0,0,0,0,0,1,0,0,0,0,0,1,0,0,0,0,0,0,0,0,0,0,0,1,0,0,0,0,0,0,0,0,0,0,1,0,1,0,0,0,0,0,0,0,0,0,0,1,5,0,0,0,0,1,0,0,1,4,-7,-7,-7,-7,-7,-7,-7,5,-7,-7,-7,340000,25000,3,3,3,3,2,2,2,1,2,1,1,1,5,5,5,5,1,2,2,1,3,3,3,1,1,4,0,0,0,0,0,0,0,0,NA,1,1,1,0,1,0,1,0,0,0,0,2,4,1,1,0,1,0,0,2,5,NA,2,-7,-7,3,2,2,-7,-7,-7,1,1,5,1967,58,1,-7,2,2,1,1,1,9,-7,-7,-7,-7,1,1,1,-7,1,1,1,2,2,2,2,3,3,3,5,1,2,2,2,2,0,0,1,0,0,0,bas25_01587,874.06256311,1,24510,Morrell Park/Violetville,8,27,17:03:35,8,27,17:36:45,2,1,2,2,1,1,1,4,0,1
1,1,5,3,3,3,2,2,2,3,3,5,5,5,5,3,5,1,3,5,5,5,2,1,2,2,2,5,5,4,4,4,4,5,5,5,2,2,2,2,2,2,2,2,2,5,1,2,2,3,5,5,-7,2,2,2,2,2,2,2,4,2,5,2,2,4,5,3,4,-8,-8,-8,-8,-8,-8,-8,-8,-8,-8,-8,-8,0,0,0,0,1,0,0,0,0,0,0,0,1,1,0,0,0,0,0,1,0,1,0,0,1,0,1,1,0,0,0,1,0,0,0,1,0,5,0,0,0,0,1,0,0,1,4,-7,-7,-7,-7,-7,-7,-7,1,1,5,4,7000,1200,4,5,3,5,3,3,3,2,-7,2,2,4,2,2,2,5,2,1,1,2,1,1,1,1,2,3,0,1,0,0,0,0,0,0,NA,0,0,0,0,0,0,0,0,1,1,0,5,5,1,1,1,0,0,0,2,2,NA,2,-7,-7,3,1,2,-7,-7,-7,2,7,5,2001,24,1,-7,2,2,3,3,3,6,-7,-7,-7,-7,3,1,4,-7,4,2,2,2,2,2,2,5,2,3,5,2,3,4,3,4,0,0,0,0,1,0,bas25_01590,255.87713509,1,24510,Downtown/Seton Hill,9,3,17:17:08,9,3,17:38:43,2,2,1,3,2,4,1,1,6,3
5,1,1,2,2,1,3,3,2,1,3,2,3,1,1,2,2,1,1,1,1,1,1,3,2,1,1,1,2,2,2,2,4,2,2,3,1,1,1,2,2,1,1,2,2,3,2,1,2,2,2,-7,4,3,3,3,3,3,3,1,4,1,1,2,1,3,1,1,1,1,0,0,0,0,0,1,0,0,0,0,0,1,1,0,1,1,0,1,0,1,0,0,0,-8,-8,-8,-8,-8,-8,-8,-8,-8,-8,-8,-8,-8,1,0,1,0,0,0,0,0,0,0,0,1,1,-8,-8,-8,-8,-8,-8,-8,3,-7,-7,-7,-7,-7,-7,-7,-7,1,3,1,4,500000,50000,3,4,3,4,3,3,3,2,-7,2,2,1,1,1,1,1,1,1,1,1,1,2,2,1,1,2,0,1,0,0,0,0,0,0,NA,0,0,0,0,0,0,0,0,0,0,1,5,5,2,1,1,0,0,0,1,2,NA,2,-7,-7,4,1,2,-7,-7,-7,2,7,1,1975,50,1,-7,2,2,3,1,1,2,-7,-7,-7,-7,2,2,-7,6,11,2,2,2,2,2,2,4,2,1,1,-7,3,4,3,4,0,0,0,0,1,0,bas25_01593,562.23763969,2,24005,-7,9,2,06:14:59,9,2,06:32:42,2,2,2,3,4,4,1,4,0,1
15,3,4,2,3,2,3,3,3,3,3,4,4,5,3,3,2,1,1,3,2,1,3,2,4,3,3,6,-7,2,4,4,4,3,3,4,1,1,1,1,1,1,1,1,2,3,2,3,3,3,3,5,-7,3,3,3,3,3,3,1,3,1,2,1,3,3,2,1,1,0,0,0,0,0,0,1,0,0,0,0,0,0,0,0,0,0,0,1,1,1,0,0,0,1,1,0,0,0,1,0,0,1,0,0,0,0,0,0,1,0,0,0,1,1,0,0,1,0,3,0,0,0,0,1,1,0,3,-7,-7,-7,-7,-7,-7,-7,-7,4,-7,-7,-7,200000,50000,3,4,4,4,3,3,3,2,-7,2,2,3,3,3,3,3,3,2,3,1,1,2,2,1,1,3,1,0,0,0,0,1,0,0,NA,0,0,0,0,0,0,0,0,0,0,1,3,3,2,1,1,0,0,0,1,2,NA,2,-7,-7,1,-7,2,-7,-7,-7,2,7,5,1986,39,1,-7,2,2,3,3,3,6,-7,-7,-7,-7,9,1,2,-7,2,2,2,2,2,2,-8,3,1,2,1,-7,3,4,3,4,0,0,0,0,1,0,bas25_01595,274.30586806,2,24005,-7,9,8,21:17:46,9,8,21:39:40,2,1,1,3,1,4,1,3,0,1
5,3,2,2,3,1,4,3,3,4,3,2,3,2,2,1,1,3,1,2,1,1,2,3,2,3,2,1,1,2,3,2,4,3,4,4,2,1,2,2,2,2,2,2,1,3,5,4,5,5,4,-7,4,3,3,3,3,3,3,1,4,1,1,1,1,2,2,1,1,0,0,0,0,1,0,1,1,0,0,0,0,0,0,0,0,1,0,0,1,0,0,0,0,-8,-8,-8,-8,-8,-8,-8,-8,-8,-8,-8,-8,-8,0,1,1,0,0,0,1,1,0,0,0,0,1,-8,-8,-8,-8,-8,-8,-8,1,4,-7,-7,-7,-7,-7,-7,-7,1,1,3,3,200k/2ppl,50k/2ppl,4,2,4,5,3,3,3,2,-7,2,2,1,1,1,1,2,1,1,1,1,1,3,3,2,1,1,0,0,0,1,0,0,0,0,NA,0,0,0,0,0,0,0,0,0,0,1,5,4,2,1,1,0,0,0,2,2,NA,2,-7,-7,2,1,2,-7,-7,-7,2,6,5,1999,26,1,-7,-8,2,1,1,1,9,-7,-7,-7,-7,1,2,-7,2,7,2,2,2,2,2,2,5,2,1,2,-7,2,2,2,2,0,0,1,0,0,0,bas25_01609,508.94104015,1,24510,Inner Harbor/Federal Hill,8,31,10:22:59,-9,-9,NA:NA:NA,1,2,2,2,3,4,1,2,0,1
10,5,1,2,2,2,3,3,3,3,1,1,3,2,2,2,2,1,1,1,1,1,1,2,1,1,1,1,1,2,3,3,4,3,2,2,2,1,2,1,2,2,1,2,1,2,2,1,1,2,1,4,-7,3,3,3,3,3,3,1,5,1,1,2,3,2,1,1,1,0,0,0,0,0,0,0,0,1,0,0,0,1,0,0,0,0,0,0,0,1,1,0,0,-8,-8,-8,-8,-8,-8,-8,-8,-8,-8,-8,-8,-8,-8,-8,-8,-8,-8,0,0,1,0,1,1,0,1,-8,-8,-8,-8,-8,-8,-8,1,4,-7,-7,-7,-7,-7,-7,-7,8,-7,-7,-7,100000,19000,2,2,3,2,1,1,2,1,2,1,2,3,2,2,2,2,2,1,1,2,2,3,4,1,1,4,0,1,0,1,1,1,1,0,NA,0,0,0,0,0,0,0,0,1,1,0,5,5,1,1,1,0,0,0,1,4,NA,-8,-7,-7,1,-7,1,0,1,2,1,4,4,1976,49,1,-7,2,2,1,1,1,8,-7,-7,-7,-7,2,2,-7,-8,-6,2,2,1,2,2,2,4,2,1,1,-7,1,1,1,1,0,1,0,0,0,0,bas25_01611,763.78701781,2,24005,-7,9,5,10:13:03,9,5,10:44:45,2,1,1,1,-6,3,1,3,0,1
9,4,1,2,2,2,3,3,2,2,3,2,3,2,2,2,2,1,1,1,1,1,1,3,1,2,1,1,1,2,3,4,2,1,3,3,2,2,2,2,2,2,2,2,2,3,2,2,3,3,3,-7,3,3,3,3,3,3,3,1,4,1,1,1,1,3,1,1,1,1,1,0,0,1,0,1,0,0,0,0,0,1,1,0,0,1,0,1,0,0,0,0,0,-8,-8,-8,-8,-8,-8,0,0,0,0,0,1,0,0,0,1,1,0,0,0,0,0,0,0,1,1,-8,-8,-8,-8,-8,-8,-8,1,1,-7,-7,-7,-7,-7,-7,-7,5,-7,-7,-7,450000,35000,2,2,2,1,3,3,3,2,-7,2,2,1,1,1,1,1,1,1,1,1,1,2,2,1,1,1,0,0,0,0,0,0,0,0,NA,1,1,0,0,0,0,0,0,0,0,0,3,3,2,1,1,0,0,0,1,2,NA,2,-7,-7,1,-7,2,-7,-7,-7,2,7,5,1960,65,1,-7,2,2,1,1,1,2,-7,-7,-7,-7,8,1,5,-7,5,2,2,2,2,2,2,2,3,1,1,-7,2,2,2,2,0,0,1,0,0,0,bas25_01612,230.94698951,2,24005,-7,8,28,13:51:49,8,28,14:28:36,2,1,2,2,2,4,1,5,0,1
0,3,1,1,2,1,3,3,1,4,3,2,3,2,2,2,2,2,1,2,1,2,1,1,2,3,1,2,1,2,3,2,4,2,2,3,1,1,1,1,1,1,2,2,2,4,4,3,4,4,4,-7,4,3,3,3,3,3,3,1,4,1,3,1,1,3,1,1,1,0,0,0,0,0,0,0,0,1,0,0,0,0,0,0,0,0,0,0,0,1,0,0,0,-8,-8,-8,-8,-8,-8,-8,-8,-8,-8,-8,-8,-8,0,0,0,1,1,0,0,0,0,0,0,1,5,-8,-8,-8,-8,-8,-8,-8,1,4,-7,-7,-7,-7,-7,-7,-7,1,1,4,2,97000,52000,3,2,3,5,3,3,3,2,-7,2,2,3,3,3,3,3,2,2,1,4,2,4,4,2,2,3,0,1,0,0,0,0,0,0,NA,0,0,0,0,0,0,0,0,1,1,0,5,5,2,1,1,0,0,0,1,2,NA,2,-7,-7,1,-7,2,-7,-7,-7,2,6,5,1985,40,1,-7,2,2,1,1,1,9,-7,-7,-7,-7,2,2,-7,1,6,2,2,2,2,2,2,4,2,1,1,-7,3,5,3,5,1,0,1,0,1,0,bas25_01638,183.22967755,1,24510,Beechfield/Ten Hills/West Hills,8,28,15:34:24,8,28,15:58:44,2,1,2,3,3,4,1,3,0,1
30,2,4,2,3,2,3,3,4,4,3,3,3,2,1,1,3,1,1,1,1,2,1,-8,3,3,3,3,3,2,3,3,3,4,5,-8,-8,1,1,-8,-8,1,-8,2,2,5,4,-8,4,4,4,-7,1,3,3,3,3,3,3,1,1,1,2,1,1,3,1,1,1,1,1,0,0,1,0,0,1,0,0,0,0,1,1,0,0,1,0,0,1,0,0,0,0,-8,-8,-8,-8,-8,-8,-8,-8,-8,-8,-8,-8,-8,0,0,1,1,0,0,0,1,1,0,0,0,5,-8,-8,-8,-8,-8,-8,-8,1,2,-7,-7,-7,-7,-7,-7,-7,5,-7,-7,-7,500000.oo,50000,4,5,4,5,3,3,3,2,-7,2,2,1,1,1,1,1,1,1,1,1,1,2,2,1,1,1,0,1,0,1,0,0,0,0,NA,0,0,0,0,0,0,0,0,0,0,1,3,3,2,1,1,0,0,0,2,2,NA,2,-7,-7,2,1,2,-7,-7,-7,2,4,1,1964,61,1,-7,2,2,1,1,1,-8,-6,-7,-7,-7,-8,2,-7,1,6,2,2,2,2,-8,2,-8,-8,1,1,-7,1,1,1,1,0,1,0,0,0,0,bas25_01639,493.07518263,1,24510,Orchard Ridge/Armistead,9,7,16:48:32,9,7,18:02:22,1,1,2,1,3,3,1,4,0,1
0,3,2,2,2,2,3,3,2,3,2,2,2,3,2,3,3,2,2,2,2,2,4,2,3,2,2,1,1,2,3,3,4,2,3,3,2,2,2,2,2,2,2,2,2,3,4,3,3,4,3,-7,4,2,2,1,1,1,3,1,2,2,3,3,3,3,2,2,1,0,0,0,0,0,0,1,1,0,0,0,0,0,0,0,0,0,0,0,1,1,0,0,0,-8,-8,-8,-8,-8,-8,0,1,0,0,0,1,0,0,0,1,1,0,0,1,0,0,0,1,0,2,-8,-8,-8,-8,-8,-8,-8,1,3,-7,-7,-7,-7,-7,-7,-7,6,-7,-7,-7,100000,50000,3,2,3,3,3,3,3,2,-7,2,2,2,1,1,2,2,3,1,2,3,2,3,4,2,2,2,0,1,0,1,0,0,0,0,NA,0,0,0,0,0,0,0,0,0,0,1,1,4,1,1,1,0,0,0,1,2,NA,2,-7,-7,2,1,2,-7,-7,-7,2,6,5,2001,24,1,-7,2,2,3,3,3,1,3,-7,-7,-7,4,1,4,-7,4,2,2,2,2,2,2,4,2,3,3,-7,3,5,3,5,1,0,1,0,1,0,bas25_01647,499.61446346,1,24510,Greater Charles Village/Barclay,8,27,17:29:10,8,27,17:46:24,1,2,2,3,2,4,1,1,8,3
22,6,1,2,2,2,4,2,2,2,2,2,3,2,2,1,1,1,1,1,1,1,1,3,1,1,1,1,1,2,2,2,2,2,3,3,-8,1,-8,1,-8,1,1,2,1,2,1,1,2,-8,-8,3,-7,3,3,3,3,3,3,1,1,1,2,1,1,2,1,-8,4,0,0,0,0,0,0,0,0,0,1,0,0,0,0,0,0,1,0,0,0,0,0,0,0,-8,-8,-8,-8,-8,-8,0,1,0,0,0,0,0,1,0,1,0,0,0,0,0,1,0,0,0,1,0,0,1,0,0,0,0,3,-7,-7,-7,-7,-7,-7,-7,-7,2,5,1,4,500000,20000,3,2,3,5,3,3,3,2,-7,2,2,1,2,1,1,2,1,1,1,1,2,2,2,1,1,1,0,0,0,0,0,0,0,0,NA,1,1,0,0,0,0,0,0,0,0,0,5,5,2,2,1,0,0,0,2,2,NA,2,-7,-7,1,-7,2,-7,-7,-7,2,7,2,-8,-8,1,-7,2,2,1,1,1,2,-7,-7,-7,-7,8,-8,-7,-7,-6,2,2,2,2,2,2,2,2,1,1,-7,-6,-6,-6,-6,-8,-8,-8,-8,-8,0,bas25_01665,202.79290816,2,24005,-7,9,3,23:28:22,9,4,00:06:59,1,1,1,-6,-6,4,1,-8,0,1
45,6,1,1,1,1,4,4,4,2,3,2,3,2,1,2,1,1,1,1,1,1,1,3,1,2,1,1,1,2,3,3,3,4,5,4,1,1,1,1,1,-8,1,2,2,5,4,1,4,1,4,4,-7,1,1,1,1,1,1,2,1,1,2,1,1,1,1,1,5,0,0,0,1,1,0,0,0,0,0,0,0,0,0,0,1,1,0,0,0,0,0,0,0,0,0,0,0,0,1,0,0,0,0,0,1,0,0,0,1,1,0,0,0,1,0,0,0,0,3,0,1,0,0,0,0,0,1,4,-7,-7,-7,-7,-7,-7,-7,9,-7,-7,-7,200000,20000,4,5,2,4,1,1,1,1,1,1,1,4,4,1,4,4,4,1,1,1,2,4,1,1,1,4,1,1,0,1,1,0,1,1,Tiredness so bad I felt I had the flu,0,1,1,0,0,0,0,0,0,1,0,5,5,2,2,0,1,0,0,1,2,NA,1,1,-7,1,-7,2,-7,-7,-7,1,7,5,1951,74,2,-7,2,2,1,1,1,1,3,-7,-7,-7,1,1,2,-7,2,2,2,2,2,1,2,2,3,1,1,-7,2,2,2,2,0,0,1,0,0,0,bas25_01672,373.61592256,2,24005,-7,8,28,16:24:55,10,2,19:12:14,1,2,1,2,1,4,2,5,12,3
4,2,4,2,3,3,3,3,4,4,3,4,2,5,4,3,3,2,2,5,5,3,4,3,3,3,3,2,4,3,2,2,2,3,4,3,1,2,1,1,2,1,2,2,2,3,2,3,4,4,4,-7,4,3,1,1,1,1,2,2,4,2,1,2,1,3,1,2,7,0,0,0,0,0,0,0,1,0,0,0,0,0,0,0,0,0,0,0,1,0,0,0,0,0,1,0,0,0,0,0,0,0,0,1,1,1,0,0,1,1,0,0,0,0,0,1,1,0,2,0,0,0,0,0,1,0,3,-7,-7,-7,-7,-7,-7,-7,-7,6,-7,-7,-7,60000,20000,4,3,3,5,2,3,3,2,-7,1,2,4,2,3,3,2,3,3,2,3,2,3,4,2,1,1,0,0,0,0,0,0,0,0,NA,1,0,1,0,0,0,0,0,0,0,0,5,5,1,1,1,0,0,0,1,2,NA,2,-7,-7,2,2,2,-7,-7,-7,2,6,5,2002,23,1,-7,2,2,3,3,3,9,-7,-7,-7,-7,1,1,3,-7,3,2,2,2,2,2,2,2,4,3,5,2,3,4,3,4,0,0,0,0,1,0,bas25_01688,237.10244865,1,24510,Midtown,9,7,11:16:45,9,7,11:39:45,1,1,2,3,2,4,1,1,9,3
10,2,2,1,2,2,3,3,3,3,3,1,3,2,1,1,2,1,1,1,1,1,1,5,2,2,1,3,3,2,3,4,4,4,3,3,1,1,1,1,2,1,1,1,2,5,5,5,5,5,5,-7,4,3,3,3,3,3,3,1,1,1,3,2,2,2,1,1,1,1,1,0,0,1,0,1,1,1,0,1,0,1,1,0,0,1,0,1,1,1,0,0,0,-8,-8,-8,-8,-8,-8,-8,-8,-8,-8,-8,-8,-8,0,0,1,1,0,0,1,0,0,0,0,0,5,1,0,0,0,0,0,0,1,4,-7,-7,-7,-7,-7,-7,-7,1,4,5,2,100000,25000,3,5,3,5,3,3,3,2,-7,2,2,2,5,5,5,5,3,4,2,3,1,3,2,1,1,4,0,1,0,0,0,0,0,0,NA,0,1,1,0,0,0,1,0,0,0,0,5,5,2,1,1,0,0,0,2,2,NA,2,-7,-7,1,-7,2,-7,-7,-7,2,6,3,1963,62,1,-7,2,2,1,1,1,8,-7,-7,-7,-7,2,2,-7,1,6,2,2,2,2,2,2,3,3,1,1,-7,2,2,2,2,0,0,1,0,0,0,bas25_01719,573.53154492,2,24005,-7,8,27,17:27:31,8,27,17:59:29,1,2,2,2,3,4,1,4,0,1
5,3,1,2,2,2,3,3,3,4,3,2,3,2,2,2,1,1,1,1,1,1,5,2,2,4,1,1,1,3,2,4,4,3,2,-8,1,1,1,1,1,1,1,1,2,4,5,-8,5,-8,5,-7,5,3,3,3,3,3,3,1,1,1,5,2,2,3,2,5,1,0,0,0,1,1,0,0,0,1,1,0,0,0,0,0,0,1,0,0,0,0,0,0,0,-8,-8,-8,-8,-8,-8,1,1,1,1,1,1,1,0,1,1,0,0,1,1,0,0,1,0,0,5,-8,-8,-8,-8,-8,-8,-8,3,-7,-7,-7,-7,-7,-7,-7,-7,1,3,5,3,"500,00",50000,4,5,4,5,3,3,3,2,-7,2,2,1,1,1,5,1,1,1,1,1,2,3,2,1,1,4,0,1,0,0,0,0,1,0,NA,0,1,1,0,1,0,1,0,0,0,0,5,5,1,1,1,0,0,0,1,2,NA,2,-7,-7,-8,-7,-8,-7,-7,-7,1,7,-8,-8,-8,1,-7,2,2,1,1,1,8,-7,-7,-7,-7,-8,-8,-7,-7,-6,2,2,2,2,2,2,-8,-8,1,-8,-7,1,1,1,1,0,1,0,0,0,0,bas25_01723,321.72144098,1,24510,Upton/Druid Heights,9,4,16:55:13,9,4,17:33:42,2,1,2,1,-6,4,1,-8,0,1
7,3,1,1,1,1,4,4,1,3,3,1,3,1,1,1,2,2,1,1,1,1,1,2,1,2,1,6,-7,2,3,3,4,2,-8,-8,1,1,1,1,1,1,2,2,1,2,2,1,2,4,4,-7,4,3,3,3,3,3,3,1,1,1,1,1,1,1,1,1,1,0,0,0,0,1,0,0,1,0,0,0,0,0,0,0,0,0,0,0,1,0,0,0,0,0,1,0,0,0,1,-8,-8,-8,-8,-8,-8,-8,1,0,1,0,0,1,1,0,0,0,1,0,1,-8,-8,-8,-8,-8,-8,-8,1,4,-7,-7,-7,-7,-7,-7,-7,1,3,2,3,200000,60000,3,-8,4,5,3,3,3,2,-7,2,2,1,1,1,1,1,1,1,1,1,1,1,2,1,1,1,0,0,0,0,0,0,0,0,NA,1,0,0,0,0,0,0,0,0,0,1,5,5,2,1,1,0,0,0,1,2,NA,2,-7,-7,2,1,1,0,2,0,2,7,1,1987,38,1,-7,2,2,1,1,1,9,-7,-7,-7,-7,1,2,-7,4,9,2,2,2,2,2,2,4,2,1,1,-7,2,2,2,2,0,0,1,0,0,0,bas25_01725,456.20361937,2,24005,-7,9,6,08:56:53,9,6,09:26:25,2,2,2,2,4,4,1,3,0,1
0,3,1,2,2,2,3,2,3,3,-8,2,-8,2,2,2,2,2,1,2,2,2,2,2,1,3,3,2,2,2,3,3,4,3,3,3,1,1,1,1,1,1,1,1,2,-8,-8,-8,-8,-8,-8,-7,1,3,3,3,3,3,3,1,3,-8,2,3,3,3,1,1,-8,0,0,0,0,0,0,0,0,0,0,0,1,0,0,0,0,0,0,0,1,0,0,0,0,-8,-8,-8,-8,-8,-8,-8,-8,-8,-8,-8,-8,-8,0,0,1,1,0,0,0,0,0,0,0,1,3,-8,-8,-8,-8,-8,-8,-8,1,4,-7,-7,-7,-7,-7,-7,-7,1,2,3,3,NA,NA,4,5,4,5,3,3,3,2,-7,2,2,2,-8,-8,-8,-8,-8,-8,-8,-8,-8,4,4,2,1,4,0,0,0,0,0,0,0,0,NA,1,0,0,0,0,0,0,0,0,0,1,5,5,-8,-8,-8,-8,-8,-8,-8,-8,NA,-8,-7,-7,1,-7,2,-7,-7,-7,2,7,5,1995,30,2,-7,1,1,1,3,3,-8,-6,-7,-7,-7,-8,-8,-7,-7,-6,2,1,2,2,2,2,-8,-8,1,-8,-7,2,2,4,6,0,0,1,0,0,1,bas25_01755,302.19484288,1,24510,Fells Point,9,2,16:06:24,9,2,16:19:46,2,2,2,3,-6,4,2,2,0,1
3,6,1,1,2,2,4,2,2,2,3,2,2,2,2,2,2,1,2,1,1,1,1,1,2,2,1,1,1,2,4,4,4,3,4,5,1,1,1,1,1,1,1,1,2,3,5,4,5,5,5,-7,5,3,3,3,3,3,3,1,1,1,3,2,2,2,2,1,1,0,1,0,0,0,0,0,0,0,0,1,0,0,0,0,0,1,0,0,0,0,0,0,0,0,0,0,1,0,0,0,0,1,0,0,0,0,0,0,1,1,0,0,0,0,0,0,0,1,4,0,0,0,1,0,1,0,1,1,-7,-7,-7,-7,-7,-7,-7,1,5,4,4,N/A,N/A,3,4,2,2,3,3,3,1,3,2,2,2,3,4,5,2,1,3,2,2,1,2,2,1,1,3,0,0,0,0,0,0,0,0,NA,1,0,0,0,0,0,0,0,0,0,1,2,1,2,1,1,0,0,0,1,2,NA,2,-7,-7,1,-7,1,0,0,0,2,3,5,1970,55,2,-7,2,2,1,1,1,1,1,-7,-7,-7,1,1,5,-7,5,2,2,2,2,2,2,2,2,1,3,-7,1,1,1,1,0,1,0,0,0,0,bas25_01770,682.00860929,2,24005,-7,8,28,17:17:38,8,28,17:34:06,2,2,2,1,2,2,2,4,0,1
39,1,2,3,4,2,3,3,4,2,3,2,3,3,1,1,2,1,1,1,1,1,2,4,2,1,1,3,3,2,2,1,4,2,3,3,2,1,1,1,1,1,1,2,1,3,2,2,3,3,3,-7,2,3,3,3,3,2,3,1,4,1,1,1,1,2,1,1,3,1,0,0,0,0,0,0,0,0,0,0,0,1,1,0,0,0,0,0,0,1,0,0,0,0,1,0,0,1,0,0,1,0,1,1,1,0,0,0,1,1,0,1,0,0,1,0,0,0,2,1,0,0,0,0,0,0,1,4,-7,-7,-7,-7,-7,-7,-7,5,-7,-7,-7,250000,"35~40,000",2,2,4,5,3,3,3,2,-7,2,2,2,2,2,2,4,2,1,1,3,1,4,4,1,1,4,0,1,0,1,0,1,0,0,NA,0,0,1,1,0,0,1,0,1,0,0,5,5,2,1,0,1,0,0,1,2,NA,1,3,3,1,-7,2,-7,-7,-7,1,6,3,1948,77,1,-7,2,2,1,1,1,9,-7,-7,-7,-7,1,1,3,-7,3,2,2,2,2,2,2,5,2,1,1,-7,2,2,2,2,0,0,1,0,0,0,bas25_01799,436.94194021,2,24005,-7,8,28,09:24:26,8,28,10:20:21,2,1,2,2,2,4,1,5,1,1
38,4,3,2,3,3,2,3,3,4,3,3,2,2,2,2,1,3,3,2,2,2,4,4,4,4,3,2,2,2,4,4,4,4,3,4,1,1,1,1,1,2,1,2,2,3,4,4,4,4,4,-7,4,3,2,3,3,3,3,1,4,1,3,2,1,3,2,1,1,1,0,0,1,1,0,1,0,0,0,0,0,0,0,0,1,1,0,1,1,0,0,0,0,-8,-8,-8,-8,-8,-8,0,1,0,1,0,1,0,0,0,0,1,1,0,0,0,0,0,0,1,4,1,0,0,0,0,0,0,2,-7,1,1,1,1,0,0,1,1,4,5,1,250000,">$55,000",3,4,4,5,2,2,3,2,-7,2,2,2,3,3,3,2,3,5,2,4,1,4,4,1,1,4,0,0,0,0,0,0,0,0,NA,1,1,0,0,0,0,0,0,1,1,0,5,4,2,1,0,1,0,0,1,2,NA,2,-7,-7,1,-7,2,-7,-7,-7,2,7,1,1988,37,2,-7,2,2,1,1,1,2,-7,-7,-7,-7,2,2,-7,4,9,2,2,2,2,2,2,4,4,1,1,-7,1,1,1,1,0,1,0,0,0,0,bas25_01816,411.57366237,1,24510,Greater Mondawmin,9,9,18:37:40,9,9,18:53:53,1,1,2,1,4,4,2,3,1,1
23,5,1,1,2,1,4,4,2,2,3,1,3,2,1,2,1,1,1,1,1,1,1,2,1,2,1,3,3,2,3,3,3,4,3,-8,1,1,-8,1,2,1,1,2,1,5,4,4,4,4,4,3,-7,3,3,3,3,3,3,1,-8,1,1,2,2,3,1,1,4,1,1,1,0,0,0,0,0,0,0,0,0,1,1,0,0,0,0,0,1,0,0,0,0,-8,-8,-8,-8,-8,-8,0,0,0,0,1,0,0,1,0,1,0,0,1,0,0,0,0,0,0,1,-8,-8,-8,-8,-8,-8,-8,3,-7,-7,-7,-7,-7,-7,-7,-7,5,-7,-7,-7,NA,NA,4,4,4,4,3,3,3,2,-7,2,2,1,1,1,1,1,1,1,1,1,1,2,2,1,1,1,0,0,0,0,0,0,0,0,NA,1,0,0,0,0,0,0,0,0,0,1,5,5,2,1,1,0,0,0,2,2,NA,2,-7,-7,2,1,2,-7,-7,-7,2,5,1,1945,80,1,-7,2,2,1,1,1,2,-7,-7,-7,-7,7,2,-7,6,11,2,2,2,2,-8,2,3,-8,1,1,-7,2,2,2,2,0,0,1,0,0,0,bas25_01832,761.28616582,2,24005,-7,9,19,11:03:14,9,19,11:42:48,1,2,1,2,4,3,1,5,0,1
15,4,1,2,2,2,3,3,2,2,3,2,3,3,2,2,2,1,1,3,1,2,2,2,1,1,1,2,2,2,3,3,3,3,3,4,1,1,1,1,1,1,1,1,2,4,3,2,3,4,4,4,-7,3,3,3,3,3,3,1,2,1,1,2,2,2,1,1,2,1,1,0,0,0,0,0,0,0,0,0,0,1,1,0,0,0,0,0,0,1,0,0,0,-8,-8,-8,-8,-8,-8,-8,-8,-8,-8,-8,-8,-8,0,0,1,1,0,0,0,0,0,0,0,1,1,-8,-8,-8,-8,-8,-8,-8,2,-7,0,0,1,0,0,0,1,1,3,3,2,350000,99000,3,3,3,3,3,3,3,2,-7,2,2,3,3,3,4,4,3,3,2,2,1,4,2,1,1,1,-8,-8,-8,-8,-8,-8,-8,-8,NA,-8,1,1,1,0,1,1,0,0,0,0,1,3,2,2,1,0,0,0,1,2,NA,1,1,-7,2,1,1,0,2,0,2,5,1,1981,44,2,-7,2,2,1,1,1,9,-7,-7,-7,-7,1,2,-7,4,9,2,2,2,2,2,2,3,4,1,1,-7,2,2,2,2,0,0,1,0,0,0,bas25_01844,1580.7816694,2,24005,-7,8,31,22:05:21,8,31,22:27:21,1,2,1,2,4,3,2,3,0,1
4,4,1,1,1,2,3,3,2,3,3,2,1,2,2,2,2,2,1,1,1,1,1,3,3,3,1,1,2,2,2,2,4,2,4,4,2,1,1,1,2,1,2,2,1,3,3,3,4,5,5,-7,5,3,3,3,3,3,3,1,3,1,2,1,1,1,1,1,1,0,0,0,0,0,0,0,1,0,0,0,0,0,0,0,0,0,0,0,1,1,0,0,0,0,0,0,0,0,1,-8,-8,-8,-8,-8,-8,-8,0,0,1,1,0,0,0,1,0,0,1,0,2,-8,-8,-8,-8,-8,-8,-8,3,-7,-7,-7,-7,-7,-7,-7,-7,1,1,3,3,150000,50000,3,3,4,4,3,3,3,2,-7,2,2,2,1,1,1,1,1,1,1,1,1,3,3,1,1,2,-8,-8,-8,-8,-8,-8,-8,-8,NA,-8,0,0,0,0,1,0,0,1,1,0,5,5,1,1,1,0,0,0,1,2,NA,1,1,-7,2,1,2,-7,-7,-7,2,6,1,1986,39,4,Fluid,5,2,1,1,1,9,-7,-7,-7,-7,2,2,-7,4,9,2,2,2,2,2,2,5,4,1,1,-7,2,2,2,2,0,0,1,0,0,0,bas25_01845,621.01242227,1,24510,The Waverlies,8,31,08:03:04,8,31,09:38:31,2,1,2,2,4,4,-8,3,0,1
5,4,2,2,2,2,3,3,3,3,3,2,3,3,2,3,1,1,1,1,1,1,1,4,3,2,3,4,3,2,3,3,3,4,4,4,1,1,1,1,1,1,1,1,2,3,2,3,3,4,3,4,-7,3,3,3,3,3,3,1,1,1,3,1,1,3,1,1,4,0,0,0,0,0,0,1,1,1,1,1,0,0,0,0,0,0,0,0,1,1,0,0,0,0,0,0,1,0,0,0,0,0,0,1,0,0,1,0,0,1,0,0,1,0,1,0,0,0,3,1,0,1,0,0,0,0,1,2,-7,-7,-7,-7,-7,-7,-7,2,3,2,4,1000000,100000,4,3,4,5,3,3,3,2,-7,2,2,2,3,3,3,5,2,1,1,1,1,2,3,1,1,1,0,0,0,0,0,0,0,0,NA,1,0,0,0,0,0,0,0,0,0,1,5,5,2,1,1,0,0,0,1,2,NA,2,-7,-7,2,1,1,2,0,0,2,7,1,1987,38,1,-7,2,2,1,1,1,9,-7,-7,-7,-7,1,2,-7,6,11,2,2,2,2,2,2,5,2,1,1,-7,2,2,2,2,0,0,1,0,0,0,bas25_01848,339.82481662,2,24005,-7,8,27,21:41:39,8,27,22:03:59,2,1,1,2,4,4,1,3,0,1
30,4,1,2,2,2,3,3,3,2,3,4,5,3,3,2,2,1,1,2,1,1,1,2,2,1,1,4,4,3,4,3,4,3,2,2,2,2,2,1,1,2,2,2,2,4,2,1,4,3,2,5,-7,3,3,3,-8,3,3,1,5,1,1,1,1,2,1,1,1,0,0,0,0,0,0,0,1,1,0,0,0,1,0,0,0,1,0,0,1,1,0,0,0,-8,-8,-8,-8,-8,-8,0,1,0,1,1,0,0,0,0,1,1,0,0,1,1,0,1,1,0,1,0,0,0,0,0,1,0,1,4,-7,-7,-7,-7,-7,-7,-7,2,5,4,3,300000,60000,4,4,4,5,1,2,2,1,2,1,1,1,4,5,5,2,2,5,5,3,3,4,3,1,1,1,0,0,0,0,0,1,0,1,Menopause,0,1,1,0,1,1,0,0,1,1,0,5,5,1,3,1,0,0,0,1,2,NA,2,-7,-7,2,2,2,-7,-7,-7,1,4,5,1970,55,1,-7,2,2,1,1,1,8,-7,-7,-7,-7,9,1,2,-7,2,1,1,2,2,2,2,5,2,3,5,1,2,2,2,2,0,0,1,0,0,0,bas25_01855,879.88821095,2,24005,-7,9,30,13:29:45,-9,-9,NA:NA:NA,2,1,1,2,1,3,1,4,0,1
1,4,2,2,2,2,3,3,3,3,3,2,2,3,3,2,2,2,2,2,2,2,1,4,3,2,1,6,2,3,3,3,3,1,3,3,1,1,1,1,1,1,1,1,2,5,5,4,5,5,5,-7,5,2,1,1,1,1,1,2,4,2,3,3,3,3,2,2,1,1,0,0,1,1,0,0,1,0,1,0,0,1,0,0,1,1,0,0,1,1,1,0,0,1,0,1,0,1,1,0,0,1,1,1,1,1,0,0,1,1,0,1,1,1,0,1,1,0,4,-8,-8,-8,-8,-8,-8,-8,3,-7,-7,-7,-7,-7,-7,-7,-7,5,-7,-7,-7,NA,NA,3,4,3,4,3,2,3,2,3,2,2,3,-8,-8,-8,-8,-8,-8,-8,-8,-8,2,2,1,2,2,0,0,0,0,0,0,0,0,NA,1,-8,-8,-8,-8,-8,-8,-8,-8,-8,-8,3,3,-8,-8,-8,-8,-8,-8,2,4,NA,2,-7,-7,-8,-7,-8,-7,-7,-7,-8,-8,-8,-8,-8,-8,-6,2,2,1,1,-8,-8,-6,-7,-7,-7,-8,-8,-7,-7,-6,-8,-8,-8,2,-8,-8,-8,-8,-8,-8,-7,-6,-6,-6,-6,0,0,0,0,0,0,bas25_01876,1676.5029152,1,24510,Southeastern,9,14,12:40:29,-9,-9,NA:NA:NA,1,1,2,-6,-6,-8,-8,-8,11,3
48,2,5,4,4,4,1,1,5,5,5,5,5,5,5,5,5,3,3,5,4,5,5,3,2,5,2,5,5,3,4,4,3,4,5,5,1,1,1,2,2,1,2,1,2,5,4,3,5,5,5,-7,4,3,3,3,3,2,3,2,-8,2,3,2,3,3,2,2,1,1,0,0,0,1,0,0,0,0,0,0,0,1,0,0,0,0,0,0,0,0,0,0,0,0,1,0,0,0,0,0,0,0,1,1,0,0,0,0,0,1,1,0,0,0,0,0,0,1,3,-8,-8,-8,-8,-8,-8,-8,2,-7,0,0,1,1,1,0,1,5,-7,-7,-7,150000,20000,4,5,4,3,2,2,3,2,-7,2,2,3,4,4,5,5,4,4,2,3,1,3,2,1,1,5,0,1,0,0,0,0,1,0,NA,0,0,0,0,0,0,0,0,0,0,1,4,5,2,1,0,1,0,0,1,2,NA,2,-7,-7,3,1,2,-7,-7,-7,1,3,2,1951,74,1,-7,2,2,1,1,1,2,-7,-7,-7,-7,8,1,2,-7,2,2,2,2,2,2,2,3,3,1,1,-7,2,2,2,2,0,0,1,0,0,0,bas25_01897,628.8379522,1,24510,Morrell Park/Violetville,8,27,13:15:10,8,27,18:51:53,2,2,2,2,1,2,1,5,1,1
3,4,1,2,2,2,3,3,3,4,3,2,2,4,2,3,3,2,2,1,2,2,3,2,3,3,2,1,1,2,3,3,4,3,3,3,1,1,1,1,1,1,2,1,2,3,4,3,4,4,3,3,-7,3,3,3,3,3,3,1,2,1,2,3,3,2,2,2,2,0,0,0,1,1,0,0,1,0,0,0,0,1,0,0,1,1,0,0,1,1,0,0,0,0,1,1,0,0,1,0,1,1,0,0,1,1,0,1,0,1,0,1,1,1,0,0,1,0,2,0,1,0,0,0,0,0,1,4,-7,-7,-7,-7,-7,-7,-7,1,3,4,3,200000,60000,3,3,4,5,3,3,3,2,-7,2,2,2,2,2,2,3,2,2,2,3,1,3,3,2,1,4,0,1,0,1,0,1,1,0,NA,0,0,0,0,0,0,0,0,1,1,0,5,5,1,1,1,0,0,0,1,2,NA,2,-7,-7,2,1,2,-7,-7,-7,2,7,1,1972,53,1,-7,3,2,1,1,1,9,-7,-7,-7,-7,1,2,-7,2,7,2,2,2,2,2,2,5,2,1,1,-7,2,2,2,2,0,0,1,0,0,0,bas25_01909,225.53533243,1,24510,Midtown,9,1,12:29:57,9,1,12:49:06,2,1,1,2,3,4,1,4,0,1
6,3,2,2,2,2,3,3,2,4,-8,4,3,3,2,2,3,1,1,3,-8,2,2,2,3,3,2,1,2,3,3,3,4,3,3,3,1,1,1,2,2,2,2,2,2,4,4,4,4,4,5,-7,4,3,2,3,3,3,3,1,4,1,2,2,1,3,3,1,1,0,0,0,0,0,0,0,1,1,0,1,0,0,0,0,0,1,0,1,1,1,0,1,0,-8,-8,-8,-8,-8,-8,0,1,0,1,1,1,0,0,0,1,1,0,0,1,0,0,1,1,0,2,-8,-8,-8,-8,-8,-8,-8,1,4,-7,-7,-7,-7,-7,-7,-7,1,1,2,3,200000,50000,3,4,4,5,3,3,3,2,-7,2,2,2,1,1,1,2,1,1,1,2,1,2,3,1,1,1,0,1,0,0,0,1,0,0,NA,0,1,0,0,0,1,0,0,0,0,0,5,5,1,1,0,1,0,0,1,2,NA,2,-7,-7,2,1,2,-7,-7,-7,2,7,1,1992,33,2,-7,2,2,3,3,3,9,-7,-7,-7,-7,2,2,-7,2,7,2,2,2,2,2,2,5,3,3,5,2,2,2,2,2,0,0,1,0,0,0,bas25_01910,575.22381206,1,24510,Greater Charles Village/Barclay,9,6,19:24:08,9,6,20:21:50,1,2,2,2,3,4,2,2,1,1
6,3,4,2,2,2,3,3,2,4,4,5,4,5,4,4,3,1,2,1,1,1,1,1,4,4,3,6,-7,2,2,1,4,2,2,2,1,2,1,1,1,1,1,2,2,5,5,5,5,5,5,1,-7,3,3,3,3,3,3,1,4,1,1,2,3,2,1,1,1,0,0,0,0,0,0,0,1,0,0,0,0,0,0,0,0,1,0,0,0,0,0,0,0,-8,-8,-8,-8,-8,-8,0,0,1,0,0,0,0,0,0,1,0,1,0,0,0,0,0,0,1,3,1,0,1,0,0,1,0,1,3,-7,-7,-7,-7,-7,-7,-7,1,1,4,2,150000,40000,3,3,4,5,3,3,3,2,-7,2,2,1,2,2,2,2,2,2,1,3,1,2,2,1,1,3,0,0,1,1,0,0,0,0,NA,0,0,0,0,1,0,0,0,0,0,0,5,5,2,1,1,0,0,0,2,2,NA,2,-7,-7,1,-7,2,-7,-7,-7,2,7,5,1962,63,1,-7,2,2,1,1,1,1,5,-7,-7,-7,3,2,-7,4,9,2,2,2,2,2,2,5,2,1,1,-7,2,2,2,2,0,0,1,0,0,0,bas25_01912,97.397387894,1,24510,Northwood,9,20,17:20:13,9,20,17:33:08,2,2,1,2,4,4,1,4,0,1
0,2,3,2,3,2,3,3,3,3,2,1,2,2,1,1,1,1,1,2,1,1,2,1,1,1,1,1,1,2,4,3,4,3,3,3,1,1,1,1,1,1,1,1,2,2,2,1,2,2,2,-7,4,3,3,3,3,3,3,1,1,2,1,2,2,4,1,1,2,0,0,0,0,0,0,0,0,0,0,0,1,0,0,0,0,0,0,0,0,0,0,0,1,0,0,0,1,0,0,0,1,0,0,0,0,0,1,0,1,0,0,0,0,0,0,0,0,1,1,0,0,0,0,1,0,0,1,2,-7,-7,-7,-7,-7,-7,-7,1,5,1,4,300000,300000,3,4,3,4,3,3,3,2,-7,2,2,2,1,1,1,1,1,2,2,1,1,2,2,2,2,4,0,0,0,0,0,1,0,0,NA,0,0,0,0,0,0,0,0,0,0,1,1,1,1,1,1,0,0,0,2,4,NA,2,-7,-7,1,-7,1,0,1,1,2,3,5,1986,39,2,-7,2,2,1,1,1,9,-7,-7,-7,-7,1,1,5,-7,5,2,2,2,2,2,2,3,3,1,3,-7,1,1,1,1,0,1,0,0,0,0,bas25_01919,1044.8987643,2,24005,-7,10,3,15:35:28,10,3,16:35:25,1,2,2,1,2,2,2,3,0,1
6,3,1,1,2,2,4,3,2,3,3,1,3,1,1,2,1,1,1,1,1,1,1,3,2,3,1,2,2,3,3,3,4,3,3,3,1,1,1,1,1,1,2,2,2,3,2,2,3,3,3,-7,4,3,3,3,3,3,3,1,1,1,1,2,1,2,1,1,2,1,0,0,1,0,0,0,0,0,1,0,0,0,0,0,0,1,0,0,1,0,0,0,0,0,1,0,0,0,0,0,0,0,0,1,0,0,1,0,1,0,0,0,1,1,0,0,1,0,1,-8,-8,-8,-8,-8,-8,-8,1,1,-7,-7,-7,-7,-7,-7,-7,1,4,4,3,350000,45000,3,5,3,4,3,3,3,2,-7,2,2,1,2,2,2,2,2,3,2,1,2,3,2,1,1,3,0,0,0,0,0,0,0,0,NA,1,0,0,0,0,0,1,0,0,0,0,5,5,2,2,1,0,0,0,2,2,NA,2,-7,-7,2,1,1,0,2,0,1,7,1,1980,45,1,-7,2,2,1,1,1,1,6,-7,-7,-7,8,2,-7,6,11,2,1,2,2,2,2,3,3,1,1,-7,1,1,1,1,0,1,0,0,0,0,bas25_01931,773.28578152,2,24005,-7,8,29,17:22:29,8,29,18:00:21,2,2,2,1,4,4,1,3,0,1
39,4,1,1,2,1,4,3,2,3,3,1,3,2,2,2,2,1,1,2,2,2,1,2,1,3,1,2,2,2,3,3,3,2,3,3,1,2,1,2,2,1,2,1,2,3,4,3,4,4,4,2,-7,3,3,3,3,3,3,1,1,1,2,1,1,2,1,1,1,1,0,0,0,1,0,0,0,0,0,0,0,1,1,0,1,0,0,0,1,0,0,0,0,-8,-8,-8,-8,-8,-8,-8,-8,-8,-8,-8,-8,-8,0,0,1,1,0,1,0,0,0,0,1,0,3,0,0,0,0,0,1,0,1,3,-7,-7,-7,-7,-7,-7,-7,5,-7,-7,-7,200000,30000,3,3,3,4,3,3,3,2,-7,2,2,1,1,1,1,1,1,1,1,1,1,2,1,1,2,1,0,0,0,0,0,0,0,0,NA,1,0,1,1,0,0,0,0,0,0,0,5,5,2,1,1,0,0,0,1,2,NA,1,1,-7,2,2,2,-7,-7,-7,2,7,1,1951,74,2,-7,2,2,1,1,1,4,-7,-7,3,-7,6,2,-7,4,9,2,2,2,2,2,2,3,2,1,1,-7,2,2,2,2,0,0,1,0,0,0,bas25_01937,364.43017026,1,24510,Mount Washington/Coldspring,9,3,10:14:00,9,3,11:03:08,2,1,1,2,4,4,2,5,0,1
0,3,4,2,2,3,3,3,3,4,3,4,3,4,3,3,2,3,4,4,3,3,5,3,4,3,3,3,3,3,4,4,3,5,4,5,1,1,1,1,2,1,2,2,2,2,3,4,4,4,4,-7,5,1,1,1,1,1,1,2,4,2,3,3,2,3,3,1,1,1,1,0,0,0,0,0,0,0,0,0,0,1,1,0,0,0,0,0,0,0,0,0,0,-8,-8,-8,-8,-8,-8,-8,-8,-8,-8,-8,-8,-8,0,0,1,0,0,0,0,0,0,0,0,1,2,-8,-8,-8,-8,-8,-8,-8,3,-7,-7,-7,-7,-7,-7,-7,-7,8,-7,-7,-7,500k,20k,4,4,4,2,1,1,1,1,1,1,1,4,4,4,5,4,4,4,4,3,3,4,4,1,1,1,0,0,1,1,0,0,1,0,NA,0,0,0,0,0,0,0,0,1,1,0,3,3,1,3,0,1,0,0,2,2,NA,2,-7,-7,4,1,1,0,0,2,1,3,5,1992,33,2,-7,2,2,1,1,1,9,-7,-7,-7,-7,1,1,1,-7,1,1,1,2,2,1,2,3,1,3,5,2,2,2,2,2,0,0,1,0,0,0,bas25_01941,2574.691755,1,24510,Brooklyn/Curtis Bay/Hawkins Point,9,13,17:50:11,9,13,18:14:18,2,2,2,2,1,2,2,2,12,3
40,4,2,2,2,2,3,2,3,3,2,3,4,3,3,3,3,1,2,2,3,3,1,-8,2,2,1,1,1,3,4,4,4,3,2,3,1,1,1,1,1,1,1,1,2,3,2,2,4,3,4,4,-7,3,3,3,3,3,3,1,4,1,5,2,2,3,2,1,1,1,0,0,0,1,0,1,0,0,0,0,0,1,1,0,0,1,0,1,0,1,0,0,0,1,0,0,0,0,0,1,1,1,0,0,0,0,0,1,0,0,0,0,0,0,0,0,0,1,5,-8,-8,-8,-8,-8,-8,-8,-8,-7,-7,-7,-7,-7,-7,-7,-7,5,-7,-7,-7,400000,"20,000.00-",2,3,2,2,3,3,3,2,-7,2,2,2,1,1,2,2,1,1,1,1,1,2,2,1,1,1,0,0,0,0,0,0,0,0,NA,1,1,0,0,0,0,0,0,0,0,0,1,1,2,2,0,1,0,0,1,2,NA,-8,-7,-7,4,1,2,-7,-7,-7,1,4,1,1961,64,2,-7,2,2,1,1,1,1,1,-7,-7,-7,1,1,5,-7,5,2,2,2,2,2,2,2,3,1,1,-7,2,2,2,2,0,0,1,0,0,0,bas25_01962,3093.0707209,2,24005,-7,9,18,15:19:27,-9,-9,NA:NA:NA,2,1,1,2,2,3,2,4,0,1
2,3,4,3,4,4,2,2,4,5,3,4,4,4,3,5,3,1,3,4,3,5,5,3,4,3,3,6,-7,3,2,2,4,2,3,-8,1,1,1,1,1,1,1,1,2,4,2,2,3,3,3,4,-7,3,3,3,3,3,3,1,1,1,3,2,2,3,2,3,1,0,0,0,0,1,0,1,1,0,0,0,0,0,0,0,0,1,0,1,1,0,0,0,0,1,0,0,0,0,0,1,1,1,0,0,0,0,0,0,1,0,1,0,0,0,0,0,0,1,5,-8,-8,-8,-8,-8,-8,-8,3,-7,-7,-7,-7,-7,-7,-7,-7,1,3,2,2,100000,52000,4,3,3,4,1,1,1,1,2,2,2,3,2,3,3,3,1,4,4,2,3,4,5,1,1,1,0,0,0,0,0,0,0,0,NA,1,0,0,0,0,0,0,0,1,1,0,5,5,1,2,1,0,0,0,2,2,NA,2,-7,-7,1,-7,2,-7,-7,-7,2,6,5,1999,26,1,-7,2,1,1,3,3,2,-7,-7,-7,-7,1,1,5,-7,5,2,2,2,2,2,2,4,2,1,2,-7,2,2,4,6,0,0,1,0,0,1,bas25_01967,1196.6009415,2,24005,-7,9,1,09:39:37,9,1,09:52:53,2,1,1,3,2,4,1,2,0,1
7,2,1,1,2,2,3,3,3,2,2,1,3,1,1,1,2,1,2,1,1,1,1,1,1,1,1,1,1,2,2,2,4,1,1,2,1,1,2,1,2,2,2,1,1,4,2,-8,2,2,3,2,-7,3,3,3,3,3,3,1,1,1,1,1,1,2,1,1,1,1,0,0,1,0,0,0,0,0,0,0,0,1,0,0,1,0,0,0,0,0,1,0,0,-8,-8,-8,-8,-8,-8,0,0,0,1,1,1,0,0,0,1,1,0,0,0,1,0,0,1,0,5,-8,-8,-8,-8,-8,-8,-8,2,-7,0,0,1,0,0,0,0,5,-7,-7,-7,300000,50000,2,4,4,5,3,3,3,2,-7,2,2,2,1,1,1,3,1,1,1,1,2,1,1,1,1,1,0,0,0,0,0,0,0,0,NA,1,0,0,0,0,0,0,0,0,0,1,1,1,3,1,1,1,0,0,1,4,NA,1,2,2,1,-7,2,-7,-7,-7,2,5,3,1955,70,2,-7,2,2,1,3,1,9,-7,-7,-7,-7,2,1,4,-7,4,2,2,2,2,2,2,3,2,1,1,-7,1,1,1,1,0,1,0,0,0,0,bas25_01974,966.07656384,2,24005,-7,10,4,07:57:24,10,4,08:40:33,1,1,1,1,2,3,2,5,0,1
59,4,2,3,3,3,3,2,4,4,4,3,4,4,2,3,2,1,1,3,1,1,1,1,3,4,1,1,2,3,3,3,3,3,2,3,2,2,2,2,2,2,2,2,2,4,3,2,3,2,3,2,-7,3,3,3,3,3,3,1,1,1,1,3,3,3,1,1,1,1,0,0,0,0,0,0,0,0,0,0,0,1,1,0,0,0,0,0,1,0,0,0,0,0,1,0,0,1,1,0,0,0,1,1,1,0,0,0,1,0,1,1,1,1,0,1,0,0,2,-8,-8,-8,-8,-8,-8,-8,1,4,-7,-7,-7,-7,-7,-7,-7,1,3,4,3,500000,75000,4,4,4,4,2,2,2,2,-7,2,2,3,3,3,3,3,3,3,3,3,1,4,3,1,1,1,0,0,0,0,0,0,0,0,NA,1,0,0,0,0,0,0,0,0,0,1,2,4,2,1,0,1,0,0,2,2,NA,-8,-7,-7,1,-7,2,-7,-7,-7,2,4,2,-8,-8,1,-7,2,2,1,1,1,2,-7,-7,-7,-7,-8,-8,-7,-7,-6,2,2,2,2,2,2,2,1,1,1,-7,2,2,2,2,0,0,1,0,0,0,bas25_01976,480.57192995,2,24005,-7,9,4,16:37:25,9,4,17:13:28,2,1,1,2,-6,3,1,-8,0,1
27,4,1,2,2,1,4,3,2,1,4,2,3,2,1,2,3,1,2,1,1,1,1,3,3,1,3,2,2,2,2,2,2,3,2,2,1,1,1,1,1,1,1,1,2,5,5,3,5,4,4,2,-7,3,3,3,3,3,3,1,1,1,1,2,3,2,1,1,3,0,0,0,0,0,0,0,0,0,0,0,1,0,0,0,0,0,0,0,0,0,0,0,1,0,0,1,1,0,0,-8,-8,-8,-8,-8,-8,-8,0,0,1,1,0,0,0,0,1,0,0,0,1,1,0,0,0,0,0,0,1,2,-7,-7,-7,-7,-7,-7,-7,1,1,3,4,200000,35000,3,3,2,2,3,3,-8,2,-7,2,2,2,1,1,1,1,1,1,1,1,1,2,1,1,1,1,0,0,0,0,0,0,0,0,NA,1,0,0,0,0,0,0,0,0,0,1,4,4,2,1,1,0,0,0,1,2,NA,2,-7,-7,2,1,2,-7,-7,-7,2,6,1,1955,70,2,-7,2,2,1,1,1,4,-7,-7,2,-7,4,2,-7,3,8,2,2,2,2,2,2,2,1,1,1,-7,2,2,2,2,0,0,1,0,0,0,bas25_01987,995.65428015,2,24005,-7,8,30,16:47:55,8,30,17:12:54,1,1,1,2,4,4,2,5,0,1
3,3,1,2,2,2,3,3,2,4,3,2,3,3,2,3,3,2,2,4,4,3,3,3,3,3,2,2,2,2,3,3,4,3,3,3,1,1,1,1,1,1,2,1,2,4,4,3,5,5,5,4,-7,3,3,3,3,3,3,1,1,1,1,3,3,2,1,1,1,0,0,0,0,0,0,0,0,0,0,0,1,0,0,0,0,0,0,1,0,0,0,0,0,-8,-8,-8,-8,-8,-8,0,0,0,0,0,0,1,0,0,1,0,1,0,0,0,0,1,0,0,2,-8,-8,-8,-8,-8,-8,-8,3,-7,-7,-7,-7,-7,-7,-7,-7,1,1,4,3,300000,60000,4,4,4,4,3,3,2,2,-7,2,2,2,1,4,4,3,1,3,2,2,2,3,3,2,2,3,0,1,0,0,0,0,0,0,NA,0,-8,-8,-8,-8,-8,-8,-8,-8,-8,-8,4,3,1,1,0,1,0,0,2,3,Xfinity,2,-7,-7,1,-7,2,-7,-7,-7,2,3,4,1980,45,2,-7,2,2,1,1,1,9,-7,-7,-7,-7,1,2,-7,1,6,2,2,2,2,2,2,4,2,1,3,-7,2,2,2,2,0,0,1,0,0,0,bas25_01996,618.18786321,1,24510,Greater Charles Village/Barclay,9,2,19:42:54,9,3,17:48:09,2,2,1,2,3,2,2,3,0,1
3,4,2,2,2,3,3,3,3,3,3,3,3,3,2,2,3,2,2,2,2,3,2,3,2,3,2,2,4,3,3,2,3,3,2,3,2,1,1,2,2,2,2,2,2,4,5,4,5,5,5,-7,4,1,2,3,3,3,3,2,3,1,3,3,1,2,2,1,1,0,1,0,0,0,0,1,1,0,0,0,0,0,0,0,0,0,0,1,1,1,0,0,0,0,1,0,0,0,1,1,0,1,0,1,0,1,1,0,1,0,0,0,0,1,0,1,0,0,4,0,0,0,0,0,1,0,1,3,-7,-7,-7,-7,-7,-7,-7,1,1,4,3,100000,35000,4,4,4,5,1,1,1,1,1,1,-8,4,5,5,5,3,4,5,5,3,3,4,5,1,2,4,0,1,0,0,1,1,0,0,NA,0,1,0,0,1,0,0,0,1,1,0,5,5,1,2,1,1,0,0,1,2,NA,2,-7,-7,2,2,1,0,4,0,1,3,5,1996,29,1,-7,3,2,1,1,1,9,-7,-7,-7,-7,1,1,3,-7,3,1,1,2,2,2,2,4,3,2,5,2,3,5,3,5,1,0,1,1,0,0,bas25_02016,830.61348628,1,24510,Morrell Park/Violetville,9,23,19:03:47,10,1,17:05:25,1,1,2,3,2,2,1,2,3,2
2,3,3,2,2,2,3,3,3,3,3,2,3,3,3,3,2,3,1,1,1,1,1,3,2,3,1,3,3,2,3,3,4,3,4,3,1,1,1,1,1,1,2,1,1,5,5,2,2,2,2,5,-7,3,3,3,3,3,3,1,4,1,2,3,3,2,1,1,4,0,0,0,0,0,0,0,0,0,0,0,1,0,0,0,0,0,0,0,0,0,0,0,1,0,0,0,1,0,0,0,0,0,0,0,0,1,0,0,1,1,0,0,0,0,0,0,0,1,1,-8,-8,-8,-8,-8,-8,-8,3,-7,-7,-7,-7,-7,-7,-7,-7,5,-7,-7,-7,60000,22000,4,5,4,5,1,1,1,1,1,1,1,2,5,5,5,5,3,2,3,2,2,2,2,2,1,4,0,1,0,0,0,1,0,0,NA,0,0,0,0,0,0,0,0,0,0,1,4,4,1,2,1,0,0,0,1,3,Infinity,2,-7,-7,2,1,2,-7,-7,-7,2,4,1,1962,63,1,-7,5,2,1,1,1,8,-7,-7,-7,-7,9,1,4,-7,4,2,1,2,1,2,2,3,2,1,1,-7,1,1,1,1,0,1,0,0,0,0,bas25_02017,1510.7964362,2,24005,-7,8,27,18:48:38,8,27,19:37:30,2,2,1,1,2,3,1,4,0,1
20,4,2,2,4,3,3,3,4,5,4,3,3,3,2,1,4,1,1,1,1,1,1,3,1,3,1,6,-7,2,3,3,4,5,5,5,2,2,2,2,2,2,2,2,2,3,1,1,1,1,1,-7,4,3,3,3,3,2,3,1,4,1,1,2,3,1,1,2,3,1,1,0,0,1,0,0,0,0,0,0,0,1,1,0,0,1,0,0,0,0,0,0,0,0,0,0,1,0,0,0,1,0,1,1,1,1,0,0,0,1,1,0,0,0,0,0,0,1,3,0,1,0,0,1,1,0,1,4,-7,-7,-7,-7,-7,-7,-7,1,4,5,1,"100,000,00",80000,2,5,4,5,3,2,3,2,-7,2,2,4,4,4,4,5,3,3,1,3,1,2,2,1,2,5,0,0,0,0,0,0,0,0,NA,1,0,0,0,0,0,0,0,0,0,1,5,5,1,1,1,0,0,0,1,2,NA,2,-7,-7,1,-7,2,-7,-7,-7,1,6,5,1981,44,1,-7,2,2,1,1,1,9,-7,-7,-7,-7,1,2,-7,3,8,2,2,2,2,2,2,5,2,1,1,-7,2,2,2,2,0,0,1,0,0,0,bas25_02020,568.89410307,2,24005,-7,10,4,18:29:27,10,4,18:52:43,1,2,2,2,4,4,1,3,1,1
3,3,4,2,3,3,3,2,3,3,3,3,3,3,1,2,3,1,1,1,1,1,2,1,1,4,1,5,5,2,4,4,4,3,3,3,-8,-8,-8,-8,-8,-8,-8,-8,2,3,2,-8,-8,-8,-8,2,-7,3,3,3,3,3,3,1,1,1,2,2,2,3,2,1,1,1,0,0,1,0,0,1,1,0,1,0,0,0,0,0,1,1,0,0,1,0,0,0,0,-8,-8,-8,-8,-8,-8,0,1,0,1,0,1,1,0,0,1,1,0,1,1,0,0,0,1,0,3,0,0,0,0,0,1,0,3,-7,-7,-7,-7,-7,-7,-7,-7,7,-7,-7,-7,300000,35000,4,4,3,4,3,3,3,2,-7,2,2,2,1,3,1,1,1,1,1,1,1,1,2,1,1,2,0,0,0,0,0,0,0,0,NA,1,0,0,0,0,0,0,0,0,0,1,4,1,1,1,1,0,0,0,1,2,NA,2,-7,-7,2,1,1,1,0,0,2,6,1,2001,24,1,-7,2,2,1,1,1,1,4,-7,-7,-7,9,2,-7,2,7,2,2,2,2,2,2,3,3,1,1,-7,2,2,2,2,0,0,1,0,0,0,bas25_02022,3484.1371903,2,24005,-7,10,1,12:21:43,10,1,12:42:32,1,1,1,2,3,4,1,1,0,1
3,4,2,3,2,3,3,4,1,5,4,5,2,2,2,3,4,2,5,1,1,1,2,4,5,5,1,4,4,3,2,2,4,1,2,3,2,1,2,1,2,2,2,2,1,4,4,5,3,3,3,-7,4,3,3,3,3,3,3,1,1,1,2,1,1,2,1,1,1,0,0,0,0,0,0,0,1,0,0,0,0,0,0,0,0,0,0,0,1,0,0,0,0,0,1,0,0,0,1,0,1,1,1,1,1,0,0,0,1,1,0,1,1,1,1,0,1,0,4,1,0,0,0,0,0,0,1,4,-7,-7,-7,-7,-7,-7,-7,4,-7,-7,-7,200000,50000,4,5,4,5,3,3,3,2,-7,2,2,3,2,4,5,5,3,2,1,2,1,4,5,1,1,3,0,1,0,1,0,0,0,0,NA,0,0,0,0,1,0,0,0,1,1,0,5,5,1,1,0,1,0,0,1,2,NA,2,-7,-7,1,-7,2,-7,-7,-7,1,6,5,1999,26,1,-7,2,2,1,1,3,9,-7,-7,-7,-7,1,2,-7,2,7,2,2,2,2,2,2,5,3,1,1,-7,2,2,2,2,0,0,1,0,0,0,bas25_02032,293.03164143,1,24510,Greater Lauraville,9,15,17:39:33,9,15,18:00:51,2,2,2,2,3,4,1,2,0,1
4,2,4,3,3,4,3,1,5,5,4,5,5,4,3,3,4,1,2,3,2,2,5,2,3,3,2,1,1,3,3,3,3,2,3,4,1,1,1,1,1,1,1,1,2,4,4,3,5,5,5,3,-7,3,3,3,3,3,3,1,1,1,4,3,3,4,4,1,1,0,0,0,0,0,0,1,1,0,0,0,0,0,0,0,0,0,0,1,1,0,0,0,0,0,0,0,1,0,0,0,0,0,0,0,0,1,0,0,0,1,1,0,1,1,0,0,0,0,4,0,0,0,0,1,0,0,3,-7,-7,-7,-7,-7,-7,-7,-7,1,1,4,2,200000,50000,3,4,3,4,3,3,2,2,-7,2,2,3,3,4,4,5,1,3,2,1,1,3,1,1,1,4,0,0,0,0,0,0,1,0,NA,0,0,0,0,0,0,0,0,0,0,1,5,4,2,1,1,1,0,0,2,5,NA,2,-7,-7,2,1,1,1,0,0,2,7,1,1984,41,1,-7,2,1,3,3,3,9,-7,-7,-7,-7,1,2,-7,1,6,2,2,2,2,2,2,3,2,3,5,2,2,2,4,6,0,0,1,0,0,1,bas25_02043,284.72707493,1,24510,Fells Point,9,26,14:34:57,9,26,15:04:02,2,2,1,3,3,4,1,3,0,1
1,4,1,2,4,3,4,2,3,4,3,2,3,2,3,3,2,1,2,1,1,1,1,2,5,3,2,1,1,3,3,3,4,4,3,4,1,1,1,1,2,1,2,2,2,4,2,5,5,5,4,-7,4,3,3,3,2,3,3,1,3,1,4,2,2,3,2,1,1,0,1,0,0,1,0,0,0,0,0,0,0,0,0,0,0,1,0,0,1,0,0,0,0,1,0,0,0,1,1,0,1,1,1,1,1,1,0,0,1,1,0,0,0,1,0,0,1,0,3,-8,-8,-8,-8,-8,-8,-8,1,4,-7,-7,-7,-7,-7,-7,-7,4,-7,-7,-7,90000,35000,3,3,4,5,3,3,3,2,-7,2,2,3,3,4,4,4,4,3,2,2,1,1,4,1,1,2,0,1,0,0,0,0,0,0,NA,0,0,0,0,0,0,0,0,0,0,1,5,5,1,1,1,0,0,0,2,2,NA,1,3,1,2,1,1,0,0,0,2,7,5,1994,31,1,-7,2,2,1,3,3,9,-7,-7,-7,-7,1,1,5,-7,5,2,2,2,2,2,2,4,2,1,1,-7,3,4,3,4,0,0,0,0,1,0,bas25_02050,162.47479468,1,24510,Fells Point,9,10,14:22:10,9,10,14:50:11,2,1,2,3,2,4,1,2,1,1
27,3,4,2,3,2,3,3,4,5,5,2,3,3,3,3,2,2,2,1,1,1,2,3,4,5,1,2,2,3,4,2,4,4,4,4,2,2,2,2,2,2,2,2,2,4,4,3,4,4,4,-7,4,3,3,3,3,3,3,1,4,1,4,2,2,3,1,3,2,1,0,0,1,1,0,1,1,0,1,0,0,1,0,0,1,1,0,1,1,0,0,0,0,-8,-8,-8,-8,-8,-8,0,0,0,0,1,1,0,0,0,1,1,0,0,0,0,0,1,0,0,4,1,0,0,1,1,0,0,3,-7,-7,-7,-7,-7,-7,-7,-7,5,-7,-7,-7,250K,20K,3,4,3,5,3,3,3,2,-7,2,2,2,3,2,2,3,2,1,1,2,1,2,3,1,1,2,0,1,0,1,0,0,0,0,NA,0,0,0,0,0,0,0,0,0,0,1,5,5,2,1,1,0,0,0,1,2,NA,2,-7,-7,3,1,2,-7,-7,-7,2,7,1,1959,66,1,-7,2,2,1,1,1,1,4,-7,-7,-7,7,2,-7,3,8,2,2,2,2,2,2,3,2,1,1,-7,2,2,2,2,0,0,1,0,0,0,bas25_02053,255.16697733,1,24510,North Baltimore/Guilford/Homeland,9,17,22:49:43,9,17,23:36:00,1,2,2,2,4,4,1,5,0,1
1,4,1,1,1,1,4,4,1,5,3,1,3,2,1,2,4,3,5,1,1,1,1,4,4,4,3,1,1,2,3,3,4,3,4,5,2,2,2,2,2,2,2,2,2,5,5,5,2,2,1,-7,3,3,3,3,3,3,3,1,1,1,2,1,1,1,2,1,2,0,0,0,1,0,0,1,1,0,0,0,0,0,0,0,1,0,0,0,1,0,0,0,0,-8,-8,-8,-8,-8,-8,-8,-8,-8,-8,-8,-8,-8,0,0,1,1,0,0,0,0,0,0,0,1,2,-8,-8,-8,-8,-8,-8,-8,1,4,-7,-7,-7,-7,-7,-7,-7,1,1,2,4,1000000,80000,3,2,4,5,3,3,3,2,-7,2,2,3,2,2,3,3,1,2,2,2,1,2,2,2,2,1,0,0,0,0,0,0,0,0,NA,1,1,0,0,1,0,0,0,1,1,0,5,5,2,1,1,0,0,0,2,2,NA,2,-7,-7,2,1,2,-7,-7,-7,2,7,1,1989,36,2,-7,2,2,1,1,1,9,-7,-7,-7,-7,1,2,-7,5,10,2,2,2,2,2,2,5,4,3,5,1,2,2,2,2,0,0,1,0,0,0,bas25_02058,450.43902225,1,24510,Inner Harbor/Federal Hill,10,19,13:59:09,10,19,14:29:13,1,2,2,2,4,4,2,3,0,1
19,3,1,2,2,2,3,2,3,4,3,1,3,2,2,2,3,2,1,1,1,1,5,3,4,4,4,2,2,3,4,4,4,4,4,4,2,1,1,1,1,1,1,1,2,5,5,3,5,5,5,4,-7,3,1,2,1,3,2,2,4,2,3,2,2,3,2,1,1,0,0,0,0,1,0,0,1,0,0,0,0,0,0,0,0,0,0,0,1,1,0,0,0,0,1,0,1,0,0,0,1,0,1,1,0,0,0,0,1,1,0,1,1,0,0,0,0,0,4,-8,-8,-8,-8,-8,-8,-8,3,-7,-7,-7,-7,-7,-7,-7,-7,2,1,5,4,160000,50000,3,4,4,5,1,1,1,1,2,1,1,4,4,5,5,5,5,4,5,5,3,4,3,2,1,3,0,0,0,0,0,0,0,0,NA,1,1,1,0,0,1,0,0,1,0,0,2,3,2,3,0,1,0,0,1,2,NA,2,-7,-7,4,2,1,1,0,1,1,4,1,2004,21,1,-7,3,2,1,1,1,9,-7,-7,-7,-7,4,1,3,-7,3,2,2,2,1,2,2,4,3,1,1,-7,1,1,1,1,0,1,0,0,0,0,bas25_02060,1941.8247403,1,24510,Greater Mondawmin,9,18,09:37:13,9,18,10:41:25,1,2,1,1,2,3,1,1,6,3
25,3,1,2,2,1,3,3,1,3,3,1,3,1,1,1,1,1,1,1,1,1,2,4,1,2,1,1,1,2,3,2,2,4,3,3,1,1,1,1,1,1,1,1,2,5,4,5,4,4,3,4,-7,1,1,1,1,1,1,1,3,1,1,1,1,1,1,1,2,0,0,0,0,0,0,0,1,0,0,0,0,0,1,0,0,0,0,0,1,1,1,0,0,-8,-8,-8,-8,-8,-8,-8,-8,-8,-8,-8,-8,-8,-8,-8,-8,-8,-8,-8,-8,-8,-8,-8,-8,-8,2,1,0,0,1,1,0,0,1,4,-7,-7,-7,-7,-7,-7,-7,1,1,2,4,150000,35000,3,3,3,2,3,3,3,2,-7,2,2,1,1,2,1,1,4,1,1,1,1,1,1,1,1,3,-8,-8,-8,-8,-8,-8,-8,-8,NA,-8,0,0,0,1,0,0,0,1,1,0,5,5,3,1,0,1,0,0,1,2,NA,1,3,1,2,1,2,-7,-7,-7,2,7,5,2000,25,2,-7,2,2,1,1,1,9,-7,-7,-7,-7,3,2,-7,4,9,2,2,2,2,2,2,4,2,1,1,-7,2,2,2,2,0,0,1,0,0,0,bas25_02070,653.26734618,1,24510,Greater Roland Park/Poplar Hill,8,30,10:41:40,8,30,11:06:36,2,2,1,2,4,4,2,2,12,3
0,2,1,2,2,2,3,3,2,2,3,2,3,2,2,2,2,2,1,2,2,1,4,1,1,3,1,2,2,1,4,3,4,3,2,2,1,1,1,1,1,1,1,1,2,4,4,4,4,4,4,4,-7,3,3,3,3,3,3,1,1,1,1,2,2,2,1,3,1,1,0,0,0,0,0,0,0,0,0,0,0,1,1,0,0,0,0,0,0,0,0,0,0,0,0,0,0,0,1,0,1,0,1,1,1,0,1,0,1,0,0,0,1,1,0,1,0,0,5,-8,-8,-8,-8,-8,-8,-8,3,-7,-7,-7,-7,-7,-7,-7,-7,1,2,5,3,400000,30000,3,4,3,5,3,3,3,2,-7,2,2,3,2,2,2,5,2,2,2,2,1,3,1,1,1,1,0,0,0,0,0,0,0,0,NA,1,1,0,0,0,0,1,0,0,0,0,3,5,1,1,1,0,0,0,2,2,NA,2,-7,-7,2,1,2,-7,-7,-7,2,5,5,1962,63,1,-7,2,2,1,1,1,8,-7,-7,-7,-7,9,1,3,-7,3,2,2,2,2,2,2,3,2,1,1,-7,1,1,1,1,0,1,0,0,0,0,bas25_02086,568.90863522,1,24510,Greater Charles Village/Barclay,9,3,11:46:12,9,3,12:26:31,1,2,1,1,2,3,1,4,0,1
13,5,1,1,1,1,4,3,2,2,2,1,3,2,3,3,2,2,2,1,1,1,1,1,2,2,1,1,1,2,1,1,3,2,2,3,1,1,1,2,1,2,2,2,2,3,3,2,2,4,2,3,-7,3,3,3,3,3,3,1,1,1,3,1,1,3,1,2,1,0,0,0,1,0,0,1,1,0,1,0,0,0,1,1,1,0,0,1,1,0,0,0,0,-8,-8,-8,-8,-8,-8,0,0,0,0,0,1,0,0,0,1,1,0,0,0,0,0,0,1,0,2,0,0,0,0,0,1,0,1,4,-7,-7,-7,-7,-7,-7,-7,1,1,2,3,300000,60000,3,2,3,5,3,3,3,2,-7,2,2,1,1,1,1,1,1,1,1,1,2,2,1,1,1,1,0,0,0,0,1,0,0,0,NA,0,1,0,0,0,1,0,0,0,0,0,5,5,2,1,1,0,0,0,1,2,NA,2,-7,-7,2,1,1,0,2,0,2,7,1,1980,45,1,-7,2,2,3,3,3,1,4,-7,-7,-7,8,2,-7,6,11,2,2,2,2,2,2,4,2,1,1,-7,1,5,1,5,1,1,1,0,1,0,bas25_02088,210.05352629,1,24510,Canton,9,20,21:54:12,9,27,17:40:58,1,1,1,1,4,4,1,3,0,1
10,4,1,2,2,2,3,3,2,2,4,3,3,2,2,2,2,1,1,1,1,1,1,3,3,4,3,3,3,2,3,3,4,3,3,-8,1,2,1,2,2,1,2,2,2,3,2,1,3,3,3,2,-7,3,3,3,3,3,3,1,1,1,1,1,1,3,1,3,2,1,1,0,1,0,0,1,0,0,0,0,0,1,1,0,1,0,0,1,0,1,0,0,0,0,1,0,0,1,0,0,1,0,1,1,1,0,0,0,1,1,0,0,0,0,0,0,0,1,2,-8,-8,-8,-8,-8,-8,-8,2,-7,1,0,1,0,0,0,0,3,3,3,2,NA,NA,3,4,3,4,3,3,3,2,-7,2,2,3,3,2,2,4,2,1,1,1,1,3,3,1,1,1,0,1,0,1,0,0,0,0,NA,0,0,1,0,0,1,0,0,1,1,0,1,1,2,1,1,0,0,0,1,2,NA,1,1,-7,2,1,1,2,0,2,1,6,1,1974,51,1,-7,2,2,1,1,1,4,-7,-7,4,-7,2,2,-7,3,8,2,2,2,2,2,2,4,3,1,1,-7,2,2,2,2,0,0,1,0,0,0,bas25_02102,1029.5485204,2,24005,-7,9,6,11:33:01,9,6,12:00:34,2,1,1,2,4,4,1,4,0,1
30,2,2,2,2,2,4,2,3,4,4,2,4,3,2,1,2,1,1,1,1,1,2,2,2,2,2,2,2,2,3,3,3,4,4,4,2,1,2,1,2,1,1,1,2,5,4,5,5,4,5,-7,4,3,3,3,3,3,3,1,1,1,2,2,2,2,1,1,1,1,0,0,1,1,0,1,1,1,0,0,0,1,1,0,1,1,1,1,0,1,0,0,0,0,0,0,0,0,1,0,1,0,0,0,0,0,1,0,1,0,0,0,0,0,0,0,0,1,3,1,0,0,0,0,0,0,1,3,-7,-7,-7,-7,-7,-7,-7,5,-7,-7,-7,1 million,40000,4,4,4,3,2,2,2,2,-7,2,2,3,3,1,5,5,2,4,4,2,3,3,1,1,1,4,0,0,0,0,0,0,0,0,NA,1,1,0,0,0,0,0,0,0,0,0,4,4,2,3,1,1,0,0,1,2,NA,2,-7,-7,3,1,2,-7,-7,-7,2,5,5,1959,66,1,-7,2,2,1,1,1,8,-7,-7,-7,-7,8,2,-7,4,9,2,2,2,2,2,2,3,2,1,1,-7,1,1,1,1,0,1,0,0,0,0,bas25_02109,870.74066633,1,24510,Northwood,8,27,18:01:24,8,28,00:37:56,1,1,2,1,4,3,1,5,0,1
18,4,1,2,2,2,4,3,3,1,3,1,3,2,1,2,2,1,1,2,2,1,1,1,1,1,1,1,1,2,2,2,4,2,3,4,1,1,1,1,2,2,2,2,1,3,4,2,4,5,4,4,-7,3,3,3,3,3,3,1,1,1,2,1,1,2,1,1,1,1,1,0,1,1,0,0,1,0,0,0,0,1,1,0,1,1,0,0,1,1,0,0,0,-8,-8,-8,-8,-8,-8,0,0,0,0,0,1,1,0,0,1,1,0,0,0,0,0,0,0,1,2,-8,-8,-8,-8,-8,-8,-8,3,-7,-7,-7,-7,-7,-7,-7,-7,2,2,3,4,200000,50000,3,4,3,4,3,3,3,2,-7,2,2,1,1,1,1,1,1,1,1,1,1,2,2,1,1,1,0,0,0,0,0,0,0,0,NA,1,0,1,0,0,0,0,0,0,0,0,5,5,2,4,1,0,1,0,2,2,NA,2,-7,-7,2,1,1,0,0,2,2,7,1,1979,46,1,-7,2,2,1,1,1,9,-7,-7,-7,-7,1,2,-7,6,11,2,2,2,2,2,2,4,2,1,1,-7,2,2,2,2,0,0,1,0,0,0,bas25_02110,244.69548296,1,24510,South Baltimore,8,31,11:02:29,8,31,11:34:14,1,2,1,2,4,4,1,3,0,1
5,3,1,1,2,1,3,3,3,2,4,1,3,2,1,1,1,1,1,2,2,2,1,2,3,2,2,5,4,3,3,3,4,3,1,3,2,1,2,1,2,2,2,2,1,3,2,5,5,5,3,4,-7,2,2,2,2,2,3,1,4,1,2,2,1,2,1,1,1,0,0,0,0,0,0,0,0,0,0,0,1,0,0,0,0,0,0,0,0,1,0,0,0,-8,-8,-8,-8,-8,-8,0,1,1,1,1,1,0,1,0,1,0,0,0,0,1,0,1,0,0,2,0,0,0,0,0,1,0,3,-7,-7,-7,-7,-7,-7,-7,-7,1,4,5,1,500000,100000,3,4,3,5,3,3,3,2,-7,2,2,3,3,3,3,3,3,3,1,3,1,1,1,1,1,3,0,0,0,0,0,0,0,0,NA,1,0,0,0,0,0,0,0,0,1,0,5,5,2,1,1,0,0,0,1,2,NA,2,-7,-7,2,1,2,-7,-7,-7,1,7,1,1987,38,1,-7,3,2,1,1,1,9,-7,-7,-7,-7,1,2,-7,6,11,2,2,2,2,2,2,4,3,1,1,-7,2,2,2,2,0,0,1,0,0,0,bas25_02112,339.82481662,2,24005,-7,10,2,10:56:55,10,2,11:23:37,1,2,1,2,4,4,1,3,5,2
13,5,2,3,3,3,4,3,3,5,4,3,3,4,3,3,3,4,4,4,4,4,4,5,5,4,4,4,4,2,4,4,4,2,3,3,-8,1,-8,1,-8,1,-8,-8,1,4,-8,5,4,5,4,4,-7,2,2,1,1,1,2,2,4,2,4,2,1,3,4,2,1,1,0,0,0,1,1,0,0,0,0,0,0,0,0,0,0,0,1,0,0,0,1,0,0,0,1,0,1,0,1,0,0,1,0,1,0,0,0,0,1,0,1,0,0,1,0,1,0,0,5,1,1,1,0,0,0,0,3,-7,-7,-7,-7,-7,-7,-7,-7,1,3,2,2,100000,10000,4,3,4,4,1,2,1,1,2,1,1,3,4,5,4,4,4,4,3,3,3,4,4,2,2,4,0,1,0,1,0,0,0,0,NA,0,0,0,0,0,0,0,0,0,1,0,4,2,1,3,0,0,0,1,1,1,NA,2,-7,-7,1,-7,1,0,0,1,1,3,5,1976,49,2,-7,2,2,1,1,1,8,-7,-7,-7,-7,4,1,1,-7,1,2,1,2,2,2,1,3,3,1,5,1,1,1,1,1,0,1,0,0,0,0,bas25_02131,961.78116328,1,24510,Sandtown-Winchester/Harlem Park,8,29,16:07:59,8,29,17:04:21,1,2,1,1,1,2,2,3,9,3
19,3,1,2,2,2,4,3,2,4,3,2,4,3,2,2,2,1,1,1,1,1,2,5,4,4,3,6,-7,2,3,3,4,4,3,3,1,1,1,2,2,1,2,2,2,5,2,4,5,4,4,2,-7,3,3,3,3,3,3,1,5,1,4,1,3,4,3,4,1,0,0,0,0,0,0,0,1,0,0,0,0,1,0,0,1,1,0,0,1,0,0,0,0,-8,-8,-8,-8,-8,-8,0,0,0,0,1,0,0,1,0,1,0,0,1,0,1,1,0,0,0,5,0,0,1,0,0,0,0,1,4,-7,-7,-7,-7,-7,-7,-7,1,4,5,4,400000,50000,4,5,4,5,3,3,3,2,-7,2,2,2,1,1,1,1,1,1,1,1,1,2,2,1,1,3,0,0,0,0,0,0,0,0,NA,1,1,0,0,0,0,0,0,0,0,0,5,5,2,1,1,0,0,0,1,2,NA,2,-7,-7,3,1,2,-7,-7,-7,1,7,1,1957,68,1,-7,1,2,1,1,1,8,-7,-7,-7,-7,3,2,-7,6,11,2,2,2,2,2,2,3,2,1,1,-7,1,1,1,1,0,1,0,0,0,0,bas25_02132,800.98878263,2,24005,-7,10,7,16:05:02,10,7,16:39:18,1,2,1,1,4,4,1,5,0,1
20,4,2,2,2,2,3,3,3,3,3,2,2,2,3,3,2,1,1,1,1,1,1,1,1,1,1,2,2,2,3,2,4,3,4,3,1,1,1,1,1,1,1,2,2,4,2,4,3,4,4,4,-7,3,3,3,3,2,3,1,1,1,2,3,2,2,1,1,1,1,0,0,0,1,0,1,1,1,1,0,0,0,0,0,0,0,0,0,0,0,0,1,0,0,1,0,0,1,0,0,1,1,1,1,1,1,0,0,1,1,0,0,1,0,0,1,1,0,1,-8,-8,-8,-8,-8,-8,-8,3,-7,-7,-7,-7,-7,-7,-7,-7,1,1,4,2,200000,30000,3,5,4,5,3,3,3,2,-7,2,2,1,1,1,1,1,1,1,1,1,1,2,2,1,1,2,0,0,0,0,0,0,0,0,NA,1,1,1,1,0,0,1,0,0,0,0,5,5,1,1,1,0,0,0,1,2,NA,2,-7,-7,2,2,2,-7,-7,-7,1,4,1,1955,70,1,-7,2,2,3,3,3,5,-7,-7,-7,-7,3,1,2,-7,2,2,1,2,1,1,2,4,2,1,5,1,3,4,3,4,0,0,0,0,1,0,bas25_02140,670.56181104,2,24005,-7,10,5,20:08:22,10,5,20:21:41,2,2,1,3,1,3,1,5,1,1
30,3,1,1,3,1,4,3,3,3,3,2,3,1,1,2,2,1,1,1,1,1,2,2,1,3,2,1,1,2,4,3,4,4,3,3,1,1,1,1,1,1,1,1,2,5,3,3,5,4,5,-7,2,3,3,3,3,3,3,1,1,1,2,3,1,3,1,1,2,1,1,0,1,1,0,0,0,0,0,0,0,1,1,0,1,1,0,0,0,0,0,0,0,0,0,0,0,0,1,0,1,1,1,1,1,0,0,0,1,1,0,1,1,1,1,1,1,0,4,-8,-8,-8,-8,-8,-8,-8,1,1,-7,-7,-7,-7,-7,-7,-7,9,-7,-7,-7,125000,35000,4,3,4,5,3,3,3,2,-7,2,2,2,1,1,1,1,1,2,1,1,2,4,4,1,1,1,0,1,0,0,0,0,0,0,NA,0,1,0,0,0,0,1,0,1,1,0,5,5,2,1,1,0,0,0,2,2,NA,2,-7,-7,1,-7,2,-7,-7,-7,2,6,3,1947,78,2,-7,2,2,1,3,3,4,-7,-7,2,-7,6,1,4,-7,4,2,2,2,2,2,2,4,2,1,1,-7,2,2,2,2,0,0,1,0,0,0,bas25_02142,522.87669484,2,24005,-7,9,7,18:44:57,9,7,19:40:53,1,1,2,2,2,4,2,5,0,1
2,5,1,3,4,2,3,2,4,5,3,1,3,2,1,1,2,1,1,2,1,1,1,4,2,5,1,1,1,3,3,3,4,3,4,4,1,1,1,1,1,1,1,1,1,4,4,4,5,4,4,3,-7,3,3,3,3,3,3,1,1,1,2,1,1,2,1,2,1,0,0,0,0,1,0,0,1,0,0,0,0,0,0,0,0,0,1,0,1,1,0,0,0,-8,-8,-8,-8,-8,-8,1,1,1,1,1,1,1,0,0,1,1,0,0,1,0,0,0,1,0,5,0,0,1,0,0,1,0,1,4,-7,-7,-7,-7,-7,-7,-7,1,3,2,3,600000,60000,4,5,3,5,3,3,3,2,-7,2,2,2,2,2,1,1,1,1,1,1,1,2,3,1,1,1,0,0,0,0,0,0,0,0,NA,1,0,1,0,0,0,0,0,1,1,0,5,5,1,1,1,0,0,0,1,2,NA,2,-7,-7,2,1,2,-7,-7,-7,2,7,1,1977,48,1,-7,2,1,3,3,3,2,-7,-7,-7,-7,3,2,-7,4,9,2,2,2,2,2,2,5,2,3,5,2,2,2,4,6,0,0,1,0,0,1,bas25_02145,238.7161448,1,24510,Highlandtown,9,25,19:15:18,9,25,20:02:43,1,2,1,3,4,4,1,3,0,1
25,2,1,2,2,1,2,2,1,2,2,1,3,2,1,2,1,1,1,1,1,1,1,1,2,1,1,1,1,2,3,3,3,2,1,3,-8,1,1,1,1,1,1,1,1,4,1,1,4,3,3,2,-7,3,3,3,3,3,3,1,1,1,1,1,1,2,1,2,2,1,1,0,1,1,0,0,1,0,0,0,0,1,1,0,1,1,1,0,1,0,0,0,0,0,0,0,0,0,1,-8,-8,-8,-8,-8,-8,-8,1,0,1,0,0,0,0,0,0,0,0,1,1,-8,-8,-8,-8,-8,-8,-8,2,-7,1,1,1,0,1,0,0,1,1,2,3,500000,20000,4,3,4,5,3,3,3,2,-7,2,2,2,1,1,1,1,1,1,1,1,1,1,1,1,1,1,0,0,0,1,0,0,0,0,NA,0,0,1,0,0,0,0,0,0,1,0,1,1,2,1,1,0,0,0,2,2,NA,2,-7,-7,2,2,2,-7,-7,-7,1,3,2,1963,62,2,-7,2,2,1,3,1,2,-7,-7,-7,-7,3,1,5,-7,5,2,2,2,2,2,2,3,2,1,1,-7,2,2,2,2,0,0,1,0,0,0,bas25_02146,1505.8827033,2,24005,-7,9,4,19:10:52,9,4,20:15:38,1,2,1,2,2,2,2,4,0,1
37,5,1,2,2,2,4,3,3,2,2,2,3,2,2,1,2,1,1,1,1,1,1,1,1,1,1,1,1,2,2,1,2,2,2,2,1,1,1,1,1,1,1,2,2,4,3,1,2,2,3,-7,2,3,3,3,3,3,3,1,2,1,3,2,3,4,2,1,2,1,0,0,0,0,0,0,0,0,0,0,0,1,1,0,0,0,0,0,1,0,0,0,0,-8,-8,-8,-8,-8,-8,-8,-8,-8,-8,-8,-8,-8,0,0,1,1,0,0,0,0,0,0,0,1,2,-8,-8,-8,-8,-8,-8,-8,1,1,-7,-7,-7,-7,-7,-7,-7,5,-7,-7,-7,100000,5000,2,2,3,4,3,3,3,2,-7,2,2,1,1,1,1,1,1,1,1,1,1,3,2,1,1,1,0,0,0,0,0,0,0,0,NA,1,1,1,0,0,0,0,0,0,0,0,5,5,2,1,0,0,1,0,2,2,NA,1,3,3,2,2,2,-7,-7,-7,2,6,1,1945,80,2,-7,2,2,1,1,1,8,-7,-7,-7,-7,7,2,-7,5,10,-8,2,2,2,2,2,4,2,1,1,-7,1,1,1,1,0,1,0,0,0,0,bas25_02147,859.70534674,1,24510,Beechfield/Ten Hills/West Hills,8,29,17:22:07,8,29,18:29:58,1,1,2,1,4,4,2,5,0,1
21,6,4,2,3,2,3,3,3,3,3,2,4,3,1,3,2,1,2,2,2,1,5,4,4,5,1,4,2,2,4,3,4,3,3,3,1,1,1,1,1,1,1,2,2,5,3,5,5,4,4,1,-7,3,3,3,3,3,3,1,1,1,2,1,1,2,5,1,6,0,0,0,0,1,0,0,0,0,0,0,0,0,0,0,0,1,0,0,0,0,0,0,0,0,1,0,0,0,0,0,0,0,0,0,1,0,0,0,1,1,0,0,0,0,1,0,0,0,1,0,0,1,0,0,1,0,1,1,-7,-7,-7,-7,-7,-7,-7,1,3,4,2,400000,60000,3,5,3,5,3,3,3,2,-7,2,2,2,1,1,2,2,3,2,2,1,2,2,3,1,1,4,0,0,0,1,1,1,0,0,NA,0,0,0,0,0,1,0,0,0,0,0,5,5,2,2,1,0,0,0,1,2,NA,2,-7,-7,3,1,2,-7,-7,-7,2,7,1,1968,57,2,-7,2,2,1,1,1,2,-7,-7,-7,-7,1,2,-7,6,11,2,2,2,2,2,2,4,2,1,1,-7,2,2,2,2,0,0,1,0,0,0,bas25_02148,725.85998483,2,24005,-7,9,9,18:26:18,9,9,18:49:11,1,1,1,2,4,4,2,4,0,1
29,6,1,2,3,2,4,1,3,4,4,4,3,4,3,2,3,1,1,1,1,2,1,2,2,5,1,1,1,2,4,4,4,5,4,4,1,1,1,1,1,1,1,1,2,5,5,3,5,5,5,4,-7,3,3,3,3,3,3,1,1,1,1,2,2,1,1,1,1,1,0,0,0,0,0,0,1,0,0,0,0,1,0,0,0,0,0,0,0,0,0,0,0,-8,-8,-8,-8,-8,-8,-8,-8,-8,-8,-8,-8,-8,1,0,0,1,0,0,0,0,0,0,0,1,1,-8,-8,-8,-8,-8,-8,-8,3,-7,-7,-7,-7,-7,-7,-7,-7,2,2,5,4,150000,35000,3,3,2,2,3,3,3,2,-7,2,2,1,1,1,2,2,1,1,1,1,1,2,2,1,1,1,0,0,0,0,0,0,0,0,NA,1,0,0,0,0,0,1,0,0,0,0,2,1,2,1,-8,-8,-8,-8,2,2,NA,1,1,-7,1,-7,2,-7,-7,-7,2,4,2,1950,75,1,-7,2,2,1,1,1,2,-7,-7,-7,-7,8,2,-7,1,6,2,2,2,2,2,2,2,1,1,1,-7,2,2,2,2,0,0,1,0,0,0,bas25_02149,152.10313275,1,24510,South Baltimore,8,28,08:25:24,8,28,08:54:10,2,2,1,2,3,3,1,5,0,1
20,6,1,2,3,3,3,3,3,1,1,2,3,3,3,1,3,1,1,1,1,1,1,3,1,1,1,1,1,4,2,2,4,2,-8,-8,1,1,1,1,1,1,1,2,2,5,-8,5,2,3,-8,4,-7,3,3,3,3,2,3,2,5,1,5,2,1,1,2,1,1,1,1,0,1,1,0,1,0,0,0,0,0,1,1,0,1,1,0,1,1,1,0,0,0,-8,-8,-8,-8,-8,-8,0,1,1,1,1,1,0,0,0,1,0,1,1,1,0,0,1,1,0,5,-8,-8,-8,-8,-8,-8,-8,3,-7,-7,-7,-7,-7,-7,-7,-7,8,-7,-7,-7,500000,30000,4,3,4,5,3,3,3,2,-7,2,2,1,5,5,5,5,5,5,5,5,1,4,4,1,1,1,0,1,1,1,1,0,0,0,NA,0,1,0,0,0,0,0,1,0,0,0,5,5,1,1,0,0,1,0,2,2,NA,2,-7,-7,1,-7,2,-7,-7,-7,1,4,2,1962,63,2,-7,-8,2,1,1,1,-8,-6,-7,-7,-7,-8,-8,-7,-7,-6,1,1,2,2,1,2,4,2,1,1,-7,-6,-6,-6,-6,-8,-8,-8,-8,-8,0,bas25_02162,789.24498293,2,24005,-7,8,30,19:48:00,8,30,20:53:04,2,1,1,-6,-6,3,2,4,1,1
10,4,2,2,2,3,3,2,2,3,2,2,3,3,3,1,1,3,3,5,5,5,3,3,3,1,2,1,1,3,3,3,3,3,2,3,1,1,1,1,1,1,1,1,2,5,5,3,3,5,5,-7,4,3,3,3,3,3,3,1,1,1,1,2,2,3,2,2,4,0,0,0,0,0,0,0,0,0,0,0,1,1,1,0,1,1,1,1,1,1,0,0,0,0,1,0,1,0,0,0,1,0,1,0,1,1,1,0,1,0,0,0,1,1,0,1,0,0,1,-8,-8,-8,-8,-8,-8,-8,3,-7,-7,-7,-7,-7,-7,-7,-7,1,4,3,4,38,15,3,4,3,4,2,1,2,2,-7,1,2,1,4,3,4,3,4,3,3,1,2,4,4,2,1,1,0,0,0,0,0,0,1,0,NA,0,0,0,0,1,0,0,0,0,0,0,3,3,1,2,1,0,0,0,2,2,NA,2,-7,-7,1,-7,1,0,1,0,2,5,5,1992,33,1,-7,2,2,1,1,1,9,-7,-7,-7,-7,4,1,2,-7,2,2,1,2,2,2,2,3,2,1,1,-7,1,1,1,1,0,1,0,0,0,0,bas25_02209,544.91749812,1,24510,Greater Mondawmin,8,30,14:10:46,10,4,09:57:08,1,2,2,1,1,3,1,2,0,1
5,6,5,3,4,4,4,1,5,4,3,4,3,4,3,3,3,4,4,3,2,2,3,3,3,3,4,6,-7,3,4,4,4,4,1,3,1,1,1,1,1,1,2,2,1,5,5,4,4,4,4,4,-7,3,2,2,3,3,3,2,4,2,3,2,2,3,1,1,1,1,0,0,1,1,0,0,0,0,0,0,0,1,0,0,0,0,0,0,0,0,0,0,0,-8,-8,-8,-8,-8,-8,0,0,1,0,0,0,0,1,0,1,0,0,0,0,0,0,0,0,1,3,-8,-8,-8,-8,-8,-8,-8,3,-7,-7,-7,-7,-7,-7,-7,-7,8,-7,-7,-7,80000,15000,4,4,4,5,2,2,2,1,3,2,2,3,5,2,3,3,3,3,1,3,1,4,4,1,1,1,0,0,0,0,0,0,0,0,NA,1,1,1,0,0,0,0,1,0,1,0,5,5,1,1,0,1,0,0,1,2,NA,2,-7,-7,2,2,1,0,1,0,1,3,1,1974,51,1,-7,3,2,1,1,1,8,-7,-7,-7,-7,1,1,1,-7,1,1,1,1,1,2,2,3,2,1,1,-7,1,1,1,1,0,1,0,0,0,0,bas25_02223,1046.4940858,1,24510,Oldtown/Middle East,9,8,22:26:48,9,8,23:06:19,2,1,1,1,1,2,1,4,2,2
50,2,2,3,3,2,3,2,3,3,4,2,2,2,2,1,1,1,1,2,1,4,1,1,2,2,1,1,1,3,3,3,4,3,3,3,1,1,1,2,1,1,2,1,2,4,4,3,4,3,5,-7,4,3,3,3,3,3,3,1,2,1,2,2,1,2,2,1,1,1,0,0,1,0,0,1,0,0,0,0,0,1,0,0,0,0,0,1,0,0,0,0,0,0,1,0,0,0,0,0,1,0,1,0,1,0,0,0,1,1,0,1,1,0,0,0,0,0,4,0,0,0,0,0,1,0,2,-7,0,0,1,0,0,0,0,1,2,2,4,1000000000,30000,3,5,4,5,2,3,2,2,-7,2,2,3,5,5,5,4,4,3,1,1,-8,1,3,1,1,1,0,1,0,1,1,1,0,0,NA,0,1,1,0,0,0,0,0,1,0,0,5,4,2,4,1,0,0,0,1,2,NA,1,1,-7,2,2,2,-7,-7,-7,1,4,5,1966,59,2,-7,2,2,1,1,1,8,-7,-7,-7,-7,8,2,-7,2,7,2,2,2,1,2,2,3,2,1,1,-7,1,1,1,1,0,1,0,0,0,0,bas25_02226,832.50732311,1,24510,Pimlico/Arlington/Hilltop,9,5,10:58:23,9,5,11:29:12,1,1,2,1,3,3,2,4,0,1
1,4,3,2,3,3,2,3,5,5,5,4,4,5,5,5,5,3,5,5,5,5,5,5,5,5,5,6,-7,4,4,4,4,5,5,5,1,1,1,1,1,1,1,1,2,1,1,1,5,5,5,5,-7,3,3,3,3,3,3,1,1,1,5,1,2,5,5,5,2,0,0,0,0,0,0,0,0,0,0,0,1,0,0,0,0,0,0,0,0,0,0,0,1,1,0,0,0,0,0,0,1,1,1,0,0,0,0,1,1,0,0,0,0,0,1,0,0,0,5,-8,-8,-8,-8,-8,-8,-8,3,-7,-7,-7,-7,-7,-7,-7,-7,1,3,5,2,NA,NA,4,5,3,4,2,2,2,1,2,1,1,4,4,4,5,5,5,5,5,5,3,3,3,1,1,3,1,0,0,0,1,1,0,0,NA,0,0,0,0,0,0,0,0,0,0,1,5,5,1,3,-8,-8,-8,-8,2,5,NA,1,1,-7,-8,-7,1,1,-8,-8,2,6,5,2000,25,1,-7,2,2,1,1,1,8,-7,-7,-7,-7,8,2,-7,4,9,1,2,1,2,2,2,1,2,1,1,-7,1,1,1,1,0,1,0,0,0,0,bas25_02228,480.34377993,1,24510,Southeastern,9,9,22:16:55,9,9,22:34:05,1,2,1,1,4,4,1,2,0,1
8,2,4,3,4,4,-8,-8,3,5,3,4,2,4,3,-8,3,4,2,1,1,1,1,3,-8,3,1,6,-7,3,4,4,4,5,4,5,1,1,1,1,1,1,1,1,2,4,5,3,5,4,5,-7,5,2,-8,3,1,1,1,2,5,2,1,2,3,3,1,1,1,0,0,0,0,0,0,0,0,0,0,0,1,0,0,0,0,0,0,0,0,0,0,0,1,-8,-8,-8,-8,-8,-8,-8,-8,-8,-8,-8,-8,-8,-8,-8,-8,-8,-8,-8,-8,-8,-8,-8,-8,-8,5,-8,-8,-8,-8,-8,-8,-8,2,-7,1,1,1,1,1,1,0,5,-7,-7,-7,NA,NA,4,5,4,5,1,1,1,2,-7,2,2,1,3,4,3,2,5,1,2,4,1,4,4,1,1,1,0,0,0,0,0,0,0,0,NA,1,1,1,1,0,1,0,0,0,0,0,1,1,1,1,0,1,0,0,1,-8,NA,2,-7,-7,2,2,2,-7,-7,-7,2,3,2,1958,67,1,-7,2,2,1,1,1,2,-7,-7,-7,-7,7,1,-8,-7,-6,1,1,2,2,2,2,-8,-8,1,1,-7,1,1,1,1,0,1,0,0,0,0,bas25_02247,825.18698954,1,24510,Midway/Coldstream,8,28,11:03:56,8,28,12:25:46,2,2,2,1,-6,2,1,5,8.399999999999999,3
5,2,2,2,2,2,4,3,3,3,3,2,3,2,3,3,4,1,1,1,1,1,2,3,2,2,1,6,-7,2,2,2,4,3,3,3,2,1,1,2,2,2,2,2,2,4,2,2,2,2,2,2,-7,3,3,3,3,3,3,1,4,1,2,3,1,3,1,2,1,1,0,0,0,0,0,1,0,1,0,0,0,1,0,0,0,0,0,0,0,1,0,0,0,-8,-8,-8,-8,-8,-8,-8,-8,-8,-8,-8,-8,-8,1,0,1,0,0,0,0,0,0,0,0,1,2,-8,-8,-8,-8,-8,-8,-8,2,-7,0,0,0,0,0,0,1,1,2,4,3,250000,50000,3,4,3,4,3,3,3,2,-7,2,2,2,2,2,2,2,2,1,2,2,2,4,3,1,1,1,0,0,0,0,0,0,0,0,NA,1,0,0,0,1,0,1,0,0,0,0,5,5,1,1,1,0,0,0,1,2,NA,2,-7,-7,5,1,2,-7,-7,-7,1,7,1,1964,61,2,-7,2,2,1,1,1,9,-7,-7,-7,-7,7,2,-7,3,8,2,2,2,2,2,2,3,3,1,1,-7,1,1,1,1,0,1,0,0,0,0,bas25_02255,2059.7542794,2,24005,-7,9,12,23:45:27,9,13,00:34:27,1,2,1,1,4,4,2,4,0,1
18,3,1,2,2,2,3,3,4,3,2,2,3,3,1,2,1,1,1,1,1,1,1,1,3,3,2,6,-7,3,3,3,3,2,2,2,1,1,1,1,1,1,2,1,2,5,3,3,4,4,4,-7,3,3,3,3,3,3,3,1,4,1,1,2,3,3,1,1,1,0,0,0,0,0,0,0,1,0,0,0,0,1,0,0,0,0,0,0,1,0,0,0,0,0,0,1,0,0,0,-8,-8,-8,-8,-8,-8,-8,0,0,1,1,0,0,0,0,0,0,0,1,1,1,0,0,0,0,0,0,3,-7,-7,-7,-7,-7,-7,-7,-7,5,-7,-7,-7,600000,25000,2,3,3,4,3,3,3,2,-7,2,2,1,1,1,1,1,1,1,1,1,1,3,4,-8,1,1,0,0,0,0,0,0,0,0,NA,1,1,0,0,0,1,0,1,1,1,0,5,5,2,1,0,1,0,0,1,2,NA,2,-7,-7,4,1,2,-7,-7,-7,1,3,3,1947,78,2,-7,2,2,1,1,1,8,-7,-7,-7,-7,1,1,3,-7,3,2,2,2,2,2,2,3,3,1,1,-7,1,1,1,1,0,1,0,0,0,0,bas25_02260,3479.8616485,1,24510,Cedonia/Frankford,9,7,09:36:04,9,7,10:18:23,1,2,2,1,2,2,2,5,0,1
30,3,1,2,3,2,2,3,3,3,2,2,3,2,2,2,1,1,1,2,2,2,1,2,1,2,1,1,1,2,1,1,3,2,3,3,1,1,1,2,2,1,2,2,2,3,4,3,4,3,3,1,-7,3,3,3,3,3,3,1,3,1,2,1,1,3,2,1,1,0,0,0,0,0,0,0,0,0,0,0,1,0,0,0,0,0,0,0,0,1,0,0,0,-8,-8,-8,-8,-8,-8,-8,-8,-8,-8,-8,-8,-8,0,0,1,1,0,0,0,1,0,0,0,0,2,1,0,0,0,0,0,0,1,3,-7,-7,-7,-7,-7,-7,-7,1,2,3,3,300000,30000,3,3,3,4,3,3,3,2,-7,2,2,1,1,1,1,1,1,1,1,1,1,2,2,1,-8,1,0,0,0,0,0,0,0,0,NA,1,0,0,0,0,0,0,0,0,0,1,5,5,2,1,0,1,0,0,1,2,NA,2,-7,-7,3,1,2,-7,-7,-7,1,7,1,1959,66,1,-7,2,2,1,1,1,1,3,-7,-7,-7,8,2,-7,2,7,1,1,2,2,1,2,4,2,1,1,-7,2,2,2,2,0,0,1,0,0,0,bas25_02261,255.18382926,1,24510,Greater Lauraville,9,30,15:04:50,9,30,15:32:32,2,1,1,2,3,4,1,5,0,1
13,3,5,4,1,4,1,1,4,5,5,5,5,5,5,5,5,5,5,5,5,5,5,3,5,5,5,5,4,4,3,3,3,1,5,5,1,1,1,1,1,1,1,1,2,5,5,5,5,5,5,1,-7,1,2,1,1,1,1,2,5,2,5,2,1,5,2,1,1,1,0,0,1,0,0,1,0,0,0,0,0,1,1,1,1,1,1,1,0,0,0,0,0,0,0,0,1,0,0,0,0,0,0,0,0,1,0,0,1,0,1,0,0,0,0,0,0,1,5,-8,-8,-8,-8,-8,-8,-8,1,2,-7,-7,-7,-7,-7,-7,-7,8,-7,-7,-7,80,963,4,5,4,5,1,1,1,1,1,1,1,4,5,5,5,5,5,5,5,5,3,4,4,1,1,4,0,0,1,1,0,1,1,1,"I have heart failure, copd,asthma",0,0,0,0,1,1,1,1,1,1,0,3,5,1,3,0,1,0,0,1,2,NA,2,-7,-7,2,2,2,-7,-7,-7,1,3,1,1973,52,1,-7,2,2,1,1,1,8,-7,-7,-7,-7,9,1,1,-7,1,1,1,1,1,2,2,1,2,1,1,-7,3,3,3,3,0,0,0,1,0,0,bas25_02265,536.57216271,1,24510,Clifton-Berea,8,27,11:45:41,8,27,12:53:03,2,2,1,3,1,2,1,4,11,3
22,4,3,3,4,2,3,2,5,5,4,3,3,3,2,2,4,2,3,3,2,2,2,1,3,4,2,2,2,2,4,4,3,4,1,4,1,2,2,2,2,2,2,2,1,5,5,5,5,2,4,3,-7,3,3,3,3,3,3,1,5,1,1,3,1,1,1,1,6,1,1,0,0,0,0,0,0,0,0,1,0,1,1,0,0,0,0,0,0,0,0,0,0,0,1,0,0,0,1,-8,-8,-8,-8,-8,-8,-8,0,0,1,1,0,1,0,0,0,0,1,0,2,-8,-8,-8,-8,-8,-8,-8,3,-7,-7,-7,-7,-7,-7,-7,-7,5,-7,-7,-7,200000,50000,3,4,3,3,3,3,3,2,-7,2,2,2,1,1,3,1,2,1,1,1,1,2,2,1,1,1,0,0,0,0,0,0,0,0,NA,1,1,1,0,0,1,0,0,0,0,0,5,5,2,1,1,0,0,0,2,2,NA,1,3,3,1,-7,2,-7,-7,-7,2,7,2,1948,77,2,-7,2,2,1,1,1,8,-7,-7,-7,-7,2,2,-7,-8,-6,2,2,2,2,2,2,3,3,1,1,-7,2,2,2,2,0,0,1,0,0,0,bas25_02283,265.22434803,2,24005,-7,8,28,10:09:12,8,28,11:24:30,1,1,1,2,-6,4,2,5,0,1
15,2,4,2,2,3,3,2,4,2,1,2,1,2,1,1,2,1,1,1,2,1,2,2,1,1,1,2,1,3,2,2,2,2,1,2,1,1,1,1,1,1,1,1,2,5,4,1,5,4,5,-7,4,2,1,1,2,1,2,1,2,2,1,2,2,2,1,2,2,0,1,0,0,0,0,0,0,0,0,0,0,0,1,1,0,0,1,0,0,0,0,0,0,0,1,0,0,0,0,0,0,0,1,0,0,0,1,0,0,0,0,0,0,0,0,0,1,0,2,0,0,0,0,1,0,0,1,1,-7,-7,-7,-7,-7,-7,-7,8,-7,-7,-7,20,5,3,4,3,3,2,1,1,1,1,1,1,3,4,4,4,3,3,4,3,3,3,3,3,1,1,4,0,1,0,1,1,1,0,0,NA,0,1,0,0,0,0,0,0,1,1,0,4,5,1,3,0,1,0,0,1,1,NA,2,-7,-7,3,2,2,-7,-7,-7,1,2,5,1965,60,2,-7,2,2,1,1,1,8,-7,-7,-7,-7,2,1,1,-7,1,1,1,2,1,1,2,2,2,1,1,-7,1,1,1,1,0,1,0,0,0,0,bas25_02294,2950.6655399,1,24510,Dorchester/Ashburton,8,27,17:24:36,8,28,16:18:31,1,1,2,1,1,1,2,4,9,3
20,4,4,3,4,3,2,2,1,3,3,4,4,3,4,2,4,3,5,2,3,3,2,1,5,2,2,3,3,3,4,4,4,3,3,3,2,1,2,1,1,2,1,2,1,4,4,5,4,5,5,4,-7,3,3,3,3,3,3,1,1,1,4,3,3,3,2,1,1,1,1,0,0,0,0,1,1,0,0,0,0,1,0,0,0,1,0,0,0,0,0,0,0,0,1,0,0,0,0,0,1,1,1,1,1,0,1,0,1,0,0,0,0,0,0,0,1,0,3,-8,-8,-8,-8,-8,-8,-8,2,-7,0,0,1,0,0,1,0,3,4,5,2,200000,60000,4,3,4,5,3,2,3,2,-7,2,2,2,4,1,2,5,3,1,1,1,2,3,2,1,1,5,0,1,1,1,1,1,0,0,NA,0,1,0,0,1,1,0,0,1,1,0,4,5,2,1,1,1,0,0,2,2,NA,1,2,3,2,1,2,-7,-7,-7,1,7,5,1979,46,1,-7,2,1,1,1,1,1,1,-7,-7,-7,9,2,-7,4,9,2,2,2,2,2,2,3,4,1,1,-7,1,5,4,6,1,1,0,1,0,1,bas25_02299,239.91392401,1,24510,Greater Mondawmin,10,9,12:38:05,10,9,20:24:59,2,1,1,3,4,4,1,3,0,1
5,4,1,2,1,1,4,4,2,5,3,1,3,2,2,3,5,5,5,5,5,5,1,1,1,5,1,3,3,1,-8,-8,-8,3,3,3,-8,-8,-8,-8,-8,-8,-8,-8,2,5,5,5,5,5,5,2,-7,2,2,2,3,3,3,1,4,1,3,3,3,3,1,1,1,0,0,0,0,0,0,0,0,0,0,0,1,0,0,0,0,0,0,0,0,0,0,0,1,-8,-8,-8,-8,-8,-8,1,1,1,1,1,0,1,1,0,0,1,0,0,0,0,0,0,0,1,2,-8,-8,-8,-8,-8,-8,-8,3,-7,-7,-7,-7,-7,-7,-7,-7,1,4,-8,-8,NA,NA,4,4,4,5,3,3,3,2,-7,2,2,2,1,1,1,2,1,1,1,1,1,2,3,2,2,1,0,0,0,0,0,0,0,0,NA,1,0,0,0,0,0,0,0,0,0,1,5,5,2,1,1,0,0,0,2,2,NA,2,-7,-7,-8,-7,2,-7,-7,-7,2,7,5,-8,-8,-8,-6,-8,2,1,3,3,2,-7,-7,-7,-7,-8,2,-7,-8,-6,2,2,2,2,2,2,-8,-8,1,-8,-7,-6,-6,-6,-6,-8,-8,-8,-8,-8,0,bas25_02322,101.50116558,1,24510,Inner Harbor/Federal Hill,9,7,08:14:41,9,7,08:31:24,1,1,1,-6,-6,4,-8,-8,3,2
4,3,1,2,2,2,3,3,4,4,2,4,2,3,1,1,1,3,1,4,2,5,1,1,3,3,2,1,2,3,4,4,4,2,2,1,1,1,1,1,1,2,1,2,2,5,-8,1,4,4,5,-7,3,2,3,3,2,2,2,2,5,2,1,2,3,3,1,2,1,1,0,0,0,1,0,0,1,0,1,0,0,1,1,0,1,1,0,1,1,1,1,0,0,0,1,1,0,0,0,0,0,0,0,1,1,0,0,0,1,0,1,0,0,0,0,1,0,0,4,0,1,0,0,0,0,0,1,4,-7,-7,-7,-7,-7,-7,-7,5,-7,-7,-7,100000,"30,000,00",4,3,4,3,1,2,1,1,3,1,2,3,5,5,5,5,5,1,1,3,1,5,4,1,1,4,0,1,0,1,1,1,1,0,NA,0,1,1,0,0,0,1,0,0,0,0,2,5,1,1,1,0,0,0,1,2,NA,2,-7,-7,1,-7,2,-7,-7,-7,1,3,5,1957,68,1,-7,3,2,1,1,1,1,1,-7,-7,-7,2,1,2,-7,2,1,2,2,1,2,2,3,3,1,1,-7,1,1,1,1,0,1,0,0,0,0,bas25_02325,413.56593735,1,24510,Oliver/Johnston Square,9,2,11:53:42,9,2,13:56:26,1,2,2,1,1,2,1,5,4,2
25,2,1,1,1,1,4,4,2,1,3,2,4,1,1,2,2,1,1,1,1,1,1,3,2,1,1,1,1,3,4,4,3,3,2,3,2,2,2,2,1,1,2,1,2,5,2,1,3,3,3,-7,4,3,3,3,3,3,3,1,1,1,1,1,1,2,1,1,2,1,0,0,0,0,0,0,0,0,0,0,0,1,0,0,0,0,0,0,0,1,0,0,0,-8,-8,-8,-8,-8,-8,-8,-8,-8,-8,-8,-8,-8,0,0,1,1,0,0,0,0,0,0,0,1,2,-8,-8,-8,-8,-8,-8,-8,1,2,-7,-7,-7,-7,-7,-7,-7,5,-7,-7,-7,100000,15000,3,4,2,1,3,3,3,2,-7,2,2,1,1,1,1,1,1,1,1,1,1,4,3,1,1,1,0,0,0,0,0,0,0,0,NA,1,1,1,1,1,0,1,0,0,0,0,2,4,2,4,0,1,0,0,2,2,NA,2,-7,-7,1,-7,2,-7,-7,-7,2,4,5,1954,71,2,-7,2,2,1,1,1,9,-7,-7,-7,-7,1,1,-8,-7,-6,2,1,2,2,2,2,2,3,1,1,-7,2,2,2,2,0,0,1,0,0,0,bas25_02328,843.16674382,2,24005,-7,9,5,16:21:55,9,5,16:59:00,2,2,2,2,-6,3,2,5,0,1
3,2,1,1,1,1,1,1,1,1,1,1,1,1,1,1,1,1,1,-8,1,1,1,1,1,1,1,1,1,1,1,1,1,1,1,1,2,2,2,2,2,2,2,2,2,1,1,1,1,1,1,1,-7,1,1,1,1,1,1,1,1,1,1,2,2,1,1,1,1,1,1,0,0,0,0,0,0,0,0,0,0,1,1,0,0,0,0,0,0,0,0,0,0,-8,-8,-8,-8,-8,-8,-8,-8,-8,-8,-8,-8,-8,-8,-8,-8,-8,-8,1,0,0,0,0,0,0,1,0,0,0,0,1,0,0,1,1,-7,-7,-7,-7,-7,-7,-7,6,-7,-7,-7,100k,14,1,1,1,1,1,1,2,1,1,1,1,1,1,1,1,1,1,1,1,-8,1,1,1,1,1,1,1,0,0,0,0,0,0,0,NA,0,0,0,0,0,0,0,0,0,0,1,1,1,1,1,1,0,0,0,2,5,NA,2,-7,-7,-8,-7,1,1,7,-8,1,3,5,1998,27,1,-7,1,2,1,1,1,9,-7,-7,-7,-7,1,1,1,-7,1,1,1,1,1,2,2,1,1,3,5,2,1,1,1,1,0,1,0,0,0,0,bas25_02329,960.40281661,1,24510,Allendale/Irvington/S. Hilton,10,2,14:29:58,10,2,14:38:55,2,1,1,1,1,2,1,2,12,3
14,5,3,2,2,3,2,1,3,3,1,3,4,5,4,4,5,5,3,5,5,5,2,2,2,2,1,3,3,3,4,3,4,2,1,2,1,1,1,1,1,2,1,2,1,5,5,3,5,5,5,-7,4,1,1,1,1,1,3,2,4,2,5,3,3,4,3,4,1,1,1,0,0,0,0,0,1,1,1,0,0,1,0,0,0,0,0,0,1,1,0,0,0,0,1,0,0,0,0,0,0,1,0,1,0,1,1,0,1,0,0,0,0,0,0,0,0,1,5,0,0,0,1,0,0,0,3,-7,-7,-7,-7,-7,-7,-7,-7,1,1,5,4,NA,NA,4,5,4,5,1,1,1,1,1,1,1,1,4,5,4,1,5,4,4,5,4,4,4,1,1,4,0,0,1,0,0,0,1,0,NA,0,1,0,0,1,1,0,0,1,1,0,5,5,1,3,0,1,0,0,1,2,NA,2,-7,-7,2,2,2,-7,-7,-7,1,3,3,1987,38,1,-7,2,2,1,1,1,-8,-6,-7,-7,-7,5,1,2,-7,2,2,1,1,2,2,2,-8,2,1,1,-7,1,1,1,1,0,1,0,0,0,0,bas25_02332,1024.0802936,1,24510,Brooklyn/Curtis Bay/Hawkins Point,9,9,22:25:31,9,9,23:08:50,2,1,2,1,1,2,1,3,10,3
5,5,1,1,2,-8,3,1,2,1,2,2,1,3,2,-8,4,3,3,-8,1,-8,1,1,-8,1,-8,2,2,3,3,3,3,1,3,3,1,1,1,1,1,1,1,1,2,4,4,3,4,4,-8,-7,5,3,3,3,3,3,3,1,4,2,3,2,2,2,1,-8,1,1,0,0,1,1,0,0,0,0,1,0,0,1,0,0,1,1,0,0,0,1,1,0,0,1,1,0,1,1,0,0,0,1,1,0,1,1,0,0,1,1,0,1,0,1,1,1,0,0,4,0,0,0,0,0,1,0,3,-7,-7,-7,-7,-7,-7,-7,-7,8,-7,-7,-7,20000,15000,3,5,4,5,3,3,-8,2,-7,-8,1,1,2,1,1,3,2,1,1,1,1,3,-8,1,1,2,1,0,0,0,0,0,0,0,NA,0,1,1,0,0,0,0,0,1,1,0,4,1,1,1,1,0,0,0,1,2,NA,2,-7,-7,1,-7,-8,-7,-7,-7,1,3,5,-8,-8,1,-7,2,2,1,1,1,8,-7,-7,-7,-7,4,1,2,-7,2,1,1,1,1,1,2,1,2,1,1,-7,1,1,1,1,0,1,0,0,0,0,bas25_02341,810.3386015,1,24510,Poppleton/The Terraces/Hollins Market,9,20,19:47:03,9,20,20:59:57,2,2,2,1,1,2,1,-8,0,1
11,4,5,3,4,3,2,1,5,5,3,5,4,5,4,4,5,3,5,5,4,5,3,5,5,3,5,6,-7,3,3,3,4,4,3,5,1,1,1,1,1,1,1,1,1,5,5,5,5,5,5,5,-7,2,2,3,2,1,3,2,5,2,5,3,2,5,1,1,1,1,0,0,0,0,0,0,0,0,0,0,0,1,1,0,1,0,0,0,0,0,0,0,0,0,0,0,0,0,1,0,0,0,0,0,1,0,-8,-8,-8,-8,-8,0,0,0,0,0,0,1,5,-8,-8,-8,-8,-8,-8,-8,1,2,-7,-7,-7,-7,-7,-7,-7,8,-7,-7,-7,100000,20,4,5,4,5,1,-8,2,1,1,1,1,3,5,5,5,5,5,4,2,4,1,4,4,2,1,1,0,0,0,0,0,1,0,0,NA,0,1,1,1,1,0,0,0,1,1,0,5,5,1,1,1,0,0,0,1,5,NA,2,-7,-7,1,-7,2,-7,-7,-7,1,2,5,1964,61,2,-7,2,2,1,1,1,8,-7,-7,-7,-7,7,1,1,-7,1,1,1,1,1,2,2,3,2,1,1,-7,1,1,1,1,0,1,0,0,0,0,bas25_02348,960.34394911,1,24510,Greater Rosemont,9,20,21:59:04,9,20,22:37:47,2,2,1,1,1,1,2,4,5,2
2,3,3,2,3,2,3,2,2,4,2,3,3,3,3,3,5,3,4,4,3,5,2,2,3,2,1,3,3,2,3,3,3,4,4,4,1,1,1,1,1,1,1,1,1,5,5,3,5,5,5,2,-7,2,1,1,1,3,2,2,4,2,2,2,2,3,4,1,1,1,0,0,1,1,1,1,0,1,0,0,0,1,1,0,1,1,1,1,0,1,0,0,0,0,0,0,0,0,1,-8,-8,-8,-8,-8,-8,-8,1,0,1,0,0,1,0,0,0,0,1,0,3,-8,-8,-8,-8,-8,-8,-8,3,-7,-7,-7,-7,-7,-7,-7,-7,7,-7,-7,-7,70000,15000,3,2,3,3,1,1,1,1,1,1,1,2,5,5,4,4,5,3,3,1,1,3,3,1,2,4,0,1,0,1,1,1,1,0,NA,0,0,0,0,0,0,0,0,0,0,1,5,5,1,1,0,1,0,0,1,2,NA,2,-7,-7,1,-7,1,2,0,2,1,2,5,1989,36,1,-7,2,2,1,1,1,9,-7,-7,-7,-7,1,1,1,-7,1,1,1,1,1,2,1,3,2,1,5,1,1,1,1,1,0,1,0,0,0,0,bas25_02349,523.2470429,1,24510,Oldtown/Middle East,9,20,13:16:46,9,20,13:56:57,2,1,1,1,1,1,1,3,8,3
3,2,1,1,1,1,3,3,1,1,1,1,1,1,1,1,1,1,1,1,-8,1,1,1,1,1,1,1,1,3,2,3,3,2,2,2,2,2,2,2,2,2,2,2,1,3,3,3,3,3,3,2,-7,2,2,2,2,2,2,1,1,2,1,2,2,2,1,1,1,1,1,0,1,1,0,1,0,0,0,0,0,1,1,1,1,1,0,0,0,0,0,0,0,0,0,0,0,0,1,-8,-8,-8,-8,-8,-8,-8,1,0,0,0,0,0,1,0,0,0,0,0,1,-8,-8,-8,-8,-8,-8,-8,2,-7,0,0,0,0,1,0,0,2,1,3,4,1 billion,NA,3,3,3,3,2,2,2,1,2,1,1,2,3,4,-8,3,-8,3,3,3,3,2,2,1,1,3,0,1,0,0,0,0,0,0,NA,0,0,0,0,0,0,0,0,0,0,1,4,2,1,2,0,0,1,0,1,5,NA,2,-7,-7,-8,-7,2,-7,-7,-7,2,3,-8,1990,35,2,-7,2,2,3,3,3,2,-7,-7,-7,-7,4,1,2,-7,2,2,2,2,2,2,2,2,4,1,5,1,1,1,1,1,0,1,0,0,0,0,bas25_02351,961.78116328,1,24510,Glen-Fallstaff,10,8,17:12:42,10,8,17:31:09,1,1,1,1,1,2,2,3,6,3
25,4,2,2,3,2,3,3,3,4,4,4,4,4,2,2,4,3,4,4,2,2,4,2,4,4,2,1,2,2,4,3,2,1,3,3,1,1,1,1,2,1,2,1,2,5,4,4,4,4,4,-7,2,3,3,3,3,3,3,1,1,1,2,1,1,2,2,2,1,1,1,0,1,1,0,1,0,0,1,0,0,1,0,0,1,0,0,0,0,0,0,0,0,0,1,0,0,0,0,0,1,1,1,1,1,1,0,0,1,1,0,0,0,0,0,0,0,1,2,-8,-8,-8,-8,-8,-8,-8,1,4,-7,-7,-7,-7,-7,-7,-7,1,1,4,1,300000,50000,4,4,3,4,3,3,3,2,-7,2,2,2,2,2,2,2,2,2,1,1,1,4,4,1,1,3,0,1,1,1,0,1,0,0,NA,0,1,0,0,0,0,0,0,0,1,0,4,4,1,1,1,0,0,0,2,2,NA,2,-7,-7,1,-7,2,-7,-7,-7,2,6,5,1976,49,2,-7,2,2,1,1,1,2,-7,-7,-7,-7,3,2,-7,4,9,2,2,2,2,2,2,3,3,1,1,-7,2,2,2,2,0,0,1,0,0,0,bas25_02356,302.34292068,1,24510,Canton,9,4,20:01:12,9,4,20:18:09,2,1,2,2,4,4,2,3,0,1
13,4,1,2,2,2,3,4,2,3,3,1,3,3,2,1,1,1,1,1,1,1,1,1,1,3,1,1,1,2,3,3,3,4,4,4,2,1,2,1,2,2,2,2,2,3,2,5,3,3,2,4,-7,3,3,3,3,3,3,1,4,1,2,3,1,1,1,1,1,0,0,0,0,0,0,1,1,1,0,0,0,0,0,0,0,0,0,0,0,1,0,0,0,-8,-8,-8,-8,-8,-8,0,0,0,0,0,1,1,0,0,1,1,0,0,0,0,0,0,0,1,3,-8,-8,-8,-8,-8,-8,-8,1,4,-7,-7,-7,-7,-7,-7,-7,1,4,5,3,750000,75000,2,2,2,5,3,3,3,2,-7,2,2,2,1,1,1,1,1,1,1,1,1,3,3,1,1,1,0,0,0,0,0,0,0,0,NA,1,0,0,0,0,0,0,0,0,0,1,5,5,1,1,1,0,0,0,2,2,NA,2,-7,-7,2,1,2,-7,-7,-7,2,7,1,1989,36,2,-7,2,2,1,1,1,4,-7,-7,2,-7,2,2,-7,6,11,2,2,2,2,2,2,3,2,1,1,-7,2,2,2,2,0,0,1,0,0,0,bas25_02363,489.49266298,1,24510,South Baltimore,8,27,21:55:19,8,27,22:12:48,1,2,1,2,4,4,2,3,0,1
3,3,1,2,2,2,3,3,2,4,3,1,3,2,1,1,1,1,1,1,1,1,1,1,1,3,1,1,1,1,3,3,3,3,1,3,1,1,1,1,1,1,1,1,2,2,2,2,3,3,3,-7,3,3,3,3,3,3,3,1,1,1,1,2,1,3,1,5,1,1,0,0,0,1,0,1,0,0,0,0,0,1,0,0,0,1,0,0,0,0,0,0,0,-8,-8,-8,-8,-8,-8,0,0,0,0,1,0,0,0,0,1,0,0,1,0,0,0,0,0,0,1,-8,-8,-8,-8,-8,-8,-8,1,1,-7,-7,-7,-7,-7,-7,-7,5,-7,-7,-7,$300k+/yr,$32k/year,3,2,3,2,3,3,3,2,-7,2,2,2,1,1,1,1,1,1,1,1,1,2,2,1,1,1,0,0,0,0,0,0,0,0,NA,1,1,0,0,0,0,0,0,0,0,0,4,4,3,1,1,0,0,0,1,2,NA,2,-7,-7,1,-7,2,-7,-7,-7,2,4,2,1933,92,1,-7,5,2,1,1,1,1,2,-7,-7,-7,7,-8,-7,-7,-6,2,2,2,2,2,2,2,1,1,1,-7,2,2,2,2,0,0,1,0,0,0,bas25_02397,283.53998161,2,24005,-7,10,1,20:52:34,10,1,21:55:07,2,2,2,2,-6,3,1,5,0,1
1,3,2,3,3,2,3,3,3,3,3,4,2,4,4,3,3,2,4,1,1,1,4,4,4,2,2,2,2,3,2,3,4,3,4,4,1,1,1,2,2,2,2,2,2,5,4,4,4,4,4,-7,1,2,2,2,1,1,1,1,4,2,3,1,1,2,3,1,1,0,0,0,0,0,0,0,1,0,0,0,0,0,0,0,0,0,0,0,1,1,0,0,0,0,0,1,0,0,0,0,0,0,0,1,1,0,0,0,0,1,1,0,0,0,0,0,0,1,2,-8,-8,-8,-8,-8,-8,-8,1,4,-7,-7,-7,-7,-7,-7,-7,6,-7,-7,-7,120000,40000,4,5,4,5,3,2,2,1,2,1,1,4,4,4,4,4,4,3,4,1,1,3,4,1,1,3,0,0,0,1,1,0,0,0,NA,0,0,0,0,0,1,0,0,0,1,0,5,5,1,1,1,0,0,0,2,2,NA,2,-7,-7,1,-7,2,-7,-7,-7,2,7,5,1998,27,1,-7,2,2,3,3,3,1,6,-7,-7,-7,3,1,1,-7,1,2,2,2,2,2,2,4,2,3,5,2,3,4,3,4,0,0,0,0,1,0,bas25_02410,109.98047742,1,24510,Harbor East/Little Italy,8,31,15:35:54,8,31,15:49:51,2,1,2,3,1,4,1,2,9,3
4,4,2,2,3,3,3,3,3,5,3,4,3,4,2,3,4,3,3,2,2,2,4,5,3,3,3,2,4,2,3,4,3,3,2,3,2,2,2,2,2,2,2,2,2,5,5,5,5,5,5,-7,4,3,3,3,3,3,3,1,1,1,3,1,1,2,4,2,1,0,0,0,0,0,0,0,1,0,0,0,0,0,0,0,0,0,0,0,1,0,0,0,0,0,1,1,0,0,0,0,1,0,0,0,0,1,1,0,0,1,0,1,0,0,0,0,0,0,4,0,0,0,0,1,1,0,1,4,-7,-7,-7,-7,-7,-7,-7,1,3,1,4,200000,40000,4,5,4,2,2,2,2,2,-7,2,1,2,3,3,3,3,3,3,3,3,1,2,3,1,2,4,0,1,0,0,0,1,0,0,NA,0,0,0,0,0,0,0,0,0,0,1,2,3,2,1,1,0,0,0,1,2,NA,2,-7,-7,2,2,2,-7,-7,-7,2,6,5,1998,27,2,-7,2,2,1,1,1,8,-7,-7,-7,-7,3,2,-7,3,8,2,2,2,2,2,2,3,3,1,1,-7,2,2,2,2,0,0,1,0,0,0,bas25_02411,725.2345578,1,24510,Patterson Park North & East,8,28,19:13:35,9,6,16:04:30,1,2,2,2,4,4,2,2,0,1
0,2,2,1,2,2,3,3,2,4,3,2,4,3,2,2,2,1,1,2,1,2,4,5,3,3,3,3,3,2,3,3,3,2,2,3,1,1,1,1,1,2,2,2,1,3,2,1,2,2,2,4,-7,3,3,3,3,3,3,1,1,1,1,2,1,3,1,1,1,0,0,0,0,0,0,1,1,0,0,0,0,0,0,0,0,0,0,0,0,1,0,0,0,-8,-8,-8,-8,-8,-8,-8,-8,-8,-8,-8,-8,-8,1,0,0,1,0,0,0,0,0,0,0,1,1,-8,-8,-8,-8,-8,-8,-8,2,-7,1,0,1,0,0,0,0,4,-7,-7,-7,500000,50000,3,4,3,4,2,3,2,2,-7,1,2,3,2,1,1,3,1,1,1,1,1,3,3,1,1,1,0,0,0,0,0,0,0,0,NA,1,0,0,0,0,0,0,0,0,0,1,4,4,3,1,1,0,0,0,1,2,NA,1,1,-7,2,1,2,-7,-7,-7,1,4,5,2000,25,2,-7,2,2,1,1,1,2,-7,-7,-7,-7,8,1,2,-7,2,2,2,2,2,2,2,1,1,3,1,-7,2,2,2,2,0,0,1,0,0,0,bas25_02421,3894.7591074,2,24005,-7,9,9,18:28:54,9,9,19:15:42,1,2,1,2,1,3,2,2,0,1
5,5,1,1,2,1,4,3,2,2,2,1,3,2,1,1,3,2,2,2,1,1,2,4,5,2,2,1,1,2,3,3,4,1,3,4,2,1,1,1,1,2,1,2,1,2,4,2,3,3,3,-7,4,3,3,3,3,3,3,1,1,1,3,2,1,2,2,1,1,0,0,0,0,0,0,1,1,1,0,0,0,0,0,0,0,0,0,1,1,1,0,0,0,0,1,1,0,0,1,0,1,0,0,0,1,1,0,0,1,1,0,0,1,0,1,1,1,0,2,-8,-8,-8,-8,-8,-8,-8,1,4,-7,-7,-7,-7,-7,-7,-7,1,2,2,4,350000,50000,3,4,4,5,3,3,3,2,-7,2,2,2,2,2,2,2,1,1,1,1,1,2,2,1,2,1,0,1,0,0,0,1,0,0,NA,0,0,0,0,0,0,0,0,1,1,0,5,5,1,1,1,1,0,0,2,2,NA,2,-7,-7,2,1,2,-7,-7,-7,1,7,1,1996,29,1,-7,5,1,1,1,1,4,-7,-7,5,Reconstructionist,3,2,-7,2,7,2,2,2,2,2,2,5,4,1,1,-7,2,2,4,6,0,0,1,0,0,1,bas25_02426,342.15441742,1,24510,Patterson Park North & East,9,24,10:49:01,9,24,11:04:33,2,2,2,3,3,4,1,2,0,1
3,4,1,2,3,2,3,3,3,4,3,1,2,2,2,2,3,1,3,2,3,2,1,2,4,3,4,2,2,3,3,3,4,3,2,2,1,1,1,1,2,1,2,1,1,4,4,4,3,4,3,-7,3,3,2,1,2,3,3,1,4,2,1,3,1,2,2,1,1,0,0,0,0,0,0,0,0,0,0,0,1,0,0,0,0,0,0,0,1,1,1,0,0,0,0,1,0,0,1,-8,-8,-8,-8,-8,-8,-8,1,0,0,1,0,0,1,1,0,0,1,0,3,0,0,0,0,1,1,0,3,-7,-7,-7,-7,-7,-7,-7,-7,1,1,5,1,100000,35000,3,2,3,5,3,3,3,2,-7,2,2,2,3,1,2,1,2,1,1,2,1,3,3,2,2,3,0,0,0,0,0,1,0,0,NA,0,0,1,0,0,0,0,0,0,0,0,5,5,1,1,1,0,0,0,2,2,NA,2,-7,-7,5,1,2,-7,-7,-7,2,6,5,2003,22,1,-7,2,2,3,3,3,1,6,-7,-7,-7,8,1,2,-7,2,2,2,2,2,2,2,4,2,3,5,2,3,4,3,4,0,0,0,0,1,0,bas25_02457,679.01742271,1,24510,Greater Charles Village/Barclay,9,25,19:16:32,9,25,20:03:36,1,1,2,3,1,4,1,1,4,2
30,4,1,2,2,2,3,3,3,3,3,4,4,3,3,3,3,1,2,1,1,1,2,1,3,3,2,3,3,2,3,3,3,3,2,3,1,1,1,1,1,1,1,1,2,4,5,4,4,4,4,3,-7,3,3,3,3,3,3,1,1,1,-8,1,2,2,1,1,1,1,0,0,0,1,0,0,0,0,1,0,0,1,1,1,0,1,0,0,0,0,0,0,0,-8,-8,-8,-8,-8,-8,0,0,0,1,1,1,0,1,0,1,0,0,0,0,0,0,0,0,1,4,-8,-8,-8,-8,-8,-8,-8,1,3,-7,-7,-7,-7,-7,-7,-7,5,-7,-7,-7,500000,50000,3,4,4,4,3,3,3,2,-7,2,2,2,4,4,4,4,3,3,3,2,3,2,2,1,1,1,0,0,0,0,0,0,1,0,NA,0,0,0,0,0,1,0,0,0,0,0,5,1,2,1,1,0,0,0,2,2,NA,1,3,3,1,-7,2,-7,-7,-7,2,7,5,1947,78,1,-7,2,2,1,1,1,1,7,United Church of Christ,-7,-7,6,2,-7,2,7,2,2,2,2,2,2,4,2,1,1,-7,1,1,1,1,0,1,0,0,0,0,bas25_02491,165.19015621,1,24510,Mount Washington/Coldspring,8,31,18:38:06,8,31,21:43:43,1,1,1,1,3,4,1,5,0,1
10,4,2,2,2,3,3,3,2,2,3,4,3,3,1,1,4,4,2,2,2,2,5,2,2,1,1,4,4,2,2,2,3,3,3,3,1,1,1,1,1,1,1,1,2,4,5,3,5,5,4,-7,4,3,3,3,2,2,3,1,4,2,5,2,1,4,4,1,1,0,0,0,0,1,0,0,1,0,0,0,0,0,0,0,0,1,0,0,1,1,0,0,0,1,0,0,0,0,0,0,0,1,0,0,1,0,0,0,1,1,0,0,0,0,0,0,1,0,3,-8,-8,-8,-8,-8,-8,-8,1,4,-7,-7,-7,-7,-7,-7,-7,8,-7,-7,-7,260000,40000,4,4,3,4,3,3,3,2,-7,2,2,2,1,1,1,1,1,1,1,1,1,2,3,2,2,3,0,1,0,1,1,1,0,0,NA,0,0,0,0,0,0,0,0,1,1,0,4,4,1,2,1,0,0,0,2,2,NA,2,-7,-7,2,2,2,-7,-7,-7,1,6,1,1983,42,1,-7,2,2,1,1,1,8,-7,-7,-7,-7,1,1,4,-7,4,1,1,1,1,1,2,4,4,1,1,-7,2,2,2,2,0,0,1,0,0,0,bas25_02513,334.9380234,1,24510,Midtown,9,19,20:13:19,9,19,20:39:57,1,1,2,2,2,4,1,3,2,2
8,2,2,4,2,3,2,3,5,4,3,2,2,4,2,2,2,3,4,5,4,4,1,1,3,3,3,3,4,4,4,3,3,5,4,3,2,2,2,2,2,2,2,2,2,3,3,3,3,3,3,5,-7,2,2,2,2,3,3,1,2,1,4,3,3,3,2,5,1,0,0,0,0,0,0,1,1,1,0,0,0,1,0,0,0,0,0,1,1,1,0,0,0,0,0,1,0,0,0,0,1,0,0,0,0,0,0,0,1,1,0,0,0,0,0,0,0,1,2,0,0,0,0,1,0,0,2,-7,0,0,1,0,0,0,0,6,-7,-7,-7,100000,50000,3,3,3,2,2,2,2,1,3,1,1,4,4,4,4,4,4,5,4,1,1,4,4,2,2,3,0,0,0,0,0,0,0,0,NA,1,0,0,0,0,0,0,0,0,0,1,4,4,1,3,1,1,0,0,2,5,NA,2,-7,-7,5,2,2,-7,-7,-7,2,2,1,1988,37,1,-7,2,2,3,3,3,8,-7,-7,-7,-7,1,1,2,-7,2,1,1,1,2,2,2,1,1,3,5,2,3,4,3,4,0,0,0,0,1,0,bas25_02518,901.06639366,1,24510,Westport/Mount Winans/Lakeland,8,27,16:41:43,8,27,17:12:33,1,2,1,3,1,1,1,3,4,2
4,6,1,2,2,2,3,2,4,5,5,4,4,4,2,5,5,1,5,5,4,5,2,2,2,5,5,1,4,4,4,4,4,3,3,5,1,1,1,1,1,1,1,1,2,5,5,5,4,4,4,-7,1,1,1,1,1,1,1,2,4,2,5,1,1,3,3,4,1,1,1,1,1,1,1,1,1,1,0,0,0,0,0,0,0,0,0,1,0,0,0,0,0,1,0,0,0,1,1,0,1,1,1,1,1,1,0,0,1,1,0,1,1,1,0,1,1,0,5,0,1,0,1,1,1,1,1,4,-7,-7,-7,-7,-7,-7,-7,1,1,4,1,250000,25000,3,2,3,4,1,1,1,1,2,1,1,4,4,4,4,4,4,5,4,3,3,3,1,2,2,1,0,0,0,0,0,0,0,0,NA,1,0,0,0,0,0,0,0,0,0,1,5,3,1,1,1,0,0,0,1,4,NA,2,-7,-7,2,1,1,2,0,2,2,3,4,1983,42,1,-7,2,2,1,3,1,4,-7,-7,1,-7,9,1,1,-7,1,1,-8,-8,-8,-8,-8,-8,-8,-8,-8,-7,2,2,2,2,0,0,1,0,0,0,bas25_02520,568.83436967,1,24510,Cherry Hill,8,27,22:42:21,8,27,22:59:42,2,2,2,2,1,2,1,3,12,3
4,3,2,2,2,1,3,3,2,5,3,3,1,3,2,2,1,3,1,5,4,4,2,3,3,4,1,2,4,2,1,1,4,2,4,4,2,1,2,1,2,2,2,2,1,3,5,3,4,4,4,-7,4,3,3,3,3,3,3,1,1,1,4,2,1,4,2,1,1,0,0,0,0,1,0,0,0,0,0,0,0,0,0,0,1,1,0,0,1,1,0,0,0,0,1,1,1,0,1,-8,-8,-8,-8,-8,-8,-8,0,0,1,1,0,1,0,1,1,1,0,0,1,0,0,1,0,0,0,0,1,4,-7,-7,-7,-7,-7,-7,-7,9,-7,-7,-7,300000,80000,2,2,4,5,3,3,3,2,-7,2,2,3,2,1,4,3,1,2,2,1,1,2,3,2,1,1,0,1,0,1,0,0,0,0,NA,0,1,0,0,0,0,0,0,1,1,0,5,5,2,1,1,1,0,0,1,2,NA,2,-7,-7,2,1,1,1,0,0,2,7,1,1992,33,1,-7,3,2,1,1,1,9,-7,-7,-7,-7,1,2,-7,4,9,2,2,2,2,2,2,5,2,1,1,-7,2,2,2,2,0,0,1,0,0,0,bas25_02534,304.63157399,1,24510,Penn North/Reservoir Hill,8,27,12:52:50,8,27,13:15:30,1,2,2,2,4,4,1,2,0,1
50,4,2,2,3,3,3,2,4,4,3,2,4,2,2,2,3,4,3,4,-8,3,2,-8,4,2,1,3,3,1,3,3,4,3,2,3,1,1,1,1,2,1,2,2,2,5,5,5,4,4,5,4,-7,3,3,3,3,3,3,1,4,1,2,3,3,3,2,2,1,1,0,0,0,0,0,0,0,0,0,0,0,0,0,0,0,0,0,0,1,0,0,0,0,-8,-8,-8,-8,-8,-8,0,1,1,0,1,0,1,0,0,1,1,0,0,0,0,0,0,0,1,3,-8,-8,-8,-8,-8,-8,-8,3,-7,-7,-7,-7,-7,-7,-7,-7,5,-7,-7,-7,150000,900,3,4,3,4,3,3,3,2,-7,2,2,2,1,2,1,3,1,1,-8,1,1,3,1,1,1,4,0,0,1,1,1,0,0,0,NA,0,1,1,0,0,0,0,0,0,0,0,5,5,2,1,1,0,0,0,1,2,NA,2,-7,-7,1,-7,2,-7,-7,-7,2,3,5,1952,73,1,-7,2,2,1,1,1,8,-7,-7,-7,-7,3,2,-7,1,6,2,2,2,2,2,2,4,2,1,1,-7,2,2,2,2,0,0,1,0,0,0,bas25_02535,309.49620829,1,24510,Orchard Ridge/Armistead,8,30,15:25:58,8,30,15:58:28,1,2,1,2,3,2,1,5,0,1
28,2,1,2,2,2,3,3,3,4,3,2,3,2,1,1,2,1,1,2,1,1,1,3,3,2,1,3,3,3,3,2,4,3,2,-8,1,1,1,1,1,1,1,1,2,-8,-8,3,-8,-8,-8,4,-7,3,3,3,3,3,3,1,1,1,3,3,3,3,1,1,1,0,0,0,0,0,0,0,0,1,0,0,0,0,0,0,0,0,0,0,0,1,0,0,0,0,1,0,0,0,0,0,1,0,0,1,0,0,1,0,1,0,0,1,1,0,0,1,1,0,5,-8,-8,-8,-8,-8,-8,-8,2,-7,0,0,1,0,0,0,1,5,-7,-7,-7,400000,20000,2,3,2,3,3,3,3,2,-7,2,2,2,3,1,2,2,1,1,1,1,1,2,2,1,1,1,0,0,0,0,0,0,0,0,NA,1,0,1,0,0,0,0,0,0,0,0,5,5,2,1,1,0,0,0,2,2,NA,2,-7,-7,1,-7,2,-7,-7,-7,2,7,5,1956,69,1,-7,2,2,1,1,3,9,-7,-7,-7,-7,1,1,4,-7,4,2,2,2,2,2,2,4,4,1,5,1,1,1,1,1,0,1,0,0,0,0,bas25_02539,266.99626088,2,24005,-7,8,27,17:42:09,9,9,19:27:36,2,1,1,1,2,4,1,5,0,1
0,4,1,1,1,1,3,3,2,2,3,2,3,3,2,1,2,1,2,3,3,3,3,4,4,3,3,2,4,2,3,3,4,4,4,3,2,1,2,2,2,1,2,2,2,3,4,2,4,4,3,-7,4,3,3,3,3,3,3,2,1,1,2,1,1,3,4,1,1,0,0,0,0,1,0,0,1,0,1,0,0,0,0,0,0,1,0,0,1,1,0,0,0,-8,-8,-8,-8,-8,-8,0,1,1,1,0,1,0,0,1,0,1,0,0,0,0,0,1,0,0,2,-8,-8,-8,-8,-8,-8,-8,1,4,-7,-7,-7,-7,-7,-7,-7,2,1,4,2,250k,50k,3,4,4,4,3,3,3,2,-7,2,2,2,2,3,3,4,1,1,2,2,1,3,4,1,1,1,0,0,0,0,0,0,0,0,NA,1,0,0,0,0,0,0,0,1,1,0,5,4,1,1,0,1,0,0,1,2,NA,2,-7,-7,2,1,2,-7,-7,-7,2,4,1,2001,24,1,-7,3,2,1,1,1,9,-7,-7,-7,-7,3,1,2,-7,2,2,2,2,2,2,2,5,4,3,3,-7,2,2,2,2,0,0,1,0,0,0,bas25_02541,478.5904244,1,24510,Greater Charles Village/Barclay,10,15,09:57:07,10,15,10:13:04,2,1,2,2,1,3,1,1,0,1
1,4,2,2,3,2,3,3,4,3,3,2,3,3,2,2,2,1,1,1,2,1,1,2,1,3,2,1,2,2,3,2,4,3,3,3,1,1,1,1,1,2,1,2,2,3,3,3,3,3,3,-7,3,3,3,3,3,3,3,1,1,1,2,3,1,2,2,1,1,0,0,0,0,0,0,1,1,0,0,0,0,0,0,0,0,0,0,1,1,0,0,0,0,-8,-8,-8,-8,-8,-8,-8,-8,-8,-8,-8,-8,-8,1,0,0,1,0,0,0,0,0,0,0,1,2,-8,-8,-8,-8,-8,-8,-8,3,-7,-7,-7,-7,-7,-7,-7,-7,1,5,4,2,250000,40000,3,3,4,5,3,3,3,2,-7,2,2,2,2,2,2,3,1,1,2,2,1,3,3,1,1,1,0,0,0,0,0,0,0,0,NA,1,1,0,0,0,0,0,0,0,0,0,5,5,1,1,1,0,0,0,1,2,NA,2,-7,-7,1,-7,2,-7,-7,-7,2,6,5,1985,40,1,-7,2,2,1,1,1,9,-7,-7,-7,-7,1,2,-7,1,6,2,2,2,2,2,2,5,4,1,1,-7,2,2,2,2,0,0,1,0,0,0,bas25_02548,568.89410307,2,24005,-7,8,30,09:02:51,8,30,09:21:05,1,1,2,2,3,4,1,3,0,1
2,3,1,2,2,2,3,2,2,2,3,1,3,1,1,1,2,3,3,4,2,4,1,2,3,3,3,2,4,2,2,1,4,2,3,2,1,1,1,1,1,1,1,1,2,3,3,3,4,5,5,-7,4,3,3,3,3,3,3,1,3,1,1,1,1,3,1,1,1,0,1,0,0,0,0,0,0,0,0,0,0,0,1,0,0,0,0,0,0,0,0,0,0,0,0,1,0,0,0,-8,-8,-8,-8,-8,-8,-8,-8,-8,-8,-8,-8,0,0,0,0,0,0,1,4,0,0,0,0,0,1,0,3,-7,-7,-7,-7,-7,-7,-7,-7,5,-7,-7,-7,250000,50000,3,4,3,5,3,3,3,2,-7,2,2,1,1,1,1,1,1,1,1,1,1,1,1,1,1,1,0,0,0,0,0,0,0,0,NA,1,0,0,0,0,0,0,0,0,0,1,5,5,1,1,1,0,0,0,1,2,NA,2,-7,-7,1,-7,2,-7,-7,-7,2,7,3,1956,69,2,-7,2,2,1,1,1,2,-7,-7,-7,-7,4,2,-7,6,11,2,2,2,2,2,2,4,3,1,1,-7,2,2,2,2,0,0,1,0,0,0,bas25_02562,254.58071014,2,24005,-7,8,28,08:37:34,8,28,08:57:37,2,2,2,2,4,4,2,5,0,1
50,3,2,2,3,3,2,2,3,2,2,4,3,3,2,2,3,3,3,5,5,5,2,2,4,2,1,2,2,2,2,2,3,3,2,2,1,1,1,1,2,2,2,2,2,5,5,3,5,5,5,3,-7,3,3,3,3,3,3,1,5,1,3,3,3,3,1,3,1,1,0,0,0,0,0,0,1,0,0,0,0,1,0,0,1,1,0,0,1,1,0,0,0,0,0,1,0,0,1,0,0,0,0,0,1,0,0,0,1,1,0,0,0,0,0,0,0,1,1,-8,-8,-8,-8,-8,-8,-8,3,-7,-7,-7,-7,-7,-7,-7,-7,5,-7,-7,-7,200000,15000,3,2,3,5,3,3,3,2,-7,2,2,2,1,1,1,1,1,1,1,1,1,3,3,1,1,1,0,1,0,1,0,0,1,0,NA,0,1,1,0,0,0,0,0,0,0,0,5,5,2,1,0,1,0,0,2,2,NA,1,1,-7,2,2,2,-7,-7,-7,2,3,1,1945,80,2,-7,2,2,1,1,1,3,-7,-7,-7,-7,6,1,5,-7,5,2,2,2,2,2,2,3,2,1,1,-7,2,2,2,2,0,0,1,0,0,0,bas25_02565,812.85376194,1,24510,Southeastern,9,9,12:36:48,9,9,13:34:53,1,1,1,2,2,2,2,5,0,1
2,3,2,2,3,3,3,3,3,4,3,4,3,4,5,5,3,3,3,3,2,3,2,4,2,5,2,4,4,2,2,2,3,3,4,4,1,1,1,1,1,1,1,2,2,5,3,3,4,4,4,4,-7,2,2,2,2,2,3,1,4,1,5,3,3,4,3,4,1,0,0,0,0,0,0,0,1,0,0,0,0,0,0,0,0,0,0,0,1,1,0,0,0,0,1,0,0,0,0,1,1,1,1,1,1,1,0,0,0,1,1,0,0,0,0,1,0,0,5,0,0,0,0,1,1,0,1,4,-7,-7,-7,-7,-7,-7,-7,7,-7,-7,-7,200000,20000,3,4,4,5,3,3,3,2,-7,2,2,1,1,1,1,1,1,1,1,1,1,2,3,1,1,1,0,1,0,0,0,1,0,0,NA,0,0,0,0,0,0,0,0,0,1,0,4,5,1,1,1,0,0,0,2,2,NA,2,-7,-7,2,1,2,-7,-7,-7,1,6,1,1994,31,1,-7,2,2,1,1,3,2,-7,-7,-7,-7,2,2,-7,1,6,2,2,2,2,2,2,4,2,1,1,-7,2,2,2,2,0,0,1,0,0,0,bas25_02578,481.69617317,1,24510,Fells Point,8,29,21:06:49,8,29,21:29:30,2,1,1,2,3,4,1,2,5,2
3,4,1,2,3,2,4,3,2,3,3,2,3,2,2,2,3,3,2,3,2,2,2,3,3,3,3,1,1,2,2,2,3,2,2,2,2,1,2,1,2,1,2,2,2,4,3,2,4,3,3,-7,4,3,3,3,3,3,3,1,4,1,1,1,1,3,2,1,1,0,0,0,1,0,0,0,1,0,0,0,0,0,0,0,1,1,0,0,1,1,0,0,0,-8,-8,-8,-8,-8,-8,-8,-8,-8,-8,-8,-8,-8,0,0,1,1,0,0,0,0,0,0,0,1,1,-8,-8,-8,-8,-8,-8,-8,3,-7,-7,-7,-7,-7,-7,-7,-7,1,4,4,3,500000,40000,3,2,3,4,3,3,3,2,-7,2,2,1,1,1,1,1,1,1,1,1,1,2,3,2,2,1,0,0,0,0,0,0,0,0,NA,1,0,0,0,0,0,0,0,0,0,1,5,5,2,1,1,0,0,0,1,2,NA,2,-7,-7,2,1,2,-7,-7,-7,2,7,1,1984,41,1,-7,2,2,1,1,1,9,-7,-7,-7,-7,1,2,-7,6,11,2,2,2,2,2,2,4,2,1,1,-7,2,2,2,2,0,0,1,0,0,0,bas25_02584,270.49946974,1,24510,Patterson Park North & East,10,9,09:52:27,10,9,10:16:15,1,1,2,2,4,4,1,3,0,1
2,4,3,2,4,3,3,3,4,4,3,2,2,3,1,1,1,2,3,3,2,1,5,3,4,5,3,5,1,3,4,4,4,4,3,3,1,1,1,1,1,1,1,2,1,3,5,4,3,3,3,-7,5,3,3,3,3,3,3,1,1,1,4,3,1,3,2,1,4,0,0,0,0,0,0,0,0,0,1,0,0,0,0,0,0,0,0,0,0,1,0,0,0,0,1,0,0,0,0,1,0,1,0,0,1,0,1,0,0,1,0,0,0,0,1,0,0,0,4,1,0,1,0,1,1,0,2,-7,0,0,1,0,0,0,0,4,-7,-7,-7,450000,60000,4,5,4,5,3,3,3,2,-7,2,2,1,3,3,3,1,1,1,2,1,1,5,4,2,2,5,0,1,0,0,0,1,0,0,NA,0,0,0,0,0,0,0,0,1,1,0,5,5,2,1,1,0,0,0,1,2,NA,2,-7,-7,3,1,2,-7,-7,-7,2,6,1,1990,35,2,-7,2,2,1,3,1,9,-7,-7,-7,-7,2,2,-7,3,8,2,2,2,2,2,2,4,2,2,1,-7,1,1,1,1,0,1,0,0,0,0,bas25_02587,2166.8450695,1,24510,Cedonia/Frankford,10,6,16:53:43,10,6,17:27:47,2,2,2,1,4,4,2,3,0,1
1,2,1,1,2,2,4,3,3,3,4,1,3,2,1,2,2,1,1,1,1,1,1,3,2,2,3,1,2,2,3,3,4,3,3,3,2,1,2,1,2,2,1,2,2,2,2,2,3,3,4,-7,4,3,3,3,3,3,3,1,4,1,2,3,1,2,1,1,1,0,0,0,0,1,0,1,1,0,1,0,0,0,0,0,0,1,0,0,1,1,0,0,0,0,0,1,0,0,0,0,0,0,0,0,1,0,0,0,1,1,0,1,1,1,1,1,1,0,1,-8,-8,-8,-8,-8,-8,-8,3,-7,-7,-7,-7,-7,-7,-7,-7,1,1,2,2,1000000,40000,3,3,3,3,3,3,3,2,-7,2,2,1,1,1,2,2,1,1,1,1,1,2,2,2,1,1,0,1,0,1,0,0,0,0,NA,0,0,0,0,1,0,0,0,0,0,0,1,4,2,1,1,0,0,0,1,2,NA,2,-7,-7,2,1,2,-7,-7,-7,2,7,1,1982,43,1,-7,2,2,1,3,3,2,-7,-7,-7,-7,3,2,-7,6,11,2,2,2,2,2,2,3,2,-8,1,-7,2,2,2,2,0,0,1,0,0,0,bas25_02588,629.07175054,2,24005,-7,9,13,11:55:25,9,13,12:18:03,2,2,2,2,4,4,1,3,0,1
6,2,2,2,1,2,4,3,2,2,3,2,3,2,3,1,4,5,2,1,1,1,2,2,3,2,1,2,2,2,3,3,4,3,3,3,1,1,1,2,2,1,2,2,1,5,5,3,5,5,5,4,-7,3,3,3,3,3,3,1,1,1,1,3,1,2,1,1,1,0,0,0,0,0,0,1,1,0,0,0,0,0,0,0,0,0,0,1,1,1,0,0,0,0,0,1,1,0,0,0,1,0,1,1,1,0,0,0,1,1,0,0,1,1,0,1,0,0,2,-8,-8,-8,-8,-8,-8,-8,1,2,-7,-7,-7,-7,-7,-7,-7,1,2,3,4,250000,50000,3,2,4,5,3,3,3,2,-7,2,2,1,1,1,1,1,1,1,1,1,1,2,2,1,1,1,0,0,0,0,0,0,0,0,NA,1,0,0,0,0,0,0,0,0,0,1,5,5,2,1,1,0,0,0,2,2,NA,2,-7,-7,2,1,1,2,0,0,2,7,1,1989,36,1,-7,2,2,1,3,3,9,-7,-7,-7,-7,1,2,-7,6,11,2,2,2,2,2,2,4,2,1,1,-7,3,4,3,4,0,0,0,0,1,0,bas25_02593,140.85387787,1,24510,Mount Washington/Coldspring,8,27,17:38:54,8,27,18:05:12,1,2,1,3,4,4,1,3,0,1
40,3,1,1,1,1,3,3,1,2,3,1,3,2,1,1,1,1,1,1,1,1,1,3,1,2,1,1,1,2,3,3,4,3,3,3,2,1,1,1,1,1,2,1,2,3,3,2,2,2,3,-7,4,3,3,3,3,3,3,1,1,1,2,1,3,1,2,1,6,1,1,0,0,0,0,0,0,0,0,0,0,0,0,0,0,0,0,0,0,1,0,0,0,0,0,0,0,0,1,0,1,0,0,1,1,0,0,0,1,1,0,1,0,0,1,1,0,0,2,-8,-8,-8,-8,-8,-8,-8,1,2,-7,-7,-7,-7,-7,-7,-7,2,3,2,4,1000000,30000,3,4,3,4,3,3,3,2,-7,2,2,2,1,1,1,2,1,1,1,2,1,2,2,1,1,4,0,0,0,1,1,1,1,0,NA,0,1,0,1,0,0,0,0,0,1,0,5,5,2,4,1,0,0,0,1,2,NA,1,1,-7,2,2,1,3,1,0,2,6,1,1949,76,2,-7,2,2,1,1,1,1,2,-7,-7,-7,5,2,-7,4,9,2,1,2,1,2,2,3,2,1,1,-7,2,2,2,2,0,0,1,0,0,0,bas25_02604,1242.9392344,2,24005,-7,9,19,11:27:40,9,19,11:56:12,1,2,2,2,4,4,2,5,0,1
24,4,1,1,1,2,3,3,2,3,4,2,3,2,1,2,2,1,1,1,1,1,2,5,2,3,1,2,1,2,2,3,3,3,-8,-8,-8,-8,-8,-8,-8,-8,-8,-8,1,2,2,2,2,2,2,-7,4,3,3,3,3,3,3,1,1,1,2,1,1,2,2,1,4,0,0,0,1,0,0,0,1,1,0,0,0,0,0,0,1,0,0,0,1,1,0,0,0,-8,-8,-8,-8,-8,-8,0,0,0,0,0,1,0,0,0,1,1,0,0,0,0,0,0,1,0,2,-8,-8,-8,-8,-8,-8,-8,3,-7,-7,-7,-7,-7,-7,-7,-7,2,2,2,4,300000,50000,3,3,3,5,3,3,3,2,-7,2,2,2,1,1,1,2,1,1,1,1,1,2,2,1,1,1,0,0,0,0,0,0,0,0,NA,1,0,0,0,0,0,0,0,0,0,1,4,5,2,1,1,0,0,0,1,2,NA,-8,-7,-7,2,1,1,0,0,3,2,7,1,1960,65,2,-7,2,2,1,1,1,2,-7,-7,-7,-7,4,2,-7,-8,-6,2,2,2,2,2,2,3,3,1,1,-7,2,2,2,2,0,0,1,0,0,0,bas25_02616,819.58970709,2,24005,-7,8,27,20:23:41,8,27,21:33:09,2,1,2,2,-6,4,2,5,0,1
1,5,2,2,3,-8,2,3,3,4,3,3,-8,3,2,2,2,1,1,2,2,-8,4,5,2,5,2,2,2,2,3,3,3,3,2,-8,2,1,1,1,2,1,2,2,1,4,5,4,4,4,4,-7,4,3,2,2,2,2,3,1,2,1,2,3,1,3,4,1,1,0,0,0,0,0,0,0,0,0,0,0,1,0,0,0,0,0,0,0,0,1,0,0,0,0,0,0,1,0,0,-8,-8,-8,-8,-8,-8,-8,0,0,1,1,0,0,1,0,1,0,0,0,1,0,0,1,0,0,1,0,1,4,-7,-7,-7,-7,-7,-7,-7,7,-7,-7,-7,150000,50000,4,3,2,4,2,3,3,2,-7,2,2,2,3,3,3,4,3,3,3,2,1,3,3,1,2,4,0,0,0,1,0,1,1,0,NA,0,0,0,0,0,0,0,0,0,0,1,4,4,2,1,0,1,0,0,1,2,NA,2,-7,-7,2,1,1,1,0,0,2,6,1,1998,27,1,-7,2,2,1,1,1,8,-7,-7,-7,-7,8,1,5,-7,5,2,2,2,2,2,2,2,4,1,1,-7,2,2,2,2,0,0,1,0,0,0,bas25_02625,391.40145946,1,24510,Morrell Park/Violetville,8,27,17:48:18,8,27,20:33:23,2,1,2,2,2,4,1,2,4,2
1,3,2,1,1,2,4,4,1,3,3,3,3,2,1,1,4,2,3,2,2,2,2,3,4,4,3,3,4,2,3,2,4,3,2,3,1,1,1,1,1,1,1,1,2,5,4,3,3,4,4,-7,4,3,3,3,3,3,3,1,1,1,3,1,1,2,1,1,2,1,0,0,0,1,0,0,1,0,0,0,0,1,0,0,1,1,0,0,1,0,0,0,0,0,1,0,0,0,0,-8,-8,-8,-8,-8,-8,-8,1,0,1,0,0,1,0,1,1,1,1,0,4,0,0,0,1,0,0,0,1,4,-7,-7,-7,-7,-7,-7,-7,1,3,1,4,250000,50000,4,4,4,5,3,3,3,2,-7,2,2,1,1,1,1,1,1,1,1,1,1,2,2,1,1,4,0,1,0,1,1,1,1,0,NA,0,0,0,0,0,0,0,0,0,1,0,4,5,2,1,1,1,0,0,1,2,NA,1,1,-7,3,1,1,2,2,0,1,6,1,1985,40,1,-7,1,2,1,1,1,9,-7,-7,-7,-7,1,2,-7,4,9,2,2,2,2,2,2,3,2,1,1,-7,2,2,2,2,0,0,1,0,0,0,bas25_02632,552.43316474,1,24510,Greater Lauraville,9,23,15:39:43,9,23,16:09:55,1,2,2,2,4,4,1,3,0,1
0,2,1,2,2,1,1,3,1,1,2,1,1,1,1,1,1,1,1,1,1,1,1,3,1,3,1,1,1,2,2,2,3,2,2,3,1,1,1,1,1,1,2,2,2,3,3,2,3,3,3,4,-7,3,3,3,3,3,3,1,4,2,1,3,3,1,1,1,1,0,0,0,0,1,0,1,0,0,0,0,0,0,0,0,0,1,0,1,0,0,0,0,0,0,1,1,0,0,0,-8,-8,-8,-8,-8,-8,-8,1,0,1,0,0,-8,-8,-8,-8,-8,-8,-8,1,0,1,0,0,0,0,0,3,-7,-7,-7,-7,-7,-7,-7,-7,1,1,4,2,500000,50000,2,3,4,5,3,3,3,2,-7,2,2,1,1,2,2,2,1,1,1,1,1,2,3,1,1,1,0,0,0,0,0,0,0,0,NA,1,0,0,0,0,0,0,0,0,1,0,5,5,1,1,1,0,0,0,2,2,NA,2,-7,-7,1,-7,2,-7,-7,-7,2,6,5,1987,38,2,-7,2,2,1,1,1,2,-7,-7,-7,-7,8,2,-7,4,9,2,2,2,2,2,2,3,3,2,1,-7,2,2,2,2,0,0,1,0,0,0,bas25_02634,302.76621047,1,24510,Fells Point,9,26,18:38:02,9,26,18:56:38,1,2,1,2,4,4,2,3,0,1
0,2,2,2,2,2,3,3,2,3,2,2,1,3,2,1,2,1,1,2,1,1,1,2,2,2,1,2,2,2,1,1,1,3,3,2,1,1,1,1,1,1,1,1,2,2,3,2,3,2,3,-7,3,2,3,2,2,3,3,1,4,2,1,3,1,2,2,2,1,0,0,0,1,0,0,1,0,0,0,0,0,1,0,0,1,0,0,1,0,1,0,0,0,0,0,0,0,0,1,0,1,0,1,0,1,0,1,0,1,0,0,0,0,1,0,1,1,0,1,0,0,0,0,0,1,0,1,3,-7,-7,-7,-7,-7,-7,-7,6,-7,-7,-7,1000000,10000,3,3,3,3,3,3,3,2,-7,2,2,2,1,1,1,1,1,2,1,2,1,3,2,2,2,1,0,0,0,0,0,0,0,0,NA,1,0,0,0,0,0,0,0,0,0,1,5,4,1,4,1,0,0,0,1,2,NA,2,-7,-7,2,1,2,-7,-7,-7,2,6,5,2000,25,2,-7,2,2,3,3,3,9,-7,-7,-7,-7,2,1,3,-7,3,2,2,2,2,2,2,3,4,3,5,2,3,4,3,4,0,0,0,0,1,0,bas25_02649,581.23503335,1,24510,Harbor East/Little Italy,9,5,16:56:00,9,5,23:15:19,2,1,2,3,2,4,2,2,3,2
20,3,1,2,3,2,3,4,1,3,3,3,3,3,1,1,3,3,2,3,4,3,2,3,2,3,1,1,2,3,3,3,3,3,2,3,1,1,1,1,1,1,1,1,2,3,3,3,3,3,3,3,-7,3,3,3,3,3,3,1,1,1,5,2,3,3,4,3,1,1,0,0,0,0,0,1,1,0,0,0,0,1,1,0,0,0,0,0,1,0,0,0,0,0,0,0,0,1,0,0,0,0,1,0,0,0,1,0,0,0,0,1,0,0,0,0,0,0,5,-8,-8,-8,-8,-8,-8,-8,3,-7,-7,-7,-7,-7,-7,-7,-7,6,-7,-7,-7,100000,1500,2,3,2,3,2,2,2,1,2,1,2,1,3,3,3,3,3,1,1,1,1,3,1,1,1,1,0,1,0,0,0,0,0,1,Heat exhaustion,0,1,0,0,0,0,1,0,0,0,0,3,3,1,1,1,0,0,0,1,2,NA,2,-7,-7,3,2,2,-7,-7,-7,1,6,5,1979,46,1,-7,1,2,1,1,1,9,-7,-7,-7,-7,1,2,-7,6,11,1,1,2,1,1,2,3,2,1,1,-7,1,1,1,1,0,1,0,0,0,0,bas25_02669,2291.3610534,2,24005,-7,8,31,12:46:47,8,31,13:11:38,2,1,1,1,4,4,1,3,0,1
2,4,1,2,2,2,4,4,2,2,3,1,3,2,1,2,1,1,1,1,1,1,2,3,2,1,1,2,2,2,3,3,4,2,2,3,1,1,1,1,2,2,2,2,2,4,5,4,5,5,5,5,-7,3,3,3,3,3,3,1,2,1,2,1,1,2,1,1,2,0,0,0,0,0,0,0,1,0,0,0,0,0,0,0,0,0,0,0,1,1,0,0,0,-8,-8,-8,-8,-8,-8,0,0,0,0,0,1,0,0,0,1,1,0,1,1,1,0,0,1,0,2,1,0,0,0,0,0,0,1,1,-7,-7,-7,-7,-7,-7,-7,1,1,4,4,250000,50000,3,3,4,5,3,3,3,2,-7,2,2,1,1,1,3,2,1,2,1,1,1,3,2,1,1,1,0,0,0,0,0,0,0,0,NA,1,1,0,0,1,0,0,0,0,0,0,5,5,2,1,1,1,0,0,2,2,NA,2,-7,-7,2,1,2,-7,-7,-7,2,7,1,1987,38,2,-7,2,2,1,1,1,9,-7,-7,-7,-7,2,2,-7,4,9,2,2,2,2,2,2,5,4,1,1,-7,2,2,2,2,0,0,1,0,0,0,bas25_02673,410.9561243,1,24510,North Baltimore/Guilford/Homeland,9,12,14:53:07,9,12,15:17:03,1,2,1,2,4,4,2,3,0,1
8,3,2,4,4,4,2,2,3,3,3,4,3,3,3,3,3,3,2,5,1,5,2,1,4,1,2,1,1,3,4,3,4,2,1,2,1,1,1,1,1,1,1,1,1,5,3,1,5,5,5,-7,2,3,3,3,3,3,3,1,5,2,1,2,2,3,1,1,2,0,0,0,0,0,0,0,1,0,0,0,0,0,0,0,0,0,0,1,1,1,0,0,0,1,0,0,0,0,0,0,1,0,0,0,0,0,0,0,1,0,1,0,0,0,0,0,0,1,3,0,0,0,0,1,0,0,1,4,-7,-7,-7,-7,-7,-7,-7,8,-7,-7,-7,100000,30000,3,3,2,3,2,2,2,1,2,1,1,1,3,1,1,1,1,1,1,1,1,3,4,1,1,1,0,0,0,0,0,0,0,0,NA,1,1,0,0,0,0,0,0,1,1,0,5,4,1,1,0,1,0,0,2,4,NA,2,-7,-7,1,-7,2,-7,-7,-7,1,3,5,1988,37,2,-7,1,2,1,1,1,9,-7,-7,-7,-7,1,1,2,-7,2,1,2,1,2,2,1,3,3,1,1,-7,1,1,1,1,0,1,0,0,0,0,bas25_02676,961.60335653,1,24510,Upton/Druid Heights,8,27,13:44:57,8,27,14:41:55,2,2,2,1,1,2,2,3,0,1
0,4,1,2,2,2,3,3,3,3,2,2,3,3,2,2,2,2,1,1,1,1,1,2,2,2,2,1,2,2,3,2,4,3,2,3,2,1,2,1,2,2,2,2,1,5,4,3,4,4,4,-7,4,3,3,3,3,3,3,1,4,1,4,3,1,3,3,5,1,1,1,1,1,1,0,1,1,1,1,0,0,1,1,1,1,1,0,1,1,1,1,0,0,1,0,0,0,0,0,0,0,0,0,0,1,1,0,1,1,0,0,0,0,0,0,0,1,0,2,-8,-8,-8,-8,-8,-8,-8,1,4,-7,-7,-7,-7,-7,-7,-7,1,3,4,3,120000,30000,2,2,3,4,3,3,3,2,-7,2,2,2,1,1,1,2,2,1,1,1,1,2,2,2,2,1,0,0,0,1,0,0,0,0,NA,0,0,0,0,1,0,0,0,1,1,0,5,5,1,1,1,0,0,0,2,2,NA,1,3,1,2,1,2,-7,-7,-7,2,7,5,1997,28,1,-7,3,1,1,1,1,1,2,-7,-7,-7,3,2,-7,3,8,2,2,2,2,2,2,4,2,1,1,-7,2,2,4,6,0,0,1,0,0,1,bas25_02684,406.49291385,1,24510,South Baltimore,9,5,22:19:28,9,5,22:54:14,2,1,2,3,4,4,1,2,0,1
0,3,2,3,3,3,3,2,3,4,3,3,3,5,5,3,4,3,3,4,5,5,4,5,3,3,3,3,3,3,4,4,4,-8,-8,-8,-8,-8,-8,-8,-8,-8,-8,-8,2,-8,-8,-8,-8,-8,-8,-8,-7,-8,-8,-8,-8,-8,-8,2,1,-8,3,2,3,3,4,4,1,0,0,0,0,0,0,0,0,0,0,0,1,0,0,0,0,0,0,0,0,0,0,0,1,-8,-8,-8,-8,-8,-8,-8,-8,-8,-8,-8,-8,-8,-8,-8,-8,-8,-8,-8,-8,-8,-8,-8,-8,-8,5,-8,-8,-8,-8,-8,-8,-8,3,-7,-7,-7,-7,-7,-7,-7,-7,1,4,1,4,NA,NA,-8,-8,-8,-8,-8,1,1,1,1,1,1,4,-8,-8,-8,-8,-8,-8,-8,-8,-8,3,4,2,1,4,0,1,0,1,0,0,0,0,NA,0,0,0,0,0,0,0,0,1,0,0,-8,-8,-8,-8,-8,-8,-8,-8,-8,-8,NA,-8,-7,-7,-8,-7,-8,-7,-7,-7,-8,-8,-8,-8,-8,1,-7,1,2,1,1,1,-8,-6,-7,-7,-7,-8,-8,-7,-7,-6,-8,-8,-8,-8,-8,-8,-8,-8,-8,-8,-7,1,1,1,1,0,1,0,0,0,0,bas25_02689,1017.8246755,1,24510,Downtown/Seton Hill,9,8,18:54:18,9,8,19:06:41,2,2,1,1,-6,-8,1,-8,-8,-6
51,2,2,2,2,2,3,3,3,5,3,2,4,2,3,3,2,1,1,2,1,2,2,3,2,4,1,3,4,2,2,2,3,3,3,3,2,2,1,1,1,1,2,2,2,5,3,3,5,5,5,-7,4,3,3,3,3,3,3,1,1,1,2,3,1,2,2,1,1,1,0,0,0,1,0,0,1,0,0,0,0,1,0,0,1,1,0,0,1,1,0,0,0,0,0,0,1,0,0,0,0,0,0,1,1,0,0,0,1,1,0,1,0,0,1,0,0,0,3,0,0,1,0,0,0,0,3,-7,-7,-7,-7,-7,-7,-7,-7,5,-7,-7,-7,200000,25000,3,4,4,5,2,3,3,1,3,2,2,3,3,3,5,4,2,3,2,2,3,2,2,1,1,1,0,1,0,1,0,0,0,0,NA,0,1,0,0,0,1,0,0,0,0,0,4,4,2,1,0,1,0,0,1,2,NA,2,-7,-7,2,2,2,-7,-7,-7,2,4,3,1954,71,1,-7,2,2,1,1,1,1,3,-7,-7,-7,6,2,-7,1,6,2,2,2,2,2,2,3,2,1,1,-7,2,2,2,2,0,0,1,0,0,0,bas25_02690,243.71168918,1,24510,Hamilton Hills,10,2,09:34:21,10,2,10:07:34,1,2,2,2,3,3,1,5,0,1
21,2,3,2,3,3,3,2,3,2,3,4,5,4,2,3,3,1,1,3,2,2,4,3,2,2,2,4,4,3,3,3,3,3,3,3,1,1,1,1,2,1,2,2,2,4,4,3,4,4,5,-7,4,3,3,3,3,2,3,1,1,1,3,2,3,3,1,2,1,0,1,0,0,0,0,0,1,1,0,1,0,0,0,0,0,1,0,0,0,0,0,0,0,0,1,0,0,0,0,0,1,1,1,1,0,1,0,1,1,0,0,0,1,0,0,1,0,0,4,1,0,0,0,0,0,0,3,-7,-7,-7,-7,-7,-7,-7,-7,1,3,4,3,250000,28000,3,4,4,4,3,3,3,1,3,2,2,2,1,1,2,1,1,1,1,1,2,3,2,1,1,1,0,1,0,1,0,0,1,0,NA,0,1,0,0,1,0,0,0,0,0,0,4,4,2,1,0,1,0,0,1,2,NA,2,-7,-7,1,-7,2,-7,-7,-7,2,7,5,1980,45,1,-7,2,2,1,1,1,8,-7,-7,-7,-7,9,2,-7,2,7,2,2,2,2,2,2,3,4,2,5,1,1,1,1,1,0,1,0,0,0,0,bas25_02696,187.11304157,1,24510,Morrell Park/Violetville,8,27,20:05:05,9,9,08:38:01,2,1,2,1,3,4,1,3,1,1
34,4,2,2,2,2,4,4,2,2,2,2,3,3,2,3,4,1,2,2,1,2,2,2,3,2,2,2,2,2,4,3,4,3,4,4,2,1,1,2,2,1,2,1,2,5,5,5,5,5,5,-7,2,2,2,2,3,2,3,1,5,1,5,2,1,3,2,2,4,1,0,0,0,0,0,0,0,0,0,0,0,1,1,1,1,1,1,1,1,1,1,1,0,0,0,0,1,0,0,1,1,1,1,1,1,1,0,0,1,1,0,0,0,0,1,0,1,0,5,1,0,0,1,0,0,0,2,-7,0,0,0,0,1,0,0,5,-7,-7,-7,Billion,No income,3,4,3,5,3,3,3,2,-7,2,2,2,5,5,5,5,5,3,3,3,1,2,3,1,1,2,0,0,0,0,0,0,0,0,NA,1,0,0,0,0,0,0,0,0,0,1,4,5,2,2,0,1,0,0,1,2,NA,2,-7,-7,1,-7,2,-7,-7,-7,2,7,2,1961,64,1,-7,2,2,1,1,1,8,-7,-7,-7,-7,4,2,-7,2,7,2,2,2,2,2,2,3,2,1,1,-7,1,1,1,1,0,1,0,0,0,0,bas25_02701,170.81902801,1,24510,Glen-Fallstaff,8,29,09:14:51,8,29,10:12:59,1,2,2,1,3,4,1,4,4,2
8,4,2,2,2,2,4,2,2,4,2,2,3,2,1,2,2,2,2,2,1,2,4,4,3,3,3,1,1,2,2,2,3,3,3,3,2,1,2,1,2,2,1,2,1,4,5,4,5,5,5,-7,4,2,3,3,3,3,3,1,1,1,1,3,1,1,1,1,1,0,0,0,0,0,0,1,1,0,1,0,0,0,0,0,0,0,0,1,1,1,0,0,0,0,0,1,1,0,0,0,0,0,0,1,1,0,0,0,1,1,0,0,0,0,1,0,0,0,2,-8,-8,-8,-8,-8,-8,-8,3,-7,-7,-7,-7,-7,-7,-7,-7,1,5,3,3,150000,40000,3,2,3,4,3,3,2,2,-7,2,2,3,2,2,3,2,1,1,2,1,1,4,3,1,1,1,0,0,0,0,0,0,0,0,NA,1,0,0,0,0,0,0,0,0,0,1,4,5,2,1,0,1,0,0,1,2,NA,1,2,1,2,1,2,-7,-7,-7,2,5,5,1991,34,1,-7,2,2,1,1,1,9,-7,-7,-7,-7,3,2,-7,1,6,2,1,2,2,2,2,4,3,3,5,1,2,2,2,2,0,0,1,0,0,0,bas25_02702,514.34214309,1,24510,Hamilton Hills,9,22,15:20:33,9,22,15:46:04,2,2,2,2,3,3,1,2,1,1
14,5,2,2,3,4,3,3,4,5,3,5,3,4,3,3,5,1,1,4,2,2,1,5,3,5,1,1,1,2,4,4,4,5,5,3,2,2,2,2,2,2,2,2,2,5,4,1,4,3,3,-7,4,3,3,3,3,3,3,1,5,1,2,1,1,3,5,1,2,0,0,0,0,0,0,0,0,0,0,0,1,0,0,0,0,0,0,1,0,0,1,0,0,-8,-8,-8,-8,-8,-8,0,0,0,0,1,0,0,0,0,1,0,1,0,1,0,0,0,0,0,5,1,0,1,0,0,0,1,1,4,-7,-7,-7,-7,-7,-7,-7,1,1,3,4,1500000,30000,3,4,3,5,3,3,3,2,-7,2,2,1,1,2,2,1,1,3,2,1,1,1,1,1,1,5,0,1,0,0,0,0,0,0,NA,0,0,0,0,0,0,0,0,0,0,1,4,1,2,1,1,0,0,0,2,2,NA,1,1,-7,2,1,2,-7,-7,-7,2,6,1,1985,40,1,-7,2,2,1,1,1,2,-7,-7,-7,-7,1,2,-7,-8,-6,2,2,2,2,2,2,2,-8,1,3,-7,2,2,2,2,0,0,1,0,0,0,bas25_02703,302.28010588,1,24510,Canton,9,4,17:07:39,9,4,17:45:06,2,2,2,2,-6,4,1,3,0,1
4,4,1,2,2,2,3,2,2,5,2,4,3,3,3,3,1,1,4,1,1,1,2,3,3,3,1,1,2,2,4,3,3,3,3,3,2,2,2,2,2,2,2,2,2,3,4,4,4,4,4,-7,5,3,3,3,3,3,3,1,1,1,3,1,1,3,2,1,1,0,1,0,0,1,0,1,1,0,1,0,0,0,0,0,0,0,0,0,1,1,0,0,0,1,0,0,0,0,0,0,1,0,0,1,1,0,0,0,1,1,0,0,1,1,0,0,0,0,4,1,0,0,0,0,0,0,3,-7,-7,-7,-7,-7,-7,-7,-7,1,2,5,1,500000,20000,4,4,4,4,3,3,3,2,-7,2,2,2,1,1,1,2,1,1,1,1,1,3,3,1,1,1,0,0,0,0,0,0,0,0,NA,1,0,0,0,0,0,0,0,0,0,1,4,1,1,1,1,0,0,0,1,2,NA,2,-7,-7,2,1,2,-7,-7,-7,1,6,5,1989,36,2,-7,2,2,1,1,1,2,-7,-7,-7,-7,2,2,-7,2,7,2,2,2,2,2,2,1,4,1,1,-7,2,2,2,2,0,0,1,0,0,0,bas25_02711,682.36658558,1,24510,Hampden/Remington,10,14,21:20:15,10,14,21:49:20,1,1,2,2,3,4,2,3,0,1
8,5,2,2,3,2,4,3,4,4,3,4,4,4,3,3,3,5,3,3,2,2,4,2,3,4,3,2,2,1,3,3,4,4,5,3,1,1,1,1,1,1,2,1,2,5,5,3,3,3,3,-7,5,2,2,2,2,1,3,1,4,1,4,1,1,4,4,2,1,0,0,0,0,1,0,0,1,0,0,0,0,0,0,0,0,0,0,0,1,0,0,0,0,0,1,0,0,0,1,0,0,0,1,1,1,1,0,0,1,1,0,1,0,0,0,0,1,0,2,1,0,0,0,1,1,0,1,4,-7,-7,-7,-7,-7,-7,-7,1,3,1,4,200000,100000,3,5,4,5,3,3,3,2,-7,2,2,2,1,1,1,1,1,2,1,1,1,2,3,1,1,4,0,1,0,1,0,1,0,0,NA,0,0,0,0,1,0,0,0,0,1,0,1,5,2,1,1,0,1,0,1,2,NA,2,-7,-7,4,1,2,-7,-7,-7,2,7,1,1969,56,1,-7,2,2,1,1,1,2,-7,-7,-7,-7,2,2,-7,4,9,2,2,2,2,2,2,5,2,1,1,-7,2,2,2,2,0,0,1,0,0,0,bas25_02718,301.55733888,1,24510,Cherry Hill,9,1,11:50:33,9,1,12:24:49,1,1,2,2,4,4,1,4,6,3
5,5,1,2,3,2,3,2,2,4,3,1,3,2,2,2,2,1,2,-8,1,1,1,2,2,2,1,6,-7,3,3,3,4,5,3,-8,1,1,1,1,1,1,1,1,1,5,4,5,4,3,3,4,-7,3,3,3,3,3,3,1,4,1,1,3,3,2,2,1,1,0,0,0,0,1,0,0,1,1,0,0,0,0,0,0,0,0,0,0,0,1,0,0,0,-8,-8,-8,-8,-8,-8,-8,-8,-8,-8,-8,-8,-8,0,0,1,1,0,0,0,0,0,1,0,0,2,-8,-8,-8,-8,-8,-8,-8,1,2,-7,-7,-7,-7,-7,-7,-7,1,3,3,2,180000,75000,3,3,3,3,2,2,2,1,2,1,1,3,4,3,4,5,2,3,2,2,1,4,3,1,2,1,0,0,0,1,0,0,0,0,NA,0,0,0,0,0,0,0,0,0,0,1,3,3,2,1,1,0,0,0,1,2,NA,2,-7,-7,2,1,1,1,2,0,2,7,1,1977,48,2,-7,2,2,3,3,3,7,-7,-7,-7,-7,9,2,-7,2,7,2,1,2,2,2,2,3,3,1,1,-7,1,1,1,1,0,1,0,0,0,0,bas25_02719,1100.4199061,2,24005,-7,9,20,17:38:57,9,20,18:29:52,2,1,1,1,3,4,2,3,0,1
0,3,2,1,2,2,3,3,1,3,3,2,3,2,2,2,1,1,1,1,1,1,2,3,3,3,3,4,3,2,2,2,4,2,3,3,2,2,2,2,2,2,2,2,2,3,3,3,3,3,3,-7,4,3,3,3,3,2,3,1,2,1,1,3,1,2,1,1,1,0,0,0,0,1,0,0,1,0,0,1,0,0,0,0,0,0,0,0,1,1,0,0,0,-8,-8,-8,-8,-8,-8,-8,-8,-8,-8,-8,-8,-8,0,0,1,1,0,0,1,0,1,0,0,0,1,-8,-8,-8,-8,-8,-8,-8,2,-7,1,0,1,0,0,0,0,8,-7,-7,-7,120k,50k,3,2,3,5,2,2,2,1,3,1,1,3,2,4,3,4,2,4,3,3,1,4,2,2,1,3,0,1,0,1,0,1,0,0,NA,0,0,1,0,0,1,0,0,1,1,0,5,5,3,2,1,0,0,0,1,2,NA,2,-7,-7,3,1,2,-7,-7,-7,1,6,1,1994,31,3,-7,1,1,1,3,1,9,-7,-7,-7,-7,1,1,4,-7,4,2,1,2,2,1,2,5,2,2,1,-7,2,2,4,6,0,0,1,0,0,1,bas25_02721,4886.4980914,2,24005,-7,9,19,13:46:25,9,19,13:58:59,1,1,2,3,2,4,-8,2,1,1
35,4,1,2,2,2,3,3,2,2,3,1,3,1,1,2,2,2,1,1,1,1,2,3,2,2,1,4,3,2,4,3,4,3,3,3,1,1,1,1,1,1,1,1,2,3,3,2,2,2,2,-7,2,3,3,3,3,3,3,1,2,1,3,1,3,2,3,1,2,1,0,0,0,0,0,0,0,1,0,0,0,1,0,0,0,0,0,0,0,1,0,0,0,0,0,0,0,0,1,1,0,1,0,0,0,0,0,0,1,0,1,0,0,0,1,1,0,0,2,0,0,0,0,1,0,0,1,1,-7,-7,-7,-7,-7,-7,-7,5,-7,-7,-7,7000,2000,3,5,3,5,2,2,2,-8,-7,2,2,3,4,4,4,4,2,1,1,1,1,3,3,1,1,4,0,1,0,1,0,0,0,0,NA,0,0,1,0,0,1,0,1,1,0,0,5,5,2,4,1,0,0,0,2,2,NA,1,1,-7,4,2,1,0,-8,2,1,6,1,1969,56,2,-7,2,2,1,1,1,2,-7,-7,-7,-7,4,1,4,-7,4,2,2,2,1,1,2,-8,-8,2,1,-7,2,2,2,2,0,0,1,0,0,0,bas25_02725,2184.1360353,2,24005,-7,9,2,07:18:50,9,2,08:10:17,2,2,2,2,2,4,2,4,0,1
3,3,4,3,3,4,2,2,5,4,4,4,4,3,3,4,4,5,4,5,4,5,4,4,4,4,4,5,4,3,2,4,4,2,2,2,2,2,2,2,2,2,2,2,2,4,3,4,4,4,4,4,-7,1,1,1,2,2,2,1,1,2,4,2,2,4,5,4,1,0,0,0,0,0,0,0,1,0,0,0,0,0,0,0,0,0,0,0,1,0,0,0,0,0,0,0,1,0,0,0,0,0,1,0,0,0,0,0,0,1,0,0,0,0,1,0,0,0,4,0,0,0,1,0,0,0,2,-7,0,0,0,0,0,0,1,8,-7,-7,-7,100000,5000,4,4,4,4,2,2,2,1,3,2,1,3,4,3,4,4,4,4,3,4,3,3,5,2,2,3,0,0,0,1,0,0,0,0,NA,0,0,1,0,0,0,0,0,1,1,0,3,3,1,3,0,0,1,0,2,2,NA,2,-7,-7,1,-7,2,-7,-7,-7,2,3,5,1981,44,2,-7,1,2,1,1,1,5,-7,-7,-7,-7,9,1,1,-7,1,1,1,1,2,2,2,3,2,1,1,-7,1,1,1,1,0,1,0,0,0,0,bas25_02731,961.0669379,1,24510,Madison/East End,8,29,14:22:00,8,29,14:39:16,1,1,1,1,1,2,2,3,9,3
20,4,1,1,2,2,4,3,2,3,3,1,3,2,2,1,1,1,1,2,1,2,1,3,2,3,1,6,-7,2,3,3,4,2,2,2,1,1,1,1,1,1,1,2,1,4,5,4,4,5,4,4,-7,3,3,3,3,3,3,1,1,1,1,2,1,3,1,1,1,0,0,0,0,1,0,0,1,1,1,0,0,0,0,0,1,1,0,0,1,1,1,0,0,0,0,0,0,0,1,0,0,0,0,1,0,0,0,0,1,1,0,0,0,0,0,0,0,1,1,1,0,0,0,0,0,0,1,4,-7,-7,-7,-7,-7,-7,-7,1,2,4,4,1 million,50000,3,4,4,5,3,3,3,2,-7,2,2,2,1,1,2,2,1,1,1,1,1,1,2,2,2,1,0,0,0,1,1,0,0,0,NA,0,0,0,0,0,0,0,0,0,0,1,5,5,2,1,0,1,0,0,1,2,NA,2,-7,-7,2,1,2,-7,-7,-7,2,7,1,1970,55,1,-7,2,2,1,1,1,9,-7,-7,-7,-7,1,2,-7,5,10,2,2,2,2,2,2,5,2,1,1,-7,2,2,2,2,0,0,1,0,0,0,bas25_02736,162.28858017,1,24510,Greater Govans,9,4,07:47:47,9,4,08:03:47,1,1,1,2,4,4,1,4,0,1
8,4,1,1,2,2,3,3,2,2,2,1,2,2,1,1,1,-8,-8,1,1,1,1,-8,2,1,1,2,2,2,2,2,3,3,3,-8,-8,1,1,1,-8,-8,-8,1,2,-8,-8,-8,-8,3,-8,4,-7,3,3,3,3,3,3,1,1,1,1,2,1,2,1,1,1,1,0,0,0,1,0,0,1,0,0,0,0,1,0,0,0,0,0,0,0,0,0,0,0,-8,-8,-8,-8,-8,-8,0,1,0,1,0,1,0,0,0,1,1,0,0,0,0,0,1,0,0,1,-8,-8,-8,-8,-8,-8,-8,2,-7,-8,-8,-8,-8,-8,-8,-8,5,-7,-7,-7,125000,30000,3,4,4,4,3,3,3,2,-7,2,2,1,1,1,1,1,1,1,1,1,1,2,2,1,1,1,0,0,0,0,0,0,0,0,NA,1,1,0,0,0,0,0,0,0,0,0,5,5,2,1,1,0,0,0,1,2,NA,2,-7,-7,2,2,2,-7,-7,-7,2,7,1,1948,77,1,-7,2,2,3,3,3,3,-7,-7,-7,-7,6,2,-7,4,9,2,2,2,2,2,2,3,2,1,1,-7,3,4,3,4,0,0,0,0,1,0,bas25_02750,311.62349686,2,24005,-7,10,2,16:10:30,10,2,16:55:02,2,2,1,3,4,4,1,5,0,1
8,4,1,1,2,1,3,3,3,3,2,1,2,2,1,2,3,1,1,1,1,1,1,3,2,1,3,4,3,2,2,2,4,2,5,4,1,1,1,1,1,1,1,1,2,3,3,4,4,5,5,4,-7,3,3,3,3,3,3,1,1,1,1,2,3,2,1,1,4,0,0,0,0,0,0,0,0,0,0,0,1,0,0,0,0,0,0,0,0,1,0,0,0,-8,-8,-8,-8,-8,-8,-8,-8,-8,-8,-8,-8,-8,-8,-8,-8,-8,-8,0,0,0,0,0,0,1,1,-8,-8,-8,-8,-8,-8,-8,1,4,-7,-7,-7,-7,-7,-7,-7,1,1,2,3,250000,75000,3,3,3,4,3,3,3,2,-7,2,2,1,1,1,1,1,1,1,1,1,1,2,2,1,1,1,0,0,0,0,0,0,0,0,NA,1,0,0,0,0,0,0,0,0,0,1,5,5,2,1,1,0,0,0,2,2,NA,2,-7,-7,2,1,1,0,1,2,2,7,1,1978,47,1,-7,2,2,1,1,1,1,5,-7,-7,-7,4,2,-7,6,11,2,2,2,2,2,2,5,2,1,1,-7,2,2,2,2,0,0,1,0,0,0,bas25_02752,230.59821335,1,24510,North Baltimore/Guilford/Homeland,8,30,07:28:47,8,30,07:43:16,2,2,1,2,4,4,1,3,0,1
15,2,1,2,2,2,3,3,3,3,3,2,3,2,2,2,2,1,1,1,1,1,1,2,2,2,1,1,1,2,3,3,4,3,4,4,1,1,1,1,1,1,1,2,1,3,2,2,3,2,2,4,-7,3,3,3,3,3,3,1,1,1,2,1,1,1,1,1,1,1,1,1,0,0,0,0,1,1,0,0,0,1,1,0,0,0,0,0,1,0,0,0,0,0,0,0,1,0,0,0,0,0,0,1,1,0,1,0,1,0,0,1,0,0,1,0,0,0,2,0,0,1,0,0,1,0,1,2,-7,-7,-7,-7,-7,-7,-7,5,-7,-7,-7,NA,NA,4,4,4,5,3,3,3,2,-7,2,2,2,1,1,1,1,1,1,1,1,1,3,2,1,1,1,0,0,0,0,0,0,0,0,NA,1,0,0,0,0,0,0,0,0,0,1,5,5,2,1,1,0,0,0,1,2,NA,2,-7,-7,2,2,2,-7,-7,-7,2,6,1,1953,72,1,-7,2,2,1,1,1,2,-7,-7,-7,-7,4,-8,-7,-7,-6,2,2,2,2,2,2,3,2,1,1,-7,2,2,2,2,0,0,1,0,0,0,bas25_02759,502.63006987,2,24005,-7,10,9,14:07:09,10,9,14:42:45,1,2,1,2,-6,4,1,5,0,1
7,2,2,2,3,3,3,2,2,2,2,2,3,3,2,2,3,2,2,3,3,2,2,3,3,2,3,2,2,3,4,3,4,3,3,5,2,1,1,1,2,2,2,1,2,5,5,5,3,4,5,-7,4,2,2,2,2,2,2,2,4,1,2,2,2,2,2,2,1,1,0,0,0,0,0,0,0,0,0,0,0,1,0,0,0,0,0,0,0,0,0,0,0,1,0,1,1,0,0,0,0,1,1,1,0,0,0,1,0,0,1,0,0,1,0,1,1,0,2,0,0,0,0,1,0,0,2,-7,1,0,0,1,0,1,1,1,3,3,2,500000,10000,3,3,4,3,2,2,2,2,-7,1,1,3,4,4,4,4,4,3,3,3,2,3,3,1,1,4,0,1,0,0,0,1,0,0,NA,0,0,0,0,0,0,0,0,0,0,1,3,3,1,3,1,0,0,0,1,2,NA,2,-7,-7,2,1,2,-7,-7,-7,2,4,5,1994,31,1,-7,2,2,1,1,1,9,-7,-7,-7,-7,1,1,3,-7,3,1,1,2,2,2,2,3,2,1,1,-7,1,1,1,1,0,1,0,0,0,0,bas25_02760,983.73304068,1,24510,Loch Raven,8,27,16:14:10,8,27,16:42:40,1,2,2,1,2,3,1,2,6,3
4,5,1,2,2,2,4,3,3,2,2,1,3,1,1,1,2,1,1,1,1,1,1,5,1,1,1,1,1,1,3,2,4,3,2,2,2,1,1,1,1,1,1,2,1,3,5,1,3,3,4,-7,4,3,3,3,3,-8,3,1,1,1,3,2,1,2,1,1,1,1,0,0,0,1,0,0,1,0,1,0,0,0,0,0,0,1,0,0,1,1,1,0,0,-8,-8,-8,-8,-8,-8,-8,-8,-8,-8,-8,-8,-8,0,0,1,1,0,1,1,1,0,1,1,0,3,-8,-8,-8,-8,-8,-8,-8,1,4,-7,-7,-7,-7,-7,-7,-7,9,-7,-7,-7,500000,50000,2,4,3,5,3,3,3,2,-7,2,2,2,1,1,1,1,1,1,1,1,2,4,3,1,1,1,0,1,1,0,0,0,1,1,Vertigo,0,1,0,0,1,1,0,0,1,0,0,4,4,3,1,1,0,0,0,1,2,NA,1,1,-7,3,1,1,0,2,0,1,6,3,1951,74,1,-7,2,2,1,1,1,8,-7,-7,-7,-7,3,2,-7,6,11,2,2,2,2,2,2,4,2,1,1,-7,1,1,1,1,0,1,0,0,0,0,bas25_02762,1694.3169130000001,2,24005,-7,9,5,19:56:08,9,5,20:33:06,2,1,2,1,4,4,1,5,0,1
2,2,1,2,2,2,4,3,1,3,2,1,3,1,1,1,1,1,1,1,1,1,1,2,1,2,1,1,1,2,2,2,4,2,2,-8,1,2,1,1,2,2,2,2,1,2,1,1,2,3,-8,4,-7,3,3,3,3,3,3,1,4,1,1,2,3,2,1,1,1,1,0,0,0,0,0,0,1,1,0,0,0,1,0,0,0,0,0,0,1,1,0,0,0,-8,-8,-8,-8,-8,-8,-8,-8,-8,-8,-8,-8,-8,1,0,1,0,0,0,0,0,0,0,0,1,1,-8,-8,-8,-8,-8,-8,-8,3,-7,-7,-7,-7,-7,-7,-7,-7,1,4,1,4,1000000,25000,2,2,3,5,3,3,3,2,-7,2,2,2,1,1,1,1,1,3,1,1,2,2,2,1,1,1,0,0,0,0,0,0,0,0,NA,1,0,1,0,1,0,0,0,0,1,0,4,5,1,1,1,0,0,0,1,2,NA,2,-7,-7,3,1,1,1,0,0,2,7,3,1977,48,1,-7,2,2,1,1,1,8,-7,-7,-7,-7,7,2,-7,2,7,1,1,2,2,2,2,2,2,1,1,-7,1,1,1,1,0,1,0,0,0,0,bas25_02776,638.24180584,2,24005,-7,9,11,08:03:03,9,11,08:28:46,2,2,1,1,3,4,1,3,0,1
6,3,1,1,2,2,3,2,3,4,3,3,3,4,2,1,3,1,1,1,1,1,1,3,3,5,3,3,3,3,3,3,4,3,2,3,2,2,1,2,2,2,2,1,2,4,4,3,5,5,5,-7,4,3,3,3,3,3,3,1,1,1,3,3,3,2,2,1,2,1,0,0,0,0,0,0,0,0,0,0,0,1,0,0,0,0,0,0,0,1,0,0,0,0,0,0,0,0,1,-8,-8,-8,-8,-8,-8,-8,0,0,1,1,0,0,1,0,0,0,1,0,2,0,0,0,1,0,0,0,2,-7,0,0,0,0,0,0,1,1,1,4,3,275000,30000,3,4,4,5,2,1,2,1,3,1,1,3,4,4,4,4,2,5,5,3,3,3,3,1,1,3,0,1,0,0,0,0,0,0,NA,0,0,0,0,0,0,0,0,0,0,1,2,3,2,3,1,0,0,0,1,2,NA,2,-7,-7,2,2,1,2,1,1,2,7,5,1986,39,1,-7,2,2,1,1,1,8,-7,-7,-7,-7,8,2,-7,4,9,2,2,2,2,2,2,3,2,1,1,-7,1,1,1,1,0,1,0,0,0,0,bas25_02782,493.81438043000003,1,24510,Hamilton,8,27,18:06:06,8,27,18:21:46,2,2,2,1,4,4,1,3,0,1
6,4,1,2,2,2,3,3,3,2,1,2,2,2,1,1,1,1,1,2,1,1,1,1,2,2,1,2,3,2,2,2,4,2,1,2,1,1,1,1,1,1,1,1,2,5,5,3,4,4,5,-7,3,3,2,3,3,2,3,1,4,2,1,2,2,2,2,1,1,1,0,1,0,0,0,0,1,0,0,0,0,1,0,1,0,0,0,0,1,0,0,0,0,-8,-8,-8,-8,-8,-8,-8,-8,-8,-8,-8,-8,-8,1,0,1,0,0,0,1,0,1,1,1,0,1,1,0,0,0,0,0,0,1,2,-7,-7,-7,-7,-7,-7,-7,5,-7,-7,-7,400000,25000,3,3,4,5,3,2,3,2,-7,2,2,1,2,1,2,1,2,1,1,1,2,4,2,1,1,1,0,0,0,1,0,0,0,0,NA,0,1,1,0,0,1,0,0,0,0,0,5,5,2,1,0,1,0,0,1,2,NA,2,-7,-7,2,-8,2,-7,-7,-7,1,6,1,1950,75,2,-7,2,2,1,1,-8,1,6,-7,-7,-7,6,1,1,-7,1,1,1,2,1,1,2,3,2,1,1,-7,1,1,1,1,0,1,0,0,0,0,bas25_02795,901.12324198,1,24510,Greater Govans,9,11,10:40:05,9,11,11:36:01,1,2,2,1,1,4,2,5,2,2
1,-8,2,1,2,1,3,3,2,3,-8,1,-8,2,1,1,1,-8,1,1,1,1,1,2,1,3,1,2,2,2,2,2,4,2,3,-8,-8,-8,1,1,1,1,1,1,2,3,-8,-8,-8,-8,-8,-7,-8,3,3,3,3,2,2,1,2,1,2,3,1,2,1,1,1,1,0,0,0,1,0,0,0,0,0,0,0,1,0,1,0,1,0,0,0,0,0,0,0,-8,-8,-8,-8,-8,-8,0,1,0,0,0,1,0,0,0,0,1,1,0,1,0,0,1,0,0,1,-8,-8,-8,-8,-8,-8,-8,-8,-7,-7,-7,-7,-7,-7,-7,-7,5,-7,-7,-7,100000,NA,-8,4,4,4,3,3,3,2,-7,2,2,2,1,1,1,3,2,2,1,1,4,3,4,1,1,3,0,0,0,0,1,1,0,0,NA,0,1,1,0,1,0,0,0,1,1,0,5,5,3,1,1,0,0,0,1,2,NA,2,-7,-7,1,-7,2,-7,-7,-7,2,7,5,1952,73,1,-7,2,2,1,1,1,2,-7,-7,-7,-7,7,2,-7,1,6,2,2,2,2,2,2,4,2,1,1,-7,2,2,2,2,0,0,1,0,0,0,bas25_02801,210.55772614,2,24005,-7,9,20,08:29:50,9,20,08:56:19,2,2,2,2,3,4,1,5,2,2
30,6,5,4,4,4,2,2,5,-8,-8,3,3,4,1,1,3,5,1,5,4,5,4,3,3,3,3,3,2,2,3,3,3,5,5,5,2,1,2,1,2,2,2,2,1,5,5,5,5,5,5,4,-7,3,3,3,3,3,3,1,1,1,4,3,3,4,2,3,1,0,0,0,0,0,0,0,0,1,0,0,0,0,1,0,0,0,0,0,1,1,0,0,0,-8,-8,-8,-8,-8,-8,1,1,1,1,1,1,1,0,0,1,1,0,0,0,0,0,0,1,0,5,-8,-8,-8,-8,-8,-8,-8,3,-7,-7,-7,-7,-7,-7,-7,-7,2,1,2,4,"100,000+","25,000>",2,4,2,2,3,3,3,2,-7,2,2,1,1,1,1,1,1,1,1,1,1,3,2,1,1,5,0,0,0,0,0,0,0,0,NA,1,1,0,0,0,0,0,0,0,0,0,2,3,2,1,0,1,0,0,1,4,NA,2,-7,-7,1,-7,2,-7,-7,-7,2,5,5,1973,52,1,-7,2,2,1,1,1,9,-7,-7,-7,-7,1,1,3,-7,3,2,2,2,2,2,2,3,1,1,1,-7,2,2,2,2,0,0,1,0,0,0,bas25_02809,125.32706748,1,24510,Brooklyn/Curtis Bay/Hawkins Point,9,21,22:23:56,10,1,15:32:42,1,2,1,2,2,3,1,4,0,1
3,4,2,3,3,2,3,3,4,5,3,2,3,4,3,2,2,3,2,2,2,2,3,2,3,3,3,2,4,3,3,3,4,3,3,3,1,1,1,1,1,1,1,2,2,3,4,4,4,4,4,-7,4,3,3,3,3,3,3,1,1,1,3,2,2,3,3,4,1,0,0,0,1,0,0,0,1,0,1,0,0,0,0,0,0,0,0,0,1,0,0,0,0,0,1,0,0,0,1,0,1,0,1,0,1,1,0,0,1,1,0,0,1,0,0,0,1,0,2,-8,-8,-8,-8,-8,-8,-8,3,-7,-7,-7,-7,-7,-7,-7,-7,1,1,4,2,250000,50009,4,5,4,5,3,3,3,2,-7,2,2,2,3,2,2,2,2,2,1,1,1,3,3,1,1,1,0,0,1,0,0,0,0,0,NA,0,0,0,0,1,0,0,0,0,0,0,5,5,1,1,1,0,0,0,1,2,NA,2,-7,-7,2,1,2,-7,-7,-7,2,7,1,1992,33,1,-7,2,2,1,1,1,9,-7,-7,-7,-7,1,2,-7,2,7,2,2,2,2,2,2,4,2,1,1,-7,2,2,2,2,0,0,1,0,0,0,bas25_02821,319.73479621,1,24510,Midtown,8,28,14:00:36,8,28,14:13:04,2,2,2,2,3,4,1,2,0,1
20,-8,2,2,2,2,3,2,2,2,3,1,3,1,1,2,1,2,1,1,1,1,1,3,1,1,1,3,3,2,2,2,3,2,2,2,1,1,1,1,1,1,2,2,2,3,2,1,2,2,2,2,-7,3,3,3,3,3,3,1,1,1,1,1,1,2,1,2,6,1,0,0,1,0,0,0,1,0,0,0,0,1,0,0,1,0,0,0,1,1,0,0,0,-8,-8,-8,-8,-8,-8,0,0,0,0,1,1,0,0,0,1,1,0,1,0,0,0,0,1,0,2,-8,-8,-8,-8,-8,-8,-8,2,-7,0,0,0,0,0,0,1,5,-7,-7,-7,250000,40000,2,3,2,5,3,3,3,2,-7,2,2,2,1,1,1,2,1,1,1,1,1,2,1,1,1,1,0,0,0,1,0,0,0,0,NA,0,0,1,0,0,0,0,0,0,0,0,5,5,2,1,1,0,0,0,2,2,NA,1,3,3,2,2,2,-7,-7,-7,2,6,1,1952,73,2,-7,2,2,1,1,1,9,-7,-7,-7,-7,1,2,-7,1,6,2,2,2,2,2,2,5,2,1,1,-7,2,2,2,2,0,0,1,0,0,0,bas25_02831,1686.3334876,2,24005,-7,8,27,18:10:51,8,27,18:44:46,1,2,1,2,3,4,2,5,0,1
8,5,1,2,2,2,3,3,2,3,3,2,3,3,1,2,1,1,1,1,1,1,1,3,1,4,1,1,1,2,4,4,2,3,2,3,2,1,1,1,2,2,1,2,1,3,3,2,3,2,3,-7,3,3,3,3,3,3,3,1,1,1,1,1,1,1,1,1,2,1,0,0,1,0,0,0,0,0,0,0,0,0,0,0,1,0,0,1,0,1,0,0,0,-8,-8,-8,-8,-8,-8,0,0,0,1,0,1,0,1,0,1,0,0,0,1,0,0,0,1,0,1,-8,-8,-8,-8,-8,-8,-8,1,2,-7,-7,-7,-7,-7,-7,-7,1,1,3,4,100000,50000,3,3,2,1,3,3,3,2,-7,2,2,2,2,2,2,2,1,2,2,1,1,4,2,1,1,2,0,1,0,1,0,0,0,0,NA,0,0,0,0,0,0,0,0,0,0,1,5,5,2,1,1,0,0,0,1,2,NA,1,3,3,1,-7,1,0,0,1,2,7,3,1976,49,1,-7,2,2,1,1,1,1,2,-7,-7,-7,5,2,-7,3,8,2,2,2,2,2,2,2,1,1,1,-7,2,2,2,2,0,0,1,0,0,0,bas25_02836,386.3346223,2,24005,-7,9,2,18:18:47,9,2,18:39:23,2,2,2,2,4,4,1,3,0,1
45,3,1,1,2,1,4,4,3,2,3,2,4,2,2,2,2,2,1,2,1,2,1,3,1,2,1,1,1,2,2,2,3,2,2,2,1,1,1,1,1,1,1,1,1,5,3,1,3,2,3,4,-7,3,3,3,3,3,3,1,1,1,1,1,1,1,1,1,2,1,0,1,0,1,0,0,0,0,0,0,0,1,0,1,0,1,0,0,0,0,0,0,0,-8,-8,-8,-8,-8,-8,-8,-8,-8,-8,-8,-8,-8,1,0,1,0,0,0,0,0,0,0,0,1,5,-8,-8,-8,-8,-8,-8,-8,2,-7,0,0,1,0,0,0,0,5,-7,-7,-7,250000,60000,3,4,3,5,3,3,3,2,-7,2,2,1,1,1,1,1,1,1,1,1,1,3,2,1,1,1,0,0,0,0,0,0,0,0,NA,1,1,0,0,0,0,0,0,0,0,0,1,1,2,1,1,0,0,0,2,2,NA,1,1,-7,2,2,2,-7,-7,-7,1,4,1,1946,79,2,-7,2,2,1,1,1,2,-7,-7,-7,-7,8,2,-7,1,6,2,2,2,2,2,2,3,2,1,1,-7,2,2,2,2,0,0,1,0,0,0,bas25_02840,657.36880935,2,24005,-7,9,22,10:07:44,9,22,10:44:33,2,2,1,2,3,3,2,5,0,1
12,3,1,1,2,2,3,3,1,3,2,1,3,1,1,2,2,1,1,1,1,1,1,2,1,1,1,1,1,2,2,2,3,3,2,3,1,1,1,1,1,1,1,2,1,4,5,5,4,5,3,3,-7,3,3,3,3,3,3,1,1,1,2,3,3,1,3,1,1,0,0,0,0,0,0,1,0,0,1,0,0,0,0,0,0,0,0,0,0,1,0,0,0,-8,-8,-8,-8,-8,-8,0,1,1,1,1,1,0,0,0,1,1,0,0,1,0,0,0,1,0,1,-8,-8,-8,-8,-8,-8,-8,3,-7,-7,-7,-7,-7,-7,-7,-7,1,1,4,2,150000,30000,3,1,3,2,3,3,3,2,-7,2,2,2,1,1,2,2,1,1,1,1,1,2,3,1,1,1,0,1,0,0,0,0,0,0,NA,0,0,0,0,0,0,0,0,1,1,0,5,5,1,1,0,1,0,0,1,2,NA,1,3,1,2,1,2,-7,-7,-7,2,3,1,1985,40,1,-7,2,2,1,1,1,9,-7,-7,-7,-7,1,2,-7,2,7,2,2,2,2,2,2,5,2,1,1,-7,2,2,2,2,0,0,1,0,0,0,bas25_02848,695.06936303,1,24510,North Baltimore/Guilford/Homeland,9,2,16:26:32,9,2,16:40:29,2,2,1,2,3,2,1,3,0,1
3,2,1,2,2,2,4,4,2,2,3,1,3,3,2,2,1,1,1,1,1,1,1,5,1,1,1,3,3,3,3,3,3,2,1,1,1,1,1,1,1,1,1,1,2,4,4,1,1,1,1,-7,2,3,3,3,3,3,3,1,4,1,1,2,2,2,1,1,1,1,0,0,0,0,0,0,0,0,0,0,0,1,0,0,0,0,0,0,0,1,0,0,0,-8,-8,-8,-8,-8,-8,-8,-8,-8,-8,-8,-8,-8,0,0,0,1,1,0,0,0,0,0,0,1,4,-8,-8,-8,-8,-8,-8,-8,2,-7,0,0,0,0,1,0,0,1,1,5,4,500000,15650,4,5,4,5,2,2,2,1,2,1,2,4,5,5,5,5,3,5,5,1,1,3,3,1,1,1,0,0,0,0,0,0,0,0,NA,1,1,0,0,1,1,0,1,0,0,0,3,3,2,1,1,0,0,0,1,2,NA,2,-7,-7,2,1,2,-7,-7,-7,2,4,5,1962,63,1,-7,2,2,1,1,1,2,-7,-7,-7,-7,1,2,-7,4,9,2,2,2,2,2,2,3,2,1,1,-7,1,1,1,1,0,1,0,0,0,0,bas25_02851,1673.5299734,2,24005,-7,8,27,20:01:43,8,27,20:37:37,2,1,2,1,4,3,1,4,0,1
30,1,1,2,2,2,3,3,2,2,2,1,3,2,3,2,1,1,1,1,1,1,1,1,1,1,1,6,-7,2,2,2,3,2,2,2,1,1,1,1,1,1,1,1,1,3,3,1,3,3,3,-7,3,3,3,3,3,3,3,1,1,1,1,1,1,1,1,1,1,0,0,0,0,0,0,0,0,0,0,0,1,0,0,0,0,0,0,0,1,1,0,0,0,-8,-8,-8,-8,-8,-8,0,0,0,0,0,1,0,0,0,1,1,0,0,0,0,0,0,0,1,1,-8,-8,-8,-8,-8,-8,-8,3,-7,-7,-7,-7,-7,-7,-7,-7,2,1,3,3,999999,50000,3,4,3,4,3,3,3,2,-7,2,2,1,1,1,1,1,1,1,1,1,1,2,2,1,1,1,0,1,0,0,0,0,0,0,NA,0,1,1,0,0,0,0,0,0,0,0,5,5,2,4,0,1,0,0,1,2,NA,2,-7,-7,1,-7,2,-7,-7,-7,2,7,5,1945,80,1,-7,2,2,1,1,1,1,4,-7,-7,-7,1,1,4,-7,4,2,2,2,2,2,2,3,3,1,1,-7,2,2,2,2,0,0,1,0,0,0,bas25_02865,177.15383805,2,24005,-7,8,31,20:49:28,8,31,21:25:10,2,1,2,2,2,4,1,5,0,1
13,4,1,2,-8,2,3,2,2,2,3,1,3,1,1,1,2,1,1,1,1,1,1,3,2,2,2,1,1,1,2,2,3,1,2,2,1,1,1,1,1,1,1,1,1,3,1,2,3,3,3,3,-7,3,3,3,3,3,3,1,3,1,1,3,1,1,1,1,4,1,0,0,0,1,0,0,1,0,0,0,0,1,0,0,0,1,0,1,1,1,0,0,0,0,0,0,0,0,1,0,0,0,0,0,1,0,0,0,1,1,0,0,0,0,0,0,0,1,1,-8,-8,-8,-8,-8,-8,-8,1,2,-7,-7,-7,-7,-7,-7,-7,5,-7,-7,-7,150000,25000,2,3,2,4,3,3,3,2,-7,2,2,2,1,1,2,2,2,1,1,3,1,2,2,1,1,1,0,0,0,0,0,0,0,0,NA,1,0,0,1,0,0,0,0,0,0,0,5,5,2,1,1,0,0,0,2,2,NA,2,-7,-7,1,-7,2,-7,-7,-7,2,6,2,1941,84,2,-7,2,2,1,1,1,2,-7,-7,-7,-7,8,1,5,-7,5,2,2,2,2,2,2,3,2,1,1,-7,2,2,2,2,0,0,1,0,0,0,bas25_02870,843.16674382,2,24005,-7,9,14,23:26:06,9,15,00:13:36,2,1,1,2,2,4,2,5,0,1
3,3,4,2,3,3,3,2,3,4,3,5,4,4,3,3,3,3,3,2,2,2,2,2,4,3,3,2,2,2,3,3,3,3,4,4,2,1,1,1,2,1,2,2,2,3,5,5,3,3,3,4,-7,3,2,2,2,2,3,1,4,1,3,2,1,3,2,2,1,1,0,1,1,1,0,0,1,0,0,0,0,1,1,1,1,1,0,0,1,1,1,0,0,1,0,1,0,0,1,0,1,1,1,1,1,0,0,0,1,1,0,1,0,1,1,1,0,0,3,0,0,1,0,0,0,0,1,2,-7,-7,-7,-7,-7,-7,-7,1,1,3,3,750000,150000,4,4,4,4,3,3,3,2,-7,2,2,3,2,4,4,3,2,3,2,2,2,3,4,1,1,5,0,1,0,1,1,1,0,0,NA,0,0,1,0,0,0,0,0,1,1,0,1,1,2,1,1,0,0,0,1,2,NA,1,1,-7,2,1,2,-7,-7,-7,1,7,1,1976,49,1,-7,3,2,1,1,1,9,-7,-7,-7,-7,1,2,-7,5,10,2,2,2,2,2,2,4,2,1,1,-7,2,2,2,2,0,0,1,0,0,0,bas25_02877,272.73176557,1,24510,Inner Harbor/Federal Hill,8,28,18:05:34,9,3,13:49:41,1,2,1,2,4,4,1,3,4,2
11,3,1,1,1,1,3,3,1,3,2,1,3,2,1,1,2,1,2,2,1,1,2,5,3,1,3,1,2,2,3,3,4,3,4,3,-8,-8,-8,-8,-8,-8,-8,-8,2,3,5,3,3,4,3,4,-7,3,3,3,3,3,3,1,3,1,3,1,1,2,2,1,2,0,1,0,0,0,0,0,1,0,1,0,0,0,1,1,1,1,0,1,0,1,0,0,0,-8,-8,-8,-8,-8,-8,0,0,1,0,0,0,0,0,1,1,0,0,0,0,0,0,1,1,0,3,-8,-8,-8,-8,-8,-8,-8,3,-7,-7,-7,-7,-7,-7,-7,-7,1,2,4,4,200000,50000,3,3,3,5,3,3,3,2,-7,2,2,2,1,1,1,1,1,1,1,1,1,3,4,1,1,1,0,0,0,0,0,0,0,0,NA,1,0,0,0,0,0,0,0,1,1,0,5,5,2,1,1,0,1,0,1,2,NA,2,-7,-7,2,2,1,0,2,0,2,7,1,1972,53,2,-7,2,2,1,3,1,9,-7,-7,-7,-7,1,2,-7,6,11,2,2,2,2,2,2,5,2,1,1,-7,2,2,2,2,0,0,1,0,0,0,bas25_02879,363.82288846,1,24510,Fells Point,10,5,17:41:02,10,5,17:55:02,1,2,1,2,4,4,2,4,0,1
24,2,1,1,2,-8,4,3,1,1,1,1,3,2,2,1,2,1,1,1,1,1,1,3,1,1,1,3,2,3,2,2,3,3,3,-8,1,1,1,1,1,-8,2,1,2,3,2,1,-8,3,3,4,-7,3,3,3,3,3,3,1,2,2,1,2,2,2,1,1,1,1,0,0,1,1,0,0,1,1,0,0,0,0,0,0,0,0,0,0,0,0,0,0,1,0,0,0,0,0,1,0,0,0,1,1,0,0,0,0,1,1,0,0,0,0,0,0,0,1,2,-8,-8,-8,-8,-8,-8,-8,1,1,-7,-7,-7,-7,-7,-7,-7,5,-7,-7,-7,NA,25000,3,5,4,5,2,2,2,2,-7,1,1,1,3,4,4,2,5,2,1,1,3,3,1,1,1,3,0,0,0,0,0,1,0,0,NA,0,1,1,0,0,0,0,0,0,0,0,5,4,1,1,1,0,0,0,1,4,NA,2,-7,-7,1,-7,2,-7,-7,-7,2,4,1,-8,-8,1,-7,2,-8,1,1,1,8,-7,-7,-7,-7,8,-8,-7,-7,-6,2,2,2,2,1,2,3,4,1,1,-7,1,1,1,1,0,1,0,0,0,-8,bas25_02884,728.57769212,2,24005,-7,9,18,17:36:46,9,18,18:22:06,1,2,1,1,-6,3,1,-8,0,1
13,5,5,3,3,2,2,1,5,1,3,2,3,2,3,3,1,3,3,2,3,1,5,5,3,1,4,4,3,1,3,3,3,3,-8,4,1,1,1,1,2,2,2,2,2,2,4,3,4,4,4,4,-7,3,3,3,3,3,3,1,1,1,3,2,1,3,1,1,3,0,1,0,1,0,0,0,0,0,0,0,0,0,1,1,1,0,0,0,1,0,0,0,0,1,0,0,0,1,0,0,1,1,1,1,1,0,0,0,1,1,0,0,0,0,0,0,0,1,1,0,0,0,1,0,0,0,1,4,-7,-7,-7,-7,-7,-7,-7,1,5,3,2,150000,50000,4,4,4,5,3,3,3,2,-7,2,2,1,1,1,1,1,1,1,1,1,1,2,5,1,1,1,0,1,0,1,0,0,0,0,NA,0,0,1,0,0,0,0,0,1,0,0,5,4,2,1,0,1,0,0,1,2,NA,2,-7,-7,2,1,2,-7,-7,-7,2,6,1,1964,61,2,-7,2,2,3,3,3,9,-7,-7,-7,-7,2,2,-7,6,11,2,2,2,2,2,2,5,4,1,1,-7,2,2,2,2,0,0,1,0,0,0,bas25_02901,424.19578161,1,24510,Midtown,8,27,19:02:46,8,27,19:42:23,1,1,1,2,4,4,2,4,0,1
7,3,2,2,3,3,2,3,3,3,3,2,2,3,2,3,3,2,2,3,3,2,3,3,4,3,4,2,2,2,3,3,4,3,3,3,2,1,1,2,1,1,2,1,2,3,3,4,4,3,4,4,-7,2,3,3,2,3,2,1,3,1,2,3,1,2,2,1,1,1,0,0,0,0,0,0,0,0,0,0,0,0,0,0,0,1,0,0,0,0,0,0,0,0,0,0,0,0,1,1,0,1,0,1,0,1,0,0,1,1,0,0,1,0,0,1,1,0,2,-8,-8,-8,-8,-8,-8,-8,2,-7,0,0,1,0,1,0,0,8,-7,-7,-7,80000,30000,3,3,3,3,2,1,2,1,2,1,1,4,3,3,4,4,3,3,3,2,2,5,4,1,1,3,0,1,0,1,0,1,1,1,felt sick from not eating,0,1,0,0,0,1,0,1,1,0,0,4,5,1,2,1,0,0,0,1,2,NA,2,-7,-7,2,2,2,-7,-7,-7,1,4,3,1951,74,2,-7,2,2,1,1,1,2,-7,-7,-7,-7,7,1,2,-7,2,2,1,1,1,1,2,3,1,1,1,-7,2,2,2,2,0,0,1,0,0,0,bas25_02905,594.60361218,1,24510,Westport/Mount Winans/Lakeland,8,29,12:25:14,8,29,13:32:38,2,2,1,2,1,3,2,5,3,2
40,4,1,1,2,1,4,3,2,2,3,1,3,2,1,2,2,1,1,1,1,1,1,3,3,1,1,1,1,1,3,3,3,3,3,-8,-8,-8,-8,-8,-8,-8,-8,-8,2,4,-8,2,4,3,3,5,-7,3,3,3,3,3,3,1,3,1,2,2,3,2,2,1,1,1,1,0,0,0,0,0,0,0,0,0,0,1,1,0,0,0,0,0,0,0,0,0,0,0,0,0,0,0,1,1,0,1,0,1,0,0,0,0,1,1,0,0,0,0,0,0,0,1,1,0,0,0,1,0,0,0,2,-7,0,0,0,0,0,0,1,2,2,3,4,NA,NA,3,4,2,3,3,3,3,2,-7,2,2,1,1,1,1,1,1,1,1,1,1,2,1,1,1,1,0,1,0,0,0,0,0,0,NA,0,0,1,0,0,0,0,0,0,0,0,5,5,2,1,1,0,0,0,1,2,NA,-8,-7,-7,2,1,2,-7,-7,-7,2,6,1,-8,-8,2,-7,2,2,1,1,1,-8,-6,-7,-7,-7,-8,-8,-7,-7,-6,-8,1,-8,-8,-8,-8,-8,3,1,1,-7,2,2,2,2,0,0,1,0,0,0,bas25_02915,721.02482439,2,24005,-7,8,28,17:35:15,8,28,18:11:08,1,2,1,2,-6,4,2,-8,0,1
12,2,1,1,1,1,4,2,1,3,2,1,3,1,1,1,1,1,1,1,1,1,1,3,2,2,1,1,1,2,3,2,3,3,4,3,2,2,2,2,2,2,2,2,2,3,3,3,3,3,3,-7,4,3,3,3,3,3,3,1,1,1,1,1,2,2,1,1,5,0,0,0,0,0,0,0,0,0,0,0,1,0,0,0,0,0,0,0,0,1,0,0,0,-8,-8,-8,-8,-8,-8,0,0,0,0,1,1,0,1,0,0,0,1,0,0,0,0,1,1,0,1,-8,-8,-8,-8,-8,-8,-8,1,4,-7,-7,-7,-7,-7,-7,-7,1,1,3,4,I million,80000,2,3,2,2,3,3,3,2,-7,2,2,1,1,1,1,1,1,1,1,1,1,2,1,1,1,4,0,0,0,0,0,0,0,0,NA,1,1,0,0,0,0,0,0,0,0,0,4,5,2,1,1,1,0,0,1,2,NA,1,1,-7,2,1,1,1,0,1,2,6,1,1976,49,2,-7,2,2,1,1,1,1,2,-7,-7,-7,3,2,-7,6,11,2,2,2,2,2,2,2,1,1,2,-7,2,2,2,2,0,0,1,0,0,0,bas25_02917,1346.5033741,2,24005,-7,9,5,11:12:03,9,5,12:46:01,1,2,2,2,4,4,2,3,0,1
47,5,2,2,3,2,3,3,3,2,2,2,3,2,1,2,1,1,3,3,2,2,2,3,2,1,3,2,3,2,3,3,4,2,3,-8,1,1,1,2,1,1,-8,2,2,2,2,3,3,3,3,-7,4,3,3,3,3,3,3,1,1,1,3,1,1,2,2,1,6,0,0,0,0,0,0,0,1,0,0,0,0,0,0,0,0,0,0,0,1,1,0,0,0,0,0,0,0,1,0,0,1,1,0,1,1,0,0,0,1,1,0,1,0,0,0,0,0,0,1,-8,-8,-8,-8,-8,-8,-8,3,-7,-7,-7,-7,-7,-7,-7,-7,5,-7,-7,-7,250000,50000,4,5,4,5,3,3,3,2,-7,2,2,2,2,-8,2,2,1,1,1,1,1,4,4,1,1,1,0,0,0,1,0,0,0,0,NA,0,1,1,0,0,0,0,0,1,1,0,5,5,2,1,1,0,0,0,2,2,NA,2,-7,-7,2,1,2,-7,-7,-7,2,6,1,1950,75,2,-7,2,2,1,1,1,9,-7,-7,-7,-7,1,2,-7,4,9,2,2,2,2,2,2,4,2,1,1,-7,2,2,2,2,0,0,1,0,0,0,bas25_02920,1242.9392344,2,24005,-7,8,27,15:42:32,8,27,16:09:23,1,1,2,2,4,4,2,5,0,1
0,1,2,2,2,2,3,2,3,3,2,2,2,3,3,3,3,1,1,2,1,1,2,2,2,2,2,2,2,3,4,3,4,3,2,2,1,1,1,1,1,1,1,2,2,3,4,3,3,3,3,4,-7,3,3,3,3,2,3,2,2,1,2,2,3,2,1,1,1,1,0,0,0,1,0,1,1,0,1,0,0,0,0,0,0,0,0,1,1,1,0,0,0,-8,-8,-8,-8,-8,-8,-8,-8,-8,-8,-8,-8,-8,0,0,1,1,0,0,0,0,0,0,0,1,2,-8,-8,-8,-8,-8,-8,-8,1,1,-7,-7,-7,-7,-7,-7,-7,1,2,2,2,500000,60000,3,4,4,5,3,3,3,2,-7,2,1,3,4,4,4,4,3,3,3,1,1,2,3,1,1,3,0,0,0,0,0,0,0,0,NA,1,0,0,0,0,0,0,0,0,0,1,5,5,1,1,1,0,0,0,1,2,NA,2,-7,-7,2,1,2,-7,-7,-7,2,6,5,2002,23,1,-7,2,2,-8,3,3,2,-7,-7,-7,-7,4,2,-7,3,8,2,2,2,2,2,2,4,2,1,4,1,3,4,3,4,0,0,0,0,1,0,bas25_02923,2864.1025794,2,24005,-7,9,21,21:21:13,9,21,21:35:07,1,2,1,3,4,4,1,1,1,1
0,5,1,2,1,1,4,3,1,-8,-8,1,-8,2,1,1,1,1,1,1,1,1,1,3,2,-8,2,6,-7,2,2,2,4,3,3,-8,1,1,1,1,1,1,1,1,2,3,4,4,3,3,3,-7,4,3,2,3,3,2,3,1,1,2,1,3,1,-8,1,1,1,0,0,0,0,0,0,0,0,0,0,0,1,0,0,0,0,1,0,0,1,1,0,0,0,-8,-8,-8,-8,-8,-8,-8,-8,-8,-8,-8,-8,-8,0,0,1,1,0,1,0,1,0,0,0,0,1,-8,-8,-8,-8,-8,-8,-8,1,3,-7,-7,-7,-7,-7,-7,-7,5,-7,-7,-7,NA,NA,3,3,4,5,3,3,3,2,-7,2,2,1,1,1,1,1,1,1,1,1,1,1,1,1,1,1,0,0,0,0,0,0,0,0,NA,1,0,0,0,0,0,0,0,0,0,1,5,5,1,1,1,0,0,0,2,2,NA,2,-7,-7,1,-7,2,-7,-7,-7,2,7,2,1939,86,1,-7,2,2,1,1,1,9,-7,-7,-7,-7,1,2,-7,-8,-6,2,2,2,2,2,2,5,2,3,1,-7,2,2,2,2,0,0,1,0,0,0,bas25_02931,221.5465926,2,24005,-7,9,2,18:45:56,9,2,19:07:32,2,1,2,2,-6,4,1,5,2,2
23,5,2,1,2,2,3,3,2,4,3,4,4,4,2,2,3,2,2,3,3,3,1,3,3,5,2,2,2,3,3,3,3,4,3,3,1,2,1,2,2,2,2,2,2,4,4,3,4,4,4,-7,4,3,3,3,3,3,3,1,5,1,2,2,1,3,2,2,3,0,1,1,0,1,0,0,0,0,0,0,0,0,1,1,0,1,0,0,0,0,0,0,0,-8,-8,-8,-8,-8,-8,0,0,0,0,1,0,0,0,0,1,1,0,1,0,0,1,0,0,0,1,-8,-8,-8,-8,-8,-8,-8,1,1,-7,-7,-7,-7,-7,-7,-7,1,1,4,3,750000,60000,3,2,3,4,3,3,3,2,-7,2,2,2,1,2,1,2,2,1,1,3,1,3,4,1,1,1,0,0,0,0,0,0,0,0,NA,1,0,0,0,0,0,0,0,0,0,1,1,1,2,1,1,1,0,0,1,2,NA,2,-7,-7,2,1,1,0,0,3,2,7,1,1973,52,2,-7,2,2,1,1,1,2,-7,-7,-7,-7,8,2,-7,5,10,2,2,2,2,2,2,4,2,1,1,-7,2,2,2,2,0,0,1,0,0,0,bas25_02943,349.36040022,1,24510,Hamilton Hills,9,5,11:08:26,9,5,11:43:39,1,2,2,2,4,4,2,4,0,1
11,4,2,2,2,2,3,3,4,4,3,2,3,3,2,2,3,1,1,2,1,2,1,3,2,3,1,1,1,2,2,2,3,2,2,3,1,2,1,2,2,2,2,2,2,5,4,3,4,4,4,-7,4,3,3,3,3,3,3,1,1,1,1,2,1,3,1,1,1,1,0,0,0,0,0,0,0,0,0,0,0,1,0,0,0,0,0,0,0,1,0,0,0,-8,-8,-8,-8,-8,-8,-8,-8,-8,-8,-8,-8,-8,0,0,1,1,0,0,1,0,0,0,0,0,4,0,0,1,0,0,0,0,3,-7,-7,-7,-7,-7,-7,-7,-7,1,1,5,3,100000,40000,3,2,3,4,3,3,3,2,-7,2,2,2,1,1,2,1,1,1,1,1,1,3,2,1,1,3,0,0,0,1,0,1,0,0,NA,0,1,1,0,0,0,0,0,0,0,0,5,5,2,1,1,0,0,0,1,2,NA,2,-7,-7,1,-7,2,-7,-7,-7,2,4,3,1967,58,1,-7,2,2,1,1,1,9,-7,-7,-7,-7,1,1,5,-7,5,2,2,2,2,2,2,4,2,1,1,-7,2,2,2,2,0,0,1,0,0,0,bas25_02945,116.11734989,1,24510,Hamilton Hills,9,13,07:29:21,9,13,08:07:47,2,1,2,2,2,3,1,4,0,1
5,4,2,2,2,2,3,3,2,2,3,2,3,2,1,2,2,1,2,1,1,1,1,1,1,1,2,2,2,2,2,2,2,2,2,3,1,1,1,1,1,1,1,2,1,3,2,2,2,2,2,-7,4,3,3,3,3,3,3,1,1,1,1,2,2,2,1,1,1,1,0,0,0,0,0,0,0,0,0,0,0,0,0,0,0,0,0,0,0,1,0,0,0,0,0,0,1,0,0,0,0,0,0,1,0,0,1,0,0,1,0,0,1,0,1,0,0,0,2,1,0,0,0,0,0,0,1,2,-7,-7,-7,-7,-7,-7,-7,1,3,4,3,400000,55000,2,3,2,3,3,3,3,2,-7,2,2,1,1,1,1,1,1,1,1,1,1,2,2,1,1,3,0,0,0,1,0,1,0,0,NA,0,0,0,0,0,1,0,0,1,1,0,5,5,2,1,1,0,0,0,1,2,NA,2,-7,-7,1,-7,2,-7,-7,-7,2,7,5,1987,38,1,-7,2,2,1,1,1,9,-7,-7,-7,-7,1,2,-7,4,9,2,2,2,2,2,2,4,2,1,4,1,2,2,2,2,0,0,1,0,0,0,bas25_02953,228.10180969,2,24005,-7,9,6,10:18:35,9,6,11:21:55,2,1,2,2,4,4,1,3,0,1
6,6,1,1,1,1,4,2,1,3,3,1,3,1,1,1,1,1,1,1,1,1,1,1,1,3,1,1,1,2,3,2,4,3,3,3,1,1,1,1,2,1,2,1,1,3,3,3,4,3,4,-7,5,3,3,3,3,3,3,1,1,2,1,1,1,1,1,1,1,1,1,1,0,0,0,0,0,0,0,0,0,1,1,1,0,0,0,0,0,0,0,0,0,-8,-8,-8,-8,-8,-8,-8,-8,-8,-8,-8,-8,-8,0,0,1,1,0,0,0,0,0,0,0,1,1,-8,-8,-8,-8,-8,-8,-8,2,-7,0,0,0,0,0,0,1,5,-7,-7,-7,100000,50000,3,4,4,5,3,3,3,2,-7,2,2,1,1,1,1,1,1,1,1,1,4,3,3,1,1,1,0,0,0,0,0,0,0,0,NA,1,1,1,0,0,0,0,0,0,0,0,5,3,3,1,1,0,0,0,1,5,NA,2,-7,-7,1,-7,2,-7,-7,-7,2,7,2,1943,82,1,-7,2,2,1,1,1,1,4,-7,-7,-7,7,2,-7,1,6,2,2,2,2,2,2,5,2,1,1,-7,2,2,2,2,0,0,1,0,0,0,bas25_02957,285.67007529,2,24005,-7,8,30,14:09:14,8,30,14:36:00,2,1,2,2,3,4,1,5,0,1
30,5,1,2,2,2,3,3,3,2,3,1,3,1,2,2,2,1,1,1,1,1,2,1,2,1,1,1,1,2,2,2,2,3,2,3,1,1,1,1,2,2,2,2,2,4,3,2,3,3,3,3,-7,3,3,3,3,3,3,1,1,1,2,1,1,3,1,1,3,0,0,0,0,1,0,0,0,0,0,0,0,0,0,0,1,1,0,0,0,0,0,0,0,-8,-8,-8,-8,-8,-8,0,1,0,0,1,1,0,0,0,1,1,0,0,0,0,0,0,0,1,1,-8,-8,-8,-8,-8,-8,-8,3,-7,-7,-7,-7,-7,-7,-7,-7,1,2,1,4,200000,40000,3,4,4,4,3,3,3,2,-7,2,2,1,1,1,1,1,1,1,1,1,1,2,2,2,1,1,0,0,0,0,0,0,0,0,NA,1,0,1,0,1,0,0,0,0,0,0,5,5,2,1,1,0,0,0,2,2,NA,1,1,-7,1,-7,2,-7,-7,-7,2,4,3,1960,65,2,-7,2,2,1,1,1,1,2,-7,-7,-7,6,2,-7,3,8,2,2,2,2,2,2,3,3,1,1,-7,2,2,2,2,0,0,1,0,0,0,bas25_02974,681.64935001,2,24005,-7,9,18,20:53:48,9,18,21:47:10,2,2,1,2,4,3,2,5,0,1
15,4,3,4,4,4,2,1,5,5,5,3,3,5,2,5,5,5,5,5,2,5,2,3,3,5,3,6,-7,4,4,4,4,5,5,5,1,2,1,1,2,1,2,2,2,5,5,4,5,5,5,-7,4,3,3,3,3,3,3,1,5,1,4,3,3,5,5,1,1,0,0,0,0,0,0,0,0,0,0,0,1,0,0,0,0,0,0,0,0,1,0,0,0,0,0,0,0,0,1,0,0,0,1,0,0,0,0,0,1,1,0,0,0,0,0,0,0,1,5,-8,-8,-8,-8,-8,-8,-8,3,-7,-7,-7,-7,-7,-7,-7,-7,1,3,5,4,100000,13000,3,3,2,5,1,1,1,1,1,1,1,2,5,2,5,1,1,1,1,1,3,4,3,1,1,4,0,1,0,0,1,1,0,1,I never want to do anything when it's hot.,0,0,0,0,1,1,0,0,0,0,0,3,5,1,1,1,0,0,0,1,2,NA,2,-7,-7,2,1,1,0,1,0,2,4,1,1975,50,1,-7,2,2,1,1,1,8,-7,-7,-7,-7,2,1,4,-7,4,2,2,1,2,2,2,3,2,1,1,-7,-6,-6,-6,-6,0,0,0,0,0,0,bas25_02983,327.87913904,1,24510,Poppleton/The Terraces/Hollins Market,8,27,16:53:23,8,27,17:35:03,1,1,2,-6,2,3,1,4,0,1
2,2,2,1,1,1,1,3,2,3,3,2,3,3,3,4,3,1,1,1,1,2,1,3,4,3,3,3,3,3,3,3,3,3,3,3,2,1,1,1,2,2,1,2,2,3,3,3,3,3,3,4,-7,3,3,3,3,3,3,1,1,1,3,3,3,3,1,1,1,0,0,0,0,0,0,0,0,0,0,0,1,0,0,0,0,0,0,0,0,0,0,0,1,0,0,1,0,0,0,0,0,1,0,0,0,0,1,0,1,0,0,0,0,0,0,0,0,1,3,-8,-8,-8,-8,-8,-8,-8,2,-7,1,1,1,1,0,1,1,4,-7,-7,-7,300000,25000,3,3,3,3,3,3,1,2,-7,2,2,2,1,1,1,1,1,1,1,1,1,3,3,1,1,2,0,1,0,0,0,0,0,0,NA,0,0,0,0,0,0,0,0,0,0,1,5,5,2,1,1,0,0,0,2,2,NA,2,-7,-7,2,1,2,-7,-7,-7,2,6,1,1979,46,1,-7,2,2,1,1,1,4,-7,-7,1,-7,4,2,-7,4,9,2,2,2,2,2,2,1,1,1,1,-7,2,2,2,2,0,0,1,0,0,0,bas25_02992,315.46634125,1,24510,Glen-Fallstaff,8,27,15:01:25,8,27,15:30:04,1,1,1,2,4,4,1,3,0,1
0,2,1,2,2,2,3,3,5,-8,-8,2,3,2,1,2,1,2,-8,-8,-8,-8,2,2,3,3,3,2,2,2,2,2,4,1,3,4,2,1,2,2,2,1,2,2,2,2,4,3,-8,3,3,1,-7,2,3,3,3,3,3,1,4,1,1,2,2,3,2,2,-8,1,0,0,0,0,0,0,0,1,0,0,0,0,0,0,0,0,0,0,0,1,0,0,0,-8,-8,-8,-8,-8,-8,0,0,1,0,0,0,0,0,0,1,0,1,-8,-8,-8,-8,-8,-8,-8,2,-8,-8,-8,-8,-8,-8,-8,1,2,-7,-7,-7,-7,-7,-7,-7,1,1,4,3,500000,150000,3,3,3,5,3,3,3,2,-7,2,2,2,1,1,1,1,1,1,1,3,1,1,3,1,1,4,0,0,0,0,0,0,0,0,NA,1,0,0,0,0,0,0,0,0,0,1,5,5,1,1,1,0,0,0,1,2,NA,2,-7,-7,-8,-7,2,-7,-7,-7,2,7,1,1991,34,1,-7,2,1,1,1,3,1,2,-7,-7,-7,7,2,-7,6,11,2,2,2,2,2,2,4,2,1,1,-7,2,2,4,6,0,0,1,0,0,1,bas25_02995,1568.6416125,2,24005,-7,9,5,07:50:11,9,5,08:03:19,2,2,1,3,4,4,1,2,1,1
1,4,2,1,2,2,4,3,2,3,4,1,3,1,2,2,2,2,2,1,2,1,2,2,3,3,2,1,3,2,3,3,4,3,2,3,1,1,1,1,1,1,1,2,2,4,5,5,3,5,2,4,-7,3,3,3,3,3,2,1,1,1,1,2,1,2,2,1,1,0,0,0,0,0,0,1,1,0,1,0,0,0,0,0,0,1,1,1,1,1,1,0,0,-8,-8,-8,-8,-8,-8,0,1,1,0,1,1,0,0,0,1,1,0,0,0,0,0,0,0,1,3,-8,-8,-8,-8,-8,-8,-8,1,4,-7,-7,-7,-7,-7,-7,-7,1,1,4,3,100000,40000,4,3,3,5,3,3,3,2,-7,2,2,1,1,1,2,3,1,1,1,1,1,3,4,1,1,3,0,1,0,0,0,0,0,0,NA,0,0,0,0,0,0,0,0,1,1,0,1,5,1,1,0,1,0,0,2,2,NA,2,-7,-7,1,-7,2,-7,-7,-7,2,6,5,1998,27,2,-7,2,2,1,1,1,9,-7,-7,-7,-7,1,1,5,-7,5,2,2,2,2,2,2,5,4,1,1,-7,2,2,2,2,0,0,1,0,0,0,bas25_02997,426.45531178,1,24510,Greater Charles Village/Barclay,9,13,20:37:17,9,13,21:08:00,2,2,1,2,2,4,2,2,1,1
22,4,1,1,2,2,4,4,3,2,1,2,4,4,1,2,2,1,2,2,1,1,1,4,2,1,1,1,2,3,3,3,3,2,4,3,2,1,1,2,2,1,2,2,2,4,4,3,5,5,5,4,-7,3,3,3,3,3,3,1,4,1,1,1,1,2,1,1,1,0,0,0,0,0,0,0,0,0,0,0,1,0,0,0,0,0,0,0,0,0,0,0,1,-8,-8,-8,-8,-8,-8,-8,-8,-8,-8,-8,-8,-8,0,0,1,1,0,0,0,0,0,0,0,1,2,0,0,0,0,1,0,0,3,-7,-7,-7,-7,-7,-7,-7,-7,5,-7,-7,-7,200000,40000,4,3,3,5,3,3,3,2,-7,2,2,1,1,1,1,1,1,1,1,1,1,3,3,1,1,2,0,0,0,0,0,0,0,0,NA,1,0,0,0,0,0,0,0,1,0,0,5,5,2,1,1,0,0,0,1,2,NA,2,-7,-7,1,-7,2,-7,-7,-7,2,6,5,1960,65,1,-7,1,2,1,1,1,9,-7,-7,-7,-7,1,2,-7,4,9,2,2,2,2,2,2,4,2,1,1,-7,2,2,2,2,0,0,1,0,0,0,bas25_02999,136.26797676,1,24510,Hampden/Remington,9,26,12:25:59,9,26,12:46:55,1,1,1,2,4,4,1,5,0,1
32,6,1,2,3,2,3,3,3,3,4,1,3,1,1,1,1,1,1,2,1,1,1,3,1,1,1,1,1,2,3,3,4,2,2,3,2,2,2,1,2,2,2,1,2,2,1,1,3,3,3,-7,4,3,3,3,3,3,3,1,1,1,1,1,1,2,1,1,1,0,0,0,0,0,0,0,0,0,0,0,1,0,0,0,0,0,0,0,0,0,0,0,1,-8,-8,-8,-8,-8,-8,0,0,0,1,1,0,0,0,0,1,1,0,0,0,0,0,1,0,0,2,-8,-8,-8,-8,-8,-8,-8,1,1,-7,-7,-7,-7,-7,-7,-7,1,1,2,2,750000,35000,3,3,3,4,3,3,3,2,-7,2,2,2,1,1,1,1,1,1,2,1,2,3,3,1,1,1,0,0,0,0,0,0,0,0,NA,1,0,0,0,0,1,0,0,0,0,0,5,5,2,1,1,0,0,0,1,2,NA,2,-7,-7,2,1,2,-7,-7,-7,2,6,3,1960,65,1,-7,2,2,1,1,1,1,5,-7,-7,-7,2,1,5,-7,5,2,2,2,2,2,2,4,2,1,1,-7,2,2,2,2,0,0,1,0,0,0,bas25_03016,621.99289818,2,24005,-7,10,15,05:53:19,10,15,06:22:24,2,1,2,2,2,4,1,5,0,1
0,3,1,-8,2,-8,3,3,3,-8,-8,1,-8,2,1,1,1,1,-8,-8,1,-8,2,5,3,3,1,1,1,2,3,2,3,4,-8,-8,1,1,1,1,1,1,1,1,2,2,2,2,3,3,2,-7,3,3,3,1,1,2,3,2,4,1,1,3,1,1,1,1,6,0,0,0,1,1,0,0,1,0,1,0,0,0,0,0,0,0,0,0,1,0,0,0,0,-8,-8,-8,-8,-8,-8,-8,-8,-8,-8,-8,-8,-8,1,0,1,0,0,0,1,1,1,1,0,0,2,-8,-8,-8,-8,-8,-8,-8,3,-7,-7,-7,-7,-7,-7,-7,-7,1,1,2,3,200000,20000,3,4,4,4,3,3,3,2,-7,2,2,3,1,2,2,3,2,2,1,1,1,2,2,2,2,1,0,0,0,1,0,0,0,0,NA,0,0,0,0,0,0,0,0,0,1,0,5,5,2,1,1,0,0,0,1,2,NA,2,-7,-7,2,2,2,-7,-7,-7,2,7,5,1997,28,1,-7,2,2,3,3,3,6,-7,-7,-7,-7,3,2,-7,1,6,2,2,2,2,2,2,4,3,2,5,2,3,4,3,4,0,0,0,0,1,0,bas25_03034,1127.2180049,2,24005,-7,9,9,16:12:52,9,9,16:40:33,1,2,2,3,3,4,1,2,5,2
48,6,1,2,3,1,3,3,4,2,3,1,3,1,1,1,1,1,1,1,1,1,1,3,3,3,1,3,3,1,2,2,3,2,2,2,1,1,1,1,2,1,2,2,1,3,2,2,2,2,2,-7,4,3,3,3,3,3,3,1,1,1,1,1,1,2,1,1,6,1,1,0,0,1,0,0,0,0,0,0,0,1,1,0,0,1,0,0,0,0,0,0,0,0,0,0,1,0,0,0,0,0,0,1,0,0,0,0,1,1,0,0,0,0,0,0,0,1,2,0,0,1,0,0,0,0,2,-7,0,0,0,0,0,0,1,5,-7,-7,-7,100000,25000,2,3,3,4,3,3,3,2,-7,2,2,1,1,1,1,1,1,1,1,1,1,2,2,1,1,1,0,0,0,0,0,0,0,0,NA,1,0,1,0,0,0,0,0,0,0,0,1,5,2,4,1,0,0,0,1,2,NA,1,2,3,2,2,2,-7,-7,-7,2,7,1,1947,78,4,Decline to answer,5,-8,-8,-8,-8,-8,-6,-7,-7,-7,-8,-8,-7,-7,-6,-8,-8,-8,-8,-8,-8,-8,-8,1,1,-7,-6,-6,-6,-6,0,0,0,0,0,-8,bas25_03036,389.45050618,2,24005,-7,9,11,10:36:45,9,11,11:17:22,1,1,2,-6,-6,4,-8,5,0,1
1,2,1,1,2,2,4,3,2,2,2,1,3,2,1,1,1,1,1,1,1,1,1,4,1,2,1,1,1,2,2,1,4,3,-8,-8,1,1,1,1,1,2,1,1,2,4,3,3,4,4,4,-7,4,3,3,3,3,3,3,1,1,1,2,2,3,2,1,1,1,0,0,0,0,0,0,0,0,1,1,0,0,0,1,0,0,1,0,0,1,1,1,0,0,0,0,0,1,0,0,-8,-8,-8,-8,-8,-8,-8,0,0,1,0,1,0,0,0,0,0,1,0,1,-8,-8,-8,-8,-8,-8,-8,3,-7,-7,-7,-7,-7,-7,-7,-7,9,-7,-7,-7,300000,45000,3,4,4,4,3,3,3,2,-7,2,2,1,1,1,2,1,1,1,1,1,1,1,1,1,1,1,0,0,0,0,0,0,0,0,NA,1,1,1,0,0,0,0,0,0,0,0,5,5,1,1,1,0,0,0,2,2,NA,2,-7,-7,1,-7,2,-7,-7,-7,2,7,5,1945,80,1,-7,-8,2,1,1,1,2,-7,-7,-7,-7,9,-8,-7,-7,-6,2,2,2,2,2,2,3,2,1,1,-7,2,2,2,2,0,0,1,0,0,0,bas25_03047,177.46950701,2,24005,-7,10,1,15:38:04,10,1,16:11:44,2,2,2,2,-6,4,1,5,0,1
3,2,2,2,2,2,3,3,2,3,4,2,4,2,2,1,2,1,1,2,1,2,1,2,1,2,3,5,2,3,3,3,3,3,4,4,1,1,1,1,1,1,1,1,2,4,2,4,4,4,4,1,-7,2,2,2,2,2,2,1,1,1,1,2,1,3,1,1,1,1,0,0,0,1,0,1,0,0,0,0,0,1,1,0,1,1,0,1,0,0,0,0,0,0,1,0,0,0,0,1,1,1,0,1,0,1,0,0,1,1,0,1,1,1,1,1,0,0,4,1,0,0,0,0,0,0,1,1,-7,-7,-7,-7,-7,-7,-7,1,5,3,3,150000,25000,4,5,4,5,1,2,2,2,-7,1,1,3,5,5,5,5,5,5,3,1,3,3,4,1,1,1,0,0,0,0,0,0,0,0,NA,1,1,0,0,0,0,0,0,0,0,0,5,5,1,1,1,0,0,0,2,2,NA,2,-7,-7,2,2,1,2,1,1,2,3,5,1984,41,1,-7,2,1,3,3,3,2,-7,-7,-7,-7,8,1,3,-7,3,2,1,2,2,2,2,3,2,3,5,2,2,2,4,6,0,0,1,0,0,1,bas25_03058,775.5663458,2,24005,-7,8,27,18:00:57,8,27,18:34:09,2,2,1,3,2,2,1,3,6,3
3,4,1,1,2,1,4,3,2,2,3,1,3,1,1,1,1,1,1,1,1,1,2,3,1,1,1,2,2,2,2,3,4,3,3,3,2,1,2,1,2,2,1,2,1,2,1,2,2,2,1,-7,4,3,3,3,3,3,3,1,2,1,1,3,1,1,2,2,1,0,0,0,0,0,0,1,1,0,1,0,0,1,1,1,1,1,1,1,1,1,1,1,0,-8,-8,-8,-8,-8,-8,0,0,0,0,1,1,0,1,0,1,0,0,0,0,1,1,1,0,0,1,0,0,0,0,1,0,0,2,-7,0,0,1,0,0,0,0,1,2,3,3,250000,75000,3,2,3,5,3,3,3,2,-7,2,2,1,1,1,1,1,1,1,1,1,1,1,3,1,1,1,0,0,0,0,0,0,0,0,NA,1,1,0,0,1,0,0,0,1,1,0,5,5,2,1,1,0,0,0,1,2,NA,2,-7,-7,2,1,2,-7,-7,-7,2,7,1,1992,33,2,-7,2,2,1,1,1,1,6,-7,-7,-7,1,2,-7,5,10,2,2,2,2,2,2,4,2,1,1,-7,2,2,2,2,0,0,1,0,0,0,bas25_03062,1891.7579723,2,24005,-7,8,27,14:26:30,8,27,14:58:11,1,1,2,2,4,4,2,2,0,1
15,4,2,2,3,2,3,3,3,2,3,1,3,1,2,2,2,1,1,2,1,1,2,3,1,2,1,1,1,2,3,3,4,2,3,3,2,2,2,2,2,2,2,2,2,3,2,2,2,2,2,4,-7,3,3,3,3,3,3,1,1,1,1,3,3,2,1,1,3,0,0,0,0,0,0,0,1,0,0,0,0,0,0,0,0,0,0,0,1,0,0,0,0,-8,-8,-8,-8,-8,-8,-8,-8,-8,-8,-8,-8,-8,0,0,1,1,0,0,0,0,0,0,0,1,1,1,0,1,0,0,0,0,3,-7,-7,-7,-7,-7,-7,-7,-7,1,2,3,2,500000,60000,2,2,3,4,3,3,3,2,-7,2,2,2,1,1,2,1,1,1,1,1,2,1,2,1,1,3,0,0,0,0,0,0,0,0,NA,1,0,1,0,0,0,0,0,1,1,0,5,5,1,1,1,0,0,0,1,2,NA,1,2,1,5,1,2,-7,-7,-7,2,6,1,1981,44,1,-7,2,1,1,1,1,8,-7,-7,-7,-7,1,2,-7,6,11,2,2,2,2,2,2,4,2,1,1,-7,1,1,4,6,0,1,0,0,0,1,bas25_03081,1846.0278479,2,24005,-7,9,18,11:31:48,9,18,11:50:39,1,2,1,3,4,4,1,3,0,1
20,5,2,2,2,2,4,2,4,3,3,2,4,2,1,2,1,1,1,2,1,1,2,3,3,4,2,2,2,2,2,2,4,3,4,-8,1,1,1,1,1,1,1,1,2,4,3,2,2,2,2,-7,3,3,3,3,3,3,3,1,4,1,3,1,1,3,1,1,1,1,0,0,0,1,0,0,1,0,0,0,0,1,1,0,0,1,0,0,1,0,0,0,0,-8,-8,-8,-8,-8,-8,0,0,0,0,0,1,0,0,0,1,1,0,1,0,0,1,0,0,0,2,0,0,1,0,0,0,0,1,4,-7,-7,-7,-7,-7,-7,-7,5,-7,-7,-7,150000,50000,3,5,3,5,3,3,3,2,-7,2,2,2,1,1,1,2,1,1,1,1,1,3,3,1,1,1,0,0,0,0,0,0,0,0,NA,1,1,1,0,0,1,0,0,0,0,0,5,5,2,1,1,0,0,0,1,2,NA,2,-7,-7,2,1,2,-7,-7,-7,2,7,3,1956,69,1,-7,2,2,1,1,1,4,-7,-7,2,-7,7,2,-7,1,6,2,2,2,2,2,2,3,2,1,1,-7,2,2,2,2,0,0,1,0,0,0,bas25_03082,369.99935673,2,24005,-7,10,12,12:45:01,10,12,13:18:26,2,1,2,2,3,4,1,5,0,1
18,5,1,1,2,2,4,3,2,3,2,1,3,2,1,2,2,1,1,2,1,2,1,2,2,2,1,1,1,2,2,2,4,2,2,-8,1,1,1,1,1,1,2,2,1,2,2,2,3,3,3,-7,3,3,3,3,3,3,3,1,1,1,2,2,3,1,1,1,1,0,0,0,0,1,0,0,0,0,1,0,0,0,0,0,0,1,0,0,0,0,1,0,0,-8,-8,-8,-8,-8,-8,-8,-8,-8,-8,-8,-8,-8,1,0,0,1,0,0,0,0,0,0,0,1,1,-8,-8,-8,-8,-8,-8,-8,2,-7,0,0,0,0,0,0,1,1,3,4,3,250000,30000,4,4,4,4,3,3,3,2,-7,2,2,2,2,2,2,3,3,2,2,1,1,1,2,1,1,2,0,0,0,0,0,0,0,0,NA,1,0,1,0,0,0,0,0,0,0,0,5,5,1,1,1,1,0,0,1,2,NA,2,-7,-7,2,1,2,-7,-7,-7,2,7,5,1974,51,1,-7,2,2,1,1,1,8,-7,-7,-7,-7,1,2,-7,3,8,2,2,2,2,2,2,5,2,1,1,-7,2,2,2,2,0,0,1,0,0,0,bas25_03083,289.65690015,1,24510,Hampden/Remington,8,28,07:27:21,9,5,17:52:35,2,1,2,2,4,4,1,4,0,1
0,2,2,2,2,2,3,3,3,4,3,2,3,3,3,3,3,3,3,3,3,3,3,3,3,3,3,3,3,2,3,3,3,3,2,3,1,1,1,1,1,1,1,1,2,3,3,3,3,3,3,3,-7,2,2,3,3,3,3,1,3,2,3,2,3,3,3,3,1,1,0,0,0,0,0,0,0,0,0,0,0,1,0,0,0,0,0,0,0,0,0,0,0,0,1,0,0,0,0,0,0,0,0,0,1,0,0,0,1,0,1,1,0,0,0,0,0,0,3,-8,-8,-8,-8,-8,-8,-8,2,-7,1,0,0,0,0,0,0,1,3,3,2,20000,°,3,3,3,3,2,2,3,2,-7,2,2,2,2,3,3,3,3,3,2,3,3,4,4,2,2,1,0,0,0,0,0,0,0,0,NA,1,0,0,0,0,0,0,0,0,0,1,3,3,1,3,0,1,0,0,1,2,NA,2,-7,-7,2,2,1,0,0,1,2,3,5,1986,39,2,-7,2,2,1,1,1,2,-7,-7,-7,-7,1,1,2,-7,2,2,2,2,2,2,2,3,2,2,5,1,1,1,1,1,0,1,0,0,0,0,bas25_03108,1738.0917381,1,24510,Edmondson Village,8,30,07:05:54,8,30,08:06:38,1,1,1,1,1,2,2,3,2,2
11,3,1,1,2,1,4,4,1,5,3,2,3,3,3,3,3,1,2,1,1,1,1,1,4,5,1,1,1,2,2,2,3,3,2,-8,2,1,2,1,1,1,1,2,2,5,5,3,5,5,5,4,-7,3,3,3,3,3,3,1,4,1,1,1,1,2,1,1,5,1,0,0,0,0,0,0,0,0,0,0,0,1,0,0,1,0,0,0,0,0,0,0,0,-8,-8,-8,-8,-8,-8,-8,-8,-8,-8,-8,-8,-8,0,0,1,1,0,0,0,0,0,0,0,1,2,0,0,0,0,1,0,0,1,2,-7,-7,-7,-7,-7,-7,-7,1,2,1,4,400000,46000,3,4,4,4,2,3,3,2,-7,2,2,1,1,1,1,1,1,1,1,1,2,2,1,1,1,1,0,0,0,1,0,0,0,0,NA,0,0,1,0,0,0,0,0,0,0,0,5,5,2,1,0,1,0,0,1,2,NA,2,-7,-7,4,1,1,0,2,0,2,5,1,1957,68,1,-7,2,2,1,1,1,8,-7,-7,-7,-7,4,2,-7,4,9,1,1,2,2,2,2,3,2,1,1,-7,2,2,2,2,0,0,1,0,0,0,bas25_03134,651.59907677,1,24510,Belair-Edison,9,4,18:40:01,9,4,19:25:03,1,1,1,2,4,3,1,5,0,1
40,4,1,1,2,2,4,4,2,2,2,2,3,2,1,2,2,1,2,2,2,1,2,3,3,2,3,4,4,2,2,2,4,2,4,3,1,1,1,1,2,2,1,2,1,3,4,3,3,3,3,3,-7,3,3,3,3,3,3,1,1,1,5,1,1,4,2,1,3,0,1,0,1,1,0,1,0,0,0,0,0,1,1,0,1,1,0,1,0,1,0,0,0,0,0,0,0,1,0,0,1,1,0,1,0,0,0,1,0,1,0,1,0,0,1,0,0,0,5,0,0,1,0,1,1,0,3,-7,-7,-7,-7,-7,-7,-7,-7,1,5,4,4,500000,75000,2,2,4,4,3,3,3,2,-7,2,2,2,1,1,1,1,1,1,1,1,1,3,3,1,1,3,0,1,1,1,0,1,0,0,NA,0,0,0,0,0,0,0,0,0,0,1,5,5,2,1,1,0,0,0,1,2,NA,2,-7,-7,2,2,2,-7,-7,-7,2,6,1,1958,67,1,-7,2,2,3,1,1,9,-7,-7,-7,-7,1,2,-7,4,9,2,2,2,2,2,2,4,2,1,1,-7,2,2,2,2,0,0,1,0,0,0,bas25_03136,231.19756037,1,24510,North Baltimore/Guilford/Homeland,8,27,15:28:51,8,27,15:48:26,2,1,1,2,4,4,1,5,0,1
35,4,3,3,3,4,2,1,4,4,2,3,3,3,3,3,3,2,3,5,3,5,3,3,3,3,3,2,2,3,3,3,4,3,1,3,1,1,1,1,1,1,1,2,1,5,5,4,5,5,5,3,-7,3,3,3,3,3,3,2,5,1,4,1,1,2,1,1,1,1,1,0,1,0,0,0,0,0,0,0,0,1,1,0,1,1,1,0,0,1,0,0,0,0,0,0,0,0,1,1,1,1,1,1,1,0,0,0,1,1,0,1,1,0,1,1,1,0,5,1,0,0,0,0,1,0,2,-7,0,0,1,1,0,0,1,5,-7,-7,-7,250000,15000,4,5,4,5,2,2,2,1,2,1,1,2,5,5,5,5,5,1,1,2,3,3,3,1,1,4,0,1,0,1,0,0,0,0,NA,0,1,1,0,0,0,1,0,0,1,0,4,4,2,4,0,1,0,0,1,2,NA,2,-7,-7,1,-7,2,-7,-7,-7,1,6,5,1962,63,2,-7,3,2,3,3,3,9,-7,-7,-7,-7,2,1,3,-7,3,1,1,2,2,2,2,4,3,1,1,-7,1,1,1,1,0,1,0,0,0,0,bas25_03141,487.27755512,1,24510,Forest Park/Walbrook,8,27,17:08:47,8,27,17:47:32,1,1,1,1,2,4,2,4,0,1
45,4,1,-8,-8,-8,2,2,2,2,1,1,3,3,2,1,2,2,1,2,1,1,1,1,3,1,1,3,3,2,3,3,3,4,3,3,1,1,1,1,1,1,2,2,1,5,5,5,5,5,5,-7,5,3,3,2,2,2,3,1,2,2,1,2,2,2,1,1,1,1,0,0,0,0,0,0,0,0,0,0,0,1,0,0,0,0,0,0,1,1,1,0,0,-8,-8,-8,-8,-8,-8,0,0,0,1,0,0,1,1,0,0,0,1,0,0,0,0,0,0,1,2,-8,-8,-8,-8,-8,-8,-8,2,-7,0,0,0,0,0,0,1,5,-7,-7,-7,Don't know,Don't know,3,5,3,5,3,3,3,2,-7,2,2,1,1,1,2,2,1,1,1,2,1,4,1,1,1,1,0,0,0,0,0,0,0,0,NA,1,1,0,0,0,0,1,0,0,0,0,5,5,1,1,1,0,0,0,1,4,NA,2,-7,-7,1,-7,2,-7,-7,-7,2,6,5,1956,69,1,-7,2,2,1,1,1,-8,-6,-7,-7,-7,3,2,-7,1,6,2,2,2,2,2,2,-8,2,1,1,-7,1,1,1,1,0,1,0,0,0,0,bas25_03155,306.91463922,1,24510,Forest Park/Walbrook,10,3,03:32:19,10,3,04:44:27,2,2,2,1,3,4,1,5,3,2
3,2,1,2,2,2,4,4,2,2,3,2,2,2,1,1,2,1,1,2,3,3,2,1,2,2,1,1,1,2,4,4,4,2,1,2,1,1,1,1,2,1,1,1,2,5,5,3,5,5,5,-7,4,3,3,3,3,2,3,1,2,2,2,2,2,1,1,1,1,1,1,0,1,1,0,0,0,0,0,0,0,1,1,0,1,1,0,1,0,1,1,0,0,0,1,0,0,0,1,0,0,1,1,1,0,0,0,0,1,0,1,1,1,0,1,1,1,0,5,0,0,0,0,1,1,0,1,4,-7,-7,-7,-7,-7,-7,-7,1,3,2,4,50000 plus,900,3,5,4,5,2,2,3,2,-7,2,2,4,5,5,5,5,5,4,5,3,3,4,3,1,1,1,0,1,0,0,0,0,0,0,NA,0,1,1,0,0,0,1,0,0,0,0,4,5,1,3,0,1,0,0,2,2,NA,2,-7,-7,1,-7,2,-7,-7,-7,2,3,5,1964,61,1,-7,2,2,1,1,1,2,-7,-7,-7,-7,6,1,2,-7,2,2,1,2,2,2,2,3,2,1,1,-7,1,1,1,1,0,1,0,0,0,0,bas25_03157,660.0546011,1,24510,Fells Point,8,31,14:14:06,9,6,16:29:48,2,1,2,1,1,2,1,4,1,1
18,4,2,2,3,2,3,3,3,5,3,3,4,3,2,4,3,1,2,1,1,1,1,3,2,5,2,2,2,2,2,2,4,3,3,3,1,1,1,1,2,2,2,2,2,3,4,4,4,4,4,-7,3,3,3,3,2,2,2,1,2,1,2,1,1,2,2,2,4,0,1,0,1,1,0,1,0,0,0,0,0,0,0,0,1,1,0,1,0,1,0,0,0,0,1,1,1,0,1,0,0,0,0,1,1,0,0,0,1,1,0,0,0,1,1,1,0,0,2,1,0,0,0,0,1,0,3,-7,-7,-7,-7,-7,-7,-7,-7,1,3,3,2,500000,40000,3,4,3,4,3,3,3,2,-7,2,2,2,1,2,1,2,2,2,1,3,1,2,3,1,2,2,0,1,0,0,0,0,1,0,NA,0,0,0,0,0,0,0,0,0,0,1,5,5,2,1,1,0,0,0,1,2,NA,2,-7,-7,2,1,1,0,1,2,1,7,1,1976,49,2,-7,2,2,1,1,1,9,-7,-7,-7,-7,1,2,-7,5,10,2,2,2,2,2,2,5,2,1,1,-7,2,2,2,2,0,0,1,0,0,0,bas25_03175,410.9561243,1,24510,North Baltimore/Guilford/Homeland,9,1,15:17:33,9,1,15:37:13,2,1,2,2,4,4,2,3,3,2
6,4,1,2,2,2,4,4,2,4,3,2,2,2,1,1,2,1,2,2,2,3,4,4,2,3,2,2,2,2,3,3,4,3,3,3,1,1,1,1,2,1,1,1,2,3,4,3,3,3,4,3,-7,3,3,3,3,3,3,1,4,1,3,3,1,3,2,1,1,0,0,0,0,1,0,1,0,0,0,0,0,0,0,0,0,0,0,0,1,1,0,0,0,-8,-8,-8,-8,-8,-8,-8,-8,-8,-8,-8,-8,-8,0,0,1,1,0,0,0,0,0,0,1,0,2,-8,-8,-8,-8,-8,-8,-8,1,2,-7,-7,-7,-7,-7,-7,-7,5,-7,-7,-7,200000,50000,3,2,4,5,3,3,3,2,-7,2,2,3,1,1,2,4,1,1,1,1,1,2,2,2,1,2,0,0,0,0,0,0,0,0,NA,1,0,0,0,0,0,0,0,0,0,1,5,5,2,1,0,0,1,0,1,2,NA,2,-7,-7,3,1,2,-7,-7,-7,2,7,1,1962,63,2,-7,2,1,1,3,3,9,-7,-7,-7,-7,1,2,-7,2,7,2,2,2,2,2,2,4,2,1,1,-7,2,2,4,6,0,0,1,0,0,1,bas25_03181,474.6170354,1,24510,Greater Charles Village/Barclay,8,27,16:15:05,8,27,16:35:10,2,1,1,3,3,4,2,4,0,1
5,3,1,2,2,2,3,3,2,4,3,2,3,4,2,2,3,2,3,3,3,3,3,3,3,3,3,3,3,3,3,3,3,3,3,3,1,1,1,1,1,1,1,1,2,3,3,3,3,3,-8,4,-7,2,2,2,2,2,2,2,3,1,3,2,2,3,3,3,1,0,0,0,0,0,0,0,0,0,0,0,1,0,0,0,0,0,0,0,0,0,0,0,1,-8,-8,-8,-8,-8,-8,-8,-8,-8,-8,-8,-8,-8,-8,-8,-8,-8,-8,-8,-8,-8,-8,-8,-8,-8,-8,-8,-8,-8,-8,-8,-8,-8,1,2,-7,-7,-7,-7,-7,-7,-7,1,1,3,2,500000,60000,3,3,4,3,2,2,2,2,-7,2,2,3,3,3,3,3,3,1,1,1,1,2,2,1,1,3,0,0,0,0,0,0,0,0,NA,1,0,0,0,0,0,0,0,0,0,1,5,5,2,1,1,0,0,0,1,2,NA,2,-7,-7,2,2,2,-7,-7,-7,2,6,5,1998,27,1,-7,2,2,1,1,1,9,-7,-7,-7,-7,1,1,5,-7,5,2,2,2,2,2,2,3,3,1,1,-7,2,2,2,2,0,0,1,0,0,0,bas25_03182,514.36088462,1,24510,South Baltimore,9,5,11:55:01,9,5,12:03:02,2,1,1,2,2,4,1,2,6,3
7,2,4,3,3,2,2,2,4,4,3,5,3,4,3,3,4,3,4,4,3,4,5,5,1,4,5,4,4,2,3,3,2,3,2,4,2,1,1,1,1,1,1,1,1,5,5,4,5,5,4,3,-7,2,1,1,1,2,2,1,5,2,3,2,2,4,5,3,1,-8,-8,-8,-8,-8,-8,-8,-8,-8,-8,-8,-8,0,0,0,0,0,1,0,0,0,0,0,0,0,0,0,0,1,0,0,0,1,0,0,0,0,0,0,0,0,1,-8,-8,-8,-8,-8,-8,-8,4,0,0,0,0,0,1,0,1,4,-7,-7,-7,-7,-7,-7,-7,8,-7,-7,-7,3000,1100,3,5,3,4,2,2,2,1,2,1,1,2,4,4,5,4,4,3,3,3,3,4,4,1,1,3,0,0,1,0,0,0,0,0,NA,0,1,0,0,0,0,0,0,0,0,0,4,5,1,3,0,0,1,0,1,4,NA,2,-7,-7,1,-7,2,-7,-7,-7,1,3,5,1974,51,1,-7,2,2,1,1,1,6,-7,-7,-7,-7,5,1,1,-7,1,2,2,2,2,2,1,4,1,2,3,-7,1,1,1,1,0,1,0,0,0,0,bas25_03193,628.66670332,1,24510,Belair-Edison,8,27,20:36:57,8,27,21:24:47,2,2,1,1,1,2,1,4,9,3
0,3,1,3,3,3,3,2,2,3,3,2,3,2,1,1,3,1,1,1,1,1,1,1,1,1,1,1,1,4,4,4,4,5,5,3,2,2,2,1,2,1,2,2,2,2,4,3,4,2,2,-7,4,2,1,2,1,1,1,2,4,2,1,2,2,2,1,1,1,0,0,0,0,0,0,0,0,0,0,0,1,0,0,0,0,0,0,0,0,0,0,0,1,0,0,0,0,1,0,0,1,0,0,0,0,0,-8,-8,-8,-8,-8,1,0,0,0,0,0,0,2,0,0,1,0,0,0,0,1,4,-7,-7,-7,-7,-7,-7,-7,1,1,2,4,72000,48000,3,3,3,3,1,1,1,1,1,1,1,4,4,3,4,3,4,3,3,3,4,3,5,1,1,4,0,1,0,0,1,1,0,0,NA,0,0,0,0,0,0,0,0,1,0,0,5,5,1,4,0,0,0,1,1,2,NA,2,-7,-7,2,1,2,-7,-7,-7,2,6,5,2004,21,1,-7,3,1,1,1,3,8,-7,-7,-7,-7,1,1,2,-7,2,2,2,2,2,2,2,3,3,2,1,-7,1,1,4,6,0,1,0,0,0,1,bas25_03195,561.73413085,1,24510,Dorchester/Ashburton,9,25,00:03:07,9,25,00:18:16,2,1,2,3,1,4,1,1,10,3
42,3,2,2,3,3,3,2,3,2,3,4,4,3,2,3,3,1,2,1,1,1,2,2,2,2,1,4,2,2,3,3,4,3,2,2,1,1,1,1,1,1,1,2,1,5,3,3,3,3,3,3,-7,3,2,3,2,2,3,1,3,1,2,2,2,3,4,2,1,0,1,0,0,1,0,0,0,0,0,0,0,0,0,0,0,0,0,0,1,0,0,0,0,0,1,0,0,0,0,0,0,0,0,1,0,0,0,0,1,1,0,1,0,0,0,1,0,0,2,0,0,0,0,0,1,0,3,-7,-7,-7,-7,-7,-7,-7,-7,1,3,3,3,100000,30000,3,4,3,5,3,3,3,2,-7,2,2,2,2,1,2,4,1,1,1,1,1,4,3,1,2,4,0,1,0,1,0,0,0,0,NA,0,1,0,1,0,0,1,0,1,0,0,5,5,2,4,1,0,0,0,2,2,NA,2,-7,-7,1,-7,2,-7,-7,-7,2,7,3,1955,70,2,-7,2,2,1,1,1,4,-7,-7,1,-7,4,2,-7,3,8,2,2,2,2,2,2,4,2,1,1,-7,2,2,2,2,0,0,1,0,0,0,bas25_03207,293.08763065,2,24005,-7,9,18,20:48:09,9,18,21:05:40,1,1,1,2,4,4,2,5,3,2
19,4,2,1,2,1,3,3,2,2,4,3,4,3,1,3,2,1,1,-8,1,2,1,3,3,2,1,6,-7,2,3,2,4,3,3,3,2,1,1,1,2,2,2,2,2,4,3,2,3,3,3,-7,3,3,3,3,3,3,3,1,4,1,3,3,3,3,3,1,2,1,0,0,0,0,0,0,1,0,0,0,0,1,0,0,0,1,0,0,0,1,0,0,0,0,0,0,0,0,1,0,0,0,0,0,1,0,0,0,1,1,0,1,0,0,0,0,0,0,1,0,0,0,0,1,0,0,3,-7,-7,-7,-7,-7,-7,-7,-7,7,-7,-7,-7,250000,75000,3,3,3,4,3,3,3,2,-7,2,2,1,1,1,1,1,1,1,1,1,1,3,2,1,1,4,0,0,0,0,0,0,0,0,NA,1,1,1,1,0,0,1,0,0,0,0,5,5,2,-8,1,0,0,0,2,2,NA,2,-7,-7,3,1,2,-7,-7,-7,1,6,1,1958,67,1,-7,2,2,1,1,1,1,6,-7,-7,-7,4,2,-7,6,11,2,2,2,1,2,2,3,3,1,1,-7,2,2,2,2,0,0,1,0,0,0,bas25_03208,1252.5074575,2,24005,-7,9,19,08:11:02,9,19,09:03:02,1,2,2,2,4,4,1,5,0,1
0,2,2,3,3,3,3,3,5,3,3,2,3,2,1,1,1,1,1,1,1,1,2,2,3,2,1,2,2,4,3,3,3,5,2,4,1,1,1,1,1,1,1,1,2,5,2,3,3,3,3,-7,4,3,3,2,1,1,1,1,1,1,1,2,2,3,1,1,1,0,0,0,0,0,0,0,0,0,0,0,1,0,0,0,0,0,0,0,0,0,0,0,1,-8,-8,-8,-8,-8,-8,0,0,0,0,0,0,1,0,0,0,1,0,0,1,0,0,0,0,0,1,0,0,0,0,0,1,0,3,-7,-7,-7,-7,-7,-7,-7,-7,4,-7,-7,-7,0,0,3,4,3,2,1,1,1,1,1,1,1,4,5,5,5,5,5,5,5,5,4,4,5,2,2,1,0,0,0,0,0,0,0,0,NA,1,0,0,0,0,0,0,0,1,1,0,2,5,1,1,1,0,0,0,2,2,NA,2,-7,-7,2,2,1,4,2,0,1,3,5,2001,24,1,-7,2,2,1,1,1,8,-7,-7,-7,-7,5,1,1,-7,1,1,1,2,2,2,2,2,2,1,4,1,1,1,1,1,0,1,0,0,0,0,bas25_03214,3083.8416659,2,24005,-7,8,30,17:00:26,8,30,17:16:35,2,2,2,1,1,2,1,1,7,3
3,3,2,1,2,2,4,3,1,3,3,2,2,2,3,2,2,1,3,3,3,3,2,2,2,2,1,1,1,2,4,4,4,4,2,3,1,1,1,1,1,1,1,2,2,3,4,3,4,4,4,-7,4,3,3,3,3,3,3,1,1,1,3,3,1,1,2,1,2,1,1,0,0,0,0,0,0,0,1,0,0,1,1,0,0,0,1,1,0,0,0,0,0,-8,-8,-8,-8,-8,-8,1,1,1,1,1,0,0,0,0,1,0,1,0,0,0,0,0,0,1,3,-8,-8,-8,-8,-8,-8,-8,1,3,-7,-7,-7,-7,-7,-7,-7,4,-7,-7,-7,150000,50000,3,2,4,5,2,2,1,1,1,1,2,2,5,5,5,3,5,4,3,2,3,4,3,1,1,2,1,0,0,1,0,0,0,0,NA,0,0,0,0,1,1,0,0,1,1,0,4,5,1,3,1,0,0,0,2,2,NA,2,-7,-7,1,-7,1,1,1,0,1,4,5,1996,29,1,-7,2,2,1,1,1,9,-7,-7,-7,-7,2,1,3,-7,3,1,1,1,2,2,2,3,2,1,1,-7,1,1,1,1,0,1,0,0,0,0,bas25_03215,644.94564724,1,24510,Cedonia/Frankford,9,19,09:50:07,9,19,10:06:24,2,2,2,1,2,3,1,2,0,1
5,4,4,2,3,3,3,3,4,4,4,5,5,4,4,3,5,1,2,3,1,2,1,3,5,3,1,1,2,3,4,4,4,5,2,3,1,2,1,2,1,2,1,2,2,5,4,4,5,5,5,-7,5,3,3,2,3,3,3,1,1,1,2,3,2,2,1,1,1,0,0,0,0,1,0,1,0,0,0,0,0,0,0,0,0,0,0,1,0,0,1,0,0,-8,-8,-8,-8,-8,-8,-8,-8,-8,-8,-8,-8,-8,0,0,1,1,0,1,1,0,0,0,0,0,3,-8,-8,-8,-8,-8,-8,-8,3,-7,-7,-7,-7,-7,-7,-7,-7,1,1,2,3,400000,60000,4,4,4,2,3,3,3,2,-7,2,2,4,2,2,1,4,1,2,2,1,1,1,2,2,2,1,0,0,0,0,0,0,0,0,NA,1,0,0,0,1,0,0,0,0,0,0,3,2,2,1,1,0,0,0,1,2,NA,1,1,-7,2,1,2,-7,-7,-7,1,6,5,1992,33,2,-7,2,2,1,1,1,9,-7,-7,-7,-7,1,2,-7,3,8,2,2,2,2,2,2,2,4,2,5,1,2,2,2,2,0,0,1,0,0,0,bas25_03226,916.65825404,1,24510,South Baltimore,9,24,20:53:46,9,24,21:19:20,1,2,2,2,4,4,2,2,1,1
10,2,1,2,2,2,4,3,2,2,3,2,2,1,1,1,2,1,1,2,1,1,1,2,2,2,1,2,2,2,4,2,4,2,3,3,1,1,1,1,1,1,1,1,2,4,4,4,4,4,4,-7,4,3,3,3,3,3,3,1,1,1,1,2,2,3,1,1,1,1,1,0,0,0,0,0,0,0,0,0,0,1,1,0,0,0,0,0,0,0,0,0,0,0,0,0,0,0,1,0,0,0,0,1,0,0,0,0,1,1,0,0,1,1,0,0,1,0,1,-8,-8,-8,-8,-8,-8,-8,3,-7,-7,-7,-7,-7,-7,-7,-7,5,-7,-7,-7,150000,30000,4,4,3,5,2,3,3,2,-7,2,2,2,2,3,2,2,2,2,1,1,2,3,3,1,1,2,-8,-8,-8,-8,-8,-8,-8,-8,NA,-8,1,0,0,0,0,0,0,0,0,0,3,3,2,1,1,0,0,0,2,2,NA,2,-7,-7,2,2,2,-7,-7,-7,1,4,3,1962,63,1,-7,1,2,1,1,1,9,-7,-7,-7,-7,1,1,5,-7,5,1,1,2,2,2,2,3,2,1,1,-7,1,1,1,1,0,1,0,0,0,0,bas25_03244,562.03142031,1,24510,Allendale/Irvington/S. Hilton,9,4,13:15:35,9,4,13:40:17,2,2,2,1,2,3,1,4,0,1
4,4,1,1,1,1,3,3,1,5,5,4,2,3,3,3,3,2,2,1,1,1,2,2,2,5,2,3,3,2,3,3,3,4,3,4,1,1,1,1,1,1,1,1,2,4,5,4,5,5,5,4,-7,3,3,3,3,3,3,1,1,1,2,3,1,1,1,1,2,1,0,0,1,1,0,1,0,0,0,0,0,1,0,1,1,1,0,1,0,1,0,0,0,1,1,0,0,0,0,0,1,1,0,0,1,1,0,0,1,1,0,0,1,0,1,0,0,0,5,1,0,1,0,0,0,0,1,4,-7,-7,-7,-7,-7,-7,-7,1,1,4,2,150000,50000,4,4,4,4,2,3,2,1,2,1,1,4,3,2,3,4,1,3,1,1,1,2,2,1,1,1,0,1,0,0,1,0,0,0,NA,0,0,0,0,1,1,0,0,0,0,0,5,5,2,1,1,0,0,0,1,2,NA,1,1,-7,1,-7,2,-7,-7,-7,2,6,5,1993,32,2,-7,2,2,1,1,1,4,-7,-7,3,-7,2,2,-7,2,7,2,2,2,2,2,2,3,3,1,1,-7,2,2,2,2,0,0,1,0,0,0,bas25_03258,313.15782838,1,24510,Beechfield/Ten Hills/West Hills,9,14,13:55:30,9,14,14:14:43,2,1,1,2,3,4,2,2,0,1
2,5,4,3,3,3,2,2,5,1,2,2,3,3,2,2,3,1,1,2,2,2,4,4,1,1,1,1,2,2,2,2,3,2,3,3,1,1,1,1,2,1,2,1,2,3,2,2,3,3,3,4,-7,3,3,3,3,3,3,1,1,1,3,2,1,3,1,1,1,0,0,0,1,1,0,1,1,0,1,0,0,0,1,0,0,0,0,1,1,1,1,0,0,0,1,0,0,1,1,0,1,0,0,1,1,0,0,0,1,1,0,0,0,1,0,1,0,0,3,0,0,0,0,0,1,0,1,4,-7,-7,-7,-7,-7,-7,-7,9,-7,-7,-7,150000,25000,3,2,3,5,3,3,2,2,-7,2,2,3,1,2,2,4,2,1,1,1,1,3,4,2,1,4,0,1,0,1,0,1,0,0,NA,0,0,0,0,0,0,0,0,1,1,0,5,5,2,1,1,0,0,0,2,2,NA,2,-7,-7,1,-7,2,-7,-7,-7,1,6,5,1999,26,1,-7,2,1,1,3,1,4,-7,-7,3,-7,2,1,2,-7,2,2,1,2,2,2,2,4,2,1,1,-7,2,2,4,6,0,0,1,0,0,1,bas25_03271,1112.5526435,2,24005,-7,8,29,15:07:07,8,29,15:35:00,2,2,1,3,1,4,1,2,0,1
18,2,2,4,4,4,2,2,3,2,3,4,3,4,3,3,5,3,2,5,3,5,4,2,4,2,2,2,4,3,4,4,4,4,3,3,1,1,1,1,1,1,1,1,2,5,5,5,5,5,5,-7,3,3,3,3,3,3,3,1,1,1,5,3,3,3,4,3,1,1,0,0,1,0,0,0,1,0,0,0,0,1,1,0,1,1,0,1,1,1,1,0,0,0,0,0,0,0,1,0,1,1,0,0,0,0,1,0,0,1,0,0,0,0,0,1,0,0,1,1,0,0,0,0,0,0,3,-7,-7,-7,-7,-7,-7,-7,-7,2,3,2,2,75000,20000,3,3,3,3,2,2,2,2,-7,1,2,2,4,4,4,4,4,1,1,1,1,3,3,1,1,1,0,0,0,0,0,0,0,0,NA,1,0,0,0,0,0,1,1,1,1,0,5,5,2,1,1,0,0,0,1,2,NA,2,-7,-7,5,1,2,-7,-7,-7,1,5,3,1965,60,1,-7,2,2,1,1,1,8,-7,-7,-7,-7,9,1,2,-7,2,1,1,2,1,1,2,3,2,1,1,-7,1,1,1,1,0,1,0,0,0,0,bas25_03274,1006.2242119,1,24510,Brooklyn/Curtis Bay/Hawkins Point,9,6,15:28:02,9,6,16:13:40,1,2,2,1,1,3,1,4,0,1
19,3,1,1,1,1,4,4,1,1,1,1,1,1,1,1,1,1,1,1,1,1,1,3,3,1,1,6,-7,2,2,2,3,1,2,-8,1,1,1,1,1,1,2,1,2,3,2,5,3,3,3,2,-7,3,3,3,3,3,3,1,5,1,1,2,3,1,1,1,2,0,0,0,0,1,0,0,0,0,0,0,0,1,0,0,1,1,1,0,0,1,0,0,0,-8,-8,-8,-8,-8,-8,0,0,0,0,0,1,0,0,0,1,1,0,1,1,0,0,0,1,0,1,-8,-8,-8,-8,-8,-8,-8,3,-7,-7,-7,-7,-7,-7,-7,-7,5,-7,-7,-7,200000,10000,3,4,3,5,3,3,3,2,-7,2,2,1,1,1,1,1,1,1,1,1,1,2,2,1,1,1,0,0,0,0,0,0,0,0,NA,1,0,0,0,0,0,0,0,0,0,1,5,5,2,1,1,0,0,0,1,2,NA,2,-7,-7,2,2,2,-7,-7,-7,2,7,1,1956,69,2,-7,2,2,3,3,3,1,6,-7,-7,-7,8,2,-7,5,10,2,2,2,2,2,2,3,3,1,1,-7,3,4,3,4,0,0,0,0,1,0,bas25_03283,499.45370285,2,24005,-7,9,6,17:31:15,9,6,20:03:34,1,1,1,3,4,4,2,5,0,1
2,2,2,2,2,2,3,3,2,3,3,2,3,2,2,1,2,1,1,1,1,3,1,1,2,2,2,2,2,2,3,3,3,3,3,3,1,1,1,1,1,1,1,1,2,5,3,3,4,4,4,4,-7,3,3,3,2,3,3,2,2,2,1,2,3,2,1,1,1,1,0,0,0,0,0,1,0,0,0,0,0,0,0,0,0,0,0,0,0,0,0,0,1,-8,-8,-8,-8,-8,-8,0,0,0,0,0,1,0,1,0,1,0,0,0,1,0,0,1,1,0,2,-8,-8,-8,-8,-8,-8,-8,3,-7,-7,-7,-7,-7,-7,-7,-7,8,-7,-7,-7,NA,NA,3,3,3,3,3,3,3,2,-7,2,2,2,1,2,2,2,2,1,1,1,1,3,3,1,1,3,0,0,1,1,0,0,0,0,NA,0,0,0,1,1,1,0,0,1,1,0,3,1,1,1,1,0,0,0,1,2,NA,2,-7,-7,1,-7,2,-7,-7,-7,1,2,4,1959,66,1,-7,2,2,1,1,1,8,-7,-7,-7,-7,8,1,1,-7,1,1,1,2,1,1,2,-8,-8,1,5,1,1,1,1,1,0,1,0,0,0,0,bas25_03290,493.36119945,1,24510,Canton,8,28,21:59:43,8,28,22:32:30,1,1,1,1,1,1,1,5,1,1
2,5,2,2,3,2,4,3,3,5,3,2,4,3,2,1,2,2,-8,1,1,1,5,2,-8,-8,-8,2,2,2,3,3,4,3,4,4,2,1,2,1,2,2,2,2,1,3,4,3,-8,-8,-8,-7,4,3,3,3,3,3,3,1,1,1,2,3,1,3,2,1,1,0,0,0,0,0,0,0,1,0,0,0,0,0,0,0,0,0,0,0,1,0,0,0,0,-8,-8,-8,-8,-8,-8,-8,-8,-8,-8,-8,-8,-8,0,0,1,1,0,0,1,1,0,0,0,0,1,-8,-8,-8,-8,-8,-8,-8,1,2,-7,-7,-7,-7,-7,-7,-7,1,2,4,4,800000,50000,3,4,4,5,3,3,3,2,-7,2,2,2,1,1,1,1,1,1,1,2,1,3,3,1,1,1,0,0,0,0,0,0,0,0,NA,1,0,0,0,1,0,0,0,0,0,0,5,5,1,1,1,0,0,0,2,2,NA,2,-7,-7,2,1,2,-7,-7,-7,2,7,5,1992,33,1,-7,2,2,1,1,1,9,-7,-7,-7,-7,1,2,-7,3,8,2,2,2,2,2,2,5,4,1,1,-7,1,1,1,1,0,1,0,0,0,0,bas25_03297,642.60410847,1,24510,Midtown,9,4,21:10:45,9,4,21:40:12,1,2,2,1,4,4,1,2,0,1
1,3,2,2,3,4,3,2,3,4,3,3,3,3,4,4,3,4,3,4,4,4,4,1,3,3,3,3,3,3,4,3,2,3,3,3,2,2,1,1,1,1,2,1,2,3,3,3,3,4,4,-7,5,3,3,3,3,3,3,2,3,1,3,2,2,3,1,3,1,0,1,1,0,0,0,1,0,0,0,0,0,1,1,0,0,0,0,0,0,0,0,0,0,0,1,0,0,0,0,0,0,1,0,0,0,0,1,1,0,0,0,0,0,0,0,0,0,1,4,-8,-8,-8,-8,-8,-8,-8,3,-7,-7,-7,-7,-7,-7,-7,-7,1,3,3,3,NA,NA,4,4,3,4,2,2,2,1,2,1,1,3,3,1,3,3,3,3,3,3,4,4,5,2,1,3,0,0,0,0,0,0,0,0,NA,1,1,0,0,0,0,0,0,0,0,0,3,3,1,4,1,0,0,0,2,5,NA,2,-7,-7,1,-7,2,-7,-7,-7,2,3,5,1992,33,1,-7,2,2,1,1,1,9,-7,-7,-7,-7,5,1,1,-7,1,2,2,1,2,2,2,-8,4,1,5,1,1,1,1,1,0,1,0,0,0,0,bas25_03298,721.47002796,1,24510,Downtown/Seton Hill,9,2,18:39:15,9,2,18:59:40,2,1,2,1,1,2,1,2,0,1
27,6,1,2,2,-8,3,2,4,2,3,2,3,2,1,1,3,1,1,2,2,1,2,4,1,1,1,1,1,2,2,2,4,3,5,3,1,1,1,1,1,1,1,-8,1,3,1,1,2,2,1,-7,4,3,2,2,3,1,3,1,3,1,1,3,3,2,1,1,2,1,0,0,0,1,0,0,1,0,0,0,0,1,0,0,0,0,0,0,1,0,0,0,0,0,0,0,1,0,0,0,0,0,0,1,0,0,0,0,1,1,0,0,0,0,1,0,0,0,1,0,1,1,0,0,0,0,2,-7,0,0,0,0,0,0,1,1,1,5,4,500000,25000,3,4,3,4,3,3,3,2,-7,2,2,2,3,2,2,4,3,1,1,1,1,3,2,1,1,4,0,1,0,1,0,0,0,0,NA,0,0,0,0,0,0,1,0,0,0,0,5,5,2,1,1,0,0,0,1,2,NA,2,-7,-7,3,1,1,0,0,1,1,3,1,1957,68,1,-7,2,2,1,1,1,2,-7,-7,-7,-7,3,2,-7,-8,-6,2,2,2,2,2,2,3,2,1,1,-7,2,2,2,2,0,0,1,0,0,0,bas25_03299,1773.7421488,2,24005,-7,9,1,14:45:33,-9,-9,NA:NA:NA,1,1,2,2,-6,2,1,5,4,2
0,2,2,2,3,3,3,2,3,4,3,3,3,4,3,3,2,1,1,2,2,2,4,2,2,3,1,1,1,2,3,3,3,3,2,3,1,2,1,1,1,2,1,2,1,2,2,1,2,2,3,-7,3,3,3,3,3,3,3,1,1,1,2,2,1,3,2,2,1,0,0,0,0,0,0,0,0,0,0,0,1,0,0,0,0,0,0,0,0,0,0,0,1,0,0,1,0,0,0,0,0,0,1,1,1,0,0,0,1,1,0,0,0,0,0,0,0,1,1,-8,-8,-8,-8,-8,-8,-8,3,-7,-7,-7,-7,-7,-7,-7,-7,1,2,3,4,180000,50000,2,3,3,3,2,2,2,1,2,1,1,3,1,1,1,1,1,1,2,1,1,3,2,1,1,1,0,0,0,0,0,0,0,0,NA,1,0,0,0,0,0,0,0,0,0,1,3,2,1,1,1,0,0,0,2,4,NA,2,-7,-7,2,1,2,-7,-7,-7,2,4,1,1999,26,2,-7,2,2,1,1,1,1,7,Seventh-day Adventist,-7,-7,9,1,3,-7,3,2,2,2,2,2,2,3,3,3,5,2,2,2,2,2,0,0,1,0,0,0,bas25_03302,833.61319061,1,24510,Highlandtown,9,8,14:09:41,9,8,14:45:23,2,1,2,2,2,3,2,2,0,1
12,2,2,1,2,2,4,4,3,4,3,1,3,3,2,2,2,1,1,1,1,1,1,4,3,3,1,1,1,2,2,1,3,2,2,3,2,1,2,1,2,2,2,2,1,3,3,1,4,4,4,2,-7,3,3,3,3,3,3,1,3,1,1,1,1,3,1,1,1,0,1,0,0,1,0,0,0,0,0,0,0,0,1,0,1,1,0,0,1,1,0,0,0,-8,-8,-8,-8,-8,-8,-8,-8,-8,-8,-8,-8,-8,0,0,1,1,0,0,0,0,0,0,0,1,1,-8,-8,-8,-8,-8,-8,-8,2,-7,0,0,0,0,0,0,1,1,4,1,4,500000,65000,3,2,4,3,3,3,3,2,-7,2,2,1,1,1,1,1,1,1,1,1,1,1,2,1,1,3,0,0,0,0,0,0,0,0,NA,1,0,0,0,0,0,0,0,0,1,0,5,5,2,1,1,0,0,0,1,2,NA,1,1,-7,2,1,1,0,1,0,2,7,1,1983,42,2,-7,2,2,1,1,1,9,-7,-7,-7,-7,1,2,-7,5,10,2,2,2,2,2,2,4,2,1,1,-7,2,2,2,2,0,0,1,0,0,0,bas25_03308,363.82288846,1,24510,Fells Point,8,29,10:26:26,8,29,10:47:11,2,1,1,2,4,4,2,3,0,1
35,3,1,1,1,1,4,3,2,3,4,1,3,2,1,1,1,1,1,1,1,1,1,3,1,2,1,1,1,2,3,4,2,3,2,3,2,2,2,2,2,2,2,2,2,3,2,2,3,3,3,-7,4,3,3,3,3,3,3,1,1,1,2,3,1,1,1,1,1,1,0,0,1,1,0,1,1,0,0,0,0,1,0,0,0,1,0,1,1,1,0,0,0,-8,-8,-8,-8,-8,-8,0,0,0,0,1,0,0,0,0,1,0,0,0,0,0,0,0,1,0,2,-8,-8,-8,-8,-8,-8,-8,1,2,-7,-7,-7,-7,-7,-7,-7,5,-7,-7,-7,??,Don’t know,3,3,3,2,3,3,3,2,-7,2,2,1,3,2,2,2,1,1,1,1,1,3,3,1,1,1,0,0,0,0,0,0,0,0,NA,1,1,1,0,0,0,0,0,0,0,0,1,1,2,1,1,0,0,0,1,2,NA,-8,-7,-7,2,2,2,-7,-7,-7,1,4,1,1952,73,1,-7,2,2,1,1,1,1,7,Assembly of God,-7,-7,9,1,5,-7,5,2,2,2,2,2,2,2,1,1,1,-7,2,2,2,2,0,0,1,0,0,0,bas25_03309,1078.0976604,2,24005,-7,8,27,13:43:46,8,27,14:29:48,2,1,2,2,2,3,1,5,0,1
42,4,4,3,4,4,3,3,4,3,3,2,3,2,1,1,1,1,2,2,1,2,2,2,4,2,2,3,3,2,2,2,4,2,2,3,1,1,1,1,1,1,1,2,1,3,4,2,4,4,4,2,-7,3,3,3,3,3,3,1,1,1,3,2,2,2,2,1,1,1,0,0,0,0,0,0,1,0,0,0,0,1,0,0,0,1,0,0,1,0,0,0,0,0,1,0,0,0,0,0,0,0,1,0,0,0,0,0,1,1,0,0,0,0,0,0,0,1,3,1,0,0,1,0,0,0,2,-7,0,0,1,0,0,0,0,5,-7,-7,-7,1000000,15000,3,4,3,5,3,3,3,2,-7,2,2,1,1,1,1,1,1,1,1,1,1,3,2,1,1,1,0,0,0,0,0,0,0,0,NA,1,1,1,0,0,0,1,0,0,0,0,5,5,2,1,1,0,0,0,2,2,NA,2,-7,-7,2,1,2,-7,-7,-7,1,7,1,1949,76,1,-7,2,2,1,1,1,1,2,-7,-7,-7,4,2,-7,2,7,2,1,2,2,2,2,4,2,1,1,-7,1,1,1,1,0,1,0,0,0,0,bas25_03312,349.74682503,1,24510,Belair-Edison,9,23,18:36:22,9,23,19:09:47,1,2,1,1,3,4,1,5,0,1
1,2,1,2,2,2,2,2,3,4,3,2,2,3,2,2,3,3,3,3,3,3,2,2,2,2,3,3,3,2,2,2,2,4,4,3,1,2,1,2,2,2,1,2,2,3,3,3,3,3,4,1,-7,2,2,1,1,2,3,1,2,2,3,2,2,2,2,3,4,0,0,0,0,0,0,1,1,0,0,0,0,0,0,0,0,0,0,1,1,0,0,0,0,0,0,1,0,0,0,0,1,0,0,0,0,0,0,0,1,0,0,0,0,1,0,0,0,0,3,0,1,0,0,0,0,0,2,-7,0,1,0,0,0,0,0,2,3,2,3,100000,12000,3,2,2,2,1,2,2,1,1,1,2,2,3,3,5,4,5,4,3,3,3,2,3,2,1,2,0,1,0,0,0,0,0,0,NA,0,0,1,0,0,0,0,0,0,0,0,3,4,1,3,0,0,1,0,2,4,NA,2,-7,-7,-8,-7,2,-7,-7,-7,2,4,5,-8,-8,2,-7,-8,2,-8,-8,-8,6,-7,-7,-7,-7,5,1,1,-7,1,2,2,2,2,2,2,3,3,2,2,-7,3,4,3,4,0,0,0,0,1,0,bas25_03323,1851.8974976,2,24005,-7,9,11,13:25:47,9,11,13:36:10,1,2,1,3,1,3,2,-8,7,3
5,3,1,3,3,2,3,2,4,3,4,1,3,2,1,1,3,1,1,1,1,1,1,2,2,3,1,3,3,2,3,3,4,3,2,2,1,1,1,1,1,1,2,1,1,4,4,4,4,3,3,-7,4,2,1,1,2,2,2,1,4,2,1,2,2,2,1,1,2,1,0,0,0,0,0,0,0,0,0,0,0,1,0,0,0,0,0,0,0,0,0,0,0,-8,-8,-8,-8,-8,-8,0,0,0,0,1,1,0,1,0,0,1,0,0,1,0,0,0,0,0,1,0,1,0,0,0,0,0,3,-7,-7,-7,-7,-7,-7,-7,-7,5,-7,-7,-7,120000,20000,4,5,4,5,1,1,1,1,2,1,1,2,3,3,3,3,3,3,2,2,1,3,1,1,1,1,0,1,0,0,1,0,0,0,NA,0,0,0,0,0,0,0,0,0,0,1,5,5,1,2,1,0,0,0,1,4,NA,2,-7,-7,1,-7,2,-7,-7,-7,2,6,3,1958,67,2,-7,2,2,1,1,1,8,-7,-7,-7,-7,7,1,1,-7,1,1,2,1,2,2,2,3,2,1,1,-7,1,1,1,1,0,1,0,0,0,0,bas25_03326,506.66761772,1,24510,Glen-Fallstaff,8,28,14:01:16,8,28,14:35:31,2,2,2,1,1,4,2,5,8,3
17,6,2,2,2,2,3,3,2,2,3,4,4,3,3,3,4,2,2,2,2,2,4,1,4,2,1,2,2,2,4,3,4,4,2,4,2,1,2,1,2,2,1,2,1,5,4,4,3,3,3,5,-7,3,3,3,3,3,3,1,1,1,2,1,2,4,2,4,1,0,0,0,0,0,0,0,1,0,0,0,0,0,0,0,0,1,0,0,0,0,0,0,0,-8,-8,-8,-8,-8,-8,0,1,1,1,0,1,1,1,0,0,1,0,0,0,0,0,1,0,0,4,-8,-8,-8,-8,-8,-8,-8,1,3,-7,-7,-7,-7,-7,-7,-7,1,5,3,3,300000,60000,3,4,3,4,3,3,3,2,-7,2,2,3,2,2,2,2,1,2,2,1,1,3,3,1,1,1,0,0,0,0,0,0,0,0,NA,1,0,0,0,0,0,0,0,1,1,0,4,4,2,1,1,0,0,0,1,2,NA,1,1,-7,2,1,1,0,2,0,2,6,1,1985,40,1,-7,2,2,1,1,1,1,6,-7,-7,-7,7,2,-7,1,6,1,1,2,2,2,2,3,2,1,1,-7,2,2,2,2,0,0,1,0,0,0,bas25_03347,358.9981073,1,24510,Inner Harbor/Federal Hill,8,27,18:58:55,9,20,05:57:05,1,2,1,2,3,4,1,3,0,1
29,3,1,2,2,2,3,3,4,3,2,2,3,2,2,2,3,2,1,2,3,3,1,2,1,1,1,3,3,3,3,1,4,1,3,3,1,1,1,1,1,1,1,2,2,3,3,2,2,4,3,5,-7,3,3,3,3,3,3,1,1,1,1,3,3,1,1,1,1,1,0,0,0,0,0,0,0,0,1,0,0,1,0,0,1,1,0,0,1,0,0,0,0,0,1,0,0,0,0,0,1,0,1,0,0,0,1,0,1,0,0,1,0,0,0,0,1,0,3,-8,-8,-8,-8,-8,-8,-8,3,-7,-7,-7,-7,-7,-7,-7,-7,5,-7,-7,-7,100000,50000,4,4,4,4,3,3,3,2,-7,2,2,1,1,1,1,1,1,1,1,1,1,2,1,1,1,1,0,0,0,1,0,0,0,0,NA,0,1,0,0,0,0,0,0,0,0,0,4,4,2,1,1,0,0,0,1,2,NA,2,-7,-7,2,2,2,-7,-7,-7,1,7,5,1948,77,1,-7,-8,2,3,3,3,1,7,Seventh Day Adventist,-7,-7,8,2,-7,2,7,2,2,2,2,2,2,2,-8,1,1,-7,1,1,1,1,0,1,0,0,0,0,bas25_03356,571.79604073,2,24005,-7,8,28,19:45:04,8,28,21:15:53,1,2,1,1,3,4,1,5,0,1
35,1,1,2,2,2,4,4,2,3,3,2,3,2,3,2,1,1,2,2,1,1,2,3,3,4,1,3,2,2,4,4,4,4,3,3,1,1,1,1,1,1,2,1,2,4,3,2,3,3,2,4,-7,3,3,3,3,3,3,1,-8,1,1,2,1,3,1,1,1,0,0,0,0,1,0,0,1,0,0,0,0,0,0,0,0,0,0,0,1,0,0,0,0,0,0,0,1,0,0,-8,-8,-8,-8,-8,-8,-8,0,0,1,1,0,0,0,0,0,0,0,1,1,-8,-8,-8,-8,-8,-8,-8,1,4,-7,-7,-7,-7,-7,-7,-7,5,-7,-7,-7,250000,NA,4,5,2,2,3,3,3,2,-7,2,2,2,1,1,2,2,1,1,1,1,1,3,1,1,1,1,0,1,0,1,0,0,0,0,NA,0,0,0,0,0,1,0,0,0,0,0,3,4,2,4,1,0,0,0,1,2,NA,2,-7,-7,1,-7,2,-7,-7,-7,2,3,3,1957,68,4,Homo Sapien,5,-8,1,1,1,-8,-6,-7,-7,-7,-8,1,1,-7,1,2,2,2,2,2,2,-8,-8,1,1,-7,-6,-6,-6,-6,-8,-8,-8,-8,-8,-8,bas25_03366,1106.1334652,2,24005,-7,8,29,18:17:06,8,29,18:35:46,2,1,1,-6,1,2,-8,5,0,1
20,1,3,4,2,4,3,1,3,1,3,3,5,2,1,1,4,4,4,4,4,4,3,5,3,5,1,5,4,2,3,3,3,3,1,3,1,-8,-8,-8,-8,-8,-8,-8,2,5,4,4,4,4,4,5,-7,3,3,3,3,3,3,1,1,1,5,2,2,5,4,5,1,0,0,0,0,0,0,0,0,0,0,0,1,0,0,0,0,1,1,0,0,0,0,0,0,-8,-8,-8,-8,-8,-8,-8,-8,-8,-8,-8,-8,-8,1,0,0,0,1,-8,-8,-8,-8,-8,-8,-8,1,-8,-8,-8,-8,-8,-8,-8,1,1,-7,-7,-7,-7,-7,-7,-7,1,3,3,4,10000000,20000,4,5,4,5,2,2,2,2,-7,1,2,2,3,3,3,3,3,1,1,3,1,2,2,1,1,3,0,0,0,0,0,1,0,0,NA,0,1,0,0,0,0,1,0,0,1,0,3,1,2,1,0,1,1,0,2,2,NA,2,-7,-7,2,1,2,-7,-7,-7,2,3,1,1965,60,1,-7,2,2,1,1,1,-8,-6,-7,-7,-7,7,-8,-7,-7,-6,2,2,2,2,2,2,-8,4,1,1,-7,1,1,1,1,0,1,0,0,0,0,bas25_03372,728.91951814,1,24510,Brooklyn/Curtis Bay/Hawkins Point,8,27,21:38:55,-9,-9,NA:NA:NA,2,2,1,1,-6,2,1,4,0,1
0,4,4,2,3,4,3,3,3,5,3,5,3,5,4,3,4,4,3,5,5,5,5,5,4,5,3,2,3,3,3,4,4,3,3,3,1,1,1,1,1,1,1,1,2,5,5,4,5,5,5,4,-7,3,3,3,3,3,3,1,2,1,3,3,2,3,2,1,1,0,0,0,0,0,0,0,0,0,0,0,1,0,0,0,1,1,0,0,0,1,0,0,0,-8,-8,-8,-8,-8,-8,0,0,0,0,0,1,0,0,0,1,0,1,0,0,0,0,0,0,1,4,-8,-8,-8,-8,-8,-8,-8,1,4,-7,-7,-7,-7,-7,-7,-7,6,-7,-7,-7,300000,50000,4,4,3,4,3,3,3,2,-7,2,2,3,2,2,2,4,1,1,2,1,1,2,2,2,1,4,0,1,0,1,0,1,0,0,NA,0,0,0,0,0,0,0,0,0,0,1,5,5,1,1,1,0,0,0,1,2,NA,2,-7,-7,1,-7,2,-7,-7,-7,2,7,5,2000,25,1,-7,-8,2,3,3,3,-8,-6,-7,-7,-7,-8,1,4,-7,4,2,2,2,2,2,2,-8,-8,1,5,1,-6,-6,-6,-6,-8,-8,-8,-8,-8,0,bas25_03388,165.08331363,1,24510,Oldtown/Middle East,8,28,17:56:03,8,28,18:06:12,2,2,1,-6,2,4,1,2,0,1
8,3,1,1,1,1,4,3,2,4,2,2,3,2,1,1,2,1,1,1,1,1,2,2,2,4,3,1,2,2,3,3,4,3,4,4,-8,-8,-8,-8,-8,-8,-8,-8,2,4,5,3,4,4,4,-7,4,3,3,3,3,3,3,1,2,1,3,1,1,2,1,1,1,0,0,0,0,0,0,0,1,0,0,0,0,0,0,0,0,0,0,0,0,1,0,0,0,-8,-8,-8,-8,-8,-8,0,0,1,1,0,0,0,0,0,1,1,0,0,1,0,1,1,1,0,2,1,0,0,0,0,0,0,1,4,-7,-7,-7,-7,-7,-7,-7,1,1,4,2,500000,60000,4,4,3,4,3,3,3,2,-7,2,2,2,2,2,2,3,1,1,1,2,1,1,1,1,1,1,0,0,0,0,0,0,0,0,NA,1,0,0,0,0,0,0,0,0,0,1,4,4,1,1,0,1,0,0,1,2,NA,2,-7,-7,2,1,1,-8,2,-8,2,6,1,1977,48,1,-7,2,2,1,1,1,9,-7,-7,-7,-7,1,2,-7,6,11,2,2,2,2,2,2,5,2,1,1,-7,2,2,2,2,0,0,1,0,0,0,bas25_03392,382.89371098,1,24510,Hampden/Remington,8,27,20:22:14,8,27,20:42:23,1,1,2,2,4,4,1,3,0,1
30,-8,-8,2,-8,2,3,3,3,3,3,2,-8,2,2,2,3,-8,2,1,1,2,1,1,2,2,1,2,2,3,3,3,-8,3,2,3,1,1,1,1,1,1,2,1,1,4,-8,2,3,3,3,-7,-8,2,2,3,2,2,3,1,2,2,2,1,3,3,-8,2,1,1,1,0,0,0,0,0,1,1,1,1,0,1,1,1,0,0,0,0,1,1,1,1,0,0,1,1,0,0,1,0,1,1,1,0,1,1,0,0,1,0,0,1,1,1,1,1,1,0,5,1,0,0,0,0,0,0,3,-7,-7,-7,-7,-7,-7,-7,-7,2,3,3,3,NA,NA,3,3,3,3,2,3,3,2,-7,-8,2,2,3,2,2,3,3,-8,2,1,1,3,3,1,1,4,0,1,0,1,0,1,1,0,NA,0,1,1,0,0,0,0,0,0,0,0,5,5,2,1,0,1,0,0,1,-8,NA,-8,-7,-7,-8,-7,2,-7,-7,-7,2,4,5,1949,76,1,-7,2,2,1,-8,1,8,-7,-7,-7,-7,-8,1,2,-7,2,-8,1,2,2,2,2,3,2,1,-8,-7,1,1,1,1,0,1,0,0,0,0,bas25_03395,457.90540423,1,24510,Clifton-Berea,9,3,16:00:26,9,3,16:53:27,1,1,2,1,1,3,1,5,4,2
2,3,1,2,2,2,3,3,2,3,2,1,2,2,2,1,2,2,1,1,1,1,1,1,1,2,1,1,1,1,3,3,3,3,2,3,2,1,1,1,1,1,1,2,2,3,3,3,3,3,4,4,-7,1,2,1,1,-8,1,1,3,1,1,1,1,2,1,1,1,0,0,0,0,0,0,0,1,1,0,0,0,0,0,0,0,0,0,1,1,1,0,0,0,0,0,0,0,0,1,0,1,0,0,0,0,0,0,0,1,1,0,1,1,1,0,0,0,0,1,0,0,0,0,0,1,0,1,3,-7,-7,-7,-7,-7,-7,-7,1,4,2,4,1000000,20000,3,3,3,4,3,3,3,2,-7,2,2,1,5,5,5,5,5,1,1,1,1,1,1,1,1,1,0,0,0,0,0,0,0,0,NA,1,0,0,0,0,0,0,0,0,0,1,5,5,1,1,1,0,0,0,1,5,NA,2,-7,-7,2,1,2,-7,-7,-7,2,7,5,1992,33,2,-7,1,2,3,3,3,9,-7,-7,-7,-7,1,2,-7,1,6,2,2,2,2,2,2,5,2,3,5,2,3,4,3,4,0,0,0,0,1,0,bas25_03406,388.97920237,1,24510,Hampden/Remington,8,29,21:50:06,8,29,22:03:49,2,2,1,3,3,4,2,2,10.8,3
10,4,5,2,3,-8,3,-8,5,3,-8,5,5,4,4,4,4,4,4,5,5,5,4,3,5,3,2,2,3,3,3,3,3,3,-8,-8,1,2,1,2,1,2,1,2,2,5,5,5,5,4,5,2,-7,3,3,3,3,3,3,1,4,1,3,2,3,3,4,4,1,0,0,0,0,0,0,0,0,0,0,0,1,1,0,0,1,0,0,1,1,0,0,0,0,-8,-8,-8,-8,-8,-8,0,1,0,0,0,1,0,0,0,1,1,0,0,1,0,0,0,0,0,5,0,0,0,0,0,1,0,2,-7,1,1,1,1,0,0,0,-8,-7,-7,-7,NA,NA,4,2,4,5,2,2,2,1,-8,2,2,3,4,3,5,3,1,3,3,2,3,3,4,1,1,1,-8,-8,-8,-8,-8,-8,-8,-8,NA,-8,1,0,0,0,0,0,0,0,0,0,4,5,2,2,1,0,0,0,1,2,NA,-8,-7,-7,2,1,2,-7,-7,-7,2,6,-8,-8,-8,1,-7,-8,2,1,-8,-8,-8,-6,-7,-7,-7,-8,2,-7,-8,-6,2,2,2,2,2,2,-8,-8,1,1,-7,1,1,1,1,0,1,0,0,0,0,bas25_03429,500.85113011,1,24510,Pigtown/Carroll Park,10,13,11:24:46,10,13,12:03:48,1,2,1,1,-6,4,1,-8,0,1
2,3,1,2,2,2,4,3,2,2,2,1,3,1,1,1,1,1,1,1,1,1,1,1,1,1,1,3,3,2,3,3,3,3,2,2,1,1,1,1,1,2,1,2,1,3,2,1,3,2,2,5,-7,3,3,3,3,3,3,1,1,1,1,2,1,2,1,1,1,1,0,0,0,0,0,0,0,0,0,0,0,1,0,0,0,0,0,1,1,0,0,0,0,0,0,0,0,0,1,-8,-8,-8,-8,-8,-8,-8,1,0,0,1,0,0,1,0,0,0,0,0,1,-8,-8,-8,-8,-8,-8,-8,3,-7,-7,-7,-7,-7,-7,-7,-7,1,2,3,2,500000,0,4,5,4,5,3,3,3,2,-7,2,2,2,2,2,3,2,1,1,1,1,2,2,3,1,1,2,0,0,0,0,0,0,0,0,NA,1,0,0,0,0,0,0,0,0,1,0,4,5,2,1,1,0,0,0,2,2,NA,2,-7,-7,2,2,1,0,1,1,1,6,1,1984,41,1,-7,2,2,1,1,1,4,-7,-7,4,-7,9,2,-7,3,8,2,1,2,2,2,2,2,4,1,1,-7,-6,-6,-6,-6,-8,-8,-8,-8,-8,0,bas25_03437,964.05672941,2,24005,-7,9,5,20:34:33,9,5,20:59:40,1,2,1,-6,4,4,1,3,0,1
5,1,1,1,1,1,3,4,1,1,2,1,1,1,1,1,2,1,1,2,2,1,1,3,1,3,1,1,1,1,2,2,2,2,2,2,1,1,1,1,1,1,1,1,2,3,2,1,2,2,2,-7,3,3,3,3,3,3,3,1,1,1,1,2,3,1,1,1,1,1,0,0,0,1,0,0,0,1,0,0,0,1,0,0,0,1,0,0,0,0,1,0,0,0,0,0,0,0,1,0,0,0,1,0,0,0,0,0,1,0,0,0,0,0,0,0,0,1,1,1,0,0,0,0,0,0,1,4,-7,-7,-7,-7,-7,-7,-7,5,-7,-7,-7,90000,50000,3,3,3,3,3,3,3,2,-7,2,2,2,2,2,4,2,2,1,1,1,1,4,2,1,1,1,0,0,0,0,0,1,0,0,NA,0,0,0,1,0,0,0,0,0,0,0,2,1,2,1,1,0,0,0,1,2,NA,2,-7,-7,2,2,2,-7,-7,-7,1,3,1,1946,79,2,-7,2,2,1,1,1,2,-7,-7,-7,-7,3,1,5,-7,5,2,2,2,2,2,2,3,1,1,1,-7,2,2,2,2,0,0,1,0,0,0,bas25_03439,741.66012456,2,24005,-7,8,28,16:12:29,8,28,16:52:32,2,2,2,2,2,2,2,5,0,1
15,5,1,2,2,2,3,3,2,1,1,2,2,2,2,1,1,1,1,1,1,1,1,1,1,1,1,1,1,2,3,3,4,3,3,3,1,1,1,1,2,2,1,2,1,4,4,4,4,4,4,2,-7,3,3,3,3,3,3,1,1,1,2,2,2,3,2,1,1,1,0,0,1,1,0,0,1,0,1,1,0,1,0,0,1,1,0,0,1,1,1,0,0,1,0,0,0,0,0,0,0,1,0,1,0,0,0,0,1,1,0,0,0,0,0,1,0,0,2,-8,-8,-8,-8,-8,-8,-8,3,-7,-7,-7,-7,-7,-7,-7,-7,5,-7,-7,-7,4000000,14000,4,2,4,4,3,3,3,2,-7,2,2,2,1,1,1,3,1,1,1,1,1,2,1,1,1,1,0,0,0,0,0,0,0,0,NA,1,0,0,0,0,0,0,0,0,0,1,4,3,2,1,0,1,0,0,1,2,NA,2,-7,-7,1,-7,2,-7,-7,-7,2,4,3,1954,71,2,-7,2,2,1,1,1,9,-7,-7,-7,-7,7,1,2,-7,2,1,-8,2,2,2,2,4,2,1,1,-7,1,1,1,1,0,1,0,0,0,0,bas25_03444,512.19598607,1,24510,Hampden/Remington,8,28,19:45:46,8,28,21:05:43,1,2,1,1,1,3,2,5,0,1
18,4,1,1,1,1,4,3,1,4,3,3,2,2,2,2,5,1,1,1,1,1,2,2,2,4,3,1,1,2,4,2,2,4,2,3,1,1,1,1,1,1,2,2,2,5,4,5,5,5,5,3,-7,3,3,3,3,3,3,1,1,1,1,1,2,3,1,1,1,0,0,0,0,0,0,0,0,0,0,0,1,0,0,0,0,0,0,0,1,1,0,0,0,-8,-8,-8,-8,-8,-8,-8,-8,-8,-8,-8,-8,-8,0,0,1,1,0,1,1,0,0,0,1,0,1,-8,-8,-8,-8,-8,-8,-8,1,4,-7,-7,-7,-7,-7,-7,-7,1,5,1,4,350000,30000,3,3,2,4,3,3,3,2,-7,2,2,1,1,1,1,1,1,1,1,1,1,3,2,1,1,1,0,0,0,0,0,0,0,0,NA,1,0,0,0,0,0,0,0,0,0,1,5,5,2,1,1,0,1,0,1,2,NA,2,-7,-7,2,1,1,0,0,1,2,7,1,1975,50,2,-7,2,2,1,1,1,9,-7,-7,-7,-7,2,2,-7,4,9,2,2,2,2,2,2,3,2,1,1,-7,2,2,2,2,0,0,1,0,0,0,bas25_03452,490.1139116,1,24510,Belair-Edison,9,1,23:01:41,9,1,23:27:32,1,1,1,2,4,4,2,4,0,1
4,2,2,2,3,3,2,2,5,5,3,2,4,4,2,2,4,1,2,2,2,2,2,3,3,3,3,1,2,2,4,4,4,3,3,4,-8,-8,-8,-8,1,-8,-8,-8,2,5,3,4,5,5,5,4,-7,3,3,1,3,3,3,1,1,1,3,2,2,3,2,1,1,0,0,0,0,0,0,0,0,1,0,0,0,0,0,0,0,0,0,0,0,0,0,0,1,0,0,0,0,0,1,0,1,0,0,0,0,0,1,0,0,0,1,0,0,0,0,0,0,1,3,0,0,0,1,0,0,0,1,2,-7,-7,-7,-7,-7,-7,-7,1,1,2,3,200000,Under $30k,4,4,3,3,3,3,3,2,-7,2,2,2,3,4,2,4,4,1,1,1,1,3,3,1,2,2,0,0,1,0,0,0,0,0,NA,0,0,0,0,1,0,0,0,0,0,0,4,5,1,3,1,0,0,0,2,2,NA,2,-7,-7,3,1,2,-7,-7,-7,2,6,5,1996,29,2,-7,2,2,1,3,1,2,-7,-7,-7,-7,1,1,4,-7,4,2,2,2,2,2,2,2,3,2,5,1,2,2,2,2,0,0,1,0,0,0,bas25_03454,1706.1605401,1,24510,Patterson Park North & East,9,19,20:25:24,9,19,21:05:07,2,1,1,2,2,4,2,2,2,2
16,2,2,1,3,2,3,3,2,2,2,2,3,3,1,2,2,1,2,2,1,1,1,1,2,1,1,1,1,3,4,3,3,3,4,2,1,1,1,1,1,1,1,1,2,4,2,2,3,3,3,-7,2,3,3,3,3,3,3,1,-8,1,2,2,3,2,1,1,5,1,0,0,0,0,0,0,0,0,0,0,0,1,0,0,0,0,0,0,0,0,0,0,0,0,1,0,0,0,0,0,1,0,0,1,0,1,0,0,1,0,1,1,0,0,0,0,0,0,2,0,0,0,0,0,1,0,3,-7,-7,-7,-7,-7,-7,-7,-7,1,1,4,3,200000,50000,2,4,4,5,3,3,3,2,-7,2,2,2,1,1,1,1,1,1,1,1,1,3,2,1,1,1,0,0,0,0,0,0,0,0,NA,1,0,0,0,0,0,0,0,0,0,1,4,5,2,1,1,0,0,0,2,2,NA,2,-7,-7,2,1,1,0,0,2,2,6,1,1975,50,1,-7,3,2,1,1,1,4,-7,-7,3,-7,3,2,-7,6,11,2,2,2,2,2,2,2,2,1,1,-7,2,2,2,2,0,0,1,0,0,0,bas25_03457,1029.5485204,2,24005,-7,8,27,21:45:37,8,27,22:10:18,1,1,2,2,4,4,1,4,0,1
4,5,2,2,3,1,3,3,4,3,3,1,3,2,1,2,1,1,1,1,1,1,2,4,2,1,1,2,2,2,2,2,3,3,2,3,2,2,2,2,2,2,2,2,2,3,3,-8,4,4,4,3,-7,3,3,3,3,3,3,1,4,1,2,2,1,3,3,1,2,0,0,0,0,0,0,0,1,0,0,0,0,0,0,0,0,0,0,0,1,1,0,0,0,0,0,0,1,0,0,0,0,0,0,1,1,0,0,0,1,1,0,1,0,0,1,0,0,0,2,-8,-8,-8,-8,-8,-8,-8,1,4,-7,-7,-7,-7,-7,-7,-7,1,2,4,2,200000,35000,3,4,3,4,3,3,3,2,-7,2,2,1,1,1,1,1,1,1,1,1,1,2,2,1,1,4,0,0,0,0,0,0,0,0,NA,1,0,0,0,1,0,0,0,1,0,0,5,5,2,1,1,0,0,0,1,2,NA,2,-7,-7,3,1,1,0,2,0,2,7,1,1981,44,1,-7,2,2,1,-8,-8,-8,-6,-7,-7,-7,-8,2,-7,-8,-6,2,2,2,2,2,2,-8,2,1,1,-7,-6,-6,-6,-6,-8,-8,-8,-8,-8,0,bas25_03467,354.16915999,1,24510,Greater Roland Park/Poplar Hill,9,21,12:40:40,10,6,17:37:27,2,1,1,-6,-6,4,1,3,0,1
3,3,2,4,4,4,2,1,5,4,5,5,5,4,3,3,5,3,2,5,2,2,1,3,3,5,1,1,4,3,4,4,4,3,1,3,2,1,2,2,2,1,2,1,2,5,3,2,5,4,4,-7,4,3,3,3,3,3,3,1,1,1,3,2,1,3,2,2,1,0,0,0,0,0,0,1,1,0,1,0,0,0,0,0,0,0,0,0,0,0,0,0,1,1,0,0,0,0,0,0,1,0,1,1,1,1,0,1,1,0,0,0,0,0,0,0,0,1,3,-8,-8,-8,-8,-8,-8,-8,2,-7,0,0,1,0,0,0,0,1,3,4,1,500000,370000,4,5,4,5,1,1,1,1,1,1,1,2,5,4,4,2,2,5,5,5,3,4,4,1,1,2,0,1,1,1,0,1,1,0,NA,0,0,0,0,0,0,0,0,1,1,0,4,5,1,1,1,0,0,0,2,2,NA,2,-7,-7,1,-7,2,-7,-7,-7,2,4,3,1990,35,1,-7,3,2,1,1,1,9,-7,-7,-7,-7,1,1,4,-7,4,2,2,2,2,2,2,4,3,1,1,-7,2,2,2,2,0,0,1,0,0,0,bas25_03468,542.44443831,2,24005,-7,8,29,11:24:48,8,29,11:59:58,2,1,2,2,2,3,1,3,0,1
1,3,1,2,2,1,4,3,2,5,3,2,3,2,1,3,1,1,1,3,1,1,1,5,3,3,3,1,2,3,3,3,4,4,3,3,1,1,1,1,1,1,1,1,2,3,5,3,5,5,4,-7,5,2,1,1,1,1,1,1,5,2,2,2,3,1,3,1,1,0,0,0,0,0,0,0,0,0,0,0,1,0,0,0,0,0,0,0,0,1,0,0,0,0,0,1,0,0,0,0,1,1,0,1,1,0,0,1,1,0,0,0,0,1,0,0,0,0,4,-8,-8,-8,-8,-8,-8,-8,1,4,-7,-7,-7,-7,-7,-7,-7,1,2,4,1,300000,38000,4,3,4,5,3,3,3,2,-7,2,2,2,1,1,2,1,1,1,3,2,1,2,2,1,1,4,0,1,0,1,0,0,1,0,NA,0,0,0,0,0,0,0,0,0,1,0,5,5,1,4,1,0,0,0,1,2,NA,2,-7,-7,2,1,2,-7,-7,-7,2,6,5,2002,23,1,-7,1,2,1,1,1,4,-7,-7,4,-7,1,2,-7,2,7,2,2,2,2,2,2,5,2,3,1,-7,2,2,2,2,0,0,1,0,0,0,bas25_03473,481.69617317,1,24510,Fells Point,9,5,20:51:04,9,5,21:15:59,1,1,2,2,3,4,1,1,11,3
1,4,2,2,2,2,4,4,2,2,3,2,4,3,3,3,2,3,3,2,1,3,4,4,4,3,2,3,2,2,2,3,4,2,3,3,2,1,2,1,2,2,2,2,1,2,3,3,3,4,4,4,-7,3,3,3,3,3,3,1,1,1,2,2,1,3,2,1,1,0,0,0,1,1,0,1,1,0,1,0,0,0,0,0,1,1,1,1,1,1,0,0,0,0,1,1,1,0,1,1,1,1,0,1,1,1,0,0,1,1,0,0,1,1,1,1,1,0,1,0,0,0,0,0,1,0,3,-7,-7,-7,-7,-7,-7,-7,-7,1,2,3,4,200000,40000,3,4,4,5,3,3,3,2,-7,1,2,3,3,2,2,3,1,1,1,1,1,2,2,1,1,3,0,0,0,1,0,0,1,0,NA,0,0,0,0,0,0,0,0,0,0,1,5,5,2,4,1,0,0,0,1,2,NA,2,-7,-7,2,2,2,-7,-7,-7,1,7,5,1992,33,4,Agender,5,2,1,3,3,9,-7,-7,-7,-7,2,1,5,-7,5,1,1,2,1,2,2,5,4,1,1,-7,3,4,3,4,0,0,0,0,1,0,bas25_03476,143.72295693,1,24510,Greater Govans,9,2,16:08:37,9,2,16:30:09,1,1,1,3,2,4,-8,2,0,1
0,3,2,2,3,2,3,3,3,4,3,1,3,2,2,3,1,1,3,1,1,1,2,3,3,-8,3,2,2,2,3,3,3,3,4,3,1,2,2,1,1,1,2,2,2,5,4,5,4,4,4,4,-7,3,3,3,3,3,3,1,2,1,2,3,3,3,1,1,1,1,0,0,0,0,0,0,1,0,0,0,0,0,0,0,0,0,0,0,1,0,0,0,0,-8,-8,-8,-8,-8,-8,0,0,0,1,0,0,0,1,0,1,0,0,0,1,0,0,0,0,0,1,0,0,0,0,1,0,0,1,2,-7,-7,-7,-7,-7,-7,-7,1,1,2,3,500000,30000,3,3,2,3,3,3,3,2,-7,2,2,1,1,1,1,1,1,1,1,1,1,2,1,1,1,1,0,0,0,0,0,0,0,0,NA,1,0,0,0,0,0,0,0,0,0,1,5,5,2,1,1,0,0,0,2,2,NA,2,-7,-7,1,-7,2,-7,-7,-7,2,6,5,1988,37,1,-7,2,2,1,1,1,2,-7,-7,-7,-7,2,2,-7,4,9,2,2,2,2,2,2,4,2,1,1,-7,2,2,2,2,0,0,1,0,0,0,bas25_03477,181.41058539,1,24510,South Baltimore,9,12,15:40:24,9,12,16:01:12,1,1,1,2,4,4,1,3,0,1
3,4,3,2,4,3,3,3,3,5,3,5,3,5,3,3,3,1,1,3,1,2,2,3,3,3,2,5,5,3,4,4,4,1,5,-8,1,1,1,1,1,1,1,2,2,4,5,5,5,4,4,4,-7,3,3,3,3,3,3,1,1,1,4,2,3,3,3,1,1,0,0,0,0,1,0,1,1,0,0,0,0,0,0,0,0,1,0,1,1,0,0,0,0,-8,-8,-8,-8,-8,-8,-8,-8,-8,-8,-8,-8,-8,0,0,1,1,0,0,0,0,0,1,1,0,4,-8,-8,-8,-8,-8,-8,-8,3,-7,-7,-7,-7,-7,-7,-7,-7,1,1,5,3,1000000,50000,4,5,4,5,3,3,3,2,-7,2,2,1,1,1,1,1,1,1,1,1,1,1,3,2,2,1,0,0,0,0,0,0,0,0,NA,1,0,0,0,0,0,0,0,0,0,1,5,5,1,1,1,0,0,0,2,2,NA,2,-7,-7,1,-7,2,-7,-7,-7,2,6,5,1999,26,1,-7,2,2,1,3,3,9,-7,-7,-7,-7,1,2,-7,2,7,2,2,2,2,2,2,4,2,1,1,-7,3,4,3,4,0,0,0,0,1,0,bas25_03478,118.55122433,1,24510,Midtown,9,5,13:20:32,9,5,13:42:15,1,2,1,3,3,4,1,2,0,1
30,2,2,2,2,2,3,1,3,3,3,1,3,5,4,5,3,2,1,3,3,5,5,5,3,1,5,4,5,3,-8,-8,-8,-8,-8,-8,-8,-8,-8,-8,-8,-8,-8,-8,-8,4,4,1,5,2,5,2,-8,2,1,1,2,1,3,1,4,1,2,2,3,2,1,1,1,1,1,0,0,0,0,0,0,0,0,0,0,1,1,0,0,0,0,0,0,0,0,0,0,0,1,0,0,0,0,0,0,0,1,0,0,0,0,1,0,0,1,1,0,0,1,0,0,0,3,0,0,1,0,0,0,0,1,-8,-7,-7,-7,-7,-7,-7,-7,5,-7,-7,-7,749 monthy,749 monthy,3,4,3,5,2,1,2,2,-7,-8,-8,-8,1,2,2,2,2,1,1,1,1,-8,-8,-8,-8,-8,-8,-8,-8,-8,-8,-8,-8,-8,NA,-8,-8,-8,-8,-8,-8,-8,-8,-8,-8,-8,-8,-8,2,1,0,1,0,0,2,2,NA,2,-7,-7,2,1,2,-7,-7,-7,-8,3,1,1958,67,1,-7,2,2,1,1,1,9,-7,-7,-7,-7,7,1,1,-7,1,1,2,2,1,1,-8,2,3,1,5,2,1,1,1,1,0,1,0,0,0,0,bas25_03481,1008.5644329,1,24510,Southwest Baltimore,10,2,09:51:23,10,2,10:11:29,2,1,2,1,1,2,1,5,8,3
58,1,1,2,4,1,3,2,4,1,3,3,3,5,2,2,1,1,1,1,1,1,2,3,3,1,1,2,2,2,3,2,3,3,2,3,2,1,1,2,2,1,2,1,2,3,2,2,3,3,3,3,-7,3,3,3,3,3,3,1,1,1,1,1,1,1,1,1,1,0,0,0,0,0,0,0,0,0,0,0,1,1,1,0,1,0,0,0,0,1,0,0,0,0,0,0,0,1,0,0,0,0,0,1,0,0,0,0,1,1,0,1,0,0,0,0,0,0,5,-8,-8,-8,-8,-8,-8,-8,3,-7,-7,-7,-7,-7,-7,-7,-7,5,-7,-7,-7,100k,100k,3,2,2,2,3,3,2,2,-7,2,2,3,1,2,3,4,1,1,1,3,1,3,3,1,1,1,0,0,0,0,0,0,0,0,NA,1,1,0,0,0,1,0,0,0,0,0,3,3,2,1,1,0,0,0,1,2,NA,2,-7,-7,2,2,2,-7,-7,-7,2,4,1,1935,90,2,-7,2,2,1,1,1,1,2,-7,-7,-7,4,-8,-7,-7,-6,2,2,2,2,2,2,2,3,1,1,-7,2,2,2,2,0,0,1,0,0,0,bas25_03492,1686.3334876,2,24005,-7,9,22,19:51:05,9,22,21:17:45,1,2,1,2,-6,3,2,5,0,1
3,3,1,2,2,2,2,2,2,2,4,1,3,2,1,1,1,1,1,1,1,1,1,1,1,1,1,2,2,2,2,2,4,3,2,2,1,1,1,1,1,1,1,2,2,2,2,2,2,2,2,4,-7,3,3,3,3,3,3,1,1,1,1,3,3,2,1,1,6,0,1,0,0,0,0,0,1,0,0,0,0,0,0,0,0,0,0,0,0,1,0,0,0,0,0,0,0,1,1,0,1,0,1,1,0,0,0,0,1,1,0,0,1,1,0,1,1,0,3,1,0,0,0,0,0,0,1,4,-7,-7,-7,-7,-7,-7,-7,1,5,5,2,500000,70000,4,5,4,5,2,2,2,1,2,2,2,3,3,3,4,5,2,4,5,4,3,2,2,1,1,4,0,0,0,0,0,1,0,1,sweats,0,0,1,0,0,0,0,0,0,1,0,4,4,1,3,0,0,1,0,1,2,NA,2,-7,-7,4,1,1,0,2,1,2,6,1,1977,48,1,-7,2,2,3,3,3,8,-7,-7,-7,-7,3,2,-7,4,9,2,2,2,2,2,2,4,4,3,5,2,2,2,2,2,0,0,1,0,0,0,bas25_03496,2166.5599338,2,24005,-7,9,5,13:34:57,9,5,13:55:01,2,2,1,2,4,4,1,3,0,1
3,4,2,2,2,3,3,3,2,2,3,3,2,3,1,1,1,2,1,2,1,1,2,2,3,3,3,4,4,2,2,2,3,3,2,2,1,1,1,1,1,1,1,1,2,2,3,1,2,2,1,4,-7,3,2,3,2,2,2,1,4,-8,2,2,3,1,2,1,1,0,0,0,0,0,0,0,0,1,1,0,0,0,0,0,0,1,0,0,0,0,0,0,0,1,1,0,0,1,0,0,0,1,0,0,0,0,0,0,1,0,0,0,0,0,1,0,0,0,4,1,1,0,1,0,0,0,1,4,-7,-7,-7,-7,-7,-7,-7,2,1,2,4,90000,20000,2,2,4,5,3,3,3,2,-7,2,2,3,1,1,3,3,1,2,1,1,1,2,2,1,1,2,0,0,0,0,0,1,0,0,NA,0,0,0,0,0,0,0,0,0,0,1,5,5,1,1,0,1,0,0,-8,-8,NA,-8,-7,-7,-8,-7,-8,-7,-7,-7,-8,5,-8,-8,-8,-8,-6,-8,-8,-8,-8,-8,-8,-6,-7,-7,-7,-8,-8,-7,-7,-6,-8,-8,-8,-8,-8,-8,-8,-8,-8,-8,-7,-6,-6,-6,-6,-8,-8,-8,-8,-8,-8,bas25_03510,712.05942656,1,24510,Greater Charles Village/Barclay,8,30,18:15:36,8,30,20:10:34,2,2,1,-6,-6,3,-8,-8,4,2
7,4,1,1,2,2,3,3,3,3,3,2,3,2,1,2,1,1,1,2,1,1,1,4,1,2,1,1,2,2,3,2,4,2,2,3,2,2,2,2,2,2,2,2,2,4,4,3,4,4,4,4,-7,3,3,3,3,3,3,1,1,1,1,1,1,2,2,1,4,0,0,0,0,0,0,0,0,0,0,0,1,0,0,0,0,0,0,0,0,0,0,0,1,0,0,0,0,1,0,-8,-8,-8,-8,-8,-8,-8,1,0,1,0,0,0,0,0,0,0,0,1,2,-8,-8,-8,-8,-8,-8,-8,1,2,-7,-7,-7,-7,-7,-7,-7,1,2,1,4,300000,75000,3,3,3,4,3,3,3,2,-7,2,2,1,1,1,1,1,1,1,1,1,1,1,1,1,2,1,0,0,0,0,0,0,0,0,NA,1,0,0,0,0,0,0,0,0,0,1,5,5,2,1,1,0,0,0,2,2,NA,2,-7,-7,2,1,1,1,1,0,2,7,1,1983,42,2,-7,2,2,1,1,1,9,-7,-7,-7,-7,1,2,-7,6,11,2,2,2,2,2,2,4,2,1,1,-7,2,2,2,2,0,0,1,0,0,0,bas25_03515,358.07449805,1,24510,Midtown,8,27,19:31:11,8,27,20:10:52,2,2,1,2,4,4,2,3,0,1
2,5,3,2,2,3,3,3,3,3,3,4,3,3,3,3,4,3,3,5,5,5,4,3,2,3,3,2,2,2,3,3,3,3,3,3,1,1,1,1,1,1,1,1,2,4,4,4,5,5,5,5,-7,2,2,2,2,2,2,2,3,2,4,3,3,3,4,4,6,1,0,0,0,0,0,1,1,0,1,0,0,1,0,0,0,0,0,1,1,0,0,0,0,1,1,0,0,0,0,1,1,1,1,0,0,1,1,0,0,1,0,0,0,0,0,0,0,1,4,0,0,1,1,1,1,0,3,-7,-7,-7,-7,-7,-7,-7,-7,2,2,3,3,100000,50000,3,4,3,4,2,2,2,1,2,1,1,3,4,4,4,4,4,3,3,3,-8,4,5,2,1,4,0,1,1,0,0,0,1,0,NA,0,0,0,0,0,0,0,0,1,1,0,4,3,1,2,0,1,0,0,1,1,NA,2,-7,-7,5,1,1,0,1,0,1,3,5,2004,21,1,-7,5,2,1,1,1,8,-7,-7,-7,-7,5,1,3,-7,3,1,1,2,2,1,2,3,4,1,5,2,1,5,1,5,1,1,0,1,1,0,bas25_03530,1901.7063673,1,24510,Clifton-Berea,8,27,18:50:09,8,27,19:18:34,1,1,1,1,2,2,1,1,6,3
48,5,4,4,4,4,3,1,4,5,5,3,4,3,2,4,4,1,5,3,1,1,5,2,5,5,2,3,3,3,4,4,4,5,3,3,1,1,1,1,1,1,1,1,2,4,1,5,3,3,3,-7,1,3,3,3,3,3,3,1,4,1,1,2,1,2,1,1,1,0,0,0,0,0,0,0,0,0,0,0,1,0,0,0,0,0,0,0,0,0,0,0,1,0,0,0,1,0,1,0,0,0,1,0,0,0,0,0,1,1,0,0,0,0,1,0,0,0,1,0,0,1,0,1,0,0,2,-7,0,0,1,0,0,0,0,9,-7,-7,-7,495000,75000,4,5,4,5,3,3,3,2,-7,2,2,4,1,3,5,5,1,2,1,1,1,1,4,1,1,1,0,0,0,0,0,0,0,0,NA,1,0,0,0,0,0,0,0,0,0,1,3,1,2,1,1,0,0,0,1,2,NA,1,1,-7,3,1,2,-7,-7,-7,2,4,1,1972,53,2,-7,2,2,1,1,1,8,-7,-7,-7,-7,7,-8,-7,-7,-6,2,2,2,2,2,2,1,3,1,1,-7,-6,-6,-6,-6,0,0,0,0,0,0,bas25_03545,1616.2951807,2,24005,-7,10,4,11:49:24,10,4,12:13:19,2,1,2,-6,-6,3,2,4,0,1
1,3,1,2,2,2,3,3,2,3,2,1,3,3,2,1,2,4,5,3,2,2,1,1,3,2,2,1,1,1,1,1,1,2,2,2,1,1,1,1,1,2,1,1,2,2,5,5,2,2,3,-7,4,3,2,2,2,2,3,1,3,1,1,2,2,3,1,1,1,0,0,0,0,0,0,0,1,0,0,0,0,0,0,0,0,0,0,0,1,0,0,0,0,-8,-8,-8,-8,-8,-8,-8,-8,-8,-8,-8,-8,-8,0,0,1,1,0,0,1,0,1,0,0,0,1,-8,-8,-8,-8,-8,-8,-8,1,4,-7,-7,-7,-7,-7,-7,-7,1,4,1,4,300000,40000,3,2,4,5,2,3,3,1,2,1,1,2,1,1,1,1,1,1,1,1,1,2,2,1,1,2,0,1,0,0,0,0,0,0,NA,0,0,0,0,0,0,0,0,0,0,1,5,5,2,4,-8,-8,-8,-8,2,5,NA,2,-7,-7,1,-7,2,-7,-7,-7,2,5,2,2000,25,4,Non-binary,4,2,1,1,1,7,-7,-7,-7,-7,5,2,-7,4,9,2,2,2,2,2,2,3,3,1,1,-7,-6,-6,-6,-6,0,0,0,0,0,0,bas25_03550,187.06100639,1,24510,Midway/Coldstream,8,27,23:20:43,8,27,23:43:43,2,1,2,-6,4,3,-8,2,4,2
4,4,4,2,2,3,3,3,3,4,3,4,4,4,3,2,4,2,3,4,3,3,3,2,2,3,2,4,4,3,3,3,2,3,2,3,2,1,2,1,2,2,1,2,1,5,5,4,5,5,5,-7,4,2,1,1,1,1,2,2,4,2,3,3,3,3,2,3,1,0,0,0,0,0,0,0,1,0,0,0,0,0,0,0,0,0,0,0,1,0,0,0,0,0,0,0,1,0,0,0,0,0,1,1,1,0,0,0,1,1,0,0,1,0,0,0,0,0,3,-8,-8,-8,-8,-8,-8,-8,1,2,-7,-7,-7,-7,-7,-7,-7,1,1,4,3,100000,25000,4,4,4,2,2,2,2,2,-7,1,2,4,3,3,4,5,4,4,4,3,3,5,3,2,2,4,0,0,0,0,0,0,0,0,NA,1,1,1,0,0,0,1,0,1,1,0,4,5,1,3,1,1,0,0,1,2,NA,2,-7,-7,5,1,1,2,1,0,1,4,4,1972,53,2,-7,2,2,1,1,1,4,-7,-7,1,-7,9,1,2,-7,2,2,2,2,2,1,2,2,3,2,3,-7,2,2,2,2,0,0,1,0,0,0,bas25_03563,1577.659481,1,24510,Glen-Fallstaff,9,10,11:21:31,9,10,12:05:34,2,2,2,2,1,3,2,4,10,3
12,5,1,2,2,2,3,3,2,-8,-8,2,3,2,2,2,2,1,2,-8,-8,2,2,3,2,3,2,2,2,2,4,4,3,4,3,3,-8,-8,-8,-8,-8,-8,-8,-8,2,5,2,3,4,3,4,-7,3,3,3,3,3,3,3,1,1,1,1,3,3,2,1,1,2,0,0,0,0,0,0,0,0,0,0,0,1,0,0,0,0,0,0,0,0,0,0,0,1,-8,-8,-8,-8,-8,-8,0,0,0,0,1,0,0,0,0,1,1,0,0,0,0,0,0,0,1,2,-8,-8,-8,-8,-8,-8,-8,3,-7,-7,-7,-7,-7,-7,-7,-7,5,-7,-7,-7,NA,NA,2,2,3,2,3,3,3,2,-7,2,2,2,1,1,1,2,1,1,1,1,1,2,2,1,1,1,0,0,0,0,0,0,0,0,NA,1,-8,-8,-8,-8,-8,-8,-8,-8,-8,-8,1,1,2,1,1,0,0,0,1,2,NA,-8,-7,-7,2,2,2,-7,-7,-7,2,4,1,1958,67,1,-7,2,2,1,1,1,1,2,-7,-7,-7,-8,-8,-7,-7,-6,2,2,2,2,2,2,2,1,1,1,-7,2,2,2,2,0,0,1,0,0,0,bas25_03570,1006.3942272,2,24005,-7,8,27,18:41:30,8,27,19:02:23,2,2,2,2,-6,3,1,5,0,1
4,3,2,2,3,2,4,4,4,4,3,1,3,2,1,2,2,1,2,1,1,1,1,2,1,4,1,2,1,1,2,2,4,3,3,4,1,1,1,2,2,2,2,2,2,3,3,3,4,4,3,4,-7,2,2,2,3,2,1,1,2,1,2,3,1,2,3,1,1,0,0,0,1,0,0,0,1,0,1,0,0,0,1,1,1,0,0,0,1,1,0,0,0,0,0,1,0,0,0,0,1,0,1,0,1,0,1,0,0,1,0,0,1,1,0,1,1,0,2,-8,-8,-8,-8,-8,-8,-8,3,-7,-7,-7,-7,-7,-7,-7,-7,1,1,3,4,200000,60000,2,3,2,4,3,3,3,2,-7,2,2,1,1,1,1,1,1,1,1,1,1,2,3,2,2,1,0,1,0,1,0,0,1,0,NA,0,0,0,0,0,0,0,0,0,0,1,5,5,1,2,1,0,0,0,2,2,NA,2,-7,-7,1,-7,2,-7,-7,-7,2,7,5,1991,34,1,-7,2,2,1,1,1,9,-7,-7,-7,-7,2,2,-7,4,9,2,2,2,2,2,2,5,2,1,1,-7,2,2,2,2,0,0,1,0,0,0,bas25_03580,217.00101126,1,24510,Inner Harbor/Federal Hill,8,28,10:07:59,8,28,10:43:43,2,1,1,2,4,4,1,2,6,3
2,5,1,2,2,2,3,3,2,3,2,1,2,2,1,1,1,1,2,2,1,1,1,3,2,3,1,1,1,2,3,3,3,3,3,3,1,1,1,1,1,1,1,1,2,3,4,3,3,4,3,-7,4,2,3,2,3,3,3,1,2,1,2,2,1,2,2,1,1,0,0,0,0,0,0,0,1,0,0,0,0,0,0,0,0,0,0,0,1,1,0,0,0,-8,-8,-8,-8,-8,-8,0,1,0,0,1,1,1,0,0,1,1,0,1,0,1,0,1,0,0,2,0,0,0,0,1,0,0,1,3,-7,-7,-7,-7,-7,-7,-7,1,2,3,3,125000,50000,3,2,3,4,3,3,3,2,-7,2,2,3,1,1,1,2,2,3,2,1,1,3,3,1,1,1,0,0,0,0,0,1,0,0,NA,0,0,1,0,0,0,0,0,0,0,0,1,1,1,1,1,0,0,0,2,2,NA,2,-7,-7,2,2,1,1,0,0,2,7,1,1992,33,2,-7,2,2,3,3,3,6,-7,-7,-7,-7,4,1,5,1,5,2,2,2,2,2,2,4,3,3,5,2,3,4,3,4,0,0,0,0,1,0,bas25_03595,1228.6324438,2,24005,-7,8,31,13:12:54,8,31,13:43:59,2,1,2,3,2,4,2,2,2,2
5,4,2,3,3,2,3,1,2,2,3,1,1,3,2,1,2,3,2,2,2,2,2,1,2,2,1,3,3,3,4,4,4,5,2,1,1,1,1,1,1,1,1,1,2,2,5,3,1,4,4,4,-7,3,3,3,3,3,3,2,1,1,1,2,1,3,2,1,1,1,0,0,0,0,0,1,1,0,0,0,0,1,1,1,0,1,0,1,0,0,0,0,0,0,0,0,1,0,0,0,1,0,1,0,0,0,0,0,1,0,1,0,0,0,0,0,0,1,4,1,0,0,0,1,0,0,1,3,-7,-7,-7,-7,-7,-7,-7,1,3,4,3,100000,100000,4,4,4,5,1,1,1,1,1,1,1,4,5,5,5,5,5,4,4,2,2,3,2,1,1,2,0,0,0,0,0,0,1,0,NA,0,0,0,0,0,0,0,0,0,0,1,3,1,1,3,0,1,0,0,1,4,NA,2,-7,-7,3,2,1,0,1,0,1,3,5,1997,28,2,-7,2,2,1,1,1,9,-7,-7,-7,-7,1,1,5,-7,5,2,2,2,2,2,2,3,3,1,1,-7,1,1,1,1,0,1,0,0,0,0,bas25_03629,3159.836381,1,24510,Clifton-Berea,8,29,19:22:38,8,29,19:51:38,1,2,1,1,2,2,2,2,0,1
17,3,3,2,3,1,3,3,3,4,3,1,3,2,1,1,1,1,1,1,1,1,1,3,3,3,1,3,1,2,3,3,4,3,3,4,1,1,1,1,1,1,1,1,2,2,1,2,2,2,2,-7,3,3,3,3,3,3,3,1,1,1,2,1,2,3,1,1,2,1,0,0,0,0,0,0,0,0,0,0,0,0,0,0,0,0,0,0,0,1,0,0,0,0,0,0,0,0,1,0,0,0,0,0,1,0,0,0,1,1,0,1,0,0,0,0,0,0,3,-8,-8,-8,-8,-8,-8,-8,3,-7,-7,-7,-7,-7,-7,-7,-7,5,-7,-7,-7,200000,40000,3,4,2,4,3,3,3,2,-7,2,2,1,1,1,1,1,1,1,1,1,1,1,3,1,1,2,0,0,0,1,0,0,0,0,NA,0,1,1,0,0,0,0,0,0,0,0,5,5,2,1,1,0,0,0,2,2,NA,2,-7,-7,3,2,2,-7,-7,-7,1,7,1,1946,79,2,-7,2,2,1,1,1,9,-7,-7,-7,-7,2,1,4,-7,4,1,1,2,2,1,2,3,4,1,1,-7,2,2,2,2,0,0,1,0,0,0,bas25_03633,871.85774926,2,24005,-7,8,27,15:58:22,8,27,16:32:33,2,2,2,2,2,4,2,5,0,1
22,4,4,3,3,3,3,2,3,3,3,3,4,3,2,3,2,2,3,2,1,2,4,3,2,2,1,3,2,3,3,3,4,1,3,3,-8,-8,-8,-8,-8,-8,-8,-8,2,5,3,3,4,4,4,4,-7,3,3,3,3,3,3,1,4,1,1,2,2,3,1,5,2,1,0,0,0,0,0,1,1,0,0,0,0,0,0,0,0,0,0,0,1,0,0,0,0,0,1,0,0,0,0,0,1,0,0,0,1,0,0,1,1,0,0,0,0,0,1,0,0,0,4,0,0,0,0,0,1,0,2,-7,0,0,1,0,0,0,0,1,1,4,2,1,1,4,5,4,5,2,2,2,2,-7,2,2,2,3,4,5,4,3,3,3,2,2,3,3,1,1,2,0,0,0,0,0,1,0,0,NA,0,1,0,0,0,0,0,0,0,0,0,5,5,2,2,1,0,0,0,1,2,NA,1,3,-8,3,1,2,-7,-7,-7,2,5,1,1979,46,2,-7,2,2,3,-8,3,9,-7,-7,-7,-7,3,1,5,-7,5,2,2,2,2,2,2,3,2,1,1,-7,1,1,1,1,0,1,0,0,0,0,bas25_03635,1804.6483717,1,24510,Glen-Fallstaff,9,3,08:35:38,9,3,09:17:14,2,2,1,1,2,3,2,3,0,1
17,3,3,4,4,4,1,1,5,4,3,5,2,3,3,3,5,1,2,5,3,5,3,3,4,3,4,3,5,3,4,4,4,4,5,4,1,1,1,1,1,1,1,2,2,5,5,4,5,5,5,-7,5,3,3,3,3,2,3,1,3,2,3,2,2,3,1,1,2,0,0,0,0,0,0,1,1,0,1,0,0,1,0,0,0,1,0,1,1,1,1,0,0,0,0,0,0,0,1,0,0,1,1,1,1,0,0,0,1,1,0,0,1,1,0,0,0,0,3,-8,-8,-8,-8,-8,-8,-8,1,2,-7,-7,-7,-7,-7,-7,-7,4,-7,-7,-7,100000,NA,4,5,4,5,3,3,3,2,-7,2,2,1,1,3,1,2,4,1,1,1,1,3,4,2,1,2,0,1,0,1,1,1,1,0,NA,0,0,0,0,0,0,0,0,1,0,0,3,5,1,2,0,1,0,0,1,2,NA,2,-7,-7,2,1,2,-7,-7,-7,2,3,5,2002,23,1,-7,2,2,1,1,1,9,-7,-7,-7,-7,1,1,1,-7,1,1,2,2,2,2,2,3,3,1,5,1,1,1,1,1,0,1,0,0,0,0,bas25_03642,1408.615382,1,24510,Westport/Mount Winans/Lakeland,8,27,18:15:43,8,27,18:40:34,1,2,2,1,1,2,1,1,1,1
34,3,2,2,3,3,3,2,3,5,4,3,4,3,3,3,3,2,1,3,1,3,1,1,1,4,1,1,1,3,3,3,4,3,4,4,1,1,1,1,1,2,2,2,1,5,4,3,4,4,4,3,-7,3,3,3,3,3,3,1,3,1,2,2,3,3,2,2,1,1,0,0,0,0,0,0,0,0,1,0,0,1,1,0,0,1,0,0,0,1,1,0,0,-8,-8,-8,-8,-8,-8,-8,-8,-8,-8,-8,-8,-8,0,0,1,1,0,0,0,0,0,0,0,1,1,-8,-8,-8,-8,-8,-8,-8,3,-7,-7,-7,-7,-7,-7,-7,-7,2,5,4,3,250000,75000,4,4,3,4,3,3,3,2,-7,2,2,3,2,1,2,2,1,2,1,1,1,2,3,1,1,2,0,1,0,1,1,1,0,0,NA,0,1,1,0,0,0,0,0,1,0,0,5,5,2,1,1,0,0,0,1,2,NA,2,-7,-7,3,1,2,-7,-7,-7,2,3,1,1968,57,1,-7,2,2,1,1,1,2,-7,-7,-7,-7,2,2,-7,2,7,2,2,2,2,2,2,3,3,3,5,2,2,2,2,2,0,0,1,0,0,0,bas25_03644,1869.7516015,2,24005,-7,8,28,11:14:58,8,28,11:52:28,1,1,1,2,3,2,1,4,0,1
3,2,1,2,2,2,3,3,3,4,3,3,3,3,2,1,1,2,1,1,1,1,1,2,1,3,1,6,-7,2,3,3,3,4,2,3,1,1,1,1,1,1,1,2,1,5,5,3,4,4,4,2,-7,3,2,3,2,2,3,1,4,2,1,2,1,2,1,1,1,1,0,0,0,0,0,0,0,0,0,0,0,1,1,0,0,1,0,0,0,0,0,0,0,-8,-8,-8,-8,-8,-8,0,0,0,0,0,1,0,0,0,1,1,0,0,0,0,0,0,0,1,1,-8,-8,-8,-8,-8,-8,-8,1,2,-7,-7,-7,-7,-7,-7,-7,5,-7,-7,-7,150000,25000,3,4,4,3,2,3,3,2,-7,2,2,1,2,1,1,1,2,1,1,1,1,4,2,1,1,1,0,0,0,0,0,0,0,0,NA,1,1,1,0,0,1,0,0,0,0,0,5,5,1,1,0,1,0,0,1,2,NA,2,-7,-7,1,-7,2,-7,-7,-7,1,7,2,1961,64,2,-7,3,2,1,1,1,9,-7,-7,-7,-7,1,1,1,-7,1,1,1,1,1,2,2,3,3,1,1,-7,2,2,2,2,0,0,1,0,0,0,bas25_03648,167.31308596,1,24510,The Waverlies,8,30,15:34:35,8,30,16:09:17,1,2,1,2,1,4,2,4,3,2
0,2,2,2,2,2,2,2,3,3,3,3,3,3,2,2,3,2,1,3,1,1,2,2,2,2,1,1,1,2,1,1,1,3,1,2,-8,-8,-8,-8,-8,-8,-8,-8,2,3,3,1,4,3,3,5,-7,2,2,2,2,2,2,2,3,1,2,3,1,2,1,1,1,0,0,0,0,0,0,0,0,0,0,0,1,0,0,0,0,0,0,0,0,0,0,1,0,-8,-8,-8,-8,-8,-8,0,1,0,0,0,0,0,0,0,1,0,1,0,0,0,0,0,0,1,2,-8,-8,-8,-8,-8,-8,-8,1,2,-7,-7,-7,-7,-7,-7,-7,1,1,3,3,NA,NA,2,2,2,2,2,3,3,2,-7,2,2,2,3,3,3,3,3,1,1,1,1,1,1,1,-8,1,0,0,0,0,0,0,0,0,NA,1,0,0,0,0,0,0,0,0,0,1,1,3,1,1,1,0,0,0,1,3,5G,2,-7,-7,1,-7,2,-7,-7,-7,2,7,2,1983,42,2,-7,-8,2,3,3,3,2,-7,-7,-7,-7,7,1,5,-7,5,-8,-8,-8,-8,-8,-8,-8,2,-8,5,-8,2,2,2,2,0,0,1,0,0,0,bas25_03650,242.16742806,1,24510,Inner Harbor/Federal Hill,8,28,08:18:29,9,6,21:54:40,2,2,1,2,2,4,2,3,6,3
8,5,1,1,2,2,4,4,2,2,2,1,2,2,1,1,1,1,1,1,1,1,1,1,1,2,1,1,1,1,1,1,4,2,2,2,1,1,1,1,1,1,1,2,2,2,3,3,3,3,3,3,-7,3,3,3,3,3,3,1,1,1,1,2,1,1,1,1,1,1,1,0,0,0,0,0,1,1,0,0,0,1,1,1,1,1,0,1,1,1,0,0,0,-8,-8,-8,-8,-8,-8,-8,-8,-8,-8,-8,-8,-8,0,0,1,1,0,0,0,0,0,0,0,1,1,-8,-8,-8,-8,-8,-8,-8,3,-7,-7,-7,-7,-7,-7,-7,-7,5,-7,-7,-7,400000,50000,2,2,2,4,3,3,3,2,-7,2,2,1,1,1,1,1,1,1,1,1,1,1,1,1,1,1,0,0,0,0,0,0,0,0,NA,1,1,0,0,0,0,0,0,0,0,0,1,5,2,1,1,0,0,0,1,2,NA,2,-7,-7,2,2,2,-7,-7,-7,2,7,1,1946,79,1,-7,2,2,1,1,1,8,-7,-7,-7,-7,2,2,-7,6,11,2,2,2,2,2,2,5,2,1,1,-7,2,2,2,2,0,0,1,0,0,0,bas25_03662,193.34434416,1,24510,North Baltimore/Guilford/Homeland,8,27,15:46:58,-9,-9,NA:NA:NA,2,2,1,2,4,4,1,5,0,1
22,4,2,2,3,2,3,3,4,4,4,3,3,3,1,3,2,1,3,2,2,2,2,2,4,3,2,1,1,3,4,2,4,3,3,3,1,1,1,1,1,1,2,1,2,4,5,4,5,4,4,-7,5,3,3,3,3,3,3,1,1,1,3,2,1,2,1,1,3,0,0,0,1,0,0,0,1,1,1,0,0,0,0,0,1,1,0,0,1,1,0,0,0,0,0,0,0,1,1,0,0,1,1,1,1,0,0,0,1,1,0,0,0,1,1,1,0,0,5,0,0,1,0,0,0,0,3,-7,-7,-7,-7,-7,-7,-7,-7,9,-7,-7,-7,200000,12000,4,4,4,5,1,2,3,1,2,1,2,2,3,1,5,4,3,1,1,1,3,2,3,1,1,1,0,1,0,0,0,0,0,0,NA,0,0,0,0,0,0,0,0,0,1,0,5,5,2,4,0,1,0,0,1,2,NA,2,-7,-7,2,2,2,-7,-7,-7,2,7,5,1958,67,2,-7,2,2,1,1,1,1,5,-7,-7,-7,6,1,1,-7,1,1,1,2,2,2,2,5,2,1,1,-7,1,1,1,1,0,1,0,0,0,0,bas25_03666,555.77593887,1,24510,Greater Lauraville,8,31,14:23:28,8,31,14:46:39,1,1,2,1,1,4,2,5,0,1
35,3,1,2,2,2,3,2,2,4,-8,2,3,3,2,2,1,1,1,-8,-8,-8,1,-8,1,3,1,3,3,3,3,3,3,4,-8,-8,1,1,1,1,2,1,2,1,2,5,5,2,5,5,5,2,-7,3,3,3,3,2,3,1,1,1,1,2,3,2,1,1,1,1,0,0,0,0,0,0,0,0,0,0,0,1,0,0,0,0,0,0,0,0,0,0,0,0,0,0,1,0,0,-8,-8,-8,-8,-8,-8,-8,0,0,1,0,0,0,0,0,1,0,0,0,1,1,0,0,0,0,0,0,2,-7,0,0,1,0,0,0,0,5,-7,-7,-7,100000,25000,4,4,4,5,2,3,3,2,-7,2,2,3,3,1,3,3,3,2,2,1,1,3,2,1,1,2,0,0,0,1,0,0,0,0,NA,0,1,1,0,0,0,0,0,0,1,0,4,4,2,1,1,0,0,0,1,1,NA,2,-7,-7,-8,-7,2,-7,-7,-7,2,4,3,1939,86,1,-7,2,2,3,3,3,9,-7,-7,-7,-7,1,1,2,-7,2,2,2,2,1,2,2,1,1,3,5,2,2,2,2,2,0,0,1,0,0,0,bas25_03672,169.0787488,1,24510,Cedonia/Frankford,10,2,14:10:50,10,2,15:23:20,1,1,1,2,1,3,1,5,1,1
1,3,2,2,2,2,3,3,3,4,3,3,2,3,3,2,2,1,1,2,1,-8,1,2,2,2,2,1,1,3,4,4,4,4,5,5,2,2,2,2,2,2,2,2,2,4,3,3,5,5,5,-7,4,2,2,2,2,2,2,1,4,2,1,2,3,1,1,1,1,0,0,0,0,0,0,0,1,0,0,0,0,0,0,0,0,1,0,0,0,0,0,0,0,-8,-8,-8,-8,-8,-8,-8,-8,-8,-8,-8,-8,-8,-8,-8,-8,-8,-8,-8,-8,-8,-8,-8,-8,-8,1,-8,-8,-8,-8,-8,-8,-8,1,4,-7,-7,-7,-7,-7,-7,-7,6,-7,-7,-7,200000,50000,4,3,2,4,3,3,3,2,-7,2,2,1,1,1,1,1,1,1,1,1,1,2,2,2,2,1,-8,-8,-8,-8,-8,-8,-8,-8,NA,-8,-8,-8,-8,-8,-8,-8,-8,-8,-8,-8,5,5,1,1,0,1,0,0,1,2,NA,2,-7,-7,4,2,2,-7,-7,-7,2,7,5,2002,23,2,-7,2,2,3,3,3,9,-7,-7,-7,-7,1,2,-7,1,6,2,2,2,2,2,2,3,3,3,5,2,3,4,3,4,0,0,0,0,1,0,bas25_03685,476.59796585,1,24510,Downtown/Seton Hill,9,4,15:12:46,9,4,15:24:12,1,2,2,3,3,4,2,1,6,3
0,3,1,3,3,3,2,2,3,4,5,3,5,3,2,2,4,3,2,3,2,2,1,2,2,3,1,1,4,3,4,4,4,5,3,3,1,1,1,1,1,1,2,2,2,5,4,3,5,5,5,-7,1,3,2,2,3,3,2,2,2,2,2,2,1,2,1,1,7,1,0,1,0,0,0,0,0,0,0,0,0,1,1,1,0,0,0,0,1,1,0,0,0,1,0,0,1,1,0,1,1,1,1,1,0,0,0,0,1,0,1,1,1,1,0,1,1,0,5,0,0,0,0,0,1,0,1,3,-7,-7,-7,-7,-7,-7,-7,1,1,1,3,500000,35000,4,5,3,3,3,2,2,1,2,1,2,4,2,4,4,4,4,3,3,1,3,3,3,1,1,4,0,1,0,0,0,1,0,0,NA,0,1,0,0,0,1,0,0,1,1,0,2,1,1,1,1,0,0,0,1,2,NA,2,-7,-7,2,2,1,0,1,0,1,5,5,1988,37,1,-7,3,2,1,1,1,8,-7,-7,-7,-7,4,1,4,-7,4,2,1,1,1,2,2,2,1,1,1,-7,1,1,1,1,0,1,0,0,0,0,bas25_03690,908.85758031,1,24510,Hamilton Hills,8,27,16:09:00,8,27,18:19:58,2,1,2,1,2,3,1,3,3,2
0,3,1,1,1,2,4,4,1,3,3,1,1,1,1,1,1,1,1,1,1,1,1,1,1,3,1,2,1,2,4,3,4,5,1,2,1,1,1,1,1,1,1,1,2,5,5,4,5,4,4,-7,4,3,3,3,3,3,3,1,3,1,1,2,2,1,1,1,2,1,0,0,0,0,0,0,0,0,0,0,0,1,1,1,1,1,1,1,1,1,1,0,0,-8,-8,-8,-8,-8,-8,-8,-8,-8,-8,-8,-8,-8,0,0,0,1,1,1,1,0,0,1,1,0,1,-8,-8,-8,-8,-8,-8,-8,1,3,-7,-7,-7,-7,-7,-7,-7,1,1,5,4,200000,45000,4,3,4,4,1,2,2,1,2,1,1,2,4,2,3,4,1,3,2,1,1,4,4,1,1,1,0,0,0,0,0,0,0,0,NA,1,1,0,0,0,0,0,0,1,1,0,3,4,1,1,1,0,0,0,1,2,NA,2,-7,-7,3,1,1,2,0,2,2,3,5,1980,45,1,-7,2,2,1,1,1,9,-7,-7,-7,-7,1,1,4,-7,4,2,1,2,2,2,2,3,4,1,5,1,1,1,1,1,0,1,0,0,0,0,bas25_03694,1902.5253324,1,24510,The Waverlies,8,29,17:23:53,8,29,17:49:47,2,2,2,1,2,2,1,3,0,1
33,5,3,3,3,3,3,2,4,4,4,4,4,3,1,1,4,2,4,5,4,5,4,4,4,4,4,4,4,3,4,3,3,3,2,3,2,2,2,2,2,2,2,2,2,5,3,4,5,5,5,5,-7,3,3,3,1,3,3,1,4,1,3,2,2,3,4,2,1,1,0,0,0,0,0,0,0,0,0,0,0,0,0,0,0,0,0,0,1,0,0,0,0,0,1,0,0,0,0,0,0,0,1,1,0,1,1,0,1,0,0,0,0,0,0,1,0,0,4,0,0,0,0,1,1,0,1,4,-7,-7,-7,-7,-7,-7,-7,1,3,3,4,100000,1,3,3,3,4,1,2,2,2,-7,1,1,2,2,1,1,1,1,1,2,2,2,3,4,2,2,1,0,0,0,1,0,0,0,0,NA,0,0,1,0,0,0,0,0,0,0,0,3,2,1,1,1,0,0,0,1,2,NA,2,-7,-7,2,1,1,2,0,1,2,3,5,1992,33,2,-7,2,2,1,1,1,9,-7,-7,-7,-7,1,1,5,-7,5,1,2,2,2,2,2,4,2,1,3,-7,1,1,1,1,0,1,0,0,0,0,bas25_03703,1743.4123405,1,24510,Greater Mondawmin,9,20,10:26:28,9,20,10:58:04,2,1,1,1,2,2,2,2,2,2
8,5,3,3,3,4,4,2,3,5,2,4,4,2,2,2,4,1,2,2,2,1,1,2,2,3,2,2,4,3,3,3,3,3,3,3,1,1,1,1,2,1,2,2,2,5,4,4,5,5,5,-7,4,3,3,3,3,3,3,1,1,1,2,2,1,3,1,1,2,0,0,0,0,0,0,0,0,0,0,0,1,0,0,0,0,0,0,0,0,1,0,0,0,-8,-8,-8,-8,-8,-8,0,0,1,0,0,0,0,0,1,1,0,0,0,0,0,0,0,0,1,2,-8,-8,-8,-8,-8,-8,-8,2,-7,0,0,1,0,0,0,0,1,4,4,3,130000,75000,4,2,3,4,3,3,3,2,-7,2,2,2,1,1,1,1,1,1,1,2,1,3,2,1,1,1,0,0,0,0,0,0,0,0,NA,1,0,0,0,0,0,0,0,0,0,1,4,5,2,1,0,1,1,0,2,2,NA,2,-7,-7,7,1,2,-7,-7,-7,1,7,1,1983,42,1,-7,2,2,1,1,3,4,-7,-7,5,Traditional,1,2,-7,6,11,2,2,2,2,2,2,3,3,1,1,-7,2,2,2,2,0,0,1,0,0,0,bas25_03705,635.23374349,1,24510,Greater Charles Village/Barclay,8,27,19:51:29,8,27,20:15:17,2,1,2,2,4,4,1,3,0,1
40,4,2,3,3,3,3,2,3,3,4,4,3,3,3,3,3,1,1,2,1,2,1,3,2,3,4,6,-7,3,3,4,2,4,4,4,2,1,1,1,2,2,2,2,1,5,2,2,3,3,4,2,-7,3,3,3,3,2,2,1,5,1,2,2,3,2,2,1,2,1,0,0,0,0,0,0,1,1,0,0,0,1,0,0,0,0,0,1,1,1,0,0,0,0,0,0,0,0,1,0,0,0,1,1,1,0,0,0,1,1,0,0,0,0,0,0,0,1,1,1,1,0,0,0,0,0,1,2,-7,-7,-7,-7,-7,-7,-7,5,-7,-7,-7,NA,NA,3,3,3,4,2,2,2,1,1,1,1,2,4,3,3,3,2,2,2,1,3,4,4,1,1,5,0,0,0,1,0,0,1,1,Migraines,0,0,0,0,1,1,0,0,0,1,0,1,1,2,1,1,0,0,0,1,2,NA,2,-7,-7,3,2,1,1,0,0,1,6,2,1959,66,1,-7,2,2,1,1,1,8,-7,-7,-7,-7,3,2,-7,1,6,2,1,2,1,2,2,-8,1,1,1,-7,2,2,2,2,0,0,1,0,0,0,bas25_03706,1329.3645069,2,24005,-7,10,2,12:57:35,10,2,13:32:14,2,1,1,2,3,4,1,5,2,2
23,3,1,2,3,2,4,3,2,2,3,2,3,3,2,1,1,1,1,1,1,1,1,2,2,1,1,3,3,2,2,2,4,2,-8,-8,-8,-8,-8,-8,-8,-8,-8,-8,2,4,5,-8,4,4,4,3,-7,3,3,3,3,3,3,1,1,1,1,3,3,2,1,1,1,1,0,0,0,0,0,0,1,0,0,0,0,0,0,0,0,0,0,0,1,0,0,0,0,-8,-8,-8,-8,-8,-8,-8,-8,-8,-8,-8,-8,-8,-8,-8,-8,-8,-8,0,0,0,0,0,0,1,1,-8,-8,-8,-8,-8,-8,-8,3,-7,-7,-7,-7,-7,-7,-7,-7,5,-7,-7,-7,NA,NA,4,4,4,4,3,3,3,2,-7,2,2,1,1,1,1,1,1,1,1,1,1,2,1,1,1,1,0,0,0,0,0,0,0,0,NA,1,-8,-8,-8,-8,-8,-8,-8,-8,-8,-8,5,3,2,1,1,0,0,0,1,2,NA,-8,-7,-7,1,-7,2,-7,-7,-7,2,6,3,-8,-8,1,-7,2,2,1,1,1,-8,-6,-7,-7,-7,-8,2,-7,-8,-6,2,2,2,2,2,2,-8,2,1,1,-7,-6,-6,-6,-6,-8,-8,-8,-8,-8,0,bas25_03718,146.76810569,1,24510,Greater Roland Park/Poplar Hill,9,7,21:32:53,9,7,22:04:52,1,1,1,-6,-6,4,1,-8,0,1
5,2,5,4,2,4,2,1,3,3,4,2,1,4,4,4,4,4,3,4,4,4,4,2,2,4,2,4,3,4,2,2,3,2,4,3,2,1,1,1,-8,1,1,2,2,4,4,2,3,4,4,-7,3,2,1,2,1,1,2,2,4,2,2,2,1,3,2,2,3,0,0,0,0,1,0,0,0,0,0,0,0,0,0,0,0,1,1,1,1,0,0,0,0,0,1,0,0,0,0,0,0,1,1,0,0,0,0,1,1,0,0,0,1,1,0,0,0,0,4,0,0,0,0,1,0,1,2,-7,0,0,0,0,0,0,1,4,-7,-7,-7,1000,100,3,3,2,3,1,2,2,1,1,1,1,3,3,3,3,3,3,3,3,4,2,3,3,1,1,4,0,0,1,1,1,0,0,0,NA,0,0,0,0,0,1,0,0,1,1,0,4,1,1,2,0,1,0,0,2,2,NA,2,-7,-7,1,-7,1,0,1,0,1,3,5,1997,28,1,-7,3,2,1,1,1,2,-7,-7,-7,-7,7,1,1,-7,1,1,1,1,2,2,2,2,1,2,3,-7,1,1,1,1,0,1,0,0,0,0,bas25_03719,960.40281661,1,24510,Southwest Baltimore,9,5,01:04:00,9,5,01:45:07,2,1,2,1,1,2,1,2,9,3
20,3,2,3,3,3,3,3,3,2,3,2,3,2,1,1,2,1,1,1,1,1,2,3,2,1,1,1,1,3,2,2,2,2,2,2,2,2,2,2,2,2,2,2,2,3,4,4,4,4,3,-7,4,3,3,3,3,3,3,1,4,1,3,1,1,3,1,1,1,1,0,0,0,0,0,0,0,0,0,0,0,1,0,0,0,0,0,0,0,0,0,0,0,-8,-8,-8,-8,-8,-8,-8,-8,-8,-8,-8,-8,-8,0,0,1,1,0,-8,-8,-8,-8,-8,-8,-8,1,-8,-8,-8,-8,-8,-8,-8,2,-7,-8,-8,-8,-8,-8,-8,-8,1,1,1,4,200000,30000,2,2,2,1,3,3,3,2,-7,2,2,3,3,3,3,3,3,1,1,1,1,3,2,2,2,1,0,0,0,0,0,0,0,0,NA,1,0,0,0,0,0,0,0,0,0,1,3,3,1,1,1,0,0,0,2,2,NA,2,-7,-7,4,1,1,0,0,1,2,4,5,1976,49,2,-7,2,2,1,1,1,9,-7,-7,-7,-7,1,2,-7,3,8,2,1,2,2,2,2,3,4,1,1,-7,2,2,2,2,0,0,1,0,0,0,bas25_03724,1870.8193948,2,24005,-7,8,27,15:22:48,8,27,15:41:39,2,2,2,2,4,3,2,3,0,1
0,3,1,1,1,1,1,1,1,1,1,1,1,1,1,1,1,1,1,1,1,1,1,1,1,1,1,1,1,1,2,2,2,1,2,2,1,1,1,1,1,1,1,1,1,4,4,1,3,3,3,-7,3,3,3,3,3,3,-8,1,1,1,1,2,2,1,1,1,3,0,0,0,1,1,0,1,0,1,0,1,0,1,0,1,0,0,0,1,0,0,0,0,0,-8,-8,-8,-8,-8,-8,-8,-8,-8,-8,-8,-8,-8,-8,-8,-8,-8,-8,-8,-8,-8,-8,-8,-8,-8,1,-8,-8,-8,-8,-8,-8,-8,1,4,-7,-7,-7,-7,-7,-7,-7,1,3,1,4,1000000,50000,3,4,2,3,3,3,3,2,-7,2,2,2,2,1,1,1,1,1,1,1,1,1,2,2,-8,3,-8,-8,-8,-8,-8,-8,-8,-8,NA,-8,-8,-8,-8,-8,-8,-8,-8,-8,-8,-8,5,5,1,1,-8,-8,-8,-8,1,2,NA,2,-7,-7,1,-7,2,-7,-7,-7,2,7,5,2000,25,2,-7,2,2,1,1,3,9,-7,-7,-7,-7,1,2,-7,6,11,2,2,2,2,2,2,3,4,1,1,-7,2,2,2,2,0,0,1,0,0,0,bas25_03727,665.57005002,2,24005,-7,9,5,19:33:45,9,5,19:41:32,1,2,2,2,4,4,2,2,0,1
20,4,1,2,3,1,3,1,4,3,3,1,3,2,2,1,1,1,2,1,1,1,1,3,2,2,1,1,1,3,2,2,2,2,2,-8,1,1,1,1,1,1,1,1,2,2,-8,2,-8,2,4,4,-7,3,3,3,3,3,3,1,3,1,1,2,1,1,1,1,1,0,0,0,0,0,0,0,0,0,0,0,1,1,0,0,1,1,0,1,1,1,0,0,0,0,0,1,0,0,0,0,0,0,1,1,1,0,0,0,1,1,0,1,0,1,0,0,1,0,4,0,0,0,1,0,0,0,2,-7,0,0,1,0,1,0,0,5,-7,-7,-7,10000,2000,3,4,3,5,2,3,3,2,-7,2,2,2,5,5,5,5,5,5,5,4,2,3,2,1,1,2,0,0,0,0,0,0,0,0,NA,1,1,1,0,0,1,0,0,0,0,0,5,4,2,4,1,0,0,0,2,2,NA,2,-7,-7,2,2,2,-7,-7,-7,2,6,1,1955,70,1,-7,2,2,3,3,3,2,-7,-7,-7,-7,9,2,-7,1,6,2,2,2,2,2,2,3,3,1,1,-7,3,4,3,4,0,0,0,0,1,0,bas25_03728,345.57557884,2,24005,-7,8,28,01:06:00,9,11,16:46:03,2,1,1,3,3,4,1,5,0,1
23,4,2,2,2,2,3,3,2,3,3,2,3,2,1,1,2,1,1,1,1,1,2,2,2,2,2,2,2,3,3,3,3,3,2,3,1,1,1,1,1,2,2,2,2,4,4,4,4,4,4,4,-7,3,3,3,3,3,3,1,4,1,2,2,1,3,1,1,1,0,0,0,0,0,0,0,0,0,0,0,1,1,0,0,0,0,0,1,1,0,0,0,0,0,0,0,1,0,0,0,0,1,0,1,1,0,0,0,1,0,0,0,1,0,0,0,1,0,2,1,0,0,1,0,0,0,3,-7,-7,-7,-7,-7,-7,-7,-7,1,3,3,4,200000,30000,3,3,4,4,3,3,3,2,-7,2,2,2,1,1,2,1,1,1,1,1,2,3,3,1,1,1,0,0,0,0,0,0,0,0,NA,1,1,0,0,0,0,0,0,0,0,0,3,3,2,4,0,1,0,0,1,2,NA,1,1,-7,2,1,1,0,1,0,2,6,1,1981,44,1,-7,2,2,1,1,1,9,-7,-7,-7,-7,2,2,-7,4,9,2,2,2,2,2,2,3,2,1,1,-7,1,1,1,1,0,1,0,0,0,0,bas25_03730,603.07196266,1,24510,Greater Govans,9,5,15:20:25,9,5,15:49:39,1,1,1,1,4,4,1,3,0,1
6,4,1,1,2,2,4,3,2,3,3,2,3,3,2,2,2,1,1,1,1,1,1,3,1,3,1,1,1,3,3,2,3,2,3,3,1,1,1,1,2,1,2,1,2,2,3,3,2,2,2,-7,2,3,3,3,3,3,3,1,2,1,1,3,1,1,1,1,1,1,1,0,1,0,0,0,1,1,1,0,0,0,0,0,1,1,1,0,1,1,1,0,0,-8,-8,-8,-8,-8,-8,0,1,0,1,0,1,0,0,0,1,1,0,1,1,1,1,1,1,0,2,-8,-8,-8,-8,-8,-8,-8,3,-7,-7,-7,-7,-7,-7,-7,-7,3,1,2,4,150000,50000,3,5,4,5,3,3,3,2,-7,2,2,2,3,3,1,2,1,2,2,1,1,3,3,1,2,5,0,1,0,1,0,1,0,0,NA,0,1,1,0,0,0,1,0,0,0,0,5,5,1,1,1,0,0,0,2,2,NA,2,-7,-7,1,-7,2,-7,-7,-7,2,6,5,1991,34,2,-7,2,2,3,3,3,2,-7,-7,-7,-7,2,2,-7,2,7,2,2,2,2,2,2,4,2,3,5,2,1,1,1,1,0,1,0,0,0,0,bas25_03731,1866.7051951,2,24005,-7,9,1,09:42:43,9,1,10:28:16,1,2,2,1,3,4,2,2,0,1
7,4,1,2,2,2,3,3,2,3,3,2,3,2,2,1,2,2,3,1,1,1,1,1,4,3,1,1,1,2,3,3,4,1,3,3,1,2,1,1,1,1,2,2,2,5,5,5,5,4,4,1,-7,3,3,3,3,3,3,1,5,1,1,2,3,1,1,1,1,0,0,0,0,0,0,0,0,0,0,0,1,0,0,0,0,0,0,0,1,0,0,0,0,0,1,0,0,0,0,0,0,0,0,1,1,0,1,0,1,0,0,0,0,0,0,0,0,1,1,-8,-8,-8,-8,-8,-8,-8,1,4,-7,-7,-7,-7,-7,-7,-7,4,-7,-7,-7,150000,50000,3,3,4,5,3,3,3,2,-7,2,2,2,3,3,3,4,2,1,2,1,1,3,4,2,1,1,0,1,0,1,0,0,0,0,NA,0,1,1,0,0,0,0,0,1,0,0,5,5,2,1,1,0,0,0,1,2,NA,2,-7,-7,2,2,2,-7,-7,-7,2,7,5,1982,43,1,-7,4,2,3,3,3,9,-7,-7,-7,-7,1,2,-7,1,6,2,2,2,2,2,2,4,3,3,5,2,2,2,2,2,0,0,1,0,0,0,bas25_03742,196.05820846,1,24510,Mount Washington/Coldspring,9,20,19:48:52,9,20,20:23:27,2,1,1,2,3,4,1,3,0,1
10,3,1,2,2,2,3,3,2,3,2,1,3,2,1,1,2,1,1,1,1,1,1,2,1,2,1,1,1,2,3,2,3,4,3,3,1,1,1,1,1,1,1,1,2,5,2,1,3,3,4,-7,4,3,3,3,3,3,3,1,1,1,1,3,1,2,1,1,2,1,0,0,0,0,0,0,0,0,0,0,0,1,0,0,0,0,0,0,1,0,0,0,0,-8,-8,-8,-8,-8,-8,-8,-8,-8,-8,-8,-8,-8,1,0,1,0,0,1,1,0,0,0,0,0,2,-8,-8,-8,-8,-8,-8,-8,1,2,-7,-7,-7,-7,-7,-7,-7,1,5,3,1,500000,0,2,2,4,5,3,3,3,2,-7,2,2,2,4,1,5,5,5,1,1,1,2,3,4,1,1,1,0,0,0,0,0,0,0,0,NA,1,1,0,0,0,0,0,0,1,1,0,2,5,2,1,1,0,0,0,1,2,NA,2,-7,-7,2,1,2,-7,-7,-7,1,4,3,1955,70,1,-7,2,2,1,-8,1,8,-7,-7,-7,-7,7,1,4,-7,4,1,1,2,2,2,2,4,2,1,1,-7,1,1,1,1,0,1,0,0,0,0,bas25_03756,1309.09431,2,24005,-7,8,27,12:12:11,8,27,12:43:47,1,2,2,1,2,3,1,5,0,1
3,3,2,2,3,2,3,2,3,3,3,2,3,2,1,2,1,1,1,1,1,1,1,3,1,3,1,4,4,2,3,3,3,3,-8,-8,1,1,1,1,2,1,2,1,1,2,1,2,2,2,2,2,-7,3,3,3,3,2,3,1,4,1,2,1,1,2,1,1,6,1,1,1,0,0,0,0,1,0,0,0,0,1,1,1,0,1,0,0,1,1,0,0,0,0,0,0,1,0,1,0,1,0,0,1,1,0,0,0,1,0,1,0,0,0,0,0,0,1,2,0,0,1,0,0,0,0,1,3,-7,-7,-7,-7,-7,-7,-7,5,-7,-7,-7,NA,NA,3,4,3,4,3,3,3,2,-7,2,2,1,1,1,1,1,1,1,1,1,1,3,3,1,1,1,0,1,0,0,0,0,0,0,NA,0,1,0,0,0,0,0,0,0,0,0,1,1,2,1,0,1,0,0,1,2,NA,2,-7,-7,2,2,2,-7,-7,-7,2,6,1,1953,72,1,-7,2,2,1,1,1,9,-7,-7,-7,-7,1,2,-7,1,6,2,2,2,2,2,2,4,2,3,5,1,2,2,2,2,0,0,1,0,0,0,bas25_03775,502.63006987,2,24005,-7,9,6,11:14:06,9,6,12:09:16,1,1,1,2,3,4,1,5,1,1
20,5,1,2,2,2,3,3,3,2,2,2,3,2,2,2,2,1,2,1,1,2,1,3,3,1,1,3,3,2,4,4,4,5,4,-8,1,1,1,1,1,1,1,1,2,5,5,5,5,5,5,-7,4,3,3,3,3,3,3,1,1,1,1,2,1,3,1,1,1,1,0,0,0,0,0,0,1,1,0,0,0,1,0,0,0,0,0,0,1,1,1,0,0,0,0,0,0,0,1,0,0,0,0,0,1,0,0,0,1,1,0,0,0,0,1,1,1,0,2,-8,-8,-8,-8,-8,-8,-8,3,-7,-7,-7,-7,-7,-7,-7,-7,1,2,1,4,NA,1000000000,2,4,4,4,3,3,3,2,-7,2,2,2,1,1,1,1,1,1,1,1,2,3,2,1,1,1,0,0,0,0,0,0,0,0,NA,1,0,0,0,0,1,0,0,0,0,0,1,3,2,1,1,0,0,0,1,3,Xfinity,2,-7,-7,1,-7,2,-7,-7,-7,2,4,5,1968,57,1,-7,2,2,1,1,1,1,-8,-8,-7,-7,5,2,-7,1,6,2,2,2,2,2,2,3,-8,1,1,-7,1,1,1,1,0,1,0,0,0,0,bas25_03777,271.21469902,1,24510,Edmondson Village,8,27,18:12:46,8,27,18:47:02,1,2,2,1,3,3,1,4,0,1
28,3,2,2,2,2,4,3,3,3,3,4,4,3,2,4,5,3,5,5,4,4,2,3,5,5,2,1,1,3,2,2,4,4,4,5,1,1,1,1,1,1,1,1,2,5,5,5,5,5,5,-7,4,3,3,3,3,3,3,1,3,1,3,2,2,3,1,1,1,0,0,0,0,0,0,0,0,0,0,0,1,0,0,0,0,0,0,0,0,1,0,0,0,-8,-8,-8,-8,-8,-8,0,0,0,1,0,0,0,1,0,1,0,0,0,0,0,0,0,0,1,3,1,0,0,0,0,0,0,2,-7,0,0,1,0,0,0,0,1,3,5,1,300,10000,4,3,4,4,3,3,3,2,-7,2,2,2,3,3,4,3,3,1,1,1,3,4,4,1,1,3,0,0,0,0,1,0,0,0,NA,0,1,1,0,0,0,1,0,0,0,0,5,5,2,1,1,1,0,0,1,2,NA,2,-7,-7,2,1,2,-7,-7,-7,2,6,5,1958,67,1,-7,2,2,1,1,1,8,-7,-7,-7,-7,7,2,-7,1,6,2,2,2,2,2,2,4,2,1,1,-7,1,1,1,1,0,1,0,0,0,0,bas25_03785,547.18099625,1,24510,Greater Mondawmin,8,28,09:21:18,9,15,15:23:01,1,2,2,1,3,4,1,5,0,1
24,3,1,2,2,2,3,3,3,2,3,2,4,2,2,3,1,1,1,1,1,1,1,1,1,1,1,2,1,2,3,3,3,3,4,3,1,1,1,1,1,1,1,1,2,4,3,3,3,3,3,-7,4,3,3,3,3,3,3,1,1,1,2,2,1,2,1,1,6,0,0,0,0,0,0,0,1,0,0,0,0,0,0,0,0,0,0,0,1,1,0,0,0,0,0,0,0,0,1,0,0,0,0,1,0,0,0,0,1,1,0,1,0,0,0,0,0,0,3,-8,-8,-8,-8,-8,-8,-8,2,-7,0,0,1,0,0,0,1,5,-7,-7,-7,180000,50000,2,3,3,3,3,3,3,2,-7,2,2,1,1,2,2,2,1,1,1,1,1,2,1,1,1,1,0,0,0,0,0,0,0,0,NA,1,1,1,0,0,0,0,0,0,0,0,4,4,2,1,1,0,0,0,1,2,NA,2,-7,-7,2,1,2,-7,-7,-7,2,6,1,1957,68,1,-7,2,2,1,1,1,1,6,-7,-7,-7,4,2,-7,4,9,2,2,2,2,2,2,2,1,1,1,-7,2,2,2,2,0,0,1,0,0,0,bas25_03795,835.00497167,2,24005,-7,9,19,13:14:09,9,19,13:38:55,2,1,2,2,4,4,1,5,0,1
3,2,2,1,1,3,3,2,2,5,-8,4,3,4,3,3,4,3,2,3,2,2,2,5,4,3,2,1,2,3,3,3,4,2,3,3,1,1,1,1,2,2,2,2,2,5,5,3,4,4,4,3,-7,3,3,3,3,3,3,1,1,1,3,1,1,3,3,1,1,0,0,0,0,0,0,1,1,0,1,0,0,0,0,0,0,0,0,0,1,1,0,0,0,1,0,0,0,0,0,1,1,1,1,0,0,0,0,1,1,0,0,0,0,1,0,1,1,0,4,-8,-8,-8,-8,-8,-8,-8,3,-7,-7,-7,-7,-7,-7,-7,-7,1,1,4,2,750000,65000,3,3,4,5,3,3,3,2,-7,2,2,1,1,1,1,3,1,1,1,1,1,2,3,1,1,3,0,1,0,0,0,1,0,0,NA,0,0,1,0,0,0,0,0,0,1,0,5,5,2,1,1,1,0,0,1,2,NA,2,-7,-7,1,-7,2,-7,-7,-7,2,7,5,1992,33,1,-7,4,2,1,1,3,9,-7,-7,-7,-7,1,2,-7,5,10,2,2,2,2,2,2,5,4,1,1,-7,2,2,2,2,0,0,1,0,0,0,bas25_03805,191.73956449,1,24510,Patterson Park North & East,9,16,17:01:36,9,16,17:27:25,1,2,1,2,4,4,1,2,0,1
0,4,3,2,2,2,3,3,2,3,3,3,3,3,2,3,3,3,3,3,2,3,2,4,3,4,2,2,4,2,3,3,3,3,-8,3,1,1,1,1,1,1,1,1,2,4,4,4,4,4,4,-7,5,1,1,1,1,1,1,2,4,-8,1,2,1,3,2,2,2,0,0,0,0,0,0,1,1,0,0,0,0,1,1,1,1,1,1,1,1,1,1,0,0,1,0,0,1,0,1,0,0,0,1,1,0,0,1,0,1,0,0,0,0,0,0,0,0,1,1,0,1,0,0,0,0,0,3,-7,-7,-7,-7,-7,-7,-7,-7,2,3,4,3,NA,NA,-8,3,3,-8,3,2,3,2,-7,2,1,2,2,2,4,2,5,3,3,-8,-8,1,2,1,1,4,-8,-8,-8,-8,-8,-8,-8,-8,NA,-8,-8,-8,-8,-8,-8,-8,-8,-8,-8,-8,5,5,1,2,-8,-8,-8,-8,-8,-8,NA,-8,-7,-7,-8,-7,-8,-7,-7,-7,-8,-8,-8,-8,-8,-8,-6,-8,-8,-8,-8,-8,-8,-6,-7,-7,-7,-8,-8,-7,-7,-6,-8,-8,-8,-8,-8,-8,-8,-8,-8,-8,-7,-6,-6,-6,-6,-8,-8,-8,-8,-8,-8,bas25_03807,648.71151644,1,24510,Hamilton Hills,8,27,19:34:59,-9,-9,NA:NA:NA,2,1,2,-6,-6,-8,-8,-8,12,3
20,3,5,3,3,3,2,2,4,5,3,5,5,4,4,4,5,4,4,5,4,4,4,3,4,4,4,4,3,3,3,3,4,4,2,3,1,1,1,1,1,1,1,1,2,5,4,4,5,5,5,4,-7,3,3,3,3,2,3,1,1,1,3,2,2,3,3,2,1,1,1,0,0,0,0,0,1,0,0,0,0,1,1,1,1,1,0,1,1,0,1,0,0,0,0,0,0,0,1,0,0,0,1,1,1,1,0,0,1,1,0,1,1,1,1,1,1,0,4,1,0,0,0,0,0,0,2,-7,0,0,1,0,1,1,1,5,-7,-7,-7,200000,20000,4,4,4,4,2,3,3,2,-7,2,2,3,4,5,5,5,5,4,3,2,1,4,2,1,1,4,0,1,1,0,1,1,0,0,NA,0,1,1,0,0,1,0,0,0,0,0,3,3,2,1,0,0,0,1,1,4,NA,1,1,-7,1,-7,2,-7,-7,-7,1,2,5,1958,67,2,-7,2,2,1,1,1,9,-7,-7,-7,-7,2,1,4,-7,4,2,2,2,2,2,2,4,3,1,1,-7,2,2,2,2,0,0,1,0,0,0,bas25_03861,462.5727747,1,24510,Morrell Park/Violetville,8,28,11:08:09,8,28,11:41:57,2,2,1,2,2,1,2,5,1,1
1,2,4,3,4,3,2,2,5,5,3,4,3,4,3,1,4,2,2,4,4,4,5,3,4,4,2,4,2,3,3,3,4,4,3,4,1,1,1,1,2,1,2,1,2,5,3,2,2,4,3,-7,3,2,2,2,3,3,3,1,1,1,5,2,2,4,5,5,1,0,0,0,0,0,0,0,0,0,0,0,1,0,0,0,0,0,0,0,0,1,0,0,0,-8,-8,-8,-8,-8,-8,-8,-8,-8,-8,-8,-8,-8,0,1,1,0,0,0,1,0,0,0,1,0,3,-8,-8,-8,-8,-8,-8,-8,1,4,-7,-7,-7,-7,-7,-7,-7,1,1,4,3,200000,40000,4,3,3,4,3,3,3,2,-7,2,2,2,1,2,1,1,1,2,2,1,1,1,1,2,1,1,0,0,0,1,0,0,0,0,NA,0,0,0,0,0,0,0,0,0,0,1,5,5,1,1,1,0,0,0,2,2,NA,2,-7,-7,2,2,2,-7,-7,-7,1,6,1,2002,23,2,-7,2,2,1,1,1,9,-7,-7,-7,-7,1,2,-7,1,6,2,2,2,2,2,2,3,3,1,1,-7,2,2,2,2,0,0,1,0,0,0,bas25_03862,706.49548054,1,24510,Downtown/Seton Hill,9,3,14:05:58,9,3,14:25:21,1,1,2,2,3,4,2,1,3,2
16,1,2,2,2,2,3,3,4,4,4,2,4,3,2,2,3,1,1,2,1,2,1,3,2,3,1,1,2,3,3,3,4,3,4,3,2,1,1,1,1,1,2,2,2,5,2,1,4,4,4,-7,4,3,3,3,3,3,3,1,1,1,2,2,1,3,2,1,2,0,0,0,1,0,0,0,1,1,0,1,0,0,0,0,0,0,0,0,1,1,0,0,0,-8,-8,-8,-8,-8,-8,-8,-8,-8,-8,-8,-8,-8,0,0,1,1,0,0,0,1,1,0,0,0,2,0,0,1,0,0,0,0,2,-7,0,0,0,0,0,0,1,1,3,4,3,200000,75000,4,4,4,5,3,3,3,2,-7,2,2,1,2,2,2,2,1,1,1,1,1,3,3,1,1,1,0,0,0,0,0,0,0,0,NA,1,1,1,0,0,0,1,0,0,0,0,5,5,2,1,1,0,0,0,2,2,NA,1,1,-7,2,1,2,-7,-7,-7,2,7,1,1985,40,1,-7,2,2,1,1,1,9,-7,-7,-7,-7,1,2,-7,4,9,2,2,2,2,2,2,3,2,1,1,-7,2,2,2,2,0,0,1,0,0,0,bas25_03866,313.65682314,2,24005,-7,8,29,18:05:18,8,29,18:20:11,1,1,2,2,4,4,1,3,0,1
2,2,1,2,2,2,3,3,2,1,3,1,3,3,2,1,3,1,3,3,1,1,1,2,3,1,1,4,4,2,4,2,3,3,2,2,1,1,1,1,2,1,2,2,1,3,3,4,5,5,5,-7,4,3,3,3,3,2,3,1,5,2,2,3,3,2,1,1,1,0,0,0,0,0,0,1,0,1,0,0,0,0,0,0,0,0,0,0,1,1,0,0,0,0,0,0,1,0,0,0,0,0,1,0,0,0,0,0,1,0,0,0,0,0,0,0,0,1,1,1,0,0,0,0,0,0,2,-7,0,0,0,0,1,0,0,8,-7,-7,-7,100000,50000,3,3,3,3,3,3,3,2,-7,2,2,1,4,3,4,3,1,1,1,1,2,3,3,1,1,1,0,0,0,0,0,0,0,0,NA,1,0,0,0,0,1,0,0,1,1,0,4,4,1,2,1,0,0,0,1,2,NA,2,-7,-7,1,-7,1,2,1,1,1,5,5,1978,47,1,-7,2,2,1,1,1,8,-7,-7,-7,-7,6,1,1,-7,1,1,1,1,1,2,2,3,2,1,1,-7,1,1,1,1,0,1,0,0,0,0,bas25_03869,381.41539987,1,24510,Howard Park/West Arlington,10,15,10:26:49,10,15,11:01:10,2,2,2,1,1,3,1,3,1,1
20,2,2,2,3,2,3,3,2,1,2,2,2,2,1,1,1,1,1,1,1,1,2,3,1,1,1,5,2,2,2,2,2,1,3,3,1,1,1,1,1,1,1,1,2,3,3,2,2,1,1,4,-7,3,3,3,3,3,3,1,1,2,1,3,1,1,1,1,2,-8,-8,-8,-8,-8,-8,-8,-8,-8,-8,-8,-8,-8,-8,-8,-8,-8,-8,-8,-8,-8,-8,-8,-8,-8,-8,-8,-8,-8,-8,-8,-8,-8,-8,-8,-8,-8,-8,-8,-8,-8,-8,-8,-8,-8,-8,-8,-8,-8,2,1,0,0,0,0,0,0,3,-7,-7,-7,-7,-7,-7,-7,-7,-8,-7,-7,-7,NA,NA,1,1,2,2,3,3,3,2,-7,2,2,2,-8,-8,-8,-8,-8,3,3,3,1,4,5,1,1,1,-8,-8,-8,-8,-8,-8,-8,-8,NA,-8,-8,-8,-8,-8,-8,-8,-8,-8,-8,-8,3,4,-8,2,-8,-8,-8,-8,2,5,NA,2,-7,-7,-8,-7,2,-7,-7,-7,2,4,5,-8,-8,2,-7,2,2,1,-8,-8,9,-7,-7,-7,-7,8,-8,-7,-7,-6,2,2,-8,-8,-8,-8,-8,-8,-8,-8,-7,1,1,1,1,0,1,0,0,0,0,bas25_03875,1900.1260954,2,24005,-7,9,6,16:10:47,9,6,16:20:04,2,1,1,1,-6,3,2,-8,0,1
50,4,5,4,4,4,1,1,5,5,5,5,5,5,5,5,5,5,5,5,4,4,5,4,4,4,4,6,-7,4,4,4,4,4,4,3,1,1,1,1,1,1,1,1,2,5,5,5,5,5,5,3,-7,3,3,3,3,2,3,1,5,2,5,2,1,4,4,3,1,1,0,0,0,0,0,0,0,0,0,0,0,1,0,0,0,0,0,0,0,0,0,0,0,0,0,0,0,0,1,-8,-8,-8,-8,-8,-8,-8,0,0,1,1,0,0,1,0,0,0,1,0,5,-8,-8,-8,-8,-8,-8,-8,1,4,-7,-7,-7,-7,-7,-7,-7,5,-7,-7,-7,700000,20000,3,4,3,3,2,3,3,2,-7,2,2,2,2,2,2,2,2,2,2,3,1,4,4,1,1,4,0,0,0,0,0,0,0,0,NA,1,0,1,0,0,1,0,0,0,1,0,3,3,2,1,1,1,0,0,1,2,NA,2,-7,-7,2,2,2,-7,-7,-7,1,3,2,1951,74,1,-7,2,2,1,1,1,8,-7,-7,-7,-7,9,1,2,-7,2,1,1,2,2,2,2,3,4,3,5,2,2,2,2,2,0,0,1,0,0,0,bas25_03878,613.09725072,1,24510,Greektown/Bayview,8,29,14:57:50,8,29,15:31:37,1,2,1,2,1,2,1,5,1,1
4,4,1,2,2,2,3,3,2,3,3,2,3,2,2,2,2,1,4,2,1,1,1,5,5,3,1,3,3,3,3,3,4,3,4,4,1,1,1,1,2,2,2,2,1,5,3,5,4,4,4,4,-7,3,3,3,3,3,3,1,5,1,5,1,1,4,4,1,1,0,0,0,1,1,0,0,1,0,0,0,0,0,0,0,1,1,0,0,1,1,0,0,0,0,1,0,0,0,0,0,0,0,0,0,1,0,0,0,1,1,0,1,0,0,0,0,1,0,4,0,0,0,0,1,0,0,1,4,-7,-7,-7,-7,-7,-7,-7,1,4,5,1,250000,80000,3,4,4,5,3,3,3,2,-7,2,2,1,1,1,1,1,1,1,1,1,1,3,3,1,1,1,0,0,1,1,0,0,0,0,NA,0,0,0,0,0,0,0,0,0,1,0,5,5,2,1,1,0,0,0,2,2,NA,1,1,-7,2,1,1,3,1,2,2,7,1,1982,43,2,-7,3,2,1,1,1,9,-7,-7,-7,-7,1,2,-7,5,10,2,2,2,2,2,2,3,3,1,1,-7,2,2,2,2,0,0,1,0,0,0,bas25_03879,596.6495999,2,24005,-7,8,28,13:29:31,8,28,13:53:03,2,1,1,2,4,4,2,3,0,1
1,2,3,2,2,2,3,2,2,1,2,3,3,2,4,1,3,3,4,5,2,4,2,1,3,1,2,4,4,3,3,3,4,1,3,2,1,1,1,1,1,1,1,1,2,3,2,4,1,2,4,-7,1,2,2,2,2,2,2,1,4,2,4,2,2,3,3,1,3,1,0,0,0,0,0,1,0,0,1,0,0,1,1,0,0,0,0,1,0,1,1,0,0,1,0,0,0,0,0,0,0,0,0,0,0,1,0,1,1,0,0,1,1,1,0,0,0,0,4,0,0,1,0,0,0,0,1,2,-7,-7,-7,-7,-7,-7,-7,8,-7,-7,-7,85000,"$1000,0",3,3,2,2,2,2,2,2,-7,1,1,3,5,5,1,5,3,1,1,1,1,2,3,1,1,3,0,0,0,0,0,0,0,0,NA,1,1,0,0,1,0,0,1,1,1,0,2,5,1,1,1,0,0,0,1,4,NA,2,-7,-7,1,-7,2,-7,-7,-7,1,3,5,1969,56,1,-7,3,2,1,1,1,8,-7,-7,-7,-7,6,1,1,-7,1,1,1,1,1,2,2,3,2,1,5,2,1,1,1,1,0,1,0,0,0,0,bas25_03885,456.6857905,1,24510,Poppleton/The Terraces/Hollins Market,9,19,13:52:02,9,19,15:21:52,1,1,2,1,1,2,1,4,6,3
32,4,1,1,2,2,4,3,2,4,3,2,3,2,1,2,3,1,2,1,2,2,2,2,2,4,2,4,4,2,2,2,3,2,4,4,1,1,1,2,2,2,2,2,1,4,4,3,5,4,4,3,-7,3,3,3,3,3,3,1,1,1,3,3,1,1,1,1,2,1,1,0,1,0,0,0,0,0,0,0,0,1,1,0,0,1,0,0,0,0,0,0,0,-8,-8,-8,-8,-8,-8,-8,-8,-8,-8,-8,-8,-8,1,0,0,1,0,0,0,0,0,0,1,0,2,1,0,0,0,0,0,0,1,4,-7,-7,-7,-7,-7,-7,-7,4,-7,-7,-7,500000,30000,3,3,3,3,3,3,3,2,-7,2,2,1,1,1,1,1,1,1,1,1,1,2,2,1,1,1,0,1,0,0,0,0,0,0,NA,0,1,0,0,0,0,0,0,0,0,0,2,2,2,1,1,0,0,0,1,2,NA,2,-7,-7,2,2,2,-7,-7,-7,2,7,1,1953,72,2,-7,2,2,1,1,1,1,1,-7,-7,-7,3,2,-7,6,11,2,2,2,2,2,2,3,2,1,1,-7,1,1,1,1,0,1,0,0,0,0,bas25_03892,605.76457044000006,1,24510,Chinquapin Park/Belvedere,8,29,17:28:51,8,29,18:02:32,1,2,1,1,4,4,2,5,0,1
3,2,1,2,3,2,3,3,2,2,3,2,3,2,1,2,2,1,1,1,1,1,2,1,2,2,2,1,2,2,2,2,-8,3,2,2,2,1,2,1,2,1,2,2,2,2,2,2,3,2,3,-7,4,3,3,3,3,3,3,1,1,1,1,3,1,2,1,1,1,0,0,0,0,0,0,0,1,0,0,0,0,0,0,0,0,0,0,0,1,0,0,0,0,-8,-8,-8,-8,-8,-8,0,1,0,0,0,0,0,1,0,1,0,0,0,0,0,0,0,0,1,1,-8,-8,-8,-8,-8,-8,-8,3,-7,-7,-7,-7,-7,-7,-7,-7,1,1,3,4,NA,NA,2,2,2,2,3,3,3,2,-7,2,2,3,1,1,1,1,1,2,1,2,1,2,3,1,2,1,0,0,0,0,0,0,0,0,NA,1,0,0,0,0,0,0,0,0,0,1,4,4,1,1,1,0,0,0,1,2,NA,2,-7,-7,2,2,2,-7,-7,-7,2,6,5,2001,24,2,-7,2,2,1,1,1,9,-7,-7,-7,-7,1,1,3,-7,3,2,2,2,2,2,2,4,2,1,1,-7,2,2,2,2,0,0,1,0,0,0,bas25_03895,3894.7591074,2,24005,-7,9,2,16:22:42,9,2,16:35:46,1,1,2,2,2,4,2,1,0,1
17,3,2,2,3,2,3,2,3,5,4,4,5,4,3,3,4,4,4,3,3,4,4,2,2,5,2,2,2,2,3,4,3,3,2,3,2,1,1,1,1,2,2,2,2,4,4,1,3,3,3,-7,4,3,3,3,3,3,2,1,1,1,2,1,1,2,2,1,4,1,0,0,0,0,0,0,0,0,0,0,0,1,1,0,0,0,0,0,1,1,0,0,0,0,0,0,1,0,0,0,1,1,1,0,1,0,0,0,0,1,1,0,0,1,0,0,0,0,4,-8,-8,-8,-8,-8,-8,-8,1,1,-7,-7,-7,-7,-7,-7,-7,9,-7,-7,-7,500000,36000,4,5,3,4,3,3,3,2,-7,2,2,2,1,1,3,3,1,2,2,2,2,4,4,1,1,1,0,1,0,0,0,0,0,0,NA,0,0,1,0,0,0,0,0,0,0,0,4,4,2,2,1,0,0,0,1,2,NA,1,1,-7,2,1,1,3,0,0,1,6,1,1955,70,2,-7,2,2,1,1,1,2,-7,-7,-7,-7,5,2,-7,5,10,2,2,2,2,2,2,3,3,1,1,-7,2,2,2,2,0,0,1,0,0,0,bas25_03910,926.27061962,2,24005,-7,9,9,07:26:55,9,9,08:00:07,1,2,2,2,4,4,2,5,1,1
11,2,2,2,3,-8,3,-8,-8,4,-8,2,3,3,3,2,-8,1,1,-8,1,-8,2,2,2,-8,2,6,-7,2,2,2,3,2,-8,-8,1,1,1,1,1,1,1,2,1,4,3,2,4,4,3,3,-7,3,3,3,3,3,3,1,-8,1,1,2,3,3,1,1,1,1,1,0,1,1,0,0,0,0,0,0,0,1,1,0,1,1,1,0,1,1,0,0,0,-8,-8,-8,-8,-8,-8,-8,-8,-8,-8,-8,-8,-8,0,0,1,1,0,1,0,0,0,0,0,0,2,1,0,0,0,0,0,0,3,-7,-7,-7,-7,-7,-7,-7,-7,5,-7,-7,-7,300000,50000,-8,4,3,4,3,3,3,2,-7,2,2,2,2,1,3,2,2,1,1,1,2,3,2,2,2,1,0,0,0,0,0,0,0,0,NA,1,-8,-8,-8,-8,-8,-8,-8,-8,-8,-8,5,5,3,1,0,1,0,0,2,2,NA,2,-7,-7,1,-7,2,-7,-7,-7,2,6,4,1954,71,2,-7,2,2,1,1,1,2,-7,-7,-7,-7,3,2,-7,-8,-6,2,2,2,2,2,2,3,3,3,1,-7,1,1,1,1,0,1,0,0,0,0,bas25_03927,675.09893088,1,24510,Northwood,9,16,18:58:56,9,18,19:42:48,1,1,1,1,-6,4,2,5,0,1
30,4,2,2,3,2,3,3,3,3,2,2,3,3,3,3,3,1,1,3,3,3,2,2,2,2,2,1,2,2,2,2,4,2,2,-8,1,1,1,1,2,1,2,1,2,5,4,-8,4,5,5,3,-7,3,3,3,3,3,3,1,1,1,3,1,1,3,1,1,1,1,0,0,0,1,0,0,1,1,0,0,0,1,0,0,0,0,0,0,1,1,0,0,0,0,0,0,0,0,1,0,1,1,1,0,1,0,0,0,1,1,0,0,1,0,1,0,0,0,1,-8,-8,-8,-8,-8,-8,-8,2,-7,0,0,1,0,0,1,1,5,-7,-7,-7,NA,NA,3,4,3,5,3,3,3,2,-7,2,2,1,1,1,1,1,1,1,1,1,1,4,3,1,1,1,0,0,0,0,0,0,0,0,NA,1,0,0,0,0,0,1,0,0,0,0,5,5,2,1,0,1,0,0,2,2,NA,2,-7,-7,1,-7,2,-7,-7,-7,2,6,5,1954,71,1,-7,2,2,1,1,1,1,-8,-8,-7,-7,1,2,-7,2,7,2,2,2,2,2,2,4,2,1,1,-7,3,3,3,3,0,0,0,1,0,0,bas25_03928,134.68147216,1,24510,Belair-Edison,8,27,16:54:08,8,27,17:35:54,2,1,1,3,3,4,1,5,0,1
7,2,1,2,2,2,3,3,2,4,3,3,4,4,5,4,5,4,5,5,5,3,3,2,2,3,1,6,-7,2,3,3,3,3,3,3,1,1,1,1,1,2,2,1,2,5,5,5,5,5,5,4,-7,3,3,3,3,2,3,1,5,2,3,2,2,3,1,2,1,1,0,0,0,0,0,0,0,1,0,0,0,0,0,0,0,0,0,0,0,1,0,0,0,-8,-8,-8,-8,-8,-8,0,1,1,1,0,0,0,0,0,0,1,1,0,0,0,0,0,0,1,4,-8,-8,-8,-8,-8,-8,-8,3,-7,-7,-7,-7,-7,-7,-7,-7,5,-7,-7,-7,200000,20000,4,5,4,5,3,3,3,2,-7,2,2,2,3,3,3,3,3,3,2,2,4,4,3,1,1,1,0,1,0,1,0,0,0,0,NA,0,1,0,0,0,0,0,0,0,0,0,4,5,1,2,1,0,0,0,1,2,NA,2,-7,-7,1,-7,2,-7,-7,-7,2,3,2,1945,80,1,-7,2,2,3,3,3,1,4,-7,-7,-7,6,1,2,-7,2,1,1,1,1,2,2,3,3,3,5,1,3,4,3,4,0,0,0,0,1,0,bas25_03936,153.01101864,1,24510,Inner Harbor/Federal Hill,9,6,22:20:16,9,6,22:52:27,2,2,1,3,1,2,1,5,1,1
7,4,2,2,2,2,3,-8,3,3,3,2,3,3,2,2,3,1,3,3,1,4,2,2,2,2,2,2,2,2,3,3,3,3,3,3,1,1,1,1,1,1,1,1,1,5,5,4,5,5,5,-7,4,3,3,3,3,3,3,1,1,1,1,1,2,2,1,1,1,1,0,0,0,0,0,0,1,0,0,0,0,1,1,0,0,0,0,0,1,1,0,0,0,-8,-8,-8,-8,-8,-8,-8,-8,-8,-8,-8,-8,-8,0,0,1,1,0,0,0,0,0,0,0,1,1,-8,-8,-8,-8,-8,-8,-8,1,3,-7,-7,-7,-7,-7,-7,-7,5,-7,-7,-7,500000,35000,3,5,3,5,3,3,3,2,-7,2,2,2,4,4,4,4,4,1,1,1,1,3,2,1,1,1,0,0,0,0,0,0,0,0,NA,1,1,1,0,0,0,0,0,0,0,0,4,5,1,1,0,1,0,0,1,2,NA,1,1,-7,1,-7,2,-7,-7,-7,2,4,4,1963,62,2,-7,2,2,1,1,1,9,-7,-7,-7,-7,1,1,5,-7,5,2,2,2,2,2,2,4,2,1,1,-7,1,1,1,1,0,1,0,0,0,0,bas25_03940,494.01228943,1,24510,Loch Raven,9,6,15:59:32,9,6,16:50:51,2,2,2,1,2,3,2,4,0,1
57,6,5,4,4,4,2,1,5,5,5,5,5,5,5,5,5,5,5,5,4,5,5,2,5,5,4,5,5,3,4,4,4,3,1,2,1,1,1,1,1,1,1,1,1,5,5,5,5,5,5,4,-7,3,1,1,1,2,2,2,4,2,5,2,2,4,5,4,1,1,0,0,0,1,0,0,0,0,0,0,0,1,0,0,1,1,1,0,1,1,0,0,0,0,1,0,0,0,0,0,0,1,0,0,1,0,0,0,1,0,0,0,1,0,0,0,0,0,5,1,0,0,0,1,1,0,1,4,-7,-7,-7,-7,-7,-7,-7,1,3,5,1,65000,54000,4,5,4,5,1,1,1,1,1,1,1,4,5,5,5,5,5,4,4,5,3,3,3,2,2,4,0,0,0,0,0,1,0,1,Wanting to be alone,0,0,0,0,0,0,0,0,0,0,1,5,5,1,1,0,1,0,0,1,2,NA,2,-7,-7,3,1,1,1,1,0,2,3,1,1968,57,1,-7,2,2,1,1,1,8,-7,-7,-7,-7,9,1,2,-7,2,1,1,2,2,2,2,2,2,1,1,-7,1,1,1,1,0,1,0,0,0,0,bas25_03948,1369.4683528,1,24510,Southwest Baltimore,9,28,09:27:05,9,28,10:01:37,2,2,1,1,1,2,1,4,8,3
5,5,1,1,1,2,2,2,1,1,1,1,1,1,1,1,1,1,1,1,1,1,1,1,1,1,1,1,1,1,1,1,1,1,1,1,1,1,1,1,1,1,1,1,1,1,1,1,1,1,1,-7,1,1,1,1,1,1,1,1,1,1,1,3,3,1,2,1,1,1,0,0,0,0,0,0,0,0,0,0,0,1,0,0,0,0,0,0,0,0,0,0,0,1,0,0,0,0,0,1,0,0,0,0,0,0,1,0,0,0,0,1,0,0,0,0,0,0,1,1,0,0,0,0,0,0,1,1,-7,-7,-7,-7,-7,-7,-7,1,1,1,1,Alot,A lot,1,1,1,1,1,1,1,1,1,1,1,1,5,5,5,5,5,5,5,5,4,1,1,1,1,1,1,0,0,0,0,0,0,0,NA,0,1,0,0,0,0,0,0,0,0,0,1,1,3,4,0,0,0,1,-8,1,NA,1,1,-7,1,-7,1,1,2,3,1,1,5,1991,34,1,-7,2,2,1,1,1,1,1,-7,-7,-7,1,1,1,-7,1,1,1,1,1,1,1,1,1,1,1,-7,1,5,1,5,1,1,1,0,0,0,bas25_03969,420.92250368,1,24510,Cherry Hill,9,18,13:52:10,9,18,14:11:17,1,2,2,1,1,1,1,2,12,3
10,5,4,2,3,3,2,1,4,5,5,5,3,4,4,5,5,1,5,1,1,1,2,3,3,4,5,5,5,3,2,2,4,3,3,1,2,2,2,2,2,2,2,2,2,5,4,5,3,3,4,-7,5,1,1,1,1,1,1,1,4,2,1,2,1,2,1,1,2,1,0,0,1,1,0,0,1,0,0,0,0,1,0,0,1,1,0,0,1,0,0,0,0,0,0,0,1,0,0,-8,-8,-8,-8,-8,-8,-8,1,0,0,1,0,1,1,1,1,0,1,0,5,1,0,0,1,0,0,0,2,-7,0,0,1,1,0,0,0,4,-7,-7,-7,4000000000,180000,4,5,4,5,1,1,1,1,1,1,1,4,5,5,5,5,5,5,4,4,3,5,5,1,1,3,0,0,0,1,1,1,1,0,NA,0,0,1,1,0,0,1,0,1,1,0,3,5,2,2,0,1,0,0,2,2,NA,2,-7,-7,2,2,1,1,1,0,1,3,5,1990,35,1,-7,2,2,1,1,1,1,1,-7,-7,-7,8,1,4,-7,4,1,1,2,2,2,2,3,3,1,1,-7,1,1,1,1,0,1,0,0,0,0,bas25_03971,1119.556598,1,24510,Loch Raven,9,7,13:51:23,9,7,14:39:39,1,2,2,1,2,2,1,3,12,3
11,2,1,2,2,2,4,3,4,3,3,1,3,2,1,2,1,1,1,1,1,1,1,3,3,3,1,5,3,2,2,2,4,2,2,3,2,1,2,1,2,2,2,2,1,3,2,1,2,2,2,2,-7,3,3,3,3,3,3,1,1,1,1,2,1,3,1,1,1,1,1,0,1,0,0,1,1,0,0,0,0,1,1,0,1,1,0,0,1,1,0,0,0,-8,-8,-8,-8,-8,-8,-8,-8,-8,-8,-8,-8,-8,0,0,1,1,0,0,0,1,0,1,0,0,2,-8,-8,-8,-8,-8,-8,-8,3,-7,-7,-7,-7,-7,-7,-7,-7,1,2,3,4,500000,50000,2,3,3,5,3,3,3,2,-7,2,2,1,1,1,1,1,1,1,1,1,1,2,2,1,1,1,0,0,0,0,0,0,0,0,NA,1,0,1,0,0,1,0,0,0,0,0,5,5,2,1,1,0,0,0,1,2,NA,2,-7,-7,1,-7,2,-7,-7,-7,2,7,2,1954,71,1,-7,2,2,1,1,1,4,-7,-7,3,-7,4,2,-7,5,10,2,2,2,2,2,2,4,2,1,1,-7,2,2,2,2,0,0,1,0,0,0,bas25_03975,222.2100771,2,24005,-7,8,30,10:55:48,8,30,11:48:43,1,1,1,2,4,4,1,5,0,1
6,2,1,2,2,1,4,4,3,4,3,1,1,1,1,2,1,2,1,1,1,1,5,3,4,3,1,1,1,2,2,3,3,1,2,3,2,2,2,2,2,2,2,2,2,2,5,2,2,2,2,-7,4,3,3,3,3,3,3,1,1,1,1,3,3,3,2,2,1,0,0,0,0,0,0,0,1,0,0,0,0,0,0,0,0,0,0,0,1,0,0,0,0,-8,-8,-8,-8,-8,-8,-8,-8,-8,-8,-8,-8,-8,1,0,0,0,1,-8,-8,-8,-8,-8,-8,-8,5,1,0,0,1,0,0,0,3,-7,-7,-7,-7,-7,-7,-7,-7,4,-7,-7,-7,500000,60000,3,2,4,5,3,3,3,2,-7,2,2,1,1,1,1,1,1,1,1,1,1,1,2,1,1,1,0,0,0,0,0,0,0,0,NA,1,0,0,0,0,0,0,0,0,0,1,3,3,2,1,1,0,0,0,1,2,NA,2,-7,-7,2,1,2,-7,-7,-7,2,7,1,1992,33,1,-7,2,2,1,1,3,8,-7,-7,-7,-7,1,2,-7,3,8,2,2,2,2,2,2,4,2,1,5,1,1,1,1,1,0,1,0,0,0,0,bas25_03992,533.98532855,1,24510,Oldtown/Middle East,9,4,16:03:34,9,4,16:30:24,1,2,2,1,4,4,1,2,0,1
5,3,2,3,3,3,3,2,3,4,2,2,2,2,2,2,2,2,2,2,1,2,2,2,2,2,2,2,2,3,3,4,4,4,3,5,2,1,1,1,1,1,1,2,2,5,4,2,4,4,2,4,-7,2,2,1,1,1,1,2,3,2,3,2,2,3,1,1,4,0,0,0,0,0,0,1,0,0,0,0,0,1,1,0,1,1,0,1,0,0,0,0,0,-8,-8,-8,-8,-8,-8,0,0,0,0,1,0,0,0,0,0,1,1,0,0,0,0,1,0,0,3,0,1,0,0,0,0,0,2,-7,0,0,0,0,0,0,1,2,3,4,2,60000000,"1,44",4,4,3,3,2,2,2,1,3,1,1,3,3,4,3,3,3,3,2,3,2,4,4,1,1,3,0,0,0,0,0,1,1,0,NA,0,0,0,0,1,0,1,0,1,1,0,4,4,1,1,1,0,0,0,1,2,NA,2,-7,-7,3,1,1,0,1,2,2,2,5,1978,47,1,-7,2,2,1,1,1,9,-7,-7,-7,-7,9,1,1,-7,1,1,1,2,2,2,2,1,1,1,1,-7,1,1,1,1,0,1,0,0,0,0,bas25_03994,2067.7798672,1,24510,Southern Park Heights,8,28,22:34:34,8,28,23:06:52,1,1,1,1,1,1,1,3,10,3
47,3,4,3,4,3,2,2,5,4,5,5,5,5,5,4,4,3,3,3,3,3,5,3,3,4,3,3,3,3,3,3,4,2,5,5,1,1,1,1,1,1,1,1,2,3,3,3,4,3,4,-7,2,3,3,2,2,1,2,1,4,1,4,3,3,3,2,2,1,0,0,0,0,0,0,0,0,0,1,0,0,0,0,0,0,0,0,0,0,1,0,0,0,0,1,1,0,0,1,1,1,1,1,1,1,1,0,0,1,1,0,1,0,1,0,1,0,0,3,1,0,0,1,0,0,0,3,-7,-7,-7,-7,-7,-7,-7,-7,5,-7,-7,-7,160000,20000,4,4,3,3,2,2,2,2,-7,2,2,4,4,4,4,4,4,3,3,1,1,3,2,1,1,3,0,0,0,0,0,0,0,0,NA,1,1,1,0,1,0,1,0,0,0,0,5,5,2,1,1,0,0,0,2,2,NA,2,-7,-7,3,1,2,-7,-7,-7,1,3,1,1933,92,2,-7,2,1,3,3,3,2,-7,-7,-7,-7,7,1,2,-7,2,2,2,2,2,2,2,4,2,1,1,-7,2,2,4,6,0,0,1,0,0,1,bas25_04002,1226.9770159,2,24005,-7,9,6,12:40:58,9,6,13:18:30,1,2,2,3,1,2,2,5,5,2
41,3,1,2,3,2,4,3,3,3,3,2,4,2,2,2,2,1,1,1,1,1,1,2,1,-8,1,1,1,2,3,3,3,4,1,2,1,1,1,1,2,1,1,1,2,3,2,1,3,3,2,-7,3,3,3,3,3,3,3,1,1,1,2,3,3,2,1,2,2,1,0,0,0,0,0,1,0,0,0,0,0,1,0,0,1,1,0,1,0,0,0,0,0,-8,-8,-8,-8,-8,-8,0,0,0,1,1,1,0,0,0,1,1,0,0,0,0,0,0,0,1,1,0,0,1,0,0,0,0,1,1,-7,-7,-7,-7,-7,-7,-7,2,1,2,4,100000,20000,3,4,3,4,3,3,3,2,-7,2,2,1,1,1,1,2,1,1,1,1,1,3,2,1,1,2,0,0,0,0,0,0,0,0,NA,1,1,0,0,0,0,0,0,0,0,0,4,4,2,4,1,0,0,0,2,2,NA,2,-7,-7,2,1,2,-7,-7,-7,2,6,3,1950,75,2,-7,2,2,1,1,1,1,5,-7,-7,-7,4,1,4,-7,4,2,2,2,2,2,2,2,3,1,1,-7,2,2,2,2,0,0,1,0,0,0,bas25_04003,982.98025262,2,24005,-7,9,20,22:33:40,9,20,23:01:34,2,1,2,2,2,4,2,5,0,1
22,6,2,1,2,1,4,2,2,2,2,2,3,4,3,2,3,2,2,2,2,2,2,4,4,2,1,1,1,2,3,2,4,3,3,3,1,2,1,2,1,1,2,2,2,4,5,4,4,4,4,-7,4,3,3,3,3,3,3,1,3,1,5,1,1,4,3,2,1,0,1,0,0,1,0,0,1,0,1,0,0,0,0,0,0,0,0,0,0,1,0,0,0,-8,-8,-8,-8,-8,-8,0,1,0,0,1,1,0,0,0,1,1,0,0,0,0,0,0,0,1,4,-8,-8,-8,-8,-8,-8,-8,1,4,-7,-7,-7,-7,-7,-7,-7,9,-7,-7,-7,250000,30000,3,4,4,5,3,3,3,2,-7,2,2,1,1,1,1,2,1,1,1,1,1,2,2,1,1,1,0,0,0,0,0,0,0,0,NA,1,1,0,0,0,1,0,0,0,0,0,5,5,2,1,1,0,0,0,1,2,NA,2,-7,-7,2,2,2,-7,-7,-7,2,7,1,1949,76,2,-7,2,2,1,1,1,1,4,-7,-7,-7,6,2,-7,6,11,2,1,2,2,2,2,4,2,1,1,-7,2,2,2,2,0,0,1,0,0,0,bas25_04007,407.52173538,1,24510,Inner Harbor/Federal Hill,10,9,16:35:12,10,9,17:01:11,2,2,2,2,4,4,2,5,0,1
1,-8,2,2,2,2,3,3,3,5,4,2,4,2,2,2,2,1,1,2,1,1,1,3,1,5,1,2,2,3,4,3,4,3,4,4,1,2,2,2,2,2,2,2,2,4,3,2,4,4,4,3,-7,3,3,3,3,3,3,1,1,1,4,1,1,3,2,1,2,0,0,0,0,0,0,0,1,0,0,0,0,0,0,0,1,1,0,1,1,1,0,0,0,-8,-8,-8,-8,-8,-8,0,0,0,0,1,1,0,0,0,1,1,0,1,1,1,1,1,1,0,5,-8,-8,-8,-8,-8,-8,-8,3,-7,-7,-7,-7,-7,-7,-7,-7,1,1,5,4,500000,50000,4,4,4,4,3,3,2,2,-7,2,2,2,3,2,2,2,2,2,1,1,1,3,4,1,1,3,0,0,0,0,0,0,0,0,NA,1,0,0,0,0,0,0,0,1,1,0,4,4,2,1,1,0,0,0,1,2,NA,2,-7,-7,2,1,1,4,2,2,-8,7,1,1983,42,1,-7,-8,2,1,1,1,-8,-6,-7,-7,-7,5,-8,-7,-7,-6,2,2,2,2,2,2,3,2,1,1,-7,-6,-6,-6,-6,-8,-8,-8,-8,-8,0,bas25_04024,396.57757204,2,24005,-7,9,6,15:30:24,9,6,16:00:56,1,1,1,-6,-6,4,1,3,0,1
8,3,1,2,2,1,4,3,2,2,3,2,3,2,1,2,2,1,1,1,1,1,2,2,2,2,1,1,1,2,3,3,4,2,2,2,1,1,1,1,1,1,2,1,1,4,3,3,3,3,3,-7,4,3,3,3,3,3,3,1,1,1,2,2,1,1,2,1,1,0,0,0,0,1,0,1,0,1,0,0,0,0,0,0,0,1,0,0,1,1,0,0,0,-8,-8,-8,-8,-8,-8,0,0,0,0,1,1,0,1,0,1,0,0,0,0,0,0,0,0,1,3,1,0,0,0,0,0,0,3,-7,-7,-7,-7,-7,-7,-7,-7,1,1,2,3,180000,"52,00”",3,4,4,4,3,3,2,2,-7,2,2,2,2,3,2,1,1,4,3,3,2,2,2,1,1,1,0,0,0,0,0,0,0,0,NA,1,1,0,0,0,0,0,0,0,0,0,5,1,2,3,1,0,0,0,1,2,NA,2,-7,-7,2,1,2,-7,-7,-7,1,6,1,1986,39,2,-7,2,2,1,1,1,2,-7,-7,-7,-7,2,2,-7,4,9,2,2,1,2,2,2,3,2,1,1,-7,2,2,2,2,0,0,1,0,0,0,bas25_04036,646.59469817,1,24510,South Baltimore,8,29,15:35:51,8,29,16:01:01,2,2,2,2,4,4,2,3,0,1
2,2,2,2,3,2,3,2,3,3,3,3,3,4,3,2,4,3,4,3,2,3,2,2,3,3,2,4,3,2,2,2,2,3,3,3,1,1,1,1,1,1,1,1,2,4,4,5,4,3,4,4,-7,3,3,3,3,2,3,1,2,1,3,2,3,4,5,3,1,1,0,0,0,1,0,1,1,1,1,0,0,0,0,0,0,0,0,1,1,1,0,0,0,1,1,0,0,0,0,0,1,1,0,0,1,0,0,0,1,1,0,0,1,1,0,0,0,0,3,0,0,0,0,1,1,0,3,-7,-7,-7,-7,-7,-7,-7,-7,9,-7,-7,-7,80000,30000,4,3,3,3,3,3,3,2,-7,2,2,2,1,2,2,2,1,2,2,1,1,2,3,2,1,2,0,1,0,0,0,1,0,0,NA,0,0,0,0,0,0,0,0,1,1,0,5,5,1,1,1,0,0,0,2,3,x-finity,2,-7,-7,4,1,2,-7,-7,-7,1,6,5,2002,23,1,-7,2,2,1,1,1,1,4,-7,-7,-7,3,1,5,1,5,2,2,2,2,2,2,3,3,1,1,-7,2,2,2,2,0,0,1,0,0,0,bas25_04040,792.86612813,1,24510,Downtown/Seton Hill,9,11,16:23:17,9,11,16:41:56,1,2,1,2,2,4,1,1,1,1
1,1,2,1,3,2,3,-8,3,2,4,3,5,4,3,3,4,4,3,4,3,4,3,5,4,4,3,3,2,3,1,3,2,2,4,4,1,2,1,1,1,1,2,2,2,3,4,3,3,3,3,-7,4,2,2,2,2,3,3,2,3,2,5,2,3,2,-8,1,3,0,0,1,0,0,0,0,0,0,0,0,0,0,0,0,0,1,0,0,0,0,0,0,0,0,0,0,1,0,0,0,0,0,0,1,0,0,0,0,0,1,0,0,0,0,1,0,0,0,4,0,0,0,1,0,0,0,3,-7,-7,-7,-7,-7,-7,-7,-7,2,4,5,4,100000,20000,2,2,4,1,2,2,3,1,2,2,1,3,3,4,4,3,4,4,4,2,3,3,3,2,1,2,0,0,0,0,1,0,0,0,NA,0,0,0,0,1,0,0,0,0,0,0,3,2,3,1,0,0,1,0,2,1,NA,-8,-7,-7,-8,-7,-8,-7,-7,-7,-8,4,3,-8,-8,1,-7,2,2,1,-8,-8,2,-7,-7,-7,-7,3,-8,-7,-7,-6,2,-8,-8,-8,-8,-8,5,3,2,2,-7,3,4,3,4,0,0,0,0,1,0,bas25_04050,99.133249512,1,24510,Downtown/Seton Hill,9,3,15:51:10,9,3,15:56:06,2,1,2,3,-6,3,1,-8,4,2
60,4,1,2,2,2,3,3,2,2,3,2,3,3,1,1,3,1,1,3,2,1,1,1,1,2,1,3,3,2,2,2,4,3,2,3,1,1,1,1,1,1,1,1,1,4,4,2,4,4,4,-7,3,3,3,3,3,3,3,1,1,1,1,2,2,1,1,1,1,1,0,0,0,0,0,0,1,0,0,0,0,1,0,0,0,0,0,0,1,1,0,0,0,-8,-8,-8,-8,-8,-8,0,0,0,0,0,1,0,0,1,0,1,0,0,1,0,0,1,0,0,1,-8,-8,-8,-8,-8,-8,-8,1,4,-7,-7,-7,-7,-7,-7,-7,5,-7,-7,-7,1000000,50000,3,4,4,5,3,3,3,2,-7,2,2,2,2,2,3,2,1,4,3,1,3,3,3,1,1,1,0,0,0,0,0,0,0,0,NA,1,1,0,0,0,0,1,0,0,0,0,5,5,2,3,1,0,0,0,1,2,NA,1,1,-7,2,2,2,-7,-7,-7,1,4,3,1954,71,1,-7,2,2,1,1,1,8,-7,-7,-7,-7,8,1,4,-7,4,1,1,2,1,2,2,3,2,1,1,-7,1,1,1,1,0,1,0,0,0,0,bas25_04056,569.80077888,1,24510,Howard Park/West Arlington,10,10,08:05:24,10,10,08:47:27,1,2,2,1,2,3,1,5,0,1
4,2,1,1,2,2,3,2,2,2,2,1,3,1,2,1,2,1,2,1,1,1,1,3,1,2,1,2,2,2,2,2,3,5,2,2,2,2,2,2,2,2,2,1,2,2,1,2,3,2,4,5,-7,3,3,3,3,3,3,1,1,1,2,2,2,2,1,1,1,0,0,0,0,0,0,0,0,1,0,0,0,0,0,0,0,0,0,0,0,1,0,0,0,0,0,0,0,1,0,1,1,1,1,1,1,1,0,0,1,1,0,0,0,0,0,1,1,0,4,0,1,0,0,0,0,0,1,4,-7,-7,-7,-7,-7,-7,-7,1,1,4,3,250000,30000,3,4,3,4,3,2,3,2,-7,2,2,1,1,2,1,2,1,1,1,1,1,2,1,1,1,1,1,0,0,0,0,0,0,0,NA,0,0,0,0,0,0,0,0,0,0,1,4,4,2,1,1,0,0,0,1,2,NA,2,-7,-7,3,1,1,1,1,0,2,1,1,1981,44,2,-7,2,1,3,3,3,2,-7,-7,-7,-7,8,2,-7,2,7,2,2,2,1,2,2,4,4,3,5,2,2,2,4,6,0,0,1,0,0,1,bas25_04057,1616.2951807,2,24005,-7,9,1,21:36:43,-9,-9,NA:NA:NA,1,1,1,3,3,1,2,3,0,1
4,6,1,1,1,2,3,3,3,2,3,1,3,2,1,2,1,1,1,1,1,1,2,1,1,1,1,2,2,3,4,4,3,5,4,3,1,1,1,1,1,2,2,2,2,5,3,5,5,5,5,-7,4,3,3,3,3,3,3,1,1,1,2,1,1,1,1,1,1,0,0,0,0,1,0,0,1,1,1,0,0,0,0,0,0,1,0,1,1,1,0,0,0,1,0,0,0,1,0,1,1,1,1,1,1,1,0,0,1,0,1,1,1,0,0,0,1,0,3,-8,-8,-8,-8,-8,-8,-8,1,3,-7,-7,-7,-7,-7,-7,-7,1,1,4,3,70000,70000,4,5,3,2,3,3,2,2,-7,2,2,3,2,2,3,4,1,2,2,1,1,3,3,2,1,1,0,0,0,0,0,0,0,0,NA,1,0,0,0,0,1,0,0,0,0,0,1,1,2,1,1,0,0,0,1,2,NA,-8,-7,-7,-8,-7,-8,-7,-7,-7,2,6,1,-8,-8,1,-7,2,2,1,1,1,-8,-6,-7,-7,-7,-8,2,-7,4,9,2,2,2,2,2,2,2,4,1,1,-7,-6,-6,-6,-6,-8,-8,-8,-8,-8,0,bas25_04070,871.8699762,2,24005,-7,9,19,09:09:32,9,19,09:42:12,2,2,2,-6,4,4,1,-8,0,1
2,3,2,2,2,2,3,3,3,4,3,3,3,3,3,2,3,2,3,3,2,2,4,3,4,4,3,2,3,3,4,4,4,3,2,5,1,1,1,1,1,1,1,2,2,5,3,4,4,4,4,-7,4,3,3,3,3,3,3,1,4,1,2,2,2,2,3,2,1,1,0,0,0,0,0,0,1,0,0,0,0,0,0,0,0,0,0,0,1,0,0,0,0,0,1,0,0,0,0,1,1,0,0,0,1,1,0,0,1,0,1,0,0,1,0,0,1,0,5,0,0,0,0,0,1,0,1,4,-7,-7,-7,-7,-7,-7,-7,1,1,3,3,200000,35000,3,3,3,3,3,3,3,2,-7,2,2,2,1,1,4,1,1,1,1,3,1,1,2,1,1,4,0,1,0,0,0,1,1,0,NA,0,0,0,0,0,0,0,0,0,1,0,3,3,1,1,1,0,0,0,2,2,NA,2,-7,-7,1,-7,2,-7,-7,-7,2,6,5,1992,33,2,-7,2,2,1,1,1,9,-7,-7,-7,-7,1,2,-7,3,8,2,2,2,2,2,2,3,3,1,3,-7,2,2,2,2,0,0,1,0,0,0,bas25_04073,428.31402956,1,24510,Highlandtown,9,1,15:07:30,9,1,15:20:00,1,1,2,2,4,4,2,2,0,1
36,3,4,3,3,3,2,2,5,4,3,4,4,4,3,3,4,2,1,2,2,2,5,3,4,3,1,3,3,3,3,4,3,4,1,3,2,1,2,1,1,2,1,2,1,5,3,3,4,4,4,4,-7,3,3,3,3,3,3,1,1,1,2,1,1,3,5,3,1,1,0,0,0,0,0,1,1,1,0,0,0,1,0,0,0,0,0,1,1,1,0,0,0,-8,-8,-8,-8,-8,-8,-8,-8,-8,-8,-8,-8,-8,0,0,1,1,0,0,0,0,0,0,0,1,1,1,0,0,0,1,0,0,3,-7,-7,-7,-7,-7,-7,-7,-7,1,3,4,2,120000,70000,4,3,3,2,2,2,2,2,-7,2,2,1,2,1,3,1,1,1,1,1,3,3,4,1,1,5,0,1,0,1,0,1,0,0,NA,0,1,0,0,0,1,0,0,1,1,0,5,5,2,4,1,1,0,0,1,2,NA,2,-7,-7,1,-7,1,1,0,1,2,3,3,1986,39,1,-7,2,2,1,1,1,8,-7,-7,-7,-7,2,1,5,-7,5,2,2,2,2,2,-8,1,1,1,1,-7,2,2,2,2,0,0,1,0,0,0,bas25_04076,656.49091211,2,24005,-7,9,7,09:06:02,9,7,09:29:02,2,1,1,2,2,2,1,3,0,1
2,2,1,2,2,2,4,4,2,3,3,1,3,1,1,1,1,1,1,1,1,1,1,3,1,3,1,1,3,3,2,2,3,3,3,3,1,1,1,1,1,1,2,2,2,2,2,2,3,2,2,5,-7,3,3,3,3,2,3,1,4,1,1,2,3,1,1,2,2,1,1,0,0,0,0,0,1,0,0,0,0,1,1,0,0,1,0,0,1,0,0,0,0,-8,-8,-8,-8,-8,-8,-8,-8,-8,-8,-8,-8,-8,0,0,1,1,0,0,0,0,0,0,0,1,1,0,1,0,0,0,0,0,1,1,-7,-7,-7,-7,-7,-7,-7,1,3,5,3,5000000,30000,3,4,3,5,2,2,2,2,-7,2,2,1,2,2,2,2,1,2,1,1,1,2,2,1,1,1,0,0,0,0,0,0,0,0,NA,1,1,0,0,1,1,0,0,0,1,0,5,5,1,1,1,0,0,0,1,2,NA,2,-7,-7,1,-7,2,-7,-7,-7,2,4,3,1958,67,1,-7,3,2,1,1,1,9,-7,-7,-7,-7,2,2,-7,2,7,2,2,2,2,2,2,5,3,1,1,-7,2,2,2,2,0,0,1,0,0,0,bas25_04080,290.03705557,2,24005,-7,10,5,17:56:04,10,5,18:19:12,1,2,1,2,3,3,1,5,1,1
1,4,2,2,2,3,3,3,3,5,3,3,3,3,2,2,2,1,1,3,2,3,3,3,3,3,2,5,5,3,3,4,3,4,5,5,1,1,1,1,1,2,1,2,2,4,4,2,5,5,5,-7,4,3,3,-8,3,3,3,1,1,1,3,3,3,2,1,1,1,0,0,0,0,0,0,0,0,0,0,0,1,0,0,0,0,0,0,0,0,1,0,0,0,0,0,0,1,1,0,0,0,0,1,1,0,1,0,0,1,0,0,0,1,1,1,1,1,0,3,1,0,0,1,1,0,0,1,2,-7,-7,-7,-7,-7,-7,-7,9,-7,-7,-7,350000,18000,3,2,4,3,1,2,2,1,1,1,1,4,2,3,3,3,2,3,3,5,3,3,3,2,2,3,0,0,0,0,0,0,0,0,NA,1,1,0,0,0,0,0,0,0,0,0,4,1,1,2,1,0,0,0,2,4,NA,2,-7,-7,1,-7,1,2,0,0,2,3,5,2001,24,1,-7,2,2,1,1,1,9,-7,-7,-7,-7,1,1,3,-7,3,1,1,2,2,2,2,3,3,1,1,-7,2,2,2,2,0,0,1,0,0,0,bas25_04082,1864.6381808,2,24005,-7,9,6,14:21:24,9,6,14:51:02,1,2,2,2,2,2,1,1,0,1
34,4,1,2,2,2,3,3,3,4,3,1,3,2,2,1,3,1,2,1,1,1,1,2,2,3,3,2,4,2,3,2,3,3,4,4,2,1,2,1,2,2,2,2,2,5,4,5,4,4,4,-7,3,3,3,-8,3,3,3,1,4,1,1,1,1,2,2,5,1,0,0,0,0,0,0,0,1,0,0,0,0,0,0,0,0,0,0,0,1,1,0,0,0,0,0,0,1,0,0,0,1,0,1,0,0,1,0,0,1,1,0,0,0,1,0,0,0,0,1,0,0,0,0,1,1,0,1,3,-7,-7,-7,-7,-7,-7,-7,1,1,3,3,500000,40000,3,3,3,5,3,3,2,2,-7,2,2,2,1,2,2,2,1,3,2,4,3,4,3,1,1,2,0,1,0,1,0,1,1,0,NA,0,1,0,0,0,0,0,0,1,1,0,4,4,1,1,1,0,0,0,1,2,NA,2,-7,-7,1,-7,2,-7,-7,-7,2,7,5,1991,34,2,-7,2,2,1,1,1,8,-7,-7,-7,-7,3,1,5,-7,5,2,2,2,2,2,2,4,2,1,1,-7,2,2,2,2,0,0,1,0,0,0,bas25_04083,346.96966359,1,24510,South Baltimore,8,28,15:18:05,8,28,15:34:19,1,2,2,2,2,4,2,2,0,1
4,4,2,1,2,1,4,4,1,4,3,2,3,2,1,1,3,1,2,2,2,1,2,2,2,3,1,1,2,2,2,2,2,2,3,3,1,1,1,1,1,1,1,1,2,4,4,2,4,4,4,-7,4,3,3,3,3,3,3,1,1,1,5,1,3,2,2,1,1,1,0,0,0,0,0,1,0,1,0,0,0,1,0,0,0,0,0,1,0,1,0,0,0,0,0,1,0,0,0,-8,-8,-8,-8,-8,-8,-8,0,0,0,1,1,0,0,0,0,0,0,1,5,-8,-8,-8,-8,-8,-8,-8,1,2,-7,-7,-7,-7,-7,-7,-7,5,-7,-7,-7,100000,30000,2,3,2,2,3,3,3,2,-7,2,2,1,1,2,2,2,2,1,1,1,1,2,1,1,1,1,0,0,0,0,0,0,0,0,NA,1,1,0,0,0,0,0,0,0,0,0,-8,5,2,1,1,0,0,0,2,2,NA,2,-7,-7,2,1,2,-7,-7,-7,2,6,1,1968,57,1,-7,2,2,1,1,1,9,-7,-7,-7,-7,1,2,-7,-8,-6,2,2,2,2,2,2,3,1,1,1,-7,2,2,2,2,0,0,1,0,0,0,bas25_04087,241.51040781,1,24510,Canton,8,27,18:23:49,8,27,18:45:46,2,2,2,2,-6,4,1,4,0,1
57,4,5,4,-8,1,4,3,3,2,3,5,3,1,3,3,1,1,1,1,1,1,1,1,1,1,1,1,1,3,1,1,4,1,1,-8,1,1,1,1,2,1,2,2,2,5,5,5,5,5,5,-7,2,3,3,3,3,3,3,1,1,2,1,2,2,2,1,1,2,1,0,0,0,0,0,0,0,0,0,0,0,1,0,0,0,0,0,0,0,0,0,0,0,0,0,0,0,0,1,0,1,0,0,0,0,0,0,0,1,0,0,0,0,0,0,1,0,0,4,1,0,0,0,0,0,0,1,4,-7,-7,-7,-7,-7,-7,-7,5,-7,-7,-7,Three Mill,Thirty Tho,4,5,4,5,3,3,3,2,-7,2,2,1,1,1,4,1,1,1,-8,-8,-8,3,1,1,1,1,0,0,0,0,0,0,0,0,NA,1,1,0,0,0,0,0,0,0,0,0,5,1,2,1,0,1,0,0,2,2,NA,2,-7,-7,3,1,2,-7,-7,-7,2,4,3,1962,63,2,-7,2,2,-8,1,1,2,-7,-7,-7,-7,2,2,-7,-8,-6,2,-8,-8,-8,-8,-8,-8,-8,-8,-8,-7,1,1,1,1,0,1,0,0,0,0,bas25_04096,1551.7735559,1,24510,Northwood,9,9,18:56:01,9,9,19:37:57,1,1,2,1,-6,3,2,4,0,1
10,6,4,3,4,2,2,2,5,3,4,2,4,4,2,3,4,2,2,3,2,3,2,3,2,3,3,2,2,3,3,2,4,2,2,4,1,1,1,1,1,1,1,1,2,5,3,2,5,4,5,-7,4,3,3,3,3,3,3,1,4,1,2,2,2,2,2,1,1,0,0,0,1,0,0,0,0,0,0,0,0,0,0,0,1,0,0,0,0,0,0,0,0,0,1,0,0,0,0,0,1,0,0,1,1,0,0,0,1,1,0,0,0,0,0,1,0,0,4,0,0,1,0,1,1,0,1,4,-7,-7,-7,-7,-7,-7,-7,5,-7,-7,-7,200000,50000,4,5,4,5,3,3,3,2,-7,2,2,2,2,2,4,2,1,1,1,1,1,3,3,1,1,1,0,0,0,0,0,0,0,0,NA,1,1,1,1,0,0,1,1,0,0,0,5,5,2,1,1,0,0,0,2,2,NA,1,1,-7,2,2,2,-7,-7,-7,1,4,1,1947,78,2,-7,2,2,1,1,1,2,-7,-7,-7,-7,7,2,-7,1,6,2,2,2,2,2,2,4,2,1,1,-7,2,2,2,2,0,0,1,0,0,0,bas25_04102,1275.2364633,2,24005,-7,9,9,15:45:21,9,9,16:26:19,2,2,2,2,3,3,2,5,0,1
14,4,2,2,2,2,3,3,3,3,2,2,2,3,1,1,3,1,2,1,1,1,2,1,3,2,2,5,5,2,4,3,4,3,2,2,1,1,1,1,1,1,1,1,2,4,3,3,5,5,5,-7,4,3,3,3,3,3,3,1,1,1,2,3,3,3,2,1,1,0,0,0,0,0,0,0,1,0,0,0,0,0,0,0,0,0,0,0,0,1,0,0,0,0,0,0,0,0,1,0,0,1,0,1,0,1,0,0,1,1,0,0,1,0,0,0,1,0,4,-8,-8,-8,-8,-8,-8,-8,1,2,-7,-7,-7,-7,-7,-7,-7,9,-7,-7,-7,100000,25000,3,3,3,3,2,2,3,2,-7,2,2,1,4,3,3,3,3,3,2,2,2,3,2,1,1,1,0,0,0,0,0,0,0,0,NA,1,1,0,0,0,0,0,0,0,0,0,3,5,3,1,1,1,0,0,2,2,NA,2,-7,-7,-8,-7,1,1,1,-8,2,3,1,1982,43,1,-7,2,2,1,1,1,8,-7,-7,-7,-7,7,1,-8,-7,-6,2,-8,-8,-8,-8,-8,3,1,1,1,-7,2,2,2,2,0,0,1,0,0,0,bas25_04114,2121.4672014,2,24005,-7,8,28,18:50:00,8,28,19:30:06,1,1,2,2,-6,2,1,3,0,1
1,5,4,2,3,2,3,3,4,4,3,1,3,1,1,2,2,2,2,2,1,1,4,4,3,3,3,2,4,2,3,3,4,3,3,3,1,1,1,1,1,1,1,1,2,3,4,4,2,2,2,-7,4,3,2,2,2,2,3,1,4,2,4,3,1,4,2,1,1,0,0,0,0,0,0,0,0,0,0,0,1,0,0,0,0,0,0,0,0,0,0,1,0,1,1,1,0,1,0,1,1,1,1,1,1,1,0,0,1,1,0,0,0,0,0,0,0,1,4,-8,-8,-8,-8,-8,-8,-8,1,4,-7,-7,-7,-7,-7,-7,-7,1,3,4,3,300000,50000,3,5,4,5,3,3,3,2,-7,2,2,1,1,2,1,1,1,1,1,3,1,3,3,2,2,4,0,0,0,0,0,1,0,0,NA,0,0,0,0,1,0,0,0,0,0,0,5,5,1,1,1,0,0,0,1,2,NA,2,-7,-7,2,1,2,-7,-7,-7,2,6,1,1994,31,2,-7,1,1,1,1,1,9,-7,-7,-7,-7,1,2,-7,4,9,2,2,2,2,2,2,5,2,1,5,1,2,2,4,6,0,0,1,0,0,1,bas25_04120,894.90330352,1,24510,Canton,9,21,18:06:33,9,21,18:23:41,2,2,2,3,4,4,2,2,4,2
46,-8,2,2,3,-8,2,2,3,5,5,5,5,5,4,5,5,4,4,5,5,5,5,5,5,5,4,5,5,4,4,4,1,1,5,5,2,2,2,2,2,2,2,2,2,5,5,5,5,5,5,-7,5,3,3,3,3,3,3,1,1,1,2,1,1,3,1,1,6,0,0,0,0,0,0,0,1,0,0,0,0,0,0,0,0,0,0,0,1,0,0,0,0,0,1,0,0,0,1,1,1,1,1,1,1,1,1,0,0,1,0,0,0,0,0,0,0,1,3,-8,-8,-8,-8,-8,-8,-8,2,-7,0,0,0,0,0,0,1,5,-7,-7,-7,NA,NA,4,5,1,1,3,3,3,2,-7,2,2,3,2,1,2,2,1,1,2,1,1,2,1,1,1,1,0,0,0,1,0,0,0,0,NA,0,1,1,0,0,0,1,0,0,0,0,4,5,2,1,0,0,1,0,2,2,NA,-8,-7,-7,2,2,1,0,1,1,2,6,1,1955,70,2,-7,-8,-8,1,1,1,-8,-6,-7,-7,-7,9,2,-7,2,7,2,2,2,1,2,2,-8,-8,1,1,-7,-6,-6,-6,-6,-8,-8,-8,-8,-8,-8,bas25_04126,471.37666773,1,24510,Glen-Fallstaff,8,27,20:44:18,8,27,21:25:19,1,2,2,-6,3,4,2,5,0,1
-8,-8,-8,-8,-8,-8,-8,-8,-8,-8,-8,-8,-8,-8,-8,-8,-8,-8,-8,-8,-8,-8,-8,-8,-8,-8,-8,-8,-8,-8,-8,-8,-8,-8,-8,3,1,1,1,1,1,1,1,1,2,5,3,5,5,5,5,4,-7,-8,-8,-8,-8,-8,-8,-8,-8,2,-8,-8,-8,-8,-8,-8,-8,-8,-8,-8,-8,-8,-8,-8,-8,-8,-8,-8,-8,-8,-8,-8,-8,-8,-8,-8,-8,-8,-8,-8,-8,-8,-8,-8,-8,-8,-8,-8,-8,-8,-8,-8,-8,-8,-8,-8,-8,-8,-8,-8,-8,-8,-8,-8,-8,-8,-8,-8,-8,-8,-8,-8,-8,-8,-8,-7,-7,-7,-7,-7,-7,-7,-7,3,-8,-8,-8,NA,NA,-8,-8,-8,-8,-8,-8,-8,-8,-7,-8,-8,-8,5,5,5,3,5,5,3,3,2,-8,-8,-8,-8,-8,-8,-8,-8,-8,-8,-8,-8,-8,NA,-8,-8,-8,-8,-8,-8,-8,-8,-8,-8,-8,-8,-8,1,2,1,0,0,0,1,2,NA,2,-7,-7,3,1,1,0,1,1,1,4,5,1982,43,1,-7,2,2,1,1,1,8,-7,-7,-7,-7,2,1,1,-7,1,1,1,1,1,2,1,3,2,1,5,1,1,1,1,1,0,1,0,0,0,0,bas25_04128,2313.8879702,2,24005,-7,8,29,00:34:04,9,9,17:55:13,2,1,1,1,1,3,1,3,-8,-6
28,2,2,2,3,2,2,3,3,4,5,2,4,3,2,2,3,1,1,2,2,1,1,5,2,3,1,4,4,2,4,4,1,4,3,3,2,2,1,1,1,2,-8,2,2,3,2,1,3,3,2,-7,5,3,3,3,3,3,3,1,1,1,1,1,1,2,1,1,4,1,0,0,0,0,0,0,0,0,0,0,0,1,0,0,0,0,0,0,0,0,0,0,0,-8,-8,-8,-8,-8,-8,0,1,0,0,0,0,0,0,0,1,1,0,0,0,0,0,0,0,1,2,-8,-8,-8,-8,-8,-8,-8,3,-7,-7,-7,-7,-7,-7,-7,-7,5,-7,-7,-7,500000,50000,2,4,3,4,3,3,3,2,-7,2,2,1,1,1,1,1,1,1,1,1,1,1,1,1,1,1,0,0,0,0,0,0,0,0,NA,1,1,0,0,0,0,0,0,0,0,0,5,5,2,4,1,0,0,0,1,2,NA,1,1,-7,2,1,2,-7,-7,-7,2,5,1,1954,71,1,-7,2,2,1,1,1,1,3,-7,-7,-7,5,2,-7,4,9,2,2,2,1,1,2,3,1,1,1,-7,2,2,2,2,0,0,1,0,0,0,bas25_04131,567.07996322,2,24005,-7,8,29,09:59:51,8,29,10:26:43,1,1,2,2,4,3,1,5,0,1
5,5,1,1,1,2,3,3,1,2,3,2,3,3,3,4,5,1,1,2,2,2,1,1,1,2,1,1,1,4,4,3,3,3,1,2,1,1,1,1,1,1,1,1,2,5,5,3,5,5,5,2,-7,3,3,3,3,3,3,1,1,1,2,3,3,3,2,2,2,1,1,0,0,1,0,0,0,0,0,0,0,1,1,0,0,1,0,0,1,0,0,0,0,0,0,0,1,0,0,1,1,1,1,1,1,1,1,0,0,1,0,1,1,1,1,1,0,0,5,0,0,0,0,1,1,0,1,2,-7,-7,-7,-7,-7,-7,-7,1,3,1,4,100000,15000,4,5,4,5,3,3,3,2,-7,2,2,1,3,3,3,3,3,3,3,3,3,2,2,1,1,1,0,0,1,0,0,0,0,0,NA,0,0,0,0,0,1,0,0,0,0,0,5,5,1,3,1,0,0,0,2,2,NA,2,-7,-7,1,-7,2,-7,-7,-7,2,5,3,1961,64,1,-7,2,2,1,1,1,8,-7,-7,-7,-7,4,1,5,-7,5,2,2,2,2,2,2,3,2,1,1,-7,1,1,1,1,0,1,0,0,0,0,bas25_04138,252.18014472,1,24510,Cherry Hill,8,27,19:05:32,8,27,19:32:00,2,1,1,1,2,3,1,4,0,1
4,3,1,2,2,2,3,3,3,3,2,2,3,2,1,1,3,3,3,1,1,1,1,1,3,2,1,3,3,2,2,2,4,3,2,3,1,1,1,1,2,2,1,2,1,5,4,3,4,3,4,4,-7,3,3,3,3,2,3,1,1,2,2,2,1,2,3,1,1,1,0,0,0,0,0,0,0,0,0,0,0,1,0,0,0,0,0,0,0,0,0,0,0,0,1,0,0,0,0,0,0,0,0,0,1,0,0,0,1,0,1,0,1,1,0,0,1,0,2,0,0,0,1,0,0,0,1,2,-7,-7,-7,-7,-7,-7,-7,8,-7,-7,-7,100000,12000,4,4,4,4,2,2,2,1,2,2,2,2,3,4,4,3,2,1,3,4,2,4,4,1,1,4,0,0,0,1,1,0,0,0,NA,0,1,1,0,0,0,1,0,1,0,0,5,4,1,1,0,1,0,0,1,5,NA,2,-7,-7,3,2,2,-7,-7,-7,1,6,2,1955,70,1,-7,2,2,1,1,1,1,1,-7,-7,-7,8,1,1,-7,1,1,1,2,1,1,2,4,2,1,1,-7,1,1,1,1,0,1,0,0,0,0,bas25_04150,959.38961455,1,24510,Howard Park/West Arlington,8,27,15:04:30,8,27,15:48:50,1,2,1,1,1,4,1,5,1,1
5,4,2,2,3,3,3,3,4,4,3,3,3,4,3,2,2,3,3,3,3,3,3,2,2,2,3,3,4,3,3,3,3,3,3,4,2,2,2,2,2,2,1,2,2,4,4,3,3,3,3,-7,4,2,2,2,2,2,2,-8,2,1,3,3,3,3,2,4,1,0,0,0,0,0,0,0,0,0,0,0,1,0,0,0,0,0,0,0,0,0,0,1,0,0,1,0,1,0,0,0,1,0,0,0,0,0,0,0,0,0,1,0,1,0,0,1,1,0,4,1,0,1,0,0,0,0,3,-7,-7,-7,-7,-7,-7,-7,-7,1,3,4,2,NA,NA,3,4,4,4,-8,2,2,-8,-7,2,2,3,3,4,3,3,3,4,4,4,3,3,4,2,2,1,0,0,0,0,0,0,0,0,NA,1,0,1,0,0,0,1,0,1,1,0,3,3,2,3,1,0,0,0,2,2,NA,2,-7,-7,-8,-7,1,-8,-8,-8,2,7,5,1986,39,1,-7,2,1,2,2,2,9,-7,-7,-7,-7,2,2,-7,1,6,2,2,2,2,2,1,3,4,3,5,2,2,2,4,6,0,0,1,0,0,1,bas25_04155,283.95388575,1,24510,Cedonia/Frankford,8,28,16:21:38,8,28,16:52:27,2,2,2,3,3,4,1,3,6,3
0,4,1,2,2,2,3,3,2,3,3,1,2,2,1,2,2,2,1,2,1,2,1,1,3,3,1,1,1,2,2,2,3,3,3,3,1,1,2,2,1,2,1,2,2,3,4,3,5,5,4,4,-7,2,3,2,2,2,3,1,3,1,1,3,3,2,1,1,1,0,0,0,0,0,0,1,1,1,0,0,0,0,0,0,0,0,0,1,1,1,0,0,0,-8,-8,-8,-8,-8,-8,0,1,1,1,0,1,0,1,0,0,1,0,0,0,0,0,0,0,1,2,-8,-8,-8,-8,-8,-8,-8,3,-7,-7,-7,-7,-7,-7,-7,-7,3,4,4,2,350000,50000,2,2,4,5,3,3,3,2,-7,1,2,2,3,2,3,2,2,2,2,3,2,2,2,1,1,4,0,1,0,1,0,0,1,0,NA,0,0,1,0,1,0,0,0,1,1,0,5,5,2,1,1,0,0,0,1,2,NA,2,-7,-7,2,1,2,-7,-7,-7,2,6,1,1985,40,1,-7,2,2,1,1,1,2,-7,-7,-7,-7,1,2,-7,5,10,2,2,2,2,2,2,5,2,1,1,-7,3,4,3,4,0,0,0,0,1,0,bas25_04171,149.23242853,1,24510,Midtown,9,7,17:16:58,9,7,19:00:50,2,2,1,3,4,4,1,3,4,2
19,2,1,2,3,2,3,3,4,2,3,1,3,1,1,2,1,1,1,1,1,1,1,3,2,1,2,2,2,2,2,2,3,3,2,3,2,1,2,1,2,-8,2,2,1,2,2,2,3,3,3,4,-7,3,3,3,3,3,3,1,1,1,2,3,1,2,1,1,7,1,0,0,0,0,0,0,1,0,0,0,0,1,0,0,0,0,0,0,1,0,0,0,0,0,0,0,1,0,0,0,0,0,0,1,0,0,0,0,1,1,0,0,0,0,1,0,0,0,1,0,0,1,0,0,0,0,1,1,-7,-7,-7,-7,-7,-7,-7,2,1,5,1,300000,65000,3,4,2,4,3,3,3,2,-7,2,2,2,1,1,1,1,1,1,1,1,2,2,1,1,1,1,0,0,0,0,0,0,0,0,NA,1,0,0,0,1,0,0,0,0,0,0,5,5,2,1,1,0,0,0,2,2,NA,1,3,3,2,1,2,-7,-7,-7,2,7,1,1956,69,2,-7,2,2,1,1,1,2,-7,-7,-7,-7,4,2,-7,6,11,2,2,2,2,2,2,3,3,3,3,-7,2,2,2,2,0,0,1,0,0,0,bas25_04172,483.90665655,2,24005,-7,8,28,11:16:45,8,28,11:41:55,2,2,1,2,4,4,2,5,0,1
19,4,2,2,3,2,3,3,3,3,4,3,3,3,2,2,3,2,3,2,1,2,2,4,3,2,1,1,2,3,3,2,4,3,3,3,1,2,1,2,1,2,2,2,2,4,4,4,5,5,5,-7,3,3,3,3,2,2,3,1,4,1,2,1,1,2,2,1,2,1,0,0,0,0,1,0,0,0,0,0,0,0,0,0,0,0,0,0,0,1,0,0,0,0,0,0,0,0,1,0,0,1,0,1,1,0,1,0,1,0,0,0,1,1,0,0,1,0,4,1,0,0,0,0,1,0,2,-7,0,0,0,0,0,0,1,5,-7,-7,-7,400000,70000,4,3,3,5,2,2,3,1,3,1,2,2,2,1,4,1,2,2,2,1,3,3,3,1,2,1,0,0,0,0,0,0,0,0,NA,1,0,0,0,0,0,0,0,0,0,1,3,3,2,1,1,0,0,0,2,4,NA,2,-7,-7,1,-7,1,0,0,1,2,7,3,1951,74,1,-7,2,2,1,1,1,9,-7,-7,-7,-7,4,1,4,-7,4,2,2,2,2,2,2,5,2,1,1,-7,1,1,1,1,0,1,0,0,0,0,bas25_04177,179.26086798,1,24510,Glen-Fallstaff,10,5,15:40:11,10,5,16:23:04,1,1,2,1,2,4,1,5,2,2
8,1,5,3,3,4,1,1,5,4,4,5,4,4,4,3,4,5,4,5,3,3,5,2,4,3,2,3,3,3,4,4,3,1,5,3,1,1,1,1,1,1,1,1,1,5,5,3,5,5,5,5,-8,2,2,2,2,2,2,1,-8,2,3,3,3,3,4,3,1,1,0,1,0,0,0,0,1,0,0,0,0,1,0,0,0,0,0,0,0,0,0,0,0,-8,-8,-8,-8,-8,-8,0,1,1,0,0,1,0,1,0,1,0,0,0,0,0,0,0,0,1,3,1,0,0,0,0,0,0,2,-7,1,0,1,0,1,1,0,8,-7,-7,-7,A lot,No dollars,4,5,4,5,2,2,2,2,-7,2,2,-8,5,5,5,5,5,2,1,1,1,4,3,1,1,1,0,1,0,0,0,1,0,0,NA,0,1,1,0,0,0,1,0,0,0,0,3,5,1,1,1,0,0,0,1,2,NA,2,-7,-7,2,1,2,-7,-7,-7,1,2,5,1952,73,1,-7,2,2,1,1,1,-8,-6,-7,-7,-7,2,1,1,-7,1,1,2,1,1,1,2,3,2,1,1,-7,1,1,1,1,0,1,0,0,0,0,bas25_04181,1373.9399636,1,24510,Patterson Park North & East,10,2,10:13:24,10,2,10:27:52,1,2,2,1,1,1,1,5,6,3
12,4,2,2,3,2,4,2,4,3,5,2,3,3,2,1,3,5,1,4,3,3,4,1,2,2,1,2,2,2,4,4,3,3,2,3,1,1,1,1,1,1,1,1,2,5,5,1,5,3,3,-7,4,2,2,2,2,2,3,1,4,2,2,3,3,5,3,2,1,1,0,0,0,0,0,0,0,0,0,0,0,1,0,0,0,0,0,0,0,0,0,0,0,0,0,0,1,0,0,-8,-8,-8,-8,-8,-8,-8,1,0,0,1,0,-8,-8,-8,-8,-8,-8,-8,3,0,1,0,0,1,0,0,3,-7,-7,-7,-7,-7,-7,-7,-7,9,-7,-7,-7,NA,NA,3,4,4,5,1,2,2,1,1,1,1,3,5,5,5,5,5,1,1,1,3,3,3,1,1,1,0,0,0,0,0,0,0,0,NA,1,1,0,0,0,0,0,0,0,0,0,5,5,1,1,1,0,0,0,1,5,NA,2,-7,-7,1,-7,2,-7,-7,-7,1,6,3,1953,72,1,-7,2,2,1,1,1,9,-7,-7,-7,-7,4,1,2,-7,2,1,1,2,1,2,2,3,3,1,2,-7,1,1,1,1,0,1,0,0,0,0,bas25_04187,278.76028945,1,24510,The Waverlies,9,29,09:47:39,9,29,11:26:08,1,1,2,1,1,4,1,5,5,2
42,6,5,3,3,4,2,2,5,5,5,5,5,5,5,5,5,3,2,3,2,3,5,3,4,5,3,4,3,3,3,3,4,4,4,4,2,2,2,2,2,2,2,2,2,5,3,4,5,5,5,-7,4,3,3,3,3,3,3,1,1,1,2,1,3,3,2,1,1,0,0,0,0,0,0,0,1,0,0,0,0,0,0,0,0,0,0,1,1,0,0,0,0,-8,-8,-8,-8,-8,-8,-8,-8,-8,-8,-8,-8,-8,1,0,1,0,0,0,1,0,0,0,1,0,2,1,0,0,0,0,0,0,3,-7,-7,-7,-7,-7,-7,-7,-7,4,-7,-7,-7,65000,30000,4,4,4,4,2,2,3,1,2,1,2,2,3,5,5,1,3,5,5,4,3,4,5,1,1,1,0,0,0,0,0,0,0,0,NA,1,0,0,0,0,1,0,0,0,0,0,1,1,1,3,1,0,0,0,1,2,NA,2,-7,-7,2,1,1,1,2,3,2,5,1,1981,44,1,-7,2,2,1,1,1,7,-7,-7,-7,-7,8,1,3,-7,3,1,1,2,2,2,2,3,4,1,5,1,1,1,1,1,0,1,0,0,0,0,bas25_04191,694.26557237,1,24510,Belair-Edison,9,9,18:32:37,9,9,18:57:24,1,1,2,1,2,3,1,3,0,1
10,3,3,3,3,3,4,2,4,5,5,5,5,3,4,5,1,1,5,1,1,1,4,3,5,5,4,4,3,3,4,4,4,5,4,5,1,1,1,1,2,2,1,1,1,5,4,5,5,5,4,4,-7,3,3,3,3,3,3,1,1,1,5,1,1,3,3,1,1,1,0,0,0,1,0,0,1,0,0,0,0,0,0,0,0,0,0,0,0,1,0,0,0,0,1,1,0,0,0,0,1,0,1,1,1,0,0,0,1,1,0,0,0,0,1,0,0,0,5,-8,-8,-8,-8,-8,-8,-8,2,-7,0,0,1,0,1,0,1,1,1,5,2,200000,25000,4,4,3,3,3,3,3,2,-7,2,2,3,2,1,3,3,1,1,1,1,3,3,3,2,2,2,0,0,1,1,0,1,0,0,NA,0,0,0,0,0,0,0,0,1,1,0,5,5,2,1,1,0,0,0,2,4,NA,2,-7,-7,1,-7,2,-7,-7,-7,1,4,5,1982,43,1,-7,-8,2,1,1,1,9,-7,-7,-7,-7,1,1,5,-7,5,2,2,2,2,2,2,3,3,1,1,-7,2,2,2,2,0,0,1,0,0,0,bas25_04193,540.67655636,2,24005,-7,9,6,10:55:44,9,6,11:29:59,1,2,1,2,2,3,1,3,0,1
25,6,2,2,3,2,3,2,2,5,4,5,4,5,4,3,5,1,4,5,1,5,2,3,5,5,2,4,5,2,3,3,3,3,5,5,1,1,-8,-8,-8,-8,-8,-8,2,5,5,5,5,5,5,4,-7,3,3,3,3,3,3,1,5,1,2,2,2,5,4,1,1,1,0,0,1,1,0,0,0,0,0,0,0,1,1,0,0,0,0,1,0,0,0,0,0,0,0,0,0,0,1,1,1,1,0,0,1,1,0,0,1,0,1,1,0,1,1,0,0,0,5,1,0,0,0,1,0,0,2,-7,0,0,1,0,0,0,0,1,1,5,2,300000,60000,4,5,4,5,1,1,1,1,1,1,1,3,4,4,4,4,1,5,3,4,2,3,3,1,1,5,0,1,0,0,0,0,0,0,NA,0,0,0,0,0,0,0,0,0,0,1,4,5,2,3,0,1,0,0,1,2,NA,2,-7,-7,4,1,1,1,1,1,1,4,1,1967,58,1,-7,2,2,1,1,1,8,-7,-7,-7,-7,2,1,5,-7,5,1,1,2,2,2,2,3,2,1,1,-7,1,1,1,1,0,1,0,0,0,0,bas25_04194,1295.2492919,1,24510,Cedonia/Frankford,9,4,15:26:46,10,1,20:40:46,1,2,1,1,2,3,1,4,0,1
22,2,3,2,3,3,3,2,3,3,3,4,4,4,3,3,4,3,4,3,2,2,2,2,4,3,2,6,-7,3,4,4,4,2,3,3,1,1,1,1,1,1,2,1,2,5,4,5,5,5,5,-7,4,3,3,3,3,3,3,1,2,1,2,2,2,3,1,1,1,1,0,0,0,1,0,0,0,0,0,0,0,1,0,0,1,1,0,0,0,0,0,0,0,0,0,0,0,0,1,0,0,0,0,1,0,1,0,0,1,0,1,1,0,0,1,1,1,0,4,0,0,0,1,0,0,0,3,-7,-7,-7,-7,-7,-7,-7,-7,5,-7,-7,-7,500000,15000,4,4,4,5,2,2,2,1,3,2,2,3,1,1,1,1,1,1,1,1,1,2,2,1,1,3,0,1,0,1,0,0,0,0,NA,0,0,0,0,0,0,1,0,0,1,0,3,4,2,1,1,0,0,0,2,2,NA,1,1,-7,4,1,1,2,0,1,1,4,4,1961,64,2,-7,2,1,1,-8,1,9,-7,-7,-7,-7,1,1,2,-7,2,2,2,2,2,2,2,3,4,1,1,-7,2,2,4,6,0,0,1,0,0,1,bas25_04202,937.82072567,1,24510,Glen-Fallstaff,9,4,10:13:28,9,4,10:47:03,2,1,2,3,1,3,2,4,0,1
10,6,4,3,3,3,3,2,3,4,4,5,5,4,5,5,5,2,5,5,5,5,2,5,3,5,3,3,3,2,4,4,2,5,1,5,1,1,1,1,1,1,1,1,2,5,2,5,5,5,5,1,-7,3,3,3,3,3,3,1,4,1,3,1,1,3,2,1,1,0,0,0,0,0,0,0,0,0,0,0,1,0,0,1,0,0,0,0,0,0,0,0,0,1,1,1,1,1,1,1,1,1,1,1,1,1,0,0,1,1,0,0,1,0,0,0,0,0,5,-8,-8,-8,-8,-8,-8,-8,1,4,-7,-7,-7,-7,-7,-7,-7,1,5,5,4,1000000,50000,4,5,4,1,3,3,3,2,-7,2,2,3,1,1,1,3,1,1,1,1,1,2,2,1,1,1,0,0,0,0,0,0,0,0,NA,1,0,0,0,0,0,0,0,0,0,1,3,3,1,1,1,0,0,0,2,2,NA,2,-7,-7,2,1,2,-7,-7,-7,2,3,1,1975,50,2,-7,-8,-8,1,1,1,2,-7,-7,-7,-7,1,2,-7,6,11,2,2,2,2,2,2,1,1,1,1,-7,-6,-6,-6,-6,-8,-8,-8,-8,-8,-8,bas25_04204,1769.5853049,2,24005,-7,8,31,21:06:04,8,31,21:33:53,2,2,1,-6,4,2,2,4,0,1
6,5,5,1,1,1,3,4,1,1,1,3,1,4,1,1,4,2,1,5,5,5,5,1,1,1,1,5,5,1,4,1,1,1,1,5,1,1,1,1,1,1,1,1,2,5,5,5,5,5,5,-7,2,3,2,2,1,1,1,2,1,2,5,2,2,5,5,1,1,1,0,0,0,0,0,0,1,0,0,0,0,0,0,0,0,0,1,0,0,0,0,0,0,1,1,1,1,1,1,0,0,1,1,0,0,0,0,1,1,0,0,1,0,0,0,0,0,0,5,0,0,0,0,1,1,0,1,4,-7,-7,-7,-7,-7,-7,-7,6,-7,-7,-7,10000000,0,3,1,1,1,1,1,1,1,1,1,1,4,4,5,5,5,4,4,4,3,3,1,1,1,1,2,1,1,0,1,0,1,1,0,NA,0,0,0,0,0,0,0,0,1,0,0,5,5,1,2,0,1,0,0,1,4,NA,2,-7,-7,1,-7,2,-7,-7,-7,2,4,5,1991,34,3,-7,2,2,1,1,1,5,-7,-7,-7,-7,4,1,3,-7,3,1,1,1,2,2,2,3,3,1,4,1,1,1,1,1,0,1,0,0,0,0,bas25_04215,409.59747607,1,24510,Oldtown/Middle East,10,4,18:16:36,10,4,18:32:31,2,1,2,1,2,3,-8,2,8,3
2,2,1,2,3,2,4,3,3,4,3,2,3,2,2,2,3,1,4,2,2,2,2,4,5,3,4,2,2,2,3,3,4,3,3,3,2,1,2,1,2,1,2,1,2,5,5,5,5,5,5,4,-7,3,3,3,3,3,3,1,1,1,3,3,2,3,1,1,1,0,0,0,0,0,0,0,1,0,0,0,0,0,0,0,0,0,0,0,1,1,0,0,0,-8,-8,-8,-8,-8,-8,-8,-8,-8,-8,-8,-8,-8,0,0,1,1,0,0,1,0,0,1,0,0,4,0,0,0,0,0,1,0,1,2,-7,-7,-7,-7,-7,-7,-7,6,-7,-7,-7,200000,35000,4,5,4,5,3,3,3,2,-7,2,2,2,2,1,1,3,1,1,1,1,1,2,3,1,1,1,-8,-8,-8,-8,-8,-8,-8,-8,NA,-8,0,0,0,0,0,0,0,1,0,0,5,5,1,1,1,0,0,0,1,2,NA,2,-7,-7,1,-7,2,-7,-7,-7,2,6,3,1998,27,1,-7,2,2,1,1,1,9,-7,-7,-7,-7,2,1,4,-7,4,2,2,2,2,2,2,4,2,1,1,-7,2,2,2,2,0,0,1,0,0,0,bas25_04217,231.27402533,1,24510,Hamilton Hills,9,11,20:02:28,9,11,20:13:09,2,2,1,2,2,4,1,2,0,1
1,1,4,2,4,3,2,2,4,4,2,5,3,4,4,2,4,5,3,3,3,3,2,2,2,3,2,6,-7,3,3,2,4,3,2,1,1,1,1,1,2,1,2,1,2,3,5,3,4,4,4,4,-7,3,1,1,1,1,2,2,4,2,3,2,1,3,2,1,2,0,0,0,0,0,0,0,1,1,0,0,0,0,0,0,0,0,0,0,1,1,0,0,0,0,0,0,1,0,0,0,1,0,0,0,1,1,1,0,1,0,0,0,0,0,0,1,1,0,5,0,0,0,0,1,0,0,1,4,-7,-7,-7,-7,-7,-7,-7,6,-7,-7,-7,300000,50000,3,2,3,4,3,3,3,2,-7,2,2,1,1,3,3,1,4,2,1,1,1,2,4,1,1,1,0,0,0,0,0,0,0,0,NA,1,0,0,0,0,0,0,0,0,1,0,5,5,1,1,1,0,0,0,2,2,NA,2,-7,-7,1,1,2,-7,-7,-7,2,6,5,2002,23,1,-7,3,2,1,3,3,6,-7,-7,-7,-7,3,2,-7,4,9,2,2,2,2,2,2,4,2,1,1,-7,3,4,3,4,0,0,0,0,1,0,bas25_04240,99.133249512,1,24510,Downtown/Seton Hill,9,4,07:16:57,9,4,07:38:12,1,2,1,3,4,4,1,1,9,3
4,4,2,2,2,2,3,3,3,4,3,2,-8,2,2,3,2,2,2,3,2,2,4,1,2,3,3,1,1,2,2,2,4,2,3,3,1,1,1,1,2,1,-8,2,1,2,4,2,3,3,3,-7,4,3,3,3,3,3,3,1,3,1,3,2,1,3,2,1,1,0,0,0,0,1,0,0,0,0,0,0,0,0,0,0,0,0,0,0,0,1,0,0,0,-8,-8,-8,-8,-8,-8,-8,-8,-8,-8,-8,-8,-8,0,0,1,1,0,0,0,0,1,1,1,0,3,1,0,0,0,0,0,0,1,4,-7,-7,-7,-7,-7,-7,-7,1,3,5,1,300000,50000,3,3,4,5,3,3,3,2,-7,2,2,2,2,3,3,2,2,3,2,3,1,3,3,1,1,1,0,0,0,0,0,0,0,0,NA,1,0,1,0,0,0,0,0,1,0,0,5,5,1,1,1,1,0,0,2,2,NA,2,-7,-7,2,1,2,-7,-7,-7,2,7,1,1981,44,2,-7,2,2,1,1,1,9,-7,-7,-7,-7,1,2,-7,2,7,2,2,2,2,2,2,4,3,1,1,-7,2,2,2,2,0,0,1,0,0,0,bas25_04244,545.60457499,1,24510,Fells Point,9,10,22:05:16,9,10,22:44:32,2,2,2,2,3,4,2,3,0,1
27,5,1,2,3,2,3,3,2,4,3,2,3,2,1,2,3,1,1,3,3,3,1,3,3,3,1,1,1,2,3,3,3,3,4,3,2,2,2,2,2,2,2,2,2,4,5,3,5,5,5,-7,4,3,3,3,3,3,3,1,1,1,2,3,1,3,2,1,1,0,1,0,0,1,0,0,1,0,0,0,0,0,1,0,0,1,0,0,1,0,0,0,0,-8,-8,-8,-8,-8,-8,1,1,1,1,1,1,1,0,0,1,1,0,1,0,0,0,0,0,0,1,-8,-8,-8,-8,-8,-8,-8,3,-7,-7,-7,-7,-7,-7,-7,-7,1,3,3,4,1000000,40000,3,2,3,5,3,3,3,2,-7,2,2,1,1,1,1,1,1,1,1,1,2,2,2,1,1,1,0,0,0,0,0,0,0,0,NA,1,1,1,0,0,0,0,0,0,0,0,5,5,2,1,1,0,0,0,2,2,NA,2,-7,-7,1,-7,2,-7,-7,-7,2,6,2,1956,69,2,-7,2,2,1,1,1,9,-7,-7,-7,-7,3,2,-7,3,8,2,2,2,2,2,2,4,2,1,1,-7,1,1,1,1,0,1,0,0,0,0,bas25_04250,354.70543226,1,24510,Beechfield/Ten Hills/West Hills,9,9,17:56:44,9,9,18:41:42,2,2,2,1,4,4,2,5,0,1
20,4,1,1,1,2,3,2,2,3,3,2,3,3,1,1,4,1,2,4,1,4,2,1,4,2,1,2,2,2,3,3,4,5,5,5,2,2,2,2,2,2,1,2,2,5,5,-8,5,5,5,5,-7,3,2,1,3,2,2,1,4,2,1,1,1,2,1,1,2,1,0,0,0,0,0,1,0,0,0,0,0,0,0,0,0,0,0,0,0,1,0,0,0,0,0,0,1,0,0,0,0,1,1,0,1,0,0,0,1,0,1,0,0,0,0,0,0,1,2,-8,-8,-8,-8,-8,-8,-8,1,1,-7,-7,-7,-7,-7,-7,-7,1,3,3,4,NA,10000,4,4,4,5,1,2,3,1,2,2,1,2,5,1,1,-8,1,4,3,1,4,2,2,1,1,1,0,0,0,0,0,0,0,0,NA,1,0,0,0,0,0,0,0,0,0,1,1,1,1,3,1,0,0,0,1,2,NA,2,-7,-7,1,-7,2,-7,-7,-7,1,4,4,1970,55,1,-7,2,2,1,1,1,8,-7,-7,-7,-7,-8,1,1,-7,1,1,1,2,2,2,2,3,2,1,1,-7,1,1,1,1,0,1,0,0,0,0,bas25_04253,363.4746169,1,24510,Cedonia/Frankford,10,4,12:13:46,10,4,12:48:47,1,2,1,1,1,3,1,4,5,2
26,2,1,2,2,2,3,3,3,2,3,2,3,2,1,2,1,1,1,1,1,1,1,5,2,2,1,6,-7,2,3,2,4,2,4,4,1,2,1,2,1,2,2,2,2,5,2,2,2,2,2,2,-7,3,3,3,3,3,3,1,4,1,2,2,1,2,1,1,1,0,0,0,0,0,0,0,0,0,0,0,1,1,0,0,0,0,0,0,0,0,0,0,0,-8,-8,-8,-8,-8,-8,-8,-8,-8,-8,-8,-8,-8,0,0,1,1,0,0,1,0,0,1,1,0,1,-8,-8,-8,-8,-8,-8,-8,2,-7,1,1,1,1,1,1,0,1,1,2,2,500000,50000,4,5,4,5,3,3,2,1,2,1,2,2,5,4,5,4,2,4,3,1,3,2,1,1,1,1,0,0,0,0,0,0,0,0,NA,1,0,1,0,0,0,0,0,0,0,0,5,5,2,2,1,0,0,0,1,2,NA,2,-7,-7,1,-7,2,-7,-7,-7,2,6,5,1965,60,1,-7,2,2,1,1,1,8,-7,-7,-7,-7,2,2,-7,3,8,2,2,2,2,2,2,3,2,1,1,-7,1,1,1,1,0,1,0,0,0,0,bas25_04254,707.68560865,2,24005,-7,8,30,10:45:56,8,30,11:25:48,1,2,1,1,4,4,1,4,0,1
3,3,2,2,3,2,3,3,3,4,4,3,3,2,2,2,3,1,2,1,1,1,3,3,2,4,2,2,2,3,2,2,3,3,2,2,1,1,1,1,2,1,1,2,1,5,3,2,2,2,2,-7,4,3,3,3,3,3,3,1,1,1,1,1,3,3,2,2,1,0,0,0,1,1,0,0,1,0,0,0,0,0,0,0,1,1,0,0,1,0,0,0,0,0,1,0,1,0,0,0,0,0,0,1,1,1,0,0,1,1,0,0,1,0,0,0,0,0,2,0,0,1,0,0,0,0,1,2,-7,-7,-7,-7,-7,-7,-7,1,1,3,4,500000,60000,4,4,4,5,3,3,3,2,-7,2,2,2,2,1,2,1,1,1,1,1,1,1,1,1,1,2,0,0,0,0,0,0,0,0,NA,1,0,0,0,0,0,0,0,1,1,0,5,5,2,1,1,0,0,0,1,2,NA,2,-7,-7,2,1,2,-7,-7,-7,2,6,1,1997,28,1,-7,2,2,1,1,1,9,-7,-7,-7,-7,1,2,-7,3,8,2,2,2,2,2,2,3,2,1,1,-7,2,2,2,2,0,0,1,0,0,0,bas25_04259,3910.2591712,2,24005,-7,9,11,13:15:39,9,11,13:34:18,2,2,2,2,4,4,1,2,0,1
24,2,1,1,1,2,4,4,2,2,-8,1,3,2,1,2,2,1,2,2,1,1,4,4,2,2,2,1,1,2,3,2,4,3,3,3,1,1,1,2,1,2,1,2,2,3,4,2,4,4,4,3,-7,3,3,3,3,3,3,1,4,1,2,1,1,2,1,1,1,1,1,0,1,0,0,0,1,0,0,0,0,1,1,1,1,1,0,0,1,0,0,0,0,-8,-8,-8,-8,-8,-8,0,0,0,0,0,1,0,0,0,1,1,0,0,1,0,0,0,1,0,2,-8,-8,-8,-8,-8,-8,-8,1,3,-7,-7,-7,-7,-7,-7,-7,1,1,2,4,150000,40000,2,3,3,4,3,3,3,2,-7,2,2,1,1,1,1,2,1,1,1,1,1,1,2,1,1,1,0,0,0,1,0,0,0,0,NA,0,0,0,0,0,0,0,0,0,0,1,1,5,2,4,1,0,0,0,1,2,NA,2,-7,-7,2,2,2,-7,-7,-7,2,7,1,1964,61,2,-7,1,2,1,1,1,9,-7,-7,-7,-7,1,2,-7,-8,-6,2,2,2,2,2,2,3,2,1,1,-7,2,2,2,2,0,0,1,0,0,0,bas25_04275,368.1645103,1,24510,Greater Roland Park/Poplar Hill,10,7,08:53:05,10,7,09:18:53,2,2,1,2,-6,4,2,4,0,1
16,2,2,2,3,3,3,2,4,3,-8,3,4,4,2,1,4,2,3,2,-8,-8,2,-8,3,3,1,6,-7,2,4,4,3,4,3,-8,1,1,1,1,1,1,1,1,2,4,4,4,3,3,3,-7,-8,3,3,2,2,1,3,1,3,2,2,3,3,3,1,1,1,0,0,0,0,1,0,0,0,0,0,0,0,0,0,0,0,1,0,0,0,0,0,0,0,-8,-8,-8,-8,-8,-8,0,1,1,1,1,0,0,0,0,1,1,0,0,0,0,0,0,0,1,3,-8,-8,-8,-8,-8,-8,-8,1,2,-7,-7,-7,-7,-7,-7,-7,5,-7,-7,-7,400000,50000,3,2,2,2,3,3,3,2,-7,2,2,1,1,1,1,1,1,1,1,1,1,4,3,1,1,1,0,0,0,0,0,0,0,0,NA,1,0,1,0,0,0,0,0,0,0,0,3,4,2,1,1,0,0,0,1,2,NA,2,-7,-7,2,2,2,-7,-7,-7,1,7,1,1945,80,1,-7,2,2,3,3,3,4,-7,-7,1,-7,4,2,-7,1,6,2,2,2,2,2,2,2,1,1,1,-7,2,2,2,2,0,0,1,0,0,0,bas25_04277,201.05567468,1,24510,Cross-Country/Cheswolde,9,3,12:34:49,9,3,13:02:51,1,2,2,2,3,4,1,5,4,2
10,5,2,2,2,2,3,3,4,4,3,1,3,2,1,2,3,1,2,1,1,1,1,5,2,3,1,6,-7,2,3,3,3,3,4,3,1,1,1,1,2,2,2,2,1,3,3,3,3,4,4,4,-7,3,3,3,3,3,3,1,1,1,3,1,1,3,1,1,1,1,1,0,1,1,0,0,1,0,0,0,0,1,1,0,1,1,0,0,1,0,0,0,0,0,1,1,1,0,1,-8,-8,-8,-8,-8,-8,-8,0,0,1,1,0,0,0,0,1,1,0,0,4,0,0,1,0,0,1,0,1,3,-7,-7,-7,-7,-7,-7,-7,1,4,3,3,500000,36000,3,4,4,5,3,3,3,2,-7,2,2,1,1,1,1,1,1,1,1,1,1,3,3,2,1,1,0,0,0,0,0,0,0,0,NA,1,0,0,0,0,0,0,0,0,0,1,5,5,2,1,1,0,0,0,1,2,NA,2,-7,-7,2,2,2,-7,-7,-7,2,7,1,1978,47,2,-7,2,2,1,1,1,9,-7,-7,-7,-7,1,2,-7,5,10,2,2,2,2,2,2,5,2,1,1,-7,3,5,3,5,1,0,1,0,1,0,bas25_04288,518.66719079,2,24005,-7,8,27,14:25:03,8,27,14:50:38,1,2,1,3,4,4,2,3,0,1
4,4,2,2,3,2,3,2,3,4,3,4,3,3,2,1,2,1,1,2,2,1,1,3,2,3,2,6,-7,3,3,2,4,3,2,3,1,2,1,2,2,1,2,2,2,4,3,3,5,4,5,-7,4,3,3,3,3,3,3,1,2,1,2,2,1,2,1,2,1,0,1,0,0,0,0,1,0,0,0,0,0,0,0,0,0,1,0,1,1,0,0,0,0,-8,-8,-8,-8,-8,-8,0,1,0,1,0,1,0,0,0,1,1,0,0,0,0,0,0,0,1,1,-8,-8,-8,-8,-8,-8,-8,3,-7,-7,-7,-7,-7,-7,-7,-7,1,1,4,1,175000,40000,3,4,4,5,3,3,3,2,-7,2,2,3,2,4,3,4,1,3,2,3,1,3,3,2,2,1,0,0,0,0,0,0,0,0,NA,1,1,0,0,0,0,0,0,0,0,0,5,5,1,1,1,0,0,0,1,2,NA,1,1,-7,1,-7,2,-7,-7,-7,2,7,5,1994,31,2,-7,2,2,1,1,1,1,4,-7,-7,-7,3,2,-7,3,8,2,2,2,2,2,2,4,2,1,1,-7,2,2,2,2,0,0,1,0,0,0,bas25_04296,301.84279525,1,24510,Greater Charles Village/Barclay,9,2,18:38:33,9,2,18:56:43,1,1,2,2,4,4,2,2,0,1
8,3,1,2,2,2,3,3,2,2,2,1,1,1,1,1,1,1,1,1,1,1,1,1,1,1,1,1,1,2,4,4,4,3,2,2,1,1,1,1,1,2,1,2,1,2,1,1,1,1,1,-7,4,3,3,3,3,3,3,1,3,1,1,2,1,2,1,2,1,1,1,1,0,0,0,0,1,0,0,0,0,1,1,1,0,0,0,0,1,0,0,0,0,-8,-8,-8,-8,-8,-8,-8,-8,-8,-8,-8,-8,-8,0,0,1,0,1,1,1,0,0,0,0,0,1,-8,-8,-8,-8,-8,-8,-8,1,2,-7,-7,-7,-7,-7,-7,-7,1,2,2,4,1000000,15000,3,4,4,5,2,2,3,2,-7,2,2,3,4,4,4,4,4,4,3,4,3,3,3,1,1,3,0,1,0,0,1,0,0,0,NA,0,0,0,0,0,0,0,0,0,0,1,4,5,1,3,1,0,0,0,1,2,NA,2,-7,-7,2,1,2,-7,-7,-7,2,6,3,1974,51,1,-7,2,2,1,1,1,8,-7,-7,-7,-7,3,2,-7,1,6,2,2,2,2,2,2,3,2,1,1,-7,1,1,1,1,0,1,0,0,0,0,bas25_04297,1456.5523447,2,24005,-7,9,2,17:50:27,9,2,18:22:52,1,2,2,1,3,4,1,4,0,1
12,2,2,2,1,2,3,3,3,5,3,4,3,3,2,3,2,3,2,2,1,2,4,3,4,4,2,5,4,2,2,4,4,2,3,3,1,1,1,1,1,1,2,2,2,5,5,4,5,5,5,-7,4,3,3,3,3,3,3,1,1,1,1,3,3,3,1,1,1,1,0,0,0,0,0,0,0,0,0,0,0,0,0,0,0,0,0,0,0,1,0,0,0,-8,-8,-8,-8,-8,-8,0,0,0,1,0,0,0,0,0,1,0,1,0,0,0,0,0,0,1,5,-8,-8,-8,-8,-8,-8,-8,2,-7,0,0,1,0,0,0,0,1,1,4,2,1000000,40000,3,3,4,4,2,2,2,1,2,1,2,4,4,3,5,5,2,1,1,1,2,3,3,1,1,1,0,0,0,0,0,0,0,0,NA,1,0,0,0,0,0,0,0,0,0,1,1,2,2,1,1,0,0,0,1,2,NA,1,1,-7,3,1,1,0,0,1,1,3,1,1974,51,2,-7,2,2,1,1,1,8,-7,-7,-7,-7,1,1,5,-7,5,2,1,2,2,2,2,3,4,1,1,-7,1,1,1,1,0,1,0,0,0,0,bas25_04322,2465.4632554,1,24510,Oliver/Johnston Square,9,1,14:12:36,9,1,15:03:12,1,1,2,1,2,2,2,4,0,1
10,3,-8,3,2,3,2,2,1,1,5,1,4,2,1,1,2,1,1,1,1,1,1,1,1,1,1,1,1,3,4,4,4,4,2,3,1,2,1,2,1,1,-8,1,2,5,4,2,5,4,1,4,-7,2,2,3,1,3,3,2,1,2,5,2,2,3,3,1,1,1,1,1,0,1,0,1,0,0,1,0,0,1,1,1,1,0,0,0,0,0,0,0,0,0,1,1,0,0,0,0,0,0,0,0,1,0,0,0,0,0,1,0,1,0,0,0,0,0,1,0,0,0,0,1,0,0,2,-7,1,0,0,0,0,0,0,4,-7,-7,-7,10 mill,25000,3,3,3,4,1,1,2,1,1,1,1,1,4,3,1,1,2,3,2,3,3,3,3,1,2,5,0,0,0,0,0,1,0,0,NA,0,0,1,0,0,0,0,0,1,1,0,4,5,1,3,0,1,0,0,1,4,NA,2,-7,-7,2,2,2,-7,-7,-7,2,3,5,1969,56,2,-7,2,2,1,1,1,2,-7,-7,-7,-7,2,1,1,-7,1,1,1,1,2,2,2,3,2,1,3,-7,1,1,1,1,0,1,0,0,0,0,bas25_04344,1490.055973,1,24510,Oldtown/Middle East,9,10,02:26:14,9,18,15:00:37,1,2,1,1,1,2,2,4,4,2
2,3,1,1,1,2,3,3,2,3,3,2,4,2,1,3,2,1,1,1,1,1,1,3,1,3,1,2,2,2,3,3,4,3,3,3,2,1,1,1,1,1,1,1,2,4,5,4,4,3,4,5,-7,3,3,3,3,3,3,1,1,1,2,2,3,1,1,1,4,0,0,0,0,0,0,0,1,0,0,0,0,0,0,0,0,0,0,0,1,0,0,0,0,-8,-8,-8,-8,-8,-8,0,0,0,1,1,0,0,0,0,1,1,0,0,1,1,0,1,1,0,3,-8,-8,-8,-8,-8,-8,-8,1,2,-7,-7,-7,-7,-7,-7,-7,7,-7,-7,-7,500000,100000,4,3,3,5,3,3,3,2,-7,2,2,1,1,1,1,1,1,1,1,1,1,2,2,1,1,1,0,0,0,0,0,0,0,0,NA,1,0,0,0,0,0,0,0,0,0,1,5,5,2,1,1,0,0,0,1,2,NA,2,-7,-7,2,1,1,1,1,0,2,6,1,1988,37,1,-7,2,2,1,1,1,1,6,-7,-7,-7,3,2,-7,6,11,2,2,2,2,2,2,4,3,1,1,-7,2,2,2,2,0,0,1,0,0,0,bas25_04345,341.91850514,1,24510,North Baltimore/Guilford/Homeland,8,31,18:47:12,8,31,19:06:18,2,1,1,2,4,4,1,3,0,1
25,5,1,1,1,1,4,2,1,1,1,1,2,2,1,1,2,1,1,1,1,1,1,1,1,1,1,1,1,2,3,2,4,3,3,2,2,1,2,1,2,1,1,1,2,3,3,2,4,4,4,-7,4,3,3,3,3,3,3,1,1,1,1,2,2,3,1,2,5,1,0,0,0,1,0,1,0,1,0,0,0,1,1,0,0,1,0,1,0,0,0,0,0,-8,-8,-8,-8,-8,-8,0,0,0,0,1,0,0,0,0,1,1,0,1,0,1,0,1,1,0,1,1,0,0,0,0,0,0,1,3,-7,-7,-7,-7,-7,-7,-7,1,4,3,2,500000,25000,2,3,2,3,3,3,3,-8,-7,2,2,1,1,1,2,2,1,2,1,1,1,2,2,1,1,3,0,0,0,1,0,0,0,0,NA,0,1,0,0,0,1,0,0,0,0,0,1,5,2,1,0,1,0,0,1,2,NA,2,-7,-7,3,1,1,0,0,0,2,7,1,1961,64,1,-7,2,2,3,3,1,1,5,-7,-7,-7,4,2,-7,5,10,2,1,2,2,2,2,3,2,3,5,2,2,2,2,2,0,0,1,0,0,0,bas25_04349,692.84096853,2,24005,-7,9,6,18:59:48,9,6,19:40:43,1,2,2,2,4,4,1,4,0,1
2,3,4,4,4,3,3,2,4,4,5,3,3,4,2,1,4,2,2,2,2,2,3,2,2,4,1,2,3,3,4,4,4,3,4,3,1,1,1,1,1,1,1,2,2,5,3,5,3,4,3,-7,4,3,3,3,3,3,3,1,1,1,2,1,1,2,2,3,1,0,0,0,0,1,0,0,1,0,0,0,0,0,0,0,0,0,0,0,1,0,0,0,0,0,0,0,0,0,1,0,0,0,0,1,0,0,0,1,0,1,0,0,0,0,0,0,0,1,3,0,0,0,0,1,1,0,1,3,-7,-7,-7,-7,-7,-7,-7,1,3,4,3,200000,50000,4,5,3,5,3,3,3,2,-7,2,2,2,1,1,1,1,1,2,1,1,1,4,3,2,2,2,0,0,0,0,0,0,0,0,NA,1,1,0,0,1,0,0,0,0,0,0,4,1,1,1,1,0,0,0,1,2,NA,1,2,1,2,1,2,-7,-7,-7,2,6,5,1999,26,2,-7,2,2,1,1,1,9,-7,-7,-7,-7,2,2,-7,3,8,2,2,2,2,2,2,3,3,1,1,-7,2,2,2,2,0,0,1,0,0,0,bas25_04354,3894.7591074,2,24005,-7,9,9,12:06:30,9,9,12:27:41,2,1,2,2,4,4,2,2,0,1
6,2,2,2,2,2,3,2,4,3,2,2,2,2,2,1,2,1,2,1,1,1,2,2,2,2,2,2,2,2,3,3,3,3,4,3,1,1,1,1,1,1,1,1,2,4,2,3,4,4,4,-7,4,3,3,3,3,3,3,1,3,1,1,3,3,2,1,1,1,1,0,0,1,1,0,1,1,0,0,0,0,0,0,0,1,1,0,1,1,1,0,0,0,-8,-8,-8,-8,-8,-8,-8,-8,-8,-8,-8,-8,-8,1,0,0,1,0,0,0,1,0,1,0,0,2,-8,-8,-8,-8,-8,-8,-8,3,-7,-7,-7,-7,-7,-7,-7,-7,6,-7,-7,-7,100000,30000,3,2,4,4,2,3,2,2,-7,2,2,3,2,2,2,-8,2,3,2,2,1,3,3,2,2,2,0,0,0,1,0,1,0,0,NA,0,0,0,0,0,0,0,0,0,0,1,5,5,2,1,1,0,0,0,2,2,NA,2,-7,-7,4,1,2,-7,-7,-7,2,3,5,2005,20,2,-7,2,2,3,3,3,1,1,-7,-7,-7,8,2,-7,1,6,2,1,2,2,2,2,4,3,3,5,2,3,4,3,4,0,0,0,0,1,0,bas25_04392,6579.4184188,2,24005,-7,9,8,16:04:25,9,8,16:21:47,2,1,2,3,3,2,2,1,0,1
46,3,2,2,3,2,3,3,3,3,4,2,3,4,3,3,3,2,2,4,2,3,2,3,4,3,2,3,2,2,4,3,4,3,2,3,1,1,1,1,1,1,2,1,2,5,5,3,4,4,4,3,-7,3,3,3,3,3,3,1,-8,1,1,3,3,3,2,2,1,0,0,0,0,0,0,0,0,0,0,0,1,1,0,0,0,0,0,0,0,0,0,0,0,0,0,0,0,0,1,0,0,0,0,0,1,0,0,0,1,0,0,0,1,0,0,0,0,0,2,-8,-8,-8,-8,-8,-8,-8,1,2,-7,-7,-7,-7,-7,-7,-7,5,-7,-7,-7,125000,24000,4,4,4,5,3,3,3,2,-7,2,2,2,4,4,5,4,4,3,3,2,3,4,3,1,1,1,0,0,0,0,0,0,0,0,NA,1,1,1,0,0,0,1,1,1,0,0,5,5,2,3,0,1,0,0,1,2,NA,2,-7,-7,2,1,2,-7,-7,-7,1,3,2,1958,67,1,-7,2,2,1,1,1,2,-7,-7,-7,-7,3,1,3,-7,3,2,2,2,2,2,2,4,2,1,1,-7,1,1,1,1,0,1,0,0,0,0,bas25_04395,982.35405878,1,24510,Edmondson Village,9,2,21:12:41,9,2,22:03:51,2,2,1,1,2,2,1,5,0,1
3,2,2,3,4,3,3,3,4,4,3,2,3,2,2,2,1,1,-8,1,1,1,2,5,3,3,3,6,-7,2,4,4,4,1,5,3,1,1,1,1,1,1,1,1,1,3,3,3,3,4,2,4,-7,2,1,1,1,1,1,2,5,2,4,3,3,3,2,1,1,0,0,0,0,1,0,0,0,0,0,0,0,0,0,0,0,1,0,1,1,1,0,0,0,0,1,1,1,0,0,0,0,0,1,1,1,1,0,0,1,1,0,1,1,0,0,1,0,0,2,-8,-8,-8,-8,-8,-8,-8,3,-7,-7,-7,-7,-7,-7,-7,-7,1,1,5,3,80000,30000,4,4,4,5,3,2,1,2,-7,1,2,2,3,4,5,3,5,4,4,3,3,4,3,2,2,4,0,1,1,1,1,1,1,0,NA,0,-8,-8,-8,-8,-8,-8,-8,-8,-8,-8,5,5,1,4,1,0,0,0,2,2,NA,2,-7,-7,3,1,2,-7,-7,-7,1,6,5,1999,26,1,-7,3,-8,1,1,1,-8,-6,-7,-7,-7,-8,1,3,-7,3,2,2,2,2,2,2,-8,-8,2,1,-7,-6,-6,-6,-6,0,0,0,0,0,-8,bas25_04396,3511.8480584,2,24005,-7,9,1,19:50:25,9,1,20:06:45,2,1,1,-6,2,4,1,2,11,3
8,2,4,2,3,3,3,3,5,4,2,2,4,3,2,2,2,1,1,4,2,1,2,2,2,2,1,6,-7,3,3,3,3,3,2,3,1,1,1,1,1,1,2,2,2,5,4,3,5,4,3,-7,3,3,3,3,3,3,3,1,1,1,2,2,3,2,1,1,2,1,0,0,0,0,0,1,1,0,0,0,0,1,0,0,1,1,0,1,1,0,0,0,0,0,0,0,1,0,0,0,0,0,0,1,0,0,1,0,0,1,0,0,0,0,1,0,0,0,4,1,0,1,0,0,0,0,2,-7,0,0,1,0,0,0,0,1,4,5,1,5000000,50000,4,5,3,4,2,2,3,2,-7,2,2,3,5,4,5,3,2,4,3,2,1,3,3,1,1,1,-8,-8,-8,-8,-8,-8,-8,-8,NA,-8,0,0,0,0,0,0,0,0,0,1,3,4,2,1,1,1,0,0,2,2,NA,2,-7,-7,4,1,1,0,0,1,1,3,1,1965,60,2,-7,2,2,1,1,1,8,-7,-7,-7,-7,4,1,5,-7,5,1,1,2,2,2,2,3,4,1,1,-7,1,1,1,1,0,1,0,0,0,0,bas25_04402,3478.9375892,1,24510,Howard Park/West Arlington,8,28,12:26:49,8,28,12:56:45,1,2,2,1,2,2,2,4,0,1
29,6,1,1,1,1,3,2,2,2,3,3,2,3,2,2,3,1,1,3,1,1,2,3,3,2,1,1,1,2,3,2,4,3,2,3,1,1,1,1,2,2,2,2,2,4,4,2,4,4,5,2,-7,3,3,3,3,3,3,1,4,1,2,2,1,3,1,1,3,0,1,0,0,0,0,0,1,0,0,0,0,0,1,0,0,0,0,0,1,1,0,0,0,-8,-8,-8,-8,-8,-8,0,0,0,0,0,1,0,0,0,1,1,0,0,0,0,0,0,0,1,1,-8,-8,-8,-8,-8,-8,-8,1,1,-7,-7,-7,-7,-7,-7,-7,1,5,5,3,400000,36000,3,2,2,4,3,3,3,2,-7,2,2,1,1,1,2,2,1,1,1,2,1,1,1,1,1,1,0,0,0,0,0,0,0,0,NA,1,0,1,0,0,0,0,0,0,0,0,1,5,2,1,0,1,1,0,1,2,NA,1,3,3,2,1,2,-7,-7,-7,2,6,1,1966,59,2,-7,1,2,1,1,1,9,-7,-7,-7,-7,2,2,-7,4,9,2,2,2,2,2,2,4,2,1,1,-7,2,2,2,2,0,0,1,0,0,0,bas25_04406,424.19578161,1,24510,Midtown,9,2,22:01:13,9,2,22:56:36,2,1,1,2,4,4,2,4,0,1
36,3,2,3,3,3,3,3,4,3,3,2,3,3,3,3,3,1,3,2,1,2,2,2,3,3,3,6,-7,3,3,3,4,3,1,4,1,1,1,1,1,1,1,2,1,4,4,4,5,3,5,-7,3,3,3,3,3,3,3,1,4,2,1,1,3,3,1,1,1,1,0,0,0,0,0,0,1,0,0,0,0,1,0,0,0,0,0,0,1,0,0,0,0,0,0,0,0,1,0,0,1,0,0,1,1,0,0,0,1,0,1,0,0,0,0,0,0,1,1,0,0,0,0,1,0,0,2,-7,1,1,1,0,0,0,0,5,-7,-7,-7,500000,18000,3,4,4,5,3,3,3,2,-7,2,2,1,2,1,4,2,1,1,1,1,1,3,3,1,1,1,0,0,0,0,0,0,0,0,NA,1,1,1,0,1,0,0,0,0,1,0,5,5,2,1,0,1,0,0,1,2,NA,2,-7,-7,1,-7,2,-7,-7,-7,2,6,3,1955,70,1,-7,2,2,1,1,1,9,-7,-7,-7,-7,-8,1,3,-7,3,2,2,2,2,2,2,4,2,1,1,-7,1,1,1,1,0,1,0,0,0,0,bas25_04408,259.29279731,1,24510,Belair-Edison,8,28,13:47:43,8,28,14:46:53,2,2,2,1,2,4,1,5,0,1
10,3,1,1,2,2,4,3,2,4,3,1,3,2,1,1,2,1,1,2,2,1,1,1,2,4,1,1,1,2,2,2,4,3,4,3,1,1,1,1,1,1,1,2,1,3,3,3,4,4,4,3,-7,3,3,3,3,3,3,1,1,1,3,1,1,2,2,1,1,1,1,0,0,1,0,0,0,0,0,0,0,1,1,0,0,1,0,0,0,0,0,0,0,-8,-8,-8,-8,-8,-8,0,1,0,0,0,1,0,0,0,1,1,0,0,1,0,0,0,0,0,2,-8,-8,-8,-8,-8,-8,-8,1,4,-7,-7,-7,-7,-7,-7,-7,1,1,4,3,250000,50000,3,3,3,5,3,3,3,2,-7,2,2,1,1,1,1,2,1,1,1,1,1,2,2,1,1,1,0,0,0,0,0,0,0,0,NA,1,0,0,0,1,0,0,0,0,0,0,5,5,2,1,1,0,0,0,1,2,NA,2,-7,-7,2,2,2,-7,-7,-7,2,6,1,1956,69,1,-7,2,2,1,1,1,4,-7,-7,3,-7,3,2,-7,5,10,2,2,2,2,2,2,4,2,1,1,-7,2,2,2,2,0,0,1,0,0,0,bas25_04412,327.4183772,1,24510,Harbor East/Little Italy,9,1,12:45:14,9,1,13:08:40,1,2,1,2,4,4,1,5,0,1
31,-8,1,2,3,2,-8,-8,-8,1,3,1,3,1,1,2,1,1,-8,1,1,1,1,-8,1,1,1,2,4,2,2,2,3,2,3,3,1,1,1,1,2,1,1,2,-8,4,-8,-8,4,3,4,4,-7,3,3,3,3,3,3,1,1,1,1,2,3,-8,1,1,1,1,0,0,0,0,0,0,0,1,0,0,0,1,0,0,0,0,0,0,0,1,0,0,0,-8,-8,-8,-8,-8,-8,0,0,1,0,1,1,0,0,0,1,1,0,0,1,0,0,0,0,0,2,-8,-8,-8,-8,-8,-8,-8,3,-7,-7,-7,-7,-7,-7,-7,-7,1,3,3,4,150000,20000,3,4,4,4,3,3,3,2,-7,2,2,1,2,3,4,3,1,1,1,1,1,2,2,1,1,1,0,0,0,0,0,0,0,0,NA,1,1,1,0,0,0,0,0,0,0,0,5,5,2,1,0,0,1,0,1,2,NA,2,-7,-7,2,1,1,0,1,0,2,6,-8,-8,-8,1,-7,2,2,1,1,1,9,-7,-7,-7,-7,1,-8,-7,-7,-6,2,2,2,2,2,2,2,1,1,1,-7,2,2,2,2,0,0,1,0,0,0,bas25_04419,1356.3779436,2,24005,-7,8,28,08:11:53,8,28,08:49:56,2,1,1,2,-6,4,1,-8,0,1
10,4,1,2,2,2,3,3,2,3,4,2,3,3,2,2,3,1,1,1,2,1,2,2,3,2,2,1,2,2,3,3,4,3,2,3,1,1,1,1,1,1,1,1,2,4,3,3,4,4,4,4,-7,3,3,3,3,3,3,1,1,1,4,2,1,3,2,2,1,0,0,0,0,0,0,0,0,0,0,0,1,0,0,0,0,0,0,0,0,1,0,0,0,0,0,1,0,0,0,0,0,1,0,1,0,0,0,0,1,1,0,1,0,0,0,0,1,0,3,-8,-8,-8,-8,-8,-8,-8,1,3,-7,-7,-7,-7,-7,-7,-7,1,1,2,4,700000,40000,3,2,4,5,3,2,3,1,3,2,2,3,2,1,2,3,2,1,1,3,1,3,3,2,2,2,0,1,0,1,0,0,0,0,NA,0,0,0,0,1,0,0,0,0,0,0,5,4,2,1,1,0,0,0,1,2,NA,1,1,-7,2,1,1,3,1,0,2,6,1,1990,35,2,-7,2,2,1,1,1,9,-7,-7,-7,-7,3,2,-7,6,11,2,2,2,2,2,2,4,2,1,1,-7,2,2,2,2,0,0,1,0,0,0,bas25_04445,646.59469817,1,24510,South Baltimore,8,28,12:49:07,8,28,13:12:58,2,2,1,2,4,4,2,3,0,1
22,4,2,2,3,3,3,2,4,3,3,3,4,3,3,3,3,1,1,2,2,2,3,3,3,2,3,3,3,3,2,2,4,2,3,3,1,1,1,1,1,1,1,1,2,4,4,3,4,4,4,-7,4,3,3,3,2,2,2,1,3,1,3,2,2,3,1,2,1,1,0,0,0,0,0,0,0,1,0,0,0,0,0,0,0,0,0,0,0,1,0,0,0,0,0,1,0,0,0,0,0,0,1,0,0,0,1,0,0,1,0,0,0,0,0,0,0,1,5,1,0,0,0,1,0,0,2,-7,0,0,1,0,0,0,1,5,-7,-7,-7,10000000,45000,4,5,4,5,2,2,2,2,-7,2,2,3,4,4,4,4,4,1,2,1,2,4,4,1,1,2,0,0,0,0,1,0,0,0,NA,0,1,1,0,0,0,1,0,0,0,0,5,5,2,1,0,1,0,0,1,2,NA,2,-7,-7,2,2,2,-7,-7,-7,1,3,1,1955,70,1,-7,2,2,1,1,1,8,-7,-7,-7,-7,4,2,-7,1,6,2,2,2,2,1,2,3,2,1,1,-7,1,1,1,1,0,1,0,0,0,0,bas25_04454,842.5604729,1,24510,Morrell Park/Violetville,9,19,08:37:20,9,19,10:17:43,1,2,2,1,3,2,1,5,3,2
8,5,2,2,3,3,3,3,3,4,3,4,3,4,2,2,4,4,4,5,5,5,5,5,5,3,3,6,-7,3,4,3,4,4,3,4,1,1,1,1,1,1,1,1,2,5,5,5,5,5,5,5,-7,3,3,3,3,3,3,1,4,1,4,2,2,4,2,3,1,0,0,0,0,0,0,0,0,0,0,0,1,0,0,0,0,0,0,0,0,0,0,1,0,0,1,1,0,0,0,0,0,0,1,0,0,1,1,0,1,0,0,0,0,0,0,0,0,1,3,-8,-8,-8,-8,-8,-8,-8,1,4,-7,-7,-7,-7,-7,-7,-7,1,1,5,1,NA,NA,4,5,4,5,2,2,2,2,-7,2,2,3,4,4,5,5,3,4,3,1,1,3,3,2,1,2,0,0,0,0,0,0,0,0,NA,1,0,0,0,0,0,0,0,0,0,1,5,5,2,1,1,0,0,0,1,2,NA,2,-7,-7,2,2,2,-7,-7,-7,2,7,1,1980,45,2,-7,2,2,1,1,1,9,-7,-7,-7,-7,1,2,-7,5,10,2,2,2,2,2,2,5,3,1,1,-7,2,2,2,2,0,0,1,0,0,0,bas25_04457,299.5214389,1,24510,Pigtown/Carroll Park,9,2,12:12:39,9,2,12:38:28,2,2,1,2,4,4,2,3,0,1
10,4,2,2,3,2,3,3,3,5,3,3,3,3,2,1,2,2,3,3,3,2,4,5,4,5,3,2,2,2,3,3,4,3,4,3,2,1,2,2,1,1,2,2,1,3,4,3,4,4,3,4,-7,3,3,3,3,3,3,1,1,1,3,2,2,3,2,4,1,0,0,0,1,1,0,0,0,0,0,0,0,1,1,0,1,1,1,1,0,1,0,0,0,1,1,1,1,0,0,0,1,1,1,1,1,0,0,0,1,1,0,0,0,0,0,0,0,1,3,0,0,0,0,0,1,0,1,4,-7,-7,-7,-7,-7,-7,-7,1,3,4,3,200000,75000,3,4,3,5,3,3,3,2,-7,2,2,2,2,2,2,2,1,2,2,1,1,2,3,1,1,4,0,0,0,0,0,1,0,0,NA,0,1,0,0,0,0,0,0,1,1,0,5,5,1,1,1,0,0,0,1,2,NA,2,-7,-7,2,1,2,-7,-7,-7,2,7,1,1979,46,1,-7,2,2,3,3,3,9,-7,-7,-7,-7,1,2,-7,3,8,2,2,2,2,2,2,4,2,1,1,-7,3,4,3,4,0,0,0,0,1,0,bas25_04461,140.62725537,1,24510,Midtown,8,30,12:40:20,8,30,12:57:31,2,2,1,3,4,4,1,3,0,1
0,2,5,3,4,3,3,2,4,5,4,4,3,3,1,1,2,1,1,3,1,1,5,3,3,3,2,6,-7,3,3,3,4,4,4,4,2,1,2,1,2,1,2,1,2,3,4,3,5,4,5,-7,2,3,3,3,3,3,3,1,1,1,3,2,2,3,4,1,1,0,0,0,0,0,0,0,1,0,0,0,0,0,0,0,0,0,0,0,1,1,0,0,0,-8,-8,-8,-8,-8,-8,1,1,1,1,1,1,1,0,0,1,0,1,1,1,1,0,1,1,0,3,0,1,0,0,0,0,0,1,4,-7,-7,-7,-7,-7,-7,-7,1,1,5,3,250000,50000,4,4,4,4,3,3,3,2,-7,2,2,2,1,2,1,1,1,1,1,1,1,3,4,2,2,1,0,0,0,0,0,0,0,0,NA,1,0,0,0,0,0,0,0,0,0,1,5,5,1,1,1,0,0,0,1,2,NA,2,-7,-7,1,-7,2,-7,-7,-7,2,6,5,2000,25,2,-7,2,2,1,3,3,9,-7,-7,-7,-7,1,2,-7,1,6,2,2,2,2,2,2,5,4,3,1,-7,3,4,3,4,0,0,0,0,1,0,bas25_04463,176.66839399,1,24510,Downtown/Seton Hill,9,1,16:17:39,9,1,16:36:24,1,2,2,3,3,4,2,2,0,1
11,3,4,2,3,3,3,2,3,3,3,4,3,4,2,2,1,2,1,1,1,1,4,2,3,2,1,4,3,2,4,4,2,3,3,3,2,2,2,2,2,2,2,2,2,2,2,1,1,1,1,1,-7,3,2,3,1,3,3,1,3,2,1,2,2,3,1,1,1,0,0,0,0,1,0,0,0,0,0,0,0,0,0,0,0,0,0,0,0,1,0,0,0,-8,-8,-8,-8,-8,-8,-8,-8,-8,-8,-8,-8,-8,0,0,1,1,0,0,1,0,0,0,0,0,5,1,0,0,0,0,0,0,1,4,-7,-7,-7,-7,-7,-7,-7,1,2,5,3,100000,40000,3,5,3,2,2,3,2,2,-7,1,2,3,2,4,5,2,2,4,5,4,3,2,3,1,1,2,0,0,0,0,0,0,0,0,NA,1,0,1,0,0,0,0,0,1,1,0,4,4,1,2,0,1,0,0,2,2,NA,2,-7,-7,2,1,2,-7,-7,-7,2,6,3,1973,52,1,-7,2,2,3,3,3,1,6,-7,-7,-7,9,1,5,-7,5,2,2,2,2,2,2,2,1,1,1,-7,3,4,3,4,0,0,0,0,1,0,bas25_04464,1102.3051414,2,24005,-7,9,7,13:01:35,9,7,13:45:33,1,1,1,3,2,4,1,4,3,2
10,4,1,2,2,2,4,3,2,3,3,2,4,2,1,2,2,1,1,2,1,1,1,4,1,2,1,2,3,2,3,3,3,3,3,3,1,1,1,1,2,2,2,2,2,2,2,2,3,3,3,2,-7,3,2,3,3,3,3,1,1,1,2,1,1,2,2,1,2,1,0,0,0,0,0,0,1,0,0,0,0,0,0,0,0,0,0,0,1,0,0,0,0,0,0,0,0,1,0,0,0,0,1,1,1,0,0,0,1,1,0,0,1,1,1,0,0,0,2,0,0,0,0,1,0,0,3,-7,-7,-7,-7,-7,-7,-7,-7,1,1,4,3,400000,30000,3,4,3,4,3,3,3,2,-7,2,2,1,1,1,1,1,1,1,1,1,1,4,3,1,1,1,0,1,0,1,0,0,0,0,NA,0,0,1,0,0,0,0,0,1,1,0,5,5,2,1,1,0,0,0,2,2,NA,2,-7,-7,2,1,2,-7,-7,-7,2,6,1,1977,48,2,-7,2,2,1,1,1,1,3,-7,-7,-7,2,2,-7,6,11,2,2,2,2,2,2,4,2,1,1,-7,2,2,2,2,0,0,1,0,0,0,bas25_04466,1680.9267095,2,24005,-7,9,26,10:56:03,9,26,11:14:18,1,2,1,2,4,4,2,3,1,1
21,4,2,1,2,2,3,3,2,2,3,2,3,2,3,3,2,1,1,1,1,1,2,3,3,3,1,4,3,2,3,2,4,2,4,4,1,1,1,1,1,1,1,1,2,3,3,5,4,4,4,-7,2,3,3,3,3,3,3,1,4,1,2,3,3,3,2,1,2,1,1,0,1,1,0,1,0,0,1,0,0,1,0,0,1,0,0,1,0,1,1,0,0,0,1,1,0,0,1,1,0,1,0,0,1,0,0,0,1,1,0,1,1,1,1,1,1,0,5,-8,-8,-8,-8,-8,-8,-8,1,3,-7,-7,-7,-7,-7,-7,-7,1,1,4,2,1000000,40000,3,4,4,5,2,3,3,2,-7,2,2,2,3,4,5,4,4,3,3,1,3,3,2,1,1,3,0,1,0,0,0,0,0,0,NA,0,1,1,0,1,1,1,0,0,0,0,5,5,2,2,1,0,0,0,2,2,NA,2,-7,-7,2,2,2,-7,-7,-7,1,4,1,1962,63,1,-7,2,2,1,1,1,9,-7,-7,-7,-7,2,2,-7,1,6,2,2,2,2,1,2,4,2,1,1,-7,2,2,2,2,0,0,1,0,0,0,bas25_04468,1042.3903768,2,24005,-7,9,11,13:33:53,9,11,14:10:07,2,2,2,2,3,3,1,4,0,1
10,5,2,2,3,2,3,3,3,3,2,2,3,2,2,2,2,2,2,1,1,1,4,2,3,2,2,3,3,3,3,3,4,2,2,2,1,1,1,1,1,1,2,1,2,3,4,3,3,4,3,-7,3,3,3,3,3,3,3,1,1,1,3,2,2,3,1,1,2,1,1,0,0,0,0,0,0,0,0,0,0,1,1,0,0,1,0,0,1,0,0,0,0,0,1,1,0,0,0,0,1,0,1,0,0,0,0,0,1,1,0,1,1,0,0,0,0,0,4,-8,-8,-8,-8,-8,-8,-8,1,1,-7,-7,-7,-7,-7,-7,-7,1,1,4,4,500000,40000,4,3,4,4,3,3,3,2,-7,2,2,2,4,3,3,3,1,2,1,1,1,3,2,1,1,1,0,0,0,0,0,0,0,0,NA,1,0,0,0,0,1,0,0,0,0,0,3,4,1,1,0,1,0,0,1,2,NA,2,-7,-7,2,1,2,-7,-7,-7,1,3,4,1968,57,2,-7,2,2,1,1,1,8,-7,-7,-7,-7,3,1,4,-7,4,1,1,1,2,1,2,3,2,1,1,-7,1,1,1,1,0,1,0,0,0,0,bas25_04474,1735.4944632,1,24510,Glen-Fallstaff,10,6,16:45:14,10,6,17:21:36,2,1,2,1,2,2,2,4,0,1
3,3,4,2,2,3,3,2,3,5,4,5,3,4,4,3,5,1,3,3,2,2,1,4,5,5,3,3,3,3,4,4,1,5,5,5,2,2,2,2,2,2,2,2,2,5,4,4,5,5,5,4,-7,3,3,3,3,3,3,1,5,1,2,2,2,2,2,3,1,0,0,0,1,0,0,0,1,0,1,0,0,0,0,0,1,0,0,0,1,0,1,0,0,-8,-8,-8,-8,-8,-8,-8,-8,-8,-8,-8,-8,-8,1,0,1,0,0,0,0,0,0,0,0,1,3,0,0,0,0,0,1,0,2,-7,0,0,0,0,0,0,1,9,-7,-7,-7,500000,30000,4,4,2,2,3,3,3,2,-7,2,2,1,2,2,2,2,2,1,1,4,1,3,2,2,2,1,0,0,0,0,0,0,0,0,NA,1,0,0,0,0,0,0,0,0,0,1,4,4,1,1,1,0,0,0,2,2,NA,2,-7,-7,2,1,2,-7,-7,-7,2,6,1,2000,25,2,-7,2,2,3,1,1,4,-7,-7,1,-7,9,2,-7,1,6,2,2,2,2,2,2,2,1,1,1,-7,2,2,2,2,0,0,1,0,0,0,bas25_04475,1008.3307634,1,24510,Cross-Country/Cheswolde,8,28,23:42:29,8,29,00:13:22,2,2,1,2,3,4,2,2,0,1
7,6,1,2,2,2,3,3,2,2,3,1,3,1,2,3,1,1,1,1,1,1,1,3,3,3,3,4,3,3,2,2,3,2,4,-8,1,1,1,1,1,1,2,1,2,5,5,5,5,5,5,3,-7,3,3,3,3,3,3,1,1,1,1,2,1,1,1,1,3,0,0,0,0,0,0,0,1,0,0,0,0,0,0,0,0,0,0,0,1,1,0,0,0,-8,-8,-8,-8,-8,-8,-8,-8,-8,-8,-8,-8,-8,0,1,1,0,0,1,0,0,0,0,1,0,1,1,0,0,0,0,0,0,3,-7,-7,-7,-7,-7,-7,-7,-7,1,1,4,2,400000,70000,3,3,4,5,3,3,3,2,-7,2,2,1,1,1,1,1,1,1,1,2,1,2,3,1,1,1,0,0,0,0,0,0,0,0,NA,1,0,0,0,0,0,0,0,1,1,0,5,5,2,1,1,0,0,0,1,2,NA,2,-7,-7,2,1,1,0,1,0,2,7,1,1970,55,1,-7,2,2,1,1,1,2,-7,-7,-7,-7,4,2,-7,6,11,2,2,2,2,2,2,4,2,1,1,-7,2,2,2,2,0,0,1,0,0,0,bas25_04477,188.64520378,1,24510,Greater Roland Park/Poplar Hill,8,28,14:56:33,8,28,15:20:46,2,2,1,2,4,4,1,4,0,1
26,2,4,2,3,2,3,2,4,-8,-8,3,3,3,1,1,1,1,3,1,1,-8,1,5,4,-8,3,4,4,3,4,3,4,-8,-8,-8,1,1,1,1,1,1,1,2,2,2,-8,-8,-8,-8,-8,4,-7,3,3,3,3,3,3,1,1,1,4,3,1,3,1,1,1,0,0,0,0,0,0,0,0,0,0,0,1,0,0,0,0,0,0,0,0,0,0,0,1,-8,-8,-8,-8,-8,-8,-8,-8,-8,-8,-8,-8,-8,0,0,1,1,0,0,0,0,0,0,0,1,1,-8,-8,-8,-8,-8,-8,-8,3,-7,-7,-7,-7,-7,-7,-7,-7,9,-7,-7,-7,NA,NA,-8,-8,-8,-8,3,3,3,2,-7,2,2,1,1,1,1,1,1,1,1,1,1,1,1,1,1,1,0,0,0,0,0,0,0,0,NA,1,1,1,0,0,0,0,0,0,0,0,5,1,2,1,1,0,0,0,1,2,NA,2,-7,-7,2,2,2,-7,-7,-7,2,6,1,1951,74,2,-7,2,2,1,1,1,8,-7,-7,-7,-7,4,-8,-7,-7,-6,2,2,2,2,2,2,5,2,1,1,-7,2,2,2,2,0,0,1,0,0,0,bas25_04483,1168.8882964,2,24005,-7,10,3,08:53:57,10,3,09:22:40,2,1,1,2,-6,4,2,5,0,1
28,5,2,2,1,1,3,3,2,2,3,1,3,2,1,1,1,1,1,1,1,1,2,3,2,1,3,2,2,2,3,3,3,3,2,3,1,1,1,1,2,1,2,2,2,2,2,2,3,2,2,-7,4,3,3,3,3,3,3,1,1,1,2,3,3,2,1,1,1,1,0,0,0,1,0,0,0,0,0,0,0,1,0,0,0,1,0,0,1,0,0,0,0,0,0,0,0,0,1,0,0,0,1,1,1,0,0,0,1,1,0,0,0,1,1,0,0,0,2,-8,-8,-8,-8,-8,-8,-8,2,-7,0,0,0,0,0,0,1,1,2,3,2,500000,50000,3,4,3,2,3,3,3,2,-7,2,2,2,1,1,1,1,1,1,1,1,1,3,3,1,1,1,0,0,0,0,0,0,0,0,NA,1,0,0,0,0,1,0,0,1,0,0,4,4,2,1,1,0,0,0,2,2,NA,2,-7,-7,1,-7,2,-7,-7,-7,2,7,5,1967,58,1,-7,2,2,1,1,3,9,-7,-7,-7,-7,1,2,-7,4,9,2,2,2,2,2,2,3,2,1,3,-7,2,2,2,2,0,0,1,0,0,0,bas25_04496,184.99967837,2,24005,-7,9,8,20:14:18,9,8,20:31:11,1,2,2,2,4,4,1,4,0,1
0,3,1,2,3,2,3,3,3,4,4,2,2,1,1,1,1,1,2,1,1,1,4,5,3,5,2,5,5,2,3,3,4,3,4,4,1,1,1,1,1,1,-8,1,2,3,4,3,3,4,4,5,-7,1,1,1,1,1,2,2,5,2,5,1,1,3,4,4,1,0,0,0,0,0,0,0,1,0,1,0,0,1,1,1,1,1,1,1,1,1,1,0,0,1,0,1,0,1,0,0,1,0,1,1,1,1,0,0,1,1,0,1,1,1,1,1,1,0,4,0,0,1,0,1,1,0,1,4,-7,-7,-7,-7,-7,-7,-7,4,-7,-7,-7,500000,40000,4,5,4,5,1,2,1,1,1,1,1,4,5,5,5,5,4,5,4,4,2,5,5,2,2,5,0,1,0,1,0,1,1,1,Extreme sweating and dehydration,0,0,0,0,1,0,0,0,1,1,0,5,5,1,2,0,0,1,0,1,5,NA,2,-7,-7,3,1,2,-7,-7,-7,1,4,5,2003,22,4,Both transgender and non-binary,5,2,1,1,1,9,-7,-7,-7,-7,1,1,-8,-7,-6,-8,1,2,2,2,2,5,4,2,1,-7,-6,-6,-6,-6,-8,-8,-8,-8,-8,0,bas25_04524,734.20091579,1,24510,Loch Raven,9,6,14:32:43,9,6,15:24:28,2,2,1,-6,-6,3,-8,1,11,3
2,3,2,2,3,2,4,3,3,5,4,1,3,2,1,1,2,3,1,1,1,1,1,3,3,4,3,1,2,2,3,3,3,2,3,3,1,2,1,2,2,2,2,2,2,2,4,3,3,4,2,4,-7,3,3,3,3,3,3,1,1,1,3,1,1,2,2,2,1,0,0,0,0,1,0,0,1,0,0,0,0,0,0,0,0,0,0,0,0,1,0,0,0,-8,-8,-8,-8,-8,-8,0,1,0,1,0,1,0,0,0,1,1,0,0,0,0,0,0,0,1,1,-8,-8,-8,-8,-8,-8,-8,3,-7,-7,-7,-7,-7,-7,-7,-7,1,1,4,2,300000,60000,3,3,4,5,3,3,3,2,-7,2,2,1,3,3,3,3,3,3,2,3,1,3,3,1,1,3,0,0,0,0,0,0,0,0,NA,1,0,0,0,0,0,0,0,0,1,0,5,5,2,1,1,1,0,0,2,2,NA,2,-7,-7,2,1,2,-7,-7,-7,2,7,5,1991,34,2,-7,1,2,1,1,1,9,-7,-7,-7,-7,1,2,-7,4,9,2,2,2,2,2,2,5,3,1,1,-7,2,2,2,2,0,0,1,0,0,0,bas25_04526,611.70259642,1,24510,Inner Harbor/Federal Hill,8,28,10:07:31,8,28,10:22:35,2,1,1,2,4,4,2,2,0,1
0,3,2,2,2,3,3,2,3,4,4,4,4,4,4,4,3,1,2,1,1,1,2,2,2,3,2,2,2,3,4,4,4,3,3,4,1,1,1,1,1,1,1,1,-8,3,3,3,2,4,3,-7,3,3,3,3,2,2,2,2,1,2,2,2,3,5,4,2,2,0,0,0,0,1,0,1,1,0,0,1,0,0,0,0,0,0,0,1,1,0,1,0,0,1,1,0,0,0,0,0,0,1,1,1,1,1,1,0,0,0,1,0,1,0,0,0,0,0,4,-8,-8,-8,-8,-8,-8,-8,2,-7,0,0,0,1,0,0,0,4,-7,-7,-7,100000,32,3,4,4,5,2,2,3,2,-7,1,2,2,1,1,1,1,1,1,1,2,2,4,4,1,1,4,0,1,0,0,0,0,0,0,NA,0,0,0,0,1,0,0,0,0,0,0,3,4,1,1,1,0,1,0,2,2,NA,2,-7,-7,2,2,2,-7,-7,-7,2,3,5,2003,22,1,-7,2,2,1,1,1,8,-7,-7,-7,-7,1,1,3,-7,3,1,1,2,2,2,2,3,2,1,3,-7,1,1,1,1,0,1,0,0,0,0,bas25_04535,3910.5605603,2,24005,-7,9,20,20:59:13,9,20,21:13:23,1,1,2,1,2,2,1,1,3,2
5,4,2,1,2,3,3,3,2,2,1,2,3,2,3,2,2,1,1,1,1,1,1,1,1,2,1,1,1,2,4,3,4,4,2,3,1,1,1,1,1,1,2,2,2,5,5,-8,5,5,5,4,-7,3,3,3,3,3,3,1,1,1,1,2,2,2,1,1,1,1,0,0,0,1,0,1,0,1,1,0,0,1,0,0,0,1,0,1,0,1,0,0,0,-8,-8,-8,-8,-8,-8,-8,-8,-8,-8,-8,-8,-8,1,0,1,0,0,0,0,0,0,0,0,1,2,1,0,0,0,0,0,0,2,-7,-8,-8,-8,-8,-8,-8,-8,1,5,4,1,500000,20000,2,4,4,5,1,1,1,2,-7,2,1,2,5,4,5,5,3,3,2,3,3,1,4,1,1,5,0,1,1,0,1,1,0,0,NA,0,0,0,0,0,1,0,0,0,0,0,2,4,1,3,1,0,0,0,2,2,NA,2,-7,-7,1,-7,1,1,1,1,2,5,2,1980,45,1,-7,2,2,1,1,1,2,-7,-7,-7,-7,8,1,4,-7,4,1,1,2,2,2,2,1,2,1,1,-7,1,1,1,1,0,1,0,0,0,0,bas25_04545,346.95403969,1,24510,Loch Raven,9,28,19:13:25,9,28,20:01:45,2,1,1,1,2,3,1,3,0,1
10,4,2,2,2,2,3,3,2,2,3,2,3,3,2,2,4,3,2,3,2,3,2,2,2,2,2,1,1,2,3,2,3,3,2,2,1,1,1,1,1,1,1,1,2,5,5,3,5,5,5,2,-7,3,3,3,3,3,3,1,1,1,1,2,2,3,2,1,1,1,0,0,1,1,0,0,1,0,0,0,0,1,0,0,1,1,0,0,0,0,0,0,0,-8,-8,-8,-8,-8,-8,0,0,1,0,0,0,0,0,0,1,1,0,1,1,1,1,0,0,0,2,-8,-8,-8,-8,-8,-8,-8,1,2,-7,-7,-7,-7,-7,-7,-7,4,-7,-7,-7,300000,50000,3,3,3,4,2,2,3,2,-7,2,2,2,5,1,5,4,1,1,1,1,2,2,2,1,1,1,0,0,0,0,0,0,0,0,NA,1,0,1,0,0,0,0,0,0,0,0,5,5,2,1,1,0,0,0,1,2,NA,2,-7,-7,1,-7,2,-7,-7,-7,2,7,5,1967,58,2,-7,2,2,1,1,1,8,-7,-7,-7,-7,8,2,-7,4,9,2,2,2,2,2,2,3,2,1,1,-7,1,1,1,1,0,1,0,0,0,0,bas25_04557,328.63191646,1,24510,Forest Park/Walbrook,10,6,00:39:19,10,6,00:57:40,2,2,1,1,4,4,2,4,0,1
18,2,1,2,2,1,3,3,3,3,3,2,4,2,1,3,3,1,1,1,1,1,1,3,3,3,1,1,1,2,4,4,4,3,3,4,1,1,1,1,1,1,2,1,1,4,2,2,3,3,3,-7,4,3,3,3,3,3,3,1,1,1,1,3,3,1,2,1,1,1,0,0,0,1,0,0,0,0,0,0,0,1,0,0,0,1,0,0,0,0,0,0,0,0,0,0,1,0,1,-8,-8,-8,-8,-8,-8,-8,0,0,1,1,0,1,0,0,0,0,0,0,1,-8,-8,-8,-8,-8,-8,-8,2,-7,0,0,1,0,0,0,1,5,-7,-7,-7,200000,50000,2,3,2,2,3,3,3,2,-7,2,-8,2,1,1,1,3,1,1,1,1,1,4,3,1,1,1,0,0,0,0,0,0,0,0,NA,1,0,0,1,0,0,0,0,1,0,0,4,4,2,1,1,0,0,0,2,2,NA,1,2,3,2,2,2,-7,-7,-7,2,4,1,1959,66,2,-7,2,2,1,1,1,2,-7,-7,-7,-7,1,2,-7,5,10,2,2,2,2,2,2,2,1,1,1,-7,2,2,2,2,0,0,1,0,0,0,bas25_04564,1623.5955927,2,24005,-7,8,29,10:13:41,8,29,10:58:28,2,1,2,2,4,3,2,5,0,1
6,3,1,1,2,1,4,3,2,4,3,4,3,4,2,2,3,1,2,2,1,1,4,3,2,4,2,1,1,3,3,3,4,3,2,4,1,1,2,2,1,1,1,2,2,5,5,5,5,5,5,-7,4,3,3,3,3,3,3,1,1,1,1,1,1,1,1,1,1,0,1,0,0,0,0,0,0,1,0,0,0,0,0,0,0,0,0,0,0,0,0,0,1,-8,-8,-8,-8,-8,-8,0,1,0,0,1,1,0,0,0,1,1,0,0,0,0,0,1,1,0,4,-8,-8,-8,-8,-8,-8,-8,1,4,-7,-7,-7,-7,-7,-7,-7,1,1,-8,4,500000,50000,4,2,3,4,3,3,3,2,-7,2,2,1,1,1,1,1,1,1,1,1,1,2,2,1,1,1,0,0,0,0,0,0,0,0,NA,1,0,0,0,0,0,0,0,0,0,1,4,2,2,1,1,0,0,0,1,2,NA,1,1,-7,2,1,2,-7,-7,-7,2,7,1,1967,58,2,-7,2,2,1,1,1,1,5,-7,-7,-7,6,2,-7,4,9,2,2,2,2,2,2,3,3,1,1,-7,2,2,2,2,0,0,1,0,0,0,bas25_04571,391.58253672,1,24510,Belair-Edison,9,21,09:17:38,9,21,10:00:38,2,1,2,2,4,4,2,4,0,1
4,4,1,1,1,2,4,3,2,1,2,1,3,2,1,2,2,1,2,2,1,1,3,3,2,1,1,1,1,2,3,3,2,4,4,4,1,1,1,1,1,1,1,1,2,3,2,2,3,3,3,-7,4,3,3,3,3,3,3,1,4,1,2,1,1,2,2,1,2,1,1,0,1,1,0,1,1,1,1,0,0,1,1,0,1,1,1,1,1,1,1,0,0,0,0,0,1,0,1,0,1,0,1,1,1,0,0,0,1,1,0,1,1,1,1,1,1,0,2,0,0,0,0,0,1,0,3,-7,-7,-7,-7,-7,-7,-7,-7,1,3,3,2,250000,40000,4,4,4,3,2,2,2,1,2,1,1,3,3,3,3,3,3,3,1,1,2,3,3,1,2,3,0,1,0,1,1,1,0,0,NA,0,0,0,0,0,0,0,0,1,1,0,1,1,3,1,1,1,1,0,1,5,NA,2,-7,-7,1,1,1,0,1,0,2,4,5,1980,45,1,-7,2,2,1,1,1,2,-7,-7,-7,-7,3,1,3,-7,3,1,1,2,2,2,2,2,3,1,1,-7,2,2,2,2,0,0,1,0,0,0,bas25_04575,871.8699762,2,24005,-7,8,27,21:14:37,8,27,21:55:15,1,2,2,2,2,3,1,3,0,1
1,2,2,2,3,3,3,3,3,3,3,2,3,3,2,2,3,2,1,2,2,1,2,2,2,3,3,4,4,2,3,3,-8,3,4,3,1,1,1,1,2,2,2,2,2,3,3,3,4,4,4,-7,4,3,3,3,3,3,3,1,4,1,2,3,3,4,3,1,1,0,0,0,0,0,0,0,0,0,0,0,1,0,1,0,0,0,0,0,1,1,0,0,0,0,1,0,0,0,0,-8,-8,-8,-8,-8,-8,-8,0,0,1,1,0,0,0,0,0,0,0,1,2,-8,-8,-8,-8,-8,-8,-8,3,-7,-7,-7,-7,-7,-7,-7,-7,1,2,3,3,300000,50000,3,3,3,4,3,3,3,2,-7,2,2,2,2,2,2,2,1,2,1,2,1,3,3,1,1,1,0,0,0,0,0,0,0,0,NA,1,0,0,0,0,0,0,0,0,0,1,5,5,1,1,1,0,0,0,1,2,NA,2,-7,-7,2,1,2,-7,-7,-7,-8,7,1,1992,33,1,-7,2,2,1,1,1,9,-7,-7,-7,-7,1,2,-7,3,8,2,2,2,2,2,2,4,2,1,1,-7,2,2,2,2,0,0,1,0,0,0,bas25_04581,319.73479621,1,24510,Midtown,9,13,17:26:50,9,13,17:54:01,2,1,2,2,4,4,1,2,0,1
20,4,1,1,2,2,3,3,3,2,3,1,3,2,2,1,2,1,1,2,2,1,1,2,1,2,1,1,2,2,4,4,4,3,3,3,1,1,1,1,2,1,1,2,1,3,3,2,3,3,3,4,-7,3,3,3,3,3,3,1,4,1,2,2,3,2,3,3,2,1,1,0,0,1,0,0,1,0,0,0,0,1,1,0,0,1,0,0,1,0,0,0,0,0,0,0,0,0,1,0,0,1,1,1,0,0,0,0,1,1,0,0,0,1,1,0,0,0,3,0,0,0,0,1,0,0,1,4,-7,-7,-7,-7,-7,-7,-7,1,1,2,4,200000,40000,3,4,4,5,3,3,2,2,-7,1,1,2,3,4,3,3,3,2,1,1,1,1,4,1,1,2,0,1,0,1,0,1,0,0,NA,0,0,0,0,0,1,0,0,1,1,0,5,5,2,1,1,0,0,0,1,2,NA,2,-7,-7,2,1,2,-7,-7,-7,1,5,2,1956,69,1,-7,2,2,1,1,1,2,-7,-7,-7,-7,3,2,-7,4,9,2,2,2,1,1,2,3,3,1,1,-7,2,2,2,2,0,0,1,0,0,0,bas25_04584,776.81639893,2,24005,-7,9,1,14:57:38,9,2,19:43:17,2,1,1,2,4,3,1,5,0,1
65,3,2,2,2,2,3,3,2,2,1,2,4,2,1,1,1,2,1,3,2,3,1,1,3,3,2,1,1,2,3,2,4,3,2,5,-8,1,1,-8,1,1,-8,-8,1,4,4,4,4,3,4,1,-7,3,3,3,3,3,3,1,1,1,1,2,2,3,1,1,1,1,0,0,0,0,0,0,0,0,0,0,0,1,0,0,0,0,0,0,0,0,0,0,0,-8,-8,-8,-8,-8,-8,-8,-8,-8,-8,-8,-8,-8,1,0,1,0,0,0,0,0,0,0,0,1,1,-8,-8,-8,-8,-8,-8,-8,3,-7,-7,-7,-7,-7,-7,-7,-7,5,-7,-7,-7,500000,NA,2,2,4,5,3,3,3,2,-7,2,2,1,1,1,1,1,1,-8,-8,-8,1,3,1,1,1,1,0,0,0,0,0,0,0,0,NA,1,1,0,0,0,0,0,0,0,0,0,5,5,2,4,0,1,0,0,1,2,NA,2,-7,-7,2,2,2,-7,-7,-7,2,6,5,1956,69,1,-7,2,2,1,1,1,8,-7,-7,-7,-7,8,1,-8,-7,-6,2,2,2,2,2,2,4,2,1,1,-7,1,1,1,1,0,1,0,0,0,0,bas25_04622,547.18099625,1,24510,Greater Mondawmin,9,22,11:51:27,9,22,12:15:53,2,1,1,1,-6,4,1,5,0,1
6,-8,-8,-8,-8,2,3,2,3,3,3,2,3,2,2,1,3,2,1,2,3,3,1,3,2,2,1,5,4,2,3,3,-8,3,3,3,1,1,1,1,1,1,1,1,2,5,4,3,4,4,4,-7,4,3,3,3,3,3,3,1,1,1,2,2,1,3,1,1,1,1,0,1,0,1,0,0,1,0,0,0,0,1,0,0,0,0,0,0,1,0,0,0,0,0,0,0,0,1,0,0,0,0,1,1,1,0,0,0,1,1,0,0,0,0,0,0,0,1,3,-8,-8,-8,-8,-8,-8,-8,3,-7,-7,-7,-7,-7,-7,-7,-7,5,-7,-7,-7,200000,40000,2,4,2,5,3,3,3,2,-7,2,2,2,1,1,1,2,1,1,1,1,1,3,2,1,1,1,0,0,0,0,0,0,0,0,NA,1,0,1,1,0,0,0,0,0,0,0,-8,5,2,1,1,0,0,0,2,2,NA,2,-7,-7,2,2,2,-7,-7,-7,2,4,1,1950,75,2,-7,2,2,1,1,1,4,-7,-7,3,-7,1,1,4,-7,4,2,2,2,2,2,2,5,2,1,1,-7,2,2,2,2,0,0,1,0,0,0,bas25_04624,1311.7240016,2,24005,-7,8,28,16:46:17,8,28,17:35:21,2,1,2,2,2,3,2,5,0,1
23,4,1,1,1,1,4,4,1,3,2,1,1,1,1,1,1,1,1,1,1,1,5,1,1,1,1,1,2,3,4,1,4,4,5,4,2,2,2,2,2,2,2,2,2,4,5,1,3,3,4,1,-7,2,1,1,1,2,3,2,2,1,4,1,2,3,1,1,1,0,0,0,0,1,0,0,0,0,0,1,0,1,1,1,1,1,0,0,1,1,0,0,0,0,0,0,0,0,1,0,1,0,0,0,0,1,0,0,1,1,0,0,1,0,1,0,1,0,5,0,0,0,0,1,1,0,1,4,-7,-7,-7,-7,-7,-7,-7,6,-7,-7,-7,Million,500000,4,5,4,5,2,2,2,1,2,1,1,4,4,1,1,5,5,4,4,1,3,4,4,2,2,4,0,0,0,0,0,1,0,0,NA,0,0,0,0,0,0,0,0,0,0,1,1,3,1,1,1,0,0,0,1,2,NA,2,-7,-7,2,1,2,-7,-7,-7,2,4,5,2002,23,1,-7,2,2,1,3,1,8,-7,-7,-7,-7,6,1,3,-7,3,2,2,2,2,2,2,5,2,1,1,-7,1,1,1,1,0,1,0,0,0,0,bas25_04640,3908.3115444,2,24005,-7,8,27,22:57:37,8,27,23:20:38,2,1,1,1,2,3,1,1,8,3
8,3,2,3,3,2,3,3,3,3,2,2,3,3,1,1,3,3,4,4,4,4,2,2,2,2,1,2,2,2,2,2,3,1,2,2,1,1,1,2,2,1,2,2,2,3,3,3,3,3,3,-7,2,3,2,2,2,2,2,1,2,1,1,1,1,3,2,1,2,0,0,0,0,0,0,0,0,0,0,0,1,1,0,0,0,0,0,1,0,0,0,0,0,0,0,0,0,0,1,0,1,0,1,1,1,1,1,0,1,0,0,0,0,0,0,1,1,0,2,-8,-8,-8,-8,-8,-8,-8,3,-7,-7,-7,-7,-7,-7,-7,-7,1,5,3,3,90000,20000,3,2,4,2,2,2,2,2,-7,2,2,2,1,1,1,1,1,2,2,2,2,3,3,1,2,1,0,0,0,0,0,0,0,0,NA,1,0,0,0,0,0,0,0,0,0,1,5,5,2,2,1,0,0,0,1,4,NA,2,-7,-7,6,1,1,2,1,1,1,6,5,2000,25,2,-7,2,2,3,3,3,2,-7,-7,-7,-7,7,2,-7,2,7,1,1,2,2,1,2,3,2,1,4,2,1,1,1,1,0,1,0,0,0,0,bas25_04650,7052.5223386,2,24005,-7,9,23,11:14:54,9,23,12:17:52,2,2,2,1,3,4,2,2,5,2
12,3,1,2,3,2,3,3,3,3,3,1,3,1,1,1,2,1,1,1,1,1,1,5,1,3,1,1,2,2,2,2,3,2,3,-8,-8,-8,-8,-8,-8,-8,-8,-8,2,2,2,2,3,3,3,-7,3,3,3,3,3,3,3,1,1,1,1,1,1,2,1,1,2,0,1,0,0,0,0,1,1,0,0,0,0,0,1,0,0,0,0,0,1,1,0,0,0,0,0,0,1,0,1,0,1,0,0,1,0,0,0,0,1,1,0,0,0,1,1,0,1,0,2,-8,-8,-8,-8,-8,-8,-8,3,-7,-7,-7,-7,-7,-7,-7,-7,1,1,4,4,200000,45000,2,3,3,4,3,3,3,2,-7,2,2,1,1,1,1,1,1,1,1,1,1,3,2,1,1,1,0,0,0,0,0,0,0,0,NA,1,0,0,0,0,0,0,0,0,0,1,5,5,2,1,1,0,1,0,2,2,NA,2,-7,-7,2,1,2,-7,-7,-7,2,7,1,1989,36,1,-7,2,2,1,1,1,9,-7,-7,-7,-7,1,2,-7,6,11,2,2,2,2,2,2,5,2,1,1,-7,2,2,2,2,0,0,1,0,0,0,bas25_04653,629.07175054,2,24005,-7,8,28,19:58:29,8,28,20:32:05,2,2,2,2,4,4,1,3,0,1
21,4,1,2,1,2,3,3,2,2,3,2,3,2,2,2,5,1,1,1,1,1,1,3,2,3,1,1,1,3,3,3,4,3,2,3,2,1,2,2,2,1,2,1,2,5,2,1,5,5,5,2,-7,3,3,3,3,3,3,1,1,1,3,2,3,3,1,1,2,1,0,0,0,0,0,0,0,0,0,0,0,1,0,0,0,0,0,0,0,1,0,0,0,0,0,0,0,0,1,0,0,0,0,0,1,0,1,0,0,1,0,0,0,0,0,0,0,1,5,-8,-8,-8,-8,-8,-8,-8,2,-7,0,0,1,0,0,0,0,8,-7,-7,-7,100000,20000,2,5,3,3,2,2,3,2,-7,2,2,3,4,2,4,5,1,1,1,1,1,4,1,1,1,4,1,1,0,0,0,0,0,0,NA,0,1,0,0,0,0,1,0,0,1,0,5,5,2,1,0,1,0,0,2,2,NA,2,-7,-7,1,-7,2,-7,-7,-7,1,3,5,1966,59,2,-7,2,2,1,1,1,9,-7,-7,-7,-7,1,1,2,-7,2,1,1,2,2,1,2,3,3,1,1,-7,2,2,2,2,0,0,1,0,0,0,bas25_04655,696.35642693,2,24005,-7,9,13,17:07:23,9,13,17:31:47,1,1,1,2,1,2,2,4,0,1
7,5,1,1,1,2,3,3,2,1,2,1,3,2,1,1,2,1,2,2,1,1,1,1,1,1,1,1,1,2,2,2,3,2,2,3,2,1,1,1,2,1,2,2,1,4,4,5,5,5,5,-7,4,3,3,3,3,3,3,1,3,1,2,1,1,2,2,1,1,0,1,0,1,1,0,0,1,0,0,0,0,0,1,0,1,0,0,0,1,1,0,0,0,-8,-8,-8,-8,-8,-8,0,1,0,1,0,1,1,0,0,0,1,1,0,0,1,0,1,1,0,1,-8,-8,-8,-8,-8,-8,-8,3,-7,-7,-7,-7,-7,-7,-7,-7,1,2,3,4,250000,60000,3,2,3,4,3,3,3,2,-7,2,2,2,1,1,1,1,1,1,1,1,1,1,1,1,1,2,0,0,0,0,0,0,0,0,NA,1,0,0,0,0,0,0,0,0,0,1,1,1,2,1,1,0,0,0,2,4,NA,2,-7,-7,2,1,2,-7,-7,-7,1,7,1,1971,54,1,-7,2,2,1,1,1,9,-7,-7,-7,-7,1,2,-7,2,7,2,2,2,2,2,2,4,3,1,1,-7,2,2,2,2,0,0,1,0,0,0,bas25_04668,203.86510616,1,24510,Canton,9,6,15:56:47,9,6,16:21:02,1,2,2,2,3,4,1,4,0,1
29,5,1,1,1,2,4,3,2,2,1,4,4,4,2,4,4,4,3,3,3,3,1,2,2,2,2,1,2,2,3,3,3,3,3,3,1,1,1,1,1,1,1,1,2,5,5,5,5,5,5,4,-7,3,3,3,3,3,3,1,1,1,5,2,1,3,1,1,3,1,1,0,1,1,0,1,1,1,0,0,0,1,1,0,1,1,0,1,1,1,0,0,0,0,1,0,1,0,1,0,0,0,0,1,0,0,0,0,1,1,0,1,0,0,1,1,0,0,5,1,1,1,1,1,1,0,2,-7,0,0,1,0,0,0,1,1,3,4,2,500000,25000,4,5,4,5,2,1,1,1,1,1,2,2,4,3,4,5,3,3,3,2,3,3,2,1,1,1,0,1,0,0,0,0,0,0,NA,0,0,0,0,0,0,0,0,0,0,1,5,5,2,1,1,0,0,0,2,2,NA,1,1,-7,4,1,1,1,0,1,2,4,1,1971,54,1,-7,2,1,1,3,3,2,-7,-7,-7,-7,4,2,-7,2,7,2,2,2,2,2,2,3,1,1,1,-7,-6,-6,4,6,0,0,0,0,0,1,bas25_04669,608.87013986,1,24510,Hamilton,9,27,21:59:55,9,27,22:44:51,1,2,1,3,3,3,1,4,0,1
27,1,4,4,4,4,2,2,3,5,3,2,3,3,1,3,2,1,1,2,1,2,2,3,3,3,2,5,5,2,2,2,3,3,4,4,1,1,1,1,1,1,2,1,2,2,1,1,2,1,2,-7,4,3,3,3,3,3,3,1,5,1,1,3,3,3,1,1,6,0,0,0,0,0,0,1,1,0,1,0,0,1,0,0,0,0,0,0,1,0,1,0,0,-8,-8,-8,-8,-8,-8,-8,-8,-8,-8,-8,-8,-8,1,0,1,0,0,0,0,0,0,0,0,1,1,0,1,0,0,0,0,0,1,4,-7,-7,-7,-7,-7,-7,-7,1,1,4,4,500000,50000,3,4,4,5,3,3,3,2,-7,2,2,1,1,1,3,3,1,1,1,1,1,2,1,1,1,1,0,0,0,0,0,0,0,0,NA,1,0,0,0,0,0,0,0,1,0,0,5,5,2,1,1,0,0,0,1,2,NA,2,-7,-7,1,-7,2,-7,-7,-7,2,6,5,1990,35,1,-7,3,2,1,1,1,8,-7,-7,-7,-7,1,2,-7,2,7,2,2,2,2,2,2,3,2,1,1,-7,1,1,1,1,0,1,0,0,0,0,bas25_04675,885.19676992,2,24005,-7,8,27,21:35:26,8,27,21:53:04,2,2,2,1,3,4,1,3,0,1
20,3,3,2,2,2,2,3,2,4,4,3,3,3,2,2,3,4,4,5,3,5,5,5,4,4,4,5,4,3,4,4,4,4,1,2,1,1,1,1,1,1,1,1,2,5,5,4,5,4,5,3,-7,2,2,2,-8,1,2,2,3,1,3,2,2,3,3,2,3,1,0,0,0,0,0,1,1,0,1,0,0,0,0,0,0,0,0,1,1,1,0,0,0,1,1,0,0,0,0,0,1,1,1,1,1,1,0,0,1,1,0,0,1,0,1,0,0,0,4,1,0,0,0,0,0,0,2,-7,1,0,1,0,0,0,1,1,2,5,1,100000,40000,4,4,4,4,1,2,2,1,2,1,2,4,5,5,5,5,3,5,5,3,3,4,4,1,1,3,0,0,1,1,1,1,0,0,NA,0,1,0,1,1,1,0,0,0,0,0,3,2,1,3,0,1,0,0,1,2,NA,2,-7,-7,4,1,1,0,0,1,1,6,2,1986,39,1,-7,4,2,1,1,1,9,-7,-7,-7,-7,1,1,4,-7,4,2,1,2,1,2,2,3,2,1,1,-7,1,1,1,1,0,1,0,0,0,0,bas25_04676,1536.56632,1,24510,Forest Park/Walbrook,10,2,17:36:58,10,2,17:59:01,1,2,1,1,2,4,1,3,7.199999999999999,3
18,4,1,1,2,2,3,3,2,3,4,2,3,4,2,1,2,1,2,1,2,-8,1,2,3,2,1,1,1,2,2,2,4,2,3,3,1,1,1,1,1,1,1,1,2,3,2,2,4,3,3,3,-7,3,3,3,3,2,3,1,2,1,2,1,1,2,1,1,1,0,0,0,0,0,0,0,0,0,0,0,1,0,0,0,0,0,0,0,0,1,0,0,0,-8,-8,-8,-8,-8,-8,-8,-8,-8,-8,-8,-8,-8,0,1,1,0,0,0,0,0,0,1,0,0,2,0,0,0,0,0,1,0,1,2,-7,-7,-7,-7,-7,-7,-7,5,-7,-7,-7,400000,50000,2,4,2,5,3,3,3,2,-7,2,2,1,1,1,1,1,1,1,1,1,1,2,2,1,1,1,0,0,0,0,0,0,0,0,NA,1,1,0,0,0,0,0,0,0,0,0,5,4,1,1,1,0,0,0,2,2,NA,2,-7,-7,1,-7,2,-7,-7,-7,2,6,3,1936,89,1,-7,2,2,1,1,1,2,-7,-7,-7,-7,8,2,-7,3,8,2,2,2,2,2,2,5,2,1,1,-7,2,2,2,2,0,0,1,0,0,0,bas25_04686,499.98061593,2,24005,-7,9,1,11:00:32,9,1,11:26:47,1,2,1,2,4,4,1,5,1,1
0,4,3,4,2,3,2,2,5,4,3,3,2,4,3,4,3,3,3,4,3,4,2,2,4,3,2,2,2,3,2,3,4,2,3,4,2,1,1,1,1,1,1,2,2,4,4,4,5,5,5,3,-7,3,3,3,-8,3,3,2,1,1,3,2,3,3,1,1,1,1,0,0,0,0,0,0,0,0,0,0,0,1,0,0,0,0,0,1,0,1,0,0,0,0,0,0,0,0,1,0,0,0,1,0,0,0,1,0,0,0,0,0,0,0,0,0,0,1,3,0,0,0,0,1,1,0,3,-7,-7,-7,-7,-7,-7,-7,-7,1,3,4,4,200000,75000,4,5,4,4,1,1,1,1,1,1,1,2,5,5,5,5,5,4,4,5,3,2,2,1,1,1,0,1,0,0,1,0,0,0,NA,0,1,1,0,0,0,0,0,0,0,0,1,1,1,3,0,0,0,1,1,2,NA,1,1,-7,1,-7,1,2,0,2,2,4,3,1969,56,1,-7,2,2,1,1,1,8,-7,-7,-7,-7,6,1,5,-7,5,2,2,2,2,2,2,3,2,1,1,-7,1,1,1,1,0,1,0,0,0,0,bas25_04687,304.43454999,1,24510,Edmondson Village,8,27,19:19:22,8,27,19:49:47,2,1,1,1,2,3,1,4,0,1
1,3,2,2,3,2,3,2,2,3,2,2,2,2,2,1,1,2,1,3,1,1,3,2,1,3,1,1,3,2,2,2,3,3,3,3,2,1,1,1,1,1,1,2,2,4,4,2,4,4,4,4,-7,3,3,3,3,3,3,1,1,1,2,1,1,2,1,2,1,0,0,0,0,0,0,0,1,0,0,0,0,0,0,0,0,0,0,0,1,0,0,0,0,-8,-8,-8,-8,-8,-8,0,1,0,0,0,0,1,0,0,1,1,0,0,1,1,0,0,1,0,4,-8,-8,-8,-8,-8,-8,-8,2,-7,0,0,1,0,0,0,0,1,1,2,2,200000,27500,2,3,3,4,3,3,3,2,-7,2,2,2,1,1,1,2,1,1,1,1,1,2,2,2,2,2,0,0,0,0,0,0,0,0,NA,1,0,0,0,0,0,0,0,0,0,1,5,5,1,1,0,1,0,0,1,2,NA,2,-7,-7,2,1,2,-7,-7,-7,2,6,1,1997,28,2,-7,2,1,1,3,3,1,7,Pentecostal,-7,-7,1,2,-7,1,6,2,2,2,2,2,2,3,4,3,1,-7,2,2,4,6,0,0,1,0,0,1,bas25_04690,1009.8667273,1,24510,Hampden/Remington,10,8,20:49:25,10,8,21:25:34,2,1,1,3,3,4,2,2,0,1
7,2,2,3,4,2,3,2,4,4,4,3,3,3,1,1,3,1,1,2,1,1,2,3,2,3,1,6,-7,2,4,4,4,4,4,4,1,1,1,1,1,1,1,1,2,4,3,3,2,2,2,-7,3,2,2,2,2,3,3,1,4,1,2,1,1,3,2,1,2,0,0,0,0,0,0,1,1,0,0,0,0,0,0,0,0,0,0,0,0,1,0,0,0,0,0,0,1,0,0,-8,-8,-8,-8,-8,-8,-8,0,0,1,1,0,1,1,1,1,1,1,0,5,0,0,1,0,0,0,0,1,3,-7,-7,-7,-7,-7,-7,-7,1,4,3,3,250k +,Sub 40k,3,5,4,5,3,3,3,2,-7,2,2,1,1,1,1,1,1,1,1,1,1,3,3,1,1,4,0,1,0,0,0,0,1,0,NA,0,0,1,0,0,1,0,0,0,1,0,3,1,1,1,1,0,0,0,1,2,NA,1,1,-7,1,-7,2,-7,-7,-7,1,4,3,1973,52,2,-7,2,2,1,1,1,9,-7,-7,-7,-7,1,2,-7,3,8,2,2,2,2,2,2,5,4,1,5,1,1,5,1,5,1,1,0,1,0,0,bas25_04693,507.16536462,2,24005,-7,9,29,15:51:32,9,29,16:22:09,1,2,2,1,4,3,2,4,4,2
47,5,2,2,2,2,3,3,2,5,5,4,4,3,3,2,3,1,1,2,2,1,2,3,2,5,2,3,2,2,4,4,2,3,3,3,1,1,1,1,1,2,1,2,2,5,4,4,5,5,4,4,-7,3,3,3,3,3,3,1,1,1,2,1,1,3,2,2,1,1,0,0,0,1,0,0,1,0,0,0,0,1,0,0,1,1,0,0,1,1,0,0,0,0,0,0,0,0,1,0,0,0,0,0,1,0,0,0,1,1,0,0,0,0,0,1,0,0,3,0,0,0,0,0,1,0,1,2,-7,-7,-7,-7,-7,-7,-7,5,-7,-7,-7,200000,35000,2,2,2,2,3,3,3,2,-7,2,2,1,1,1,1,1,1,1,1,1,1,1,2,1,1,1,0,0,0,0,0,0,0,0,NA,1,0,0,0,0,0,0,0,0,0,1,5,5,2,4,1,0,0,0,1,2,NA,1,1,-7,2,2,2,-7,-7,-7,1,4,1,1954,71,1,-7,2,2,1,1,1,8,-7,-7,-7,-7,1,2,-7,3,8,2,2,2,2,2,2,2,1,1,1,-7,2,2,2,2,0,0,1,0,0,0,bas25_04713,970.86720923,2,24005,-7,8,30,10:58:44,8,30,11:42:00,1,2,1,2,4,3,1,5,0,1
30,4,4,2,2,2,3,3,4,5,5,4,5,3,3,4,5,3,2,5,4,5,3,3,3,5,1,3,3,3,4,4,4,5,3,3,1,1,1,1,1,1,1,2,2,5,3,2,4,4,4,-7,4,3,3,3,3,3,3,1,4,1,4,2,2,4,5,3,1,1,0,0,0,0,0,0,0,0,0,0,0,1,1,0,0,0,0,1,1,0,0,0,0,0,0,1,0,0,0,-8,-8,-8,-8,-8,-8,-8,1,0,1,0,0,0,0,0,0,0,0,1,3,1,0,1,1,0,0,0,3,-7,-7,-7,-7,-7,-7,-7,-7,1,1,4,3,NA,NA,4,5,3,4,3,3,3,2,-7,2,2,2,1,1,1,1,1,1,1,1,1,4,4,1,1,1,0,0,0,0,0,0,0,0,NA,1,0,0,0,1,0,0,0,1,1,0,5,4,2,4,1,0,0,0,1,2,NA,-8,-7,-7,3,1,2,-7,-7,-7,1,6,1,-8,-8,2,-7,2,2,1,1,1,1,1,-7,-7,-7,8,-8,-7,-7,-6,2,1,2,1,2,2,3,4,1,1,-7,2,2,2,2,0,0,1,0,0,0,bas25_04717,2860.2821171,2,24005,-7,10,4,20:14:14,10,4,20:30:50,2,2,2,2,-6,4,2,-8,0,1
9,2,1,1,1,1,4,3,2,2,3,1,3,1,1,1,1,1,1,1,1,1,3,2,1,2,1,6,-7,2,2,2,3,2,4,3,1,1,1,1,1,1,1,1,1,3,3,2,3,3,3,2,-7,3,3,3,3,3,3,1,1,1,1,3,3,1,1,1,2,0,0,0,0,0,0,0,0,0,1,0,0,0,0,0,0,0,0,0,0,0,1,0,0,-8,-8,-8,-8,-8,-8,-8,-8,-8,-8,-8,-8,-8,0,0,1,1,0,0,0,0,0,0,1,0,2,-8,-8,-8,-8,-8,-8,-8,1,1,-7,-7,-7,-7,-7,-7,-7,1,2,3,3,200000,50000,3,4,4,5,3,3,3,2,-7,2,2,1,1,1,1,1,1,1,1,1,1,1,1,2,2,1,0,0,0,0,0,0,0,0,NA,1,0,0,0,0,0,0,0,0,0,1,5,5,2,1,1,0,0,0,1,2,NA,2,-7,-7,2,1,2,-7,-7,-7,2,7,1,1964,61,1,-7,2,2,1,1,1,9,-7,-7,-7,-7,1,2,-7,6,11,2,2,2,2,2,2,4,2,1,1,-7,2,2,2,2,0,0,1,0,0,0,bas25_04722,491.59559418,2,24005,-7,10,5,20:54:36,10,5,21:17:55,2,1,1,2,4,4,1,4,0,1
50,3,2,2,2,2,4,3,2,4,4,2,4,3,2,2,1,1,2,1,1,1,4,3,4,4,1,3,3,2,4,4,2,3,4,4,2,2,2,2,2,2,2,2,2,5,5,5,5,4,5,-7,5,3,3,3,3,3,3,1,-8,1,1,2,3,2,1,1,1,1,0,0,0,1,0,0,0,0,0,0,0,1,0,0,0,1,0,0,0,0,0,0,0,0,0,0,0,0,1,0,0,0,0,0,1,0,0,0,1,1,0,0,0,0,0,0,0,1,1,-8,-8,-8,-8,-8,-8,-8,2,-7,0,0,1,0,0,0,0,5,-7,-7,-7,100000,50000,3,4,2,1,3,3,3,2,-7,2,2,2,1,2,3,3,1,1,1,1,1,3,1,1,1,1,0,0,0,0,0,0,0,0,NA,1,1,1,0,0,0,1,0,0,0,0,1,1,2,4,1,0,0,0,1,2,NA,1,1,-7,2,2,2,-7,-7,-7,2,4,1,1946,79,2,-7,2,2,1,1,1,1,7,Pentecostal,-7,-7,9,1,5,-7,5,2,2,2,2,2,-8,1,1,1,1,-7,2,2,2,2,0,0,1,0,0,0,bas25_04723,542.11553035,1,24510,Hamilton Hills,8,27,20:29:48,8,27,21:01:43,2,2,2,2,2,3,2,5,0,1
2,2,2,2,3,2,3,3,4,3,3,2,3,3,1,2,1,1,1,1,1,1,2,3,2,3,2,2,2,2,3,3,4,3,2,3,2,2,2,2,2,2,2,2,2,3,2,2,3,3,3,3,-7,3,3,3,3,3,3,1,4,1,2,3,3,3,2,1,2,0,0,0,1,1,0,0,1,0,0,0,0,0,0,0,0,0,0,0,1,0,0,0,0,-8,-8,-8,-8,-8,-8,0,1,0,0,0,1,0,0,0,1,1,0,0,0,0,0,0,0,1,2,0,0,1,0,0,1,0,3,-7,-7,-7,-7,-7,-7,-7,-7,1,1,4,2,350000,50000,3,2,3,5,3,3,3,2,-7,2,2,2,1,1,1,1,1,1,1,1,1,1,2,1,1,1,0,0,0,0,0,0,0,0,NA,1,0,0,0,0,0,0,0,0,0,1,5,4,2,1,1,0,0,0,1,2,NA,2,-7,-7,2,1,2,-7,-7,-7,2,6,5,1996,29,2,-7,2,2,1,1,1,9,-7,-7,-7,-7,1,2,-7,4,9,2,2,2,2,2,2,3,2,1,1,-7,2,2,2,2,0,0,1,0,0,0,bas25_04733,3221.1711567,2,24005,-7,9,11,19:05:17,9,11,19:27:13,1,1,1,2,4,4,2,2,0,1
25,4,4,3,3,3,3,2,4,4,4,4,4,3,3,2,2,1,1,1,1,1,1,2,1,4,1,2,4,2,3,3,4,4,1,3,1,1,1,1,1,2,1,2,2,3,2,1,3,2,3,4,-7,3,3,3,3,3,3,1,4,1,1,2,2,2,1,1,2,0,0,0,0,0,0,0,0,0,0,0,1,0,0,0,0,0,0,0,0,1,0,0,0,0,0,0,1,0,0,0,0,0,0,1,0,0,0,0,1,1,0,1,1,0,1,1,0,0,2,1,0,0,0,0,0,0,2,-7,0,0,1,1,0,0,0,1,2,3,3,200000,20000,4,4,3,4,3,3,3,2,-7,2,2,3,2,2,4,5,4,3,2,1,2,3,3,1,1,1,0,0,0,1,0,0,0,0,NA,0,1,1,1,0,0,0,0,0,0,0,5,5,2,1,1,0,0,0,1,2,NA,1,1,-7,2,1,2,-7,-7,-7,2,4,1,1963,62,1,-7,2,2,1,1,1,1,4,-7,-7,-7,3,2,-7,3,8,2,2,2,2,2,2,3,2,1,1,-7,1,1,1,1,0,1,0,0,0,0,bas25_04741,1351.1668365,2,24005,-7,8,29,08:01:26,9,2,09:53:11,2,1,1,1,4,3,1,4,0,1
23,2,2,2,2,2,4,3,1,4,3,2,3,3,2,2,2,1,1,1,1,1,1,2,2,2,1,3,3,2,3,3,4,3,2,3,2,1,2,1,2,2,2,2,1,5,5,4,4,4,5,2,-7,3,3,3,3,3,3,1,1,1,2,2,2,2,1,1,1,1,0,0,1,1,1,0,1,1,0,0,0,1,0,0,1,1,0,0,1,1,0,0,0,0,0,0,1,0,0,0,0,1,0,0,1,0,1,0,0,0,1,0,0,0,0,0,0,1,3,0,0,0,0,0,1,0,2,-7,0,0,0,0,0,0,1,1,1,2,3,500000,15000,3,4,3,5,3,3,3,2,-7,2,2,2,2,1,2,2,1,3,2,2,2,2,1,1,1,1,0,1,0,0,0,0,0,0,NA,0,1,0,0,0,0,0,0,0,0,0,5,5,2,2,0,1,0,0,2,2,NA,2,-7,-7,3,1,2,-7,-7,-7,2,4,1,1963,62,1,-7,2,2,1,1,1,2,-7,-7,-7,-7,7,2,-7,3,8,2,2,2,2,2,2,4,2,1,1,-7,1,1,1,1,0,1,0,0,0,0,bas25_04754,820.27248388,1,24510,Forest Park/Walbrook,8,28,20:03:01,8,28,20:54:26,1,2,1,1,4,3,1,4,0,1
35,2,1,3,3,2,1,-8,3,2,3,1,3,2,2,2,1,1,1,1,1,1,1,3,3,1,1,3,3,2,4,4,4,4,5,4,1,1,1,1,1,1,1,2,2,5,5,3,5,5,5,-7,4,3,3,3,3,3,3,1,1,1,1,2,2,1,1,1,1,0,0,0,0,0,0,0,0,0,0,0,1,1,0,0,0,0,0,0,0,0,0,0,0,0,0,0,0,0,1,1,0,1,0,0,1,0,1,0,1,0,0,0,0,0,0,0,0,1,1,0,0,0,0,0,1,0,2,-7,0,0,0,0,0,0,1,5,-7,-7,-7,500000,10000,3,4,3,4,3,3,3,2,-7,2,2,1,4,1,4,1,1,1,1,1,1,4,2,1,1,1,0,0,0,0,0,0,0,0,NA,1,1,1,0,0,1,0,0,0,0,0,5,5,2,1,1,0,0,0,2,2,NA,2,-7,-7,2,2,2,-7,-7,-7,2,4,1,1946,79,1,-7,2,1,3,3,3,2,-7,-7,-7,-7,4,2,-7,1,6,2,2,2,2,2,2,2,2,1,1,-7,2,2,4,6,0,0,1,0,0,1,bas25_04762,306.35660347,1,24510,Allendale/Irvington/S. Hilton,8,27,14:20:13,8,27,15:06:18,1,1,2,3,3,3,1,5,0,1
9,5,1,2,3,2,3,3,3,1,2,1,3,2,1,2,1,1,1,2,2,1,2,3,2,1,2,2,2,2,3,3,4,2,3,3,1,1,1,1,-8,1,-8,1,2,4,3,2,4,3,3,-7,4,3,3,3,3,2,3,1,1,1,2,1,1,1,2,1,4,1,1,0,0,0,0,0,1,0,0,0,0,1,1,0,0,0,0,1,1,1,0,0,0,0,1,0,0,1,0,1,1,1,1,1,1,1,0,0,1,1,0,0,0,0,0,0,1,0,2,-8,-8,-8,-8,-8,-8,-8,1,2,-7,-7,-7,-7,-7,-7,-7,2,5,3,3,200000,50000,2,4,3,4,3,3,3,2,-7,2,2,2,2,2,2,2,2,2,2,1,1,3,2,1,1,3,0,1,0,1,0,1,0,0,NA,0,0,0,0,0,1,0,0,1,1,0,5,4,2,1,1,0,0,0,1,2,NA,1,1,-7,2,1,1,0,1,0,1,7,1,1972,53,1,-7,2,2,1,1,1,9,-7,-7,-7,-7,1,2,-7,3,8,2,2,2,2,2,2,3,3,1,1,-7,2,2,2,2,0,0,1,0,0,0,bas25_04781,772.6692446,2,24005,-7,9,7,08:06:00,9,7,08:35:21,1,1,2,2,4,4,1,4,1,1
6,3,1,1,1,2,3,3,1,3,4,4,3,3,3,3,2,1,1,2,1,2,1,3,1,3,1,1,1,2,2,2,4,2,3,3,1,1,1,1,1,1,1,1,2,3,4,4,4,4,4,-7,3,3,3,3,3,3,3,1,1,1,1,2,3,2,1,1,1,0,0,0,0,1,0,0,0,0,0,0,0,1,0,1,1,1,0,1,0,0,0,0,0,-8,-8,-8,-8,-8,-8,-8,-8,-8,-8,-8,-8,-8,0,0,1,1,0,0,0,0,0,1,0,0,2,-8,-8,-8,-8,-8,-8,-8,3,-7,-7,-7,-7,-7,-7,-7,-7,5,-7,-7,-7,200000,40000,2,4,3,4,3,3,3,2,-7,2,2,1,1,1,1,1,1,1,1,1,1,2,2,1,1,1,0,0,0,0,0,0,0,0,NA,1,0,0,0,0,0,0,0,0,0,1,5,5,1,1,1,0,0,0,1,2,NA,2,-7,-7,1,-7,2,-7,-7,-7,2,6,3,1952,73,1,-7,2,2,1,1,3,4,-7,-7,3,-7,3,2,-7,1,6,2,2,2,2,2,2,4,2,1,1,-7,2,2,2,2,0,0,1,0,0,0,bas25_04784,167.3145551,1,24510,Cross-Country/Cheswolde,8,29,17:44:03,9,6,19:43:03,2,1,2,2,3,4,1,5,0,1
12,4,1,2,2,2,4,3,2,3,2,1,3,1,1,2,3,2,2,2,1,1,2,1,1,1,1,1,1,1,1,1,3,1,2,2,1,1,1,1,1,1,1,2,1,3,3,2,4,4,4,-7,4,3,3,3,3,3,3,1,1,1,2,1,1,1,2,1,1,0,1,0,1,0,0,1,1,0,1,0,0,0,1,0,0,0,0,0,1,1,0,0,0,-8,-8,-8,-8,-8,-8,0,1,1,1,1,1,0,0,0,1,1,0,0,0,0,0,1,1,0,3,-8,-8,-8,-8,-8,-8,-8,2,-7,0,0,0,0,0,0,1,1,3,3,2,250000,25000,3,2,2,2,3,3,3,2,-7,2,2,1,1,1,1,1,1,1,1,1,1,2,2,1,1,1,0,0,0,0,0,0,0,0,NA,1,1,1,0,0,1,1,0,0,0,0,5,5,2,1,0,1,0,0,1,2,NA,2,-7,-7,2,1,2,-7,-7,-7,2,6,1,1967,58,2,-7,2,2,1,1,1,9,-7,-7,-7,-7,1,2,-7,4,9,2,2,2,2,2,2,4,2,1,1,-7,2,2,2,2,0,0,1,0,0,0,bas25_04785,514.73475412,1,24510,Northwood,8,28,08:43:38,8,28,09:09:41,2,1,2,2,4,4,2,4,0,1
4,2,2,2,2,2,3,2,3,5,3,4,3,4,3,2,4,3,4,4,2,5,4,3,4,3,2,1,1,3,3,3,4,4,4,4,1,1,1,1,1,1,1,2,2,3,5,4,5,4,5,-7,4,3,3,3,3,3,3,1,1,1,3,3,3,3,1,2,1,0,0,0,0,1,0,1,0,0,0,0,0,0,0,0,0,0,0,0,0,1,0,0,0,0,0,0,0,0,1,1,1,1,0,0,0,1,0,0,1,1,0,0,0,0,0,0,0,1,3,-8,-8,-8,-8,-8,-8,-8,1,3,-7,-7,-7,-7,-7,-7,-7,1,2,4,2,200000,50000,3,2,4,5,2,3,2,1,3,1,2,4,4,4,5,4,3,4,3,3,1,4,3,1,1,4,0,1,1,1,0,1,1,0,NA,0,0,1,0,1,0,0,0,0,1,0,5,5,2,1,1,1,0,0,1,2,NA,2,-7,-7,3,1,2,-7,-7,-7,2,6,5,1988,37,1,-7,2,2,1,1,1,9,-7,-7,-7,-7,1,1,5,1,5,2,2,2,2,2,2,4,3,1,1,-7,2,2,2,2,0,0,1,0,0,0,bas25_04794,458.09236307,1,24510,Patterson Park North & East,9,3,12:21:18,9,3,12:53:22,2,1,2,2,2,4,1,3,0,1
33,4,2,2,2,2,4,3,2,4,3,2,3,4,3,2,3,1,2,2,1,1,2,3,2,4,2,1,2,1,3,3,3,4,2,3,2,1,1,2,1,1,1,1,1,4,4,2,3,3,3,-7,3,3,3,3,3,3,3,1,4,1,3,2,1,2,1,1,2,0,0,0,0,1,0,0,1,1,0,0,0,1,0,0,0,1,0,0,1,1,0,0,0,-8,-8,-8,-8,-8,-8,0,0,1,0,1,1,0,0,0,1,1,0,0,0,0,0,0,0,1,2,-8,-8,-8,-8,-8,-8,-8,1,2,-7,-7,-7,-7,-7,-7,-7,5,-7,-7,-7,200000,25000,4,4,3,4,3,3,3,2,-7,2,2,1,1,1,1,1,1,1,1,1,1,2,2,1,1,1,0,1,0,1,0,0,0,0,NA,0,0,1,0,0,0,0,0,0,0,0,5,5,2,1,1,1,0,0,1,2,NA,2,-7,-7,1,-7,2,-7,-7,-7,2,7,2,1950,75,2,-7,1,2,1,1,1,1,-8,-8,-7,-7,2,2,-7,4,9,2,2,2,2,2,2,3,3,1,1,-7,2,2,2,2,0,0,1,0,0,0,bas25_04803,150.11321636,1,24510,Midtown,8,29,16:39:07,8,29,17:06:29,2,2,2,2,4,4,2,5,0,1
6,4,2,2,3,2,3,2,2,2,4,1,3,1,2,2,2,1,1,2,1,1,2,4,2,2,2,2,2,2,2,2,3,2,3,2,2,1,1,2,2,1,1,2,2,2,2,2,3,3,3,4,-7,2,2,2,2,2,3,1,1,1,2,3,1,3,1,1,7,0,1,1,1,0,0,0,1,0,1,0,0,0,0,0,0,0,0,0,1,1,0,0,0,-8,-8,-8,-8,-8,-8,-8,-8,-8,-8,-8,-8,-8,0,0,1,1,0,1,1,0,1,0,1,0,2,-8,-8,-8,-8,-8,-8,-8,2,-7,1,1,1,1,0,0,0,6,-7,-7,-7,300000,50000,4,4,4,5,3,3,3,2,-7,2,2,2,1,1,3,3,5,2,1,3,2,2,2,1,1,2,0,1,0,1,1,1,1,0,NA,0,0,0,0,1,0,0,0,0,0,0,5,5,2,1,1,0,0,0,1,2,NA,1,1,-7,2,1,2,-7,-7,-7,1,7,1,1983,42,1,-7,2,2,3,1,1,9,-7,-7,-7,-7,1,2,-7,1,6,2,2,2,2,2,2,3,3,1,1,-7,3,5,3,5,1,0,1,0,1,0,bas25_04809,312.14547569,2,24005,-7,9,15,20:51:11,9,15,21:11:38,1,2,1,3,3,4,1,3,5,2
4,2,2,3,3,2,4,4,3,3,3,2,3,2,2,1,1,1,1,1,1,1,1,5,2,2,1,4,4,2,4,4,4,4,3,3,1,1,1,1,1,1,1,1,2,5,5,5,5,5,5,-7,2,3,3,2,2,2,2,2,4,2,1,2,3,2,1,1,1,1,0,0,0,0,0,0,0,0,0,0,0,1,0,0,0,0,0,1,0,0,0,0,0,-8,-8,-8,-8,-8,-8,-8,-8,-8,-8,-8,-8,-8,0,1,1,0,0,0,0,0,0,0,0,1,2,-8,-8,-8,-8,-8,-8,-8,1,2,-7,-7,-7,-7,-7,-7,-7,1,2,4,4,350000,45000,3,4,3,5,3,3,3,2,-7,2,2,2,1,2,2,2,2,3,2,1,3,2,2,1,1,1,0,0,0,0,0,0,0,0,NA,1,1,0,0,0,0,1,0,0,0,0,5,5,1,1,1,0,0,0,1,2,NA,2,-7,-7,2,1,2,-7,-7,-7,2,6,5,1951,74,1,-7,2,2,1,1,1,8,-7,-7,-7,-7,1,2,-7,4,9,2,2,2,2,2,2,3,2,1,1,-7,1,1,1,1,0,1,0,0,0,0,bas25_04812,751.88204305,1,24510,Loch Raven,8,28,10:43:40,8,28,11:19:40,2,1,2,1,4,4,1,5,4,2
37,2,1,2,3,2,3,3,2,1,3,1,3,2,1,2,1,1,1,2,2,2,2,3,1,1,1,1,1,2,4,4,3,4,4,3,1,1,1,1,2,1,2,2,2,4,4,2,5,5,5,4,-7,3,3,3,3,3,3,1,1,1,-8,3,3,1,2,1,7,1,0,0,0,0,0,0,1,0,0,0,0,1,0,0,0,0,0,0,0,0,0,0,0,0,0,0,0,0,1,0,0,0,0,1,0,0,0,0,1,1,0,0,0,0,0,0,0,1,1,-8,-8,-8,-8,-8,-8,-8,1,2,-7,-7,-7,-7,-7,-7,-7,5,-7,-7,-7,500000,40000,3,4,2,4,3,3,3,2,-7,2,2,1,1,1,1,1,1,1,1,1,1,2,1,1,1,1,0,0,0,0,0,0,0,0,NA,1,0,0,0,0,0,0,0,0,0,1,4,4,-8,1,1,0,0,0,1,2,NA,-8,-7,-7,2,2,2,-7,-7,-7,2,7,1,1954,71,1,-7,2,2,1,1,1,1,1,-7,-7,-7,2,2,-7,5,10,2,2,2,2,2,2,2,1,1,1,-7,2,2,2,2,0,0,1,0,0,0,bas25_04829,444.4201542,2,24005,-7,9,9,11:44:59,9,9,12:11:57,1,2,1,2,4,4,1,5,0,1
0,3,1,2,2,2,3,3,2,3,3,2,3,2,2,1,3,1,1,2,1,2,1,1,1,3,1,3,3,4,2,3,2,1,2,2,1,-8,1,-8,-8,-8,-8,-8,2,3,2,1,1,1,2,-7,3,3,3,3,3,3,3,1,5,1,1,3,3,2,1,1,1,1,0,0,0,0,0,0,0,0,0,0,0,1,1,1,1,1,0,0,0,0,0,0,0,-8,-8,-8,-8,-8,-8,0,0,0,0,0,1,0,0,0,1,1,0,0,0,1,0,1,0,0,1,-8,-8,-8,-8,-8,-8,-8,3,-7,-7,-7,-7,-7,-7,-7,-7,5,-7,-7,-7,200000,20000,3,3,2,3,2,3,3,2,-7,2,2,2,5,3,1,4,3,3,2,1,1,5,3,1,1,1,0,1,1,1,0,0,0,0,NA,0,1,1,1,0,0,1,0,0,0,0,4,5,1,1,1,0,0,0,2,2,NA,2,-7,-7,2,2,2,-7,-7,-7,2,3,1,1954,71,2,-7,2,2,3,3,3,9,-7,-7,-7,-7,1,1,2,-7,2,1,2,2,2,2,2,2,3,1,1,-7,3,4,3,4,0,0,0,0,1,0,bas25_04832,421.5040274,2,24005,-7,8,29,15:06:24,8,29,16:11:47,1,2,2,3,1,2,2,5,0,1
22,4,1,2,3,2,3,1,3,3,3,1,3,2,1,2,1,1,3,4,2,3,1,3,3,2,1,4,4,2,3,3,4,4,3,3,2,1,1,1,1,2,2,2,2,2,2,4,4,3,4,-7,4,3,3,3,3,3,3,1,5,1,1,1,1,3,1,1,1,1,0,0,0,0,0,0,0,0,0,0,0,0,0,0,0,0,0,0,0,1,0,0,0,-8,-8,-8,-8,-8,-8,-8,-8,-8,-8,-8,-8,-8,0,0,1,1,0,0,0,0,0,0,0,1,1,-8,-8,-8,-8,-8,-8,-8,2,-7,0,0,0,0,0,0,1,1,4,4,2,250000,40000,3,3,3,4,3,3,3,2,-7,2,2,2,1,1,1,3,1,1,1,1,1,4,3,1,1,1,0,0,0,0,0,0,0,0,NA,1,0,0,0,0,0,0,0,0,0,1,5,5,2,1,1,0,0,0,1,2,NA,1,1,-7,3,1,1,0,0,1,2,6,1,1980,45,2,-7,2,2,1,1,1,9,-7,-7,-7,-7,1,2,-7,5,10,2,2,2,2,2,2,4,2,1,1,-7,2,2,2,2,0,0,1,0,0,0,bas25_04844,3985.7158244,2,24005,-7,8,28,07:29:28,8,28,08:01:14,2,2,2,2,4,4,2,3,0,1
21,1,4,3,4,3,2,2,3,3,3,2,2,2,2,2,1,2,2,3,2,1,5,5,3,2,1,2,4,4,4,4,4,5,5,5,1,1,1,1,1,1,2,2,2,4,5,5,5,5,5,4,-7,1,1,1,1,2,3,2,4,2,1,2,2,3,1,1,1,0,0,0,0,1,0,1,1,0,0,0,0,1,0,0,0,1,0,0,1,0,0,0,0,0,1,0,1,0,0,1,0,1,0,1,0,0,0,0,1,0,1,0,0,1,0,0,0,0,2,1,0,1,0,0,1,0,3,-7,-7,-7,-7,-7,-7,-7,-7,1,1,5,1,60000,15000,4,5,4,5,1,1,1,1,1,1,1,2,5,5,5,5,5,5,3,2,3,4,5,1,1,4,1,0,0,0,0,1,1,0,NA,0,0,0,0,0,0,0,0,1,1,0,5,5,1,3,1,0,0,0,2,4,NA,2,-7,-7,4,1,2,-7,-7,-7,1,3,5,2003,22,1,-7,5,2,1,1,1,9,-7,-7,-7,-7,1,1,3,-7,3,2,2,2,2,2,2,5,2,1,1,-7,1,1,1,1,0,1,0,0,0,0,bas25_04858,3477.9890479,1,24510,Hamilton Hills,9,3,21:17:08,9,3,21:45:35,2,2,1,1,2,2,1,1,9,3
50,3,2,2,3,2,3,3,3,2,3,1,3,1,1,2,1,1,1,1,1,1,1,3,1,2,1,1,1,2,2,2,2,2,2,2,1,1,1,1,1,1,1,1,2,3,1,1,2,2,2,2,-7,3,3,3,3,3,3,1,1,1,1,1,1,2,1,1,2,1,0,0,0,0,0,0,0,0,0,0,0,1,0,0,0,0,0,0,0,1,0,0,0,-8,-8,-8,-8,-8,-8,0,1,0,0,0,1,0,0,1,0,1,0,0,1,0,0,1,0,0,2,-8,-8,-8,-8,-8,-8,-8,1,2,-7,-7,-7,-7,-7,-7,-7,5,-7,-7,-7,100000,30000,2,3,2,4,3,3,3,2,-7,2,2,1,1,1,1,1,1,1,1,1,1,2,1,1,1,1,0,0,0,0,0,0,0,0,NA,1,1,1,0,0,0,0,0,0,0,0,5,4,2,1,0,1,0,0,2,2,NA,2,-7,-7,1,-7,2,-7,-7,-7,2,7,5,1942,83,2,-7,2,2,1,1,1,2,-7,-7,-7,-7,4,2,-7,3,8,2,2,2,2,2,2,3,3,1,1,-7,2,2,2,2,0,0,1,0,0,0,bas25_04861,150.19812886,2,24005,-7,9,11,22:37:24,9,11,23:24:35,1,1,1,2,4,4,2,5,0,1
4,5,2,1,2,2,3,2,3,3,3,2,4,3,2,2,3,3,3,4,3,4,2,3,3,3,2,2,2,2,3,3,3,3,3,3,2,2,2,2,2,2,2,2,2,3,3,3,3,3,3,5,-7,3,3,3,3,3,3,1,1,1,1,3,1,3,1,1,1,0,0,0,0,0,0,0,0,0,0,0,1,0,0,0,0,0,0,0,1,0,0,0,0,-8,-8,-8,-8,-8,-8,0,0,0,0,0,1,0,0,0,1,0,0,0,0,0,1,0,0,0,1,0,0,1,0,0,0,0,3,-7,-7,-7,-7,-7,-7,-7,-7,4,-7,-7,-7,250000,45000,4,3,4,5,2,2,2,1,1,1,1,4,4,4,4,4,4,4,4,4,3,4,4,2,2,1,0,0,0,0,0,0,0,0,NA,1,0,0,0,0,0,0,0,1,1,0,5,5,2,1,1,0,0,0,1,2,NA,2,-7,-7,1,-7,2,-7,-7,-7,1,7,3,1964,61,1,-7,2,2,3,1,1,9,-7,-7,-7,-7,3,1,1,-7,1,1,2,2,2,2,2,4,2,1,1,-7,2,2,2,2,0,0,1,0,0,0,bas25_04866,103.08594423,1,24510,Hampden/Remington,9,10,11:09:23,9,10,11:50:23,1,2,1,2,1,4,1,4,0,1
4,6,1,2,2,3,3,2,2,2,3,2,3,3,2,1,1,1,1,2,2,2,1,1,1,1,1,1,1,3,3,2,4,3,-8,3,1,1,1,1,1,1,1,1,2,3,1,1,-8,-8,2,-7,4,3,3,3,3,3,3,1,5,1,1,2,1,2,1,1,1,1,0,0,0,0,0,0,1,0,1,0,0,1,0,0,0,1,0,0,1,1,0,0,0,-8,-8,-8,-8,-8,-8,0,1,0,0,0,0,0,0,0,0,1,1,0,0,0,0,0,0,1,2,0,0,0,0,1,0,0,1,1,-7,-7,-7,-7,-7,-7,-7,2,3,5,3,300000,20000,2,4,4,5,3,3,3,2,-7,2,2,1,1,1,1,1,1,1,1,1,1,2,1,1,1,1,0,0,0,0,0,0,0,0,NA,1,0,0,0,0,1,0,0,0,0,0,5,2,1,1,1,0,0,0,2,2,NA,2,-7,-7,2,1,2,-7,-7,-7,1,3,1,1960,65,1,-7,2,2,1,1,1,8,-7,-7,-7,-7,8,1,4,-7,4,2,2,2,2,1,2,-8,4,-8,5,-8,1,1,1,1,0,1,0,0,0,0,bas25_04872,1760.8703798,2,24005,-7,10,3,17:14:45,10,3,18:01:39,2,1,2,1,2,2,1,5,0,1
0,2,1,2,2,2,4,3,2,3,3,1,3,2,1,3,1,1,1,1,1,1,2,3,3,2,1,2,2,1,3,3,4,3,3,3,2,1,2,1,2,2,2,2,1,3,4,2,3,2,4,3,-7,3,3,3,3,3,3,1,4,1,1,2,3,2,2,1,4,0,0,0,1,1,0,1,1,0,1,0,0,0,0,0,0,0,0,1,1,1,0,0,0,-8,-8,-8,-8,-8,-8,-8,-8,-8,-8,-8,-8,-8,0,0,1,1,0,1,1,0,1,0,0,0,2,-8,-8,-8,-8,-8,-8,-8,1,3,-7,-7,-7,-7,-7,-7,-7,1,1,5,3,500000,47000,3,3,4,5,3,3,3,2,-7,2,2,2,1,2,2,2,2,1,1,2,1,2,3,1,1,1,-8,-8,-8,-8,-8,-8,-8,-8,NA,-8,0,0,0,0,0,0,0,0,0,1,5,5,2,1,1,0,0,0,1,2,NA,2,-7,-7,2,1,2,-7,-7,-7,2,6,1,1988,37,1,-7,3,2,1,1,1,9,-7,-7,-7,-7,1,2,-7,6,11,2,2,2,2,2,2,5,2,1,1,-7,2,2,2,2,0,0,1,0,0,0,bas25_04900,341.91850514,1,24510,North Baltimore/Guilford/Homeland,8,28,20:56:04,8,28,21:14:05,2,1,1,2,4,4,1,3,0,1
2,2,5,3,1,3,3,4,4,2,2,4,3,5,3,2,5,3,2,5,3,4,5,5,4,3,4,5,5,4,4,4,4,4,1,3,1,1,1,1,1,1,1,2,2,5,5,4,5,3,5,5,-7,1,1,1,1,2,3,2,4,2,3,2,3,3,5,1,2,0,0,0,0,0,0,0,0,0,0,0,1,0,0,0,0,0,0,0,0,0,0,0,1,0,0,0,0,1,0,0,0,0,0,1,0,1,0,0,1,0,1,0,0,0,0,0,0,1,5,0,1,0,0,0,0,0,2,-7,0,0,0,0,0,0,1,2,3,4,3,700000,0,2,3,3,3,1,1,2,1,2,1,1,1,2,1,5,1,2,5,5,1,3,1,4,2,1,1,0,0,0,0,0,0,0,0,NA,1,1,0,0,0,0,0,0,1,1,0,3,5,1,3,1,0,0,0,1,4,NA,2,-7,-7,1,-7,1,0,2,1,1,4,5,1993,32,1,-7,2,2,1,1,1,9,-7,-7,-7,-7,1,1,2,-7,2,1,1,2,2,2,2,3,3,3,5,1,1,1,1,1,0,1,0,0,0,0,bas25_04902,477.03107744,1,24510,Upton/Druid Heights,9,18,15:36:28,9,18,16:08:06,1,1,1,1,1,3,1,2,9,3
20,5,2,2,2,2,3,3,3,2,3,3,3,5,3,2,2,2,3,2,2,2,3,2,4,2,1,2,2,2,3,2,3,3,4,3,2,1,2,2,2,2,2,2,1,3,4,5,5,5,5,-7,2,3,3,3,3,3,3,1,1,1,4,2,2,5,4,2,1,0,0,0,0,0,0,1,1,0,1,0,0,0,0,0,0,0,0,0,1,1,0,0,0,1,1,0,0,0,0,0,1,1,1,0,1,1,0,0,1,1,0,0,0,0,0,1,1,0,2,-8,-8,-8,-8,-8,-8,-8,1,4,-7,-7,-7,-7,-7,-7,-7,6,-7,-7,-7,250000,45000,2,2,4,5,2,3,1,1,3,1,2,2,3,3,3,3,1,3,3,3,3,4,5,1,1,5,0,1,0,0,1,1,0,0,NA,0,0,0,0,0,0,0,0,1,1,0,5,5,2,1,0,0,1,0,2,2,NA,1,1,-7,1,-7,2,-7,-7,-7,1,7,5,1999,26,1,-7,3,2,1,1,1,8,-7,-7,-7,-7,2,1,4,-7,4,2,2,2,2,2,2,4,2,3,5,1,1,1,1,1,0,1,0,0,0,0,bas25_04903,296.13751008,1,24510,Midway/Coldstream,9,8,20:17:14,9,8,20:37:30,2,2,2,1,2,4,1,2,0,1
55,5,2,2,2,2,2,2,3,3,3,3,3,4,2,1,5,5,5,5,5,5,5,3,4,3,4,5,4,3,4,3,4,4,3,4,1,1,1,1,1,1,2,2,2,5,5,5,5,5,5,1,-7,2,2,2,3,3,3,2,4,2,4,1,3,3,3,1,2,1,0,0,0,1,0,1,0,0,0,0,0,1,0,0,0,1,0,0,1,0,0,0,0,0,0,0,1,0,0,0,0,1,0,1,0,0,1,0,1,0,0,0,1,0,0,0,1,0,3,-8,-8,-8,-8,-8,-8,-8,1,2,-7,-7,-7,-7,-7,-7,-7,1,1,4,2,150000,60000,4,4,4,4,2,3,3,2,-7,2,2,2,3,4,4,4,4,2,2,1,2,4,4,2,2,1,0,0,0,0,0,0,0,0,NA,1,0,0,0,0,0,0,0,1,1,0,5,4,1,1,0,1,0,0,1,2,NA,2,-7,-7,1,-7,2,-7,-7,-7,2,6,5,1969,56,1,-7,2,2,1,1,1,8,-7,-7,-7,-7,1,2,-7,1,6,2,2,2,2,2,2,3,2,1,1,-7,1,1,1,1,0,1,0,0,0,0,bas25_04904,277.20319659,1,24510,Loch Raven,8,31,09:36:24,9,1,10:19:12,2,1,1,1,3,4,1,4,3,2
2,2,4,2,4,3,3,3,4,5,-8,4,3,4,3,2,5,3,4,4,3,2,4,-8,3,-8,1,5,4,2,2,2,2,3,3,3,2,2,2,2,2,2,2,2,2,5,3,4,3,3,3,-7,2,3,2,3,3,3,3,1,4,1,3,3,3,3,5,2,1,0,0,0,0,0,0,0,0,0,0,1,0,0,0,0,0,0,0,0,1,0,0,1,0,-8,-8,-8,-8,-8,-8,-8,-8,-8,-8,-8,-8,-8,1,0,1,0,0,0,1,0,0,1,1,0,2,-8,-8,-8,-8,-8,-8,-8,1,1,-7,-7,-7,-7,-7,-7,-7,6,-7,-7,-7,150000,30000,4,2,3,2,3,3,3,2,-7,2,2,2,1,2,1,2,1,2,1,2,1,2,1,1,1,1,0,0,0,0,0,0,0,0,NA,1,0,1,0,0,0,0,0,0,0,0,5,5,1,2,1,0,0,0,1,5,NA,2,-7,-7,2,2,2,-7,-7,-7,2,6,5,1999,26,1,-7,2,2,1,3,3,2,-7,-7,-7,-7,6,2,-7,2,7,2,2,2,2,2,2,3,3,2,5,1,3,4,3,4,0,0,0,0,1,0,bas25_04906,198.26649902,1,24510,Downtown/Seton Hill,9,11,18:10:07,9,11,18:36:49,2,2,2,3,3,4,1,2,1,1
28,2,1,2,2,2,4,3,3,3,3,2,3,2,2,2,1,1,1,1,1,1,1,3,3,2,1,6,-7,2,2,2,4,2,3,3,1,1,1,1,2,1,2,1,2,3,2,1,2,2,2,-7,2,3,3,3,3,3,3,1,1,1,1,2,2,2,2,1,2,1,0,0,1,1,0,0,0,1,0,0,0,0,0,0,0,0,0,0,0,1,0,0,0,-8,-8,-8,-8,-8,-8,-8,-8,-8,-8,-8,-8,-8,0,0,1,1,0,1,0,0,0,0,0,0,1,-8,-8,-8,-8,-8,-8,-8,1,4,-7,-7,-7,-7,-7,-7,-7,5,-7,-7,-7,200000,50000,2,2,4,5,3,3,3,2,-7,2,2,2,1,1,1,1,1,-8,-8,1,1,3,3,1,1,1,0,0,0,0,0,0,0,0,NA,1,1,1,0,0,0,0,0,0,0,0,5,5,2,4,1,0,0,0,2,2,NA,2,-7,-7,2,2,2,-7,-7,-7,2,6,1,1951,74,1,-7,2,2,1,1,1,4,-7,-7,4,-7,1,2,-7,3,8,2,2,2,1,2,2,5,2,1,1,-7,2,2,2,2,0,0,1,0,0,0,bas25_04919,799.59239295,2,24005,-7,9,20,09:10:45,9,20,09:38:25,2,1,2,2,4,4,1,5,0,1
8,5,1,2,2,2,2,2,3,2,3,2,3,3,1,1,1,1,3,1,1,1,1,1,1,3,1,1,1,2,3,2,3,2,1,1,1,1,1,1,1,1,1,1,2,4,4,3,4,4,4,4,-7,3,3,3,3,3,3,1,1,1,1,3,2,2,1,1,2,1,0,0,0,0,0,0,0,0,0,0,0,1,0,0,0,0,0,0,0,0,0,0,0,-8,-8,-8,-8,-8,-8,-8,-8,-8,-8,-8,-8,-8,-8,-8,-8,-8,-8,-8,-8,-8,-8,-8,-8,-8,1,-8,-8,-8,-8,-8,-8,-8,3,-7,-7,-7,-7,-7,-7,-7,-7,1,1,1,4,500000,30000,3,3,3,4,3,3,3,2,-7,2,2,1,1,1,1,1,1,1,1,1,1,2,1,1,1,1,0,0,0,0,0,0,0,0,NA,1,0,0,0,0,0,0,0,0,0,1,1,1,1,1,1,0,0,0,2,2,NA,2,-7,-7,1,-7,2,-7,-7,-7,2,4,5,1952,73,2,-7,1,2,1,1,1,8,-7,-7,-7,-7,3,2,-7,3,8,2,2,2,2,2,2,4,2,1,1,-7,1,1,1,1,0,1,0,0,0,0,bas25_04930,512.17567791,1,24510,Downtown/Seton Hill,9,7,14:28:27,9,7,14:54:02,2,2,1,1,4,3,2,5,0,1
0,6,1,2,2,2,3,3,2,2,3,1,3,1,1,1,1,1,3,1,1,1,1,1,1,1,1,1,1,2,3,2,4,2,2,2,1,1,1,1,1,1,1,1,2,3,2,1,2,2,2,2,-7,3,3,3,3,3,3,1,1,1,1,3,3,2,1,1,2,0,0,0,0,0,0,0,0,0,0,0,1,0,0,0,0,1,0,1,1,1,0,0,0,-8,-8,-8,-8,-8,-8,-8,-8,-8,-8,-8,-8,-8,0,0,1,1,0,0,0,0,0,0,0,1,1,-8,-8,-8,-8,-8,-8,-8,1,2,-7,-7,-7,-7,-7,-7,-7,-8,-7,-7,-7,175000,35000,2,4,4,5,1,1,1,1,1,1,1,4,5,5,5,5,3,5,3,3,3,1,2,2,1,3,0,0,0,0,0,0,0,0,NA,1,1,1,0,0,0,0,0,0,1,0,5,3,1,2,1,0,0,0,1,2,NA,2,-7,-7,2,2,1,0,0,2,2,6,3,1973,52,2,-7,2,2,3,3,3,1,1,-7,-7,-7,8,1,3,-7,3,2,1,2,2,2,2,4,2,1,1,-7,1,1,1,1,0,1,0,0,0,0,bas25_04954,2425.7948776,2,24005,-7,8,31,16:38:57,9,4,13:52:28,2,1,1,1,2,4,2,4,0,1
3,1,4,3,3,2,3,3,2,3,3,4,3,4,3,1,2,1,2,2,1,1,2,1,1,3,3,6,-7,3,4,4,2,3,3,3,1,1,1,1,1,1,1,1,2,2,3,3,3,3,3,-7,3,2,2,2,2,2,2,1,2,2,3,3,3,3,3,1,2,0,0,0,0,0,0,0,0,0,0,0,1,0,0,0,0,0,0,0,0,0,0,0,1,0,1,0,0,0,0,0,0,1,1,1,1,1,1,0,0,1,0,0,0,0,0,0,0,1,3,-8,-8,-8,-8,-8,-8,-8,3,-7,-7,-7,-7,-7,-7,-7,-7,6,-7,-7,-7,NA,NA,3,3,2,3,3,3,3,2,-7,2,2,3,3,1,2,2,2,1,1,1,1,2,2,1,1,1,0,1,0,0,0,0,0,0,NA,0,0,0,0,0,0,0,0,0,1,0,5,5,1,1,1,0,0,0,2,5,NA,2,-7,-7,4,2,2,-7,-7,-7,2,6,5,2001,24,1,-7,2,1,1,3,1,2,-7,-7,-7,-7,4,2,5,4,9,2,2,2,2,2,2,2,1,1,1,-7,2,2,4,6,0,0,1,0,0,1,bas25_04956,827.69601104,1,24510,Downtown/Seton Hill,10,2,18:39:00,10,2,18:50:16,2,1,2,3,4,4,1,1,6,3
63,2,2,3,3,3,3,2,4,3,3,5,4,5,4,3,5,2,5,5,2,5,2,2,4,2,1,6,-7,2,4,4,4,3,3,-8,1,1,1,-8,-8,-8,1,1,2,5,5,5,5,5,5,5,-7,3,3,3,3,3,3,1,5,-8,3,1,2,3,1,2,1,1,0,0,0,1,0,0,0,1,1,0,0,1,0,0,1,1,0,0,0,1,1,0,0,-8,-8,-8,-8,-8,-8,0,1,1,0,1,1,0,0,0,1,0,1,0,0,0,0,1,1,0,5,-8,-8,-8,-8,-8,-8,-8,2,-7,0,0,1,1,1,1,0,-8,-7,-7,-7,NA,NA,3,4,4,5,3,3,3,2,-7,2,2,-8,-8,-8,-8,3,-8,-8,-8,-8,-8,-8,-8,-8,1,-8,0,0,0,0,0,0,0,0,NA,1,-8,-8,-8,-8,-8,-8,-8,-8,-8,-8,5,4,-8,-8,1,0,0,0,1,-8,NA,2,-7,-7,-8,-7,-8,-7,-7,-7,-8,6,-8,-8,-8,-8,-6,-8,-8,1,-8,-8,-8,-6,-7,-7,-7,-8,-8,-7,-7,-6,2,2,2,2,2,2,-8,-8,-8,-8,-7,-6,-6,-6,-6,-8,-8,-8,-8,-8,-8,bas25_04960,135.51660271,1,24510,Forest Park/Walbrook,8,27,17:04:07,8,27,17:42:38,2,2,1,-6,-6,4,-8,-8,0,1
4,6,4,3,2,3,2,2,4,5,5,4,4,4,3,2,5,4,3,5,4,5,3,2,3,3,3,5,5,4,3,4,4,4,3,5,2,2,2,2,2,2,2,2,2,4,5,4,5,5,5,5,-7,3,2,2,3,3,3,1,5,2,2,2,3,4,2,2,2,0,0,0,0,0,0,0,0,0,0,1,0,1,0,0,0,0,0,0,0,0,0,0,0,1,1,0,0,0,0,0,0,0,0,0,1,0,0,0,1,0,0,0,0,0,0,0,0,1,1,0,0,0,0,1,0,0,1,1,-7,-7,-7,-7,-7,-7,-7,1,3,3,4,30,18,4,3,4,3,3,3,2,1,2,1,1,3,4,4,4,4,4,5,5,5,2,4,5,2,1,2,0,0,0,0,0,0,0,0,NA,1,0,0,0,0,0,0,0,0,0,1,1,3,1,2,0,0,0,1,1,5,NA,2,-7,-7,2,2,2,-7,-7,-7,2,2,5,1990,35,2,-7,2,1,1,2,3,9,-7,-7,-7,-7,1,1,2,-7,2,2,1,2,2,2,2,3,3,2,5,1,-6,-6,4,6,0,0,0,0,0,1,bas25_04963,1057.7703191,1,24510,Southwest Baltimore,9,3,10:53:11,9,3,11:23:46,2,2,1,3,1,1,2,3,2,2
9,2,2,1,3,2,3,3,3,2,2,2,3,1,1,2,1,1,1,-8,1,1,1,4,3,2,2,1,1,2,3,3,3,3,3,2,1,1,1,1,1,1,1,2,2,3,1,2,2,1,1,-7,3,3,3,3,3,3,3,1,1,1,1,3,3,2,1,1,1,1,1,0,1,1,0,0,1,0,0,0,0,0,1,0,1,1,0,0,1,0,0,0,0,-8,-8,-8,-8,-8,-8,-8,-8,-8,-8,-8,-8,-8,0,0,1,1,0,1,1,1,1,1,1,0,2,-8,-8,-8,-8,-8,-8,-8,1,4,-7,-7,-7,-7,-7,-7,-7,1,2,2,4,500000,50000,2,3,2,3,3,3,3,2,-7,2,2,2,1,1,5,2,1,1,1,1,1,2,2,1,1,2,0,0,0,1,0,0,0,0,NA,0,0,1,0,0,0,0,0,0,0,0,5,5,2,1,1,1,0,0,1,2,NA,2,-7,-7,5,1,1,0,0,1,2,7,1,1974,51,1,-7,2,2,3,3,3,2,-7,-7,-7,-7,7,2,-7,6,11,2,2,2,2,2,2,3,2,1,1,-7,3,4,3,4,0,0,0,0,1,0,bas25_04965,1033.2981504,2,24005,-7,9,6,20:15:25,9,6,20:49:53,1,2,2,3,4,4,1,4,0,1
3,5,2,1,2,2,4,3,2,2,2,1,3,2,1,1,1,2,1,1,1,1,1,1,1,1,1,2,2,2,3,3,3,3,2,3,2,1,1,1,2,1,2,1,2,2,2,1,2,2,2,-7,4,3,3,3,3,3,3,1,1,1,2,2,1,2,1,1,1,1,0,0,0,1,0,1,1,0,1,0,0,1,1,0,0,1,0,1,1,0,0,0,0,0,0,0,1,0,0,0,0,0,0,0,1,0,1,0,1,0,0,0,1,0,0,0,0,0,2,0,0,0,0,0,1,0,1,4,-7,-7,-7,-7,-7,-7,-7,1,1,2,3,500000,10000,3,2,3,3,1,2,3,1,2,1,2,3,4,4,4,4,4,4,2,3,3,3,2,2,1,3,0,0,0,0,0,1,0,0,NA,0,0,0,0,0,0,0,0,0,0,1,5,5,1,1,1,0,0,0,1,2,NA,2,-7,-7,3,2,1,0,1,2,1,5,5,1978,47,1,-7,2,2,1,1,1,9,-7,-7,-7,-7,3,2,-7,1,6,1,1,2,1,2,2,3,2,1,3,-7,1,1,1,1,0,1,0,0,0,0,bas25_04966,4305.0721764,2,24005,-7,8,27,14:49:37,8,27,15:18:39,2,1,2,1,3,3,1,3,0,1
0,3,1,2,2,1,3,4,2,2,2,1,1,3,3,3,4,4,3,4,4,2,2,1,2,1,2,2,1,1,1,1,1,2,2,3,1,1,1,1,2,2,2,1,2,3,2,2,2,2,2,4,-7,2,1,2,1,2,2,1,4,2,1,2,2,2,3,4,1,0,0,0,0,0,0,0,1,0,0,0,0,1,0,0,0,0,0,0,1,1,0,0,0,0,0,0,0,0,1,0,0,0,1,1,1,0,1,0,1,0,0,0,0,1,0,0,0,0,1,0,0,0,1,0,0,0,3,-7,-7,-7,-7,-7,-7,-7,-7,6,-7,-7,-7,1000000,30000,2,2,2,4,2,3,3,2,-7,2,2,1,3,4,3,2,1,4,3,1,4,1,2,2,2,1,0,0,0,0,0,1,0,0,NA,0,0,0,0,0,0,0,0,0,0,1,5,4,1,1,1,0,0,0,1,2,NA,2,-7,-7,1,-7,2,-7,-7,-7,2,7,5,1998,27,1,-7,2,2,3,3,3,1,4,-7,-7,-7,8,1,4,-7,4,2,2,2,2,2,2,4,2,3,5,2,3,4,3,4,0,0,0,0,1,0,bas25_04968,91.761697844,1,24510,North Baltimore/Guilford/Homeland,9,10,19:19:12,9,10,19:37:47,2,2,1,3,2,4,1,2,8,3
5,3,2,1,2,2,4,4,1,4,4,1,1,2,1,1,2,4,5,3,3,2,2,4,1,4,1,4,4,2,2,2,4,4,2,3,2,1,1,1,1,2,1,2,1,2,4,5,4,4,3,2,-7,1,1,1,1,1,1,2,5,2,2,1,1,2,2,1,1,0,0,0,0,1,0,1,1,0,0,0,0,1,0,0,0,1,0,1,1,0,0,0,0,0,0,0,0,0,1,0,1,1,1,1,0,1,0,0,1,1,0,0,1,1,1,1,1,0,4,0,0,1,0,0,0,0,1,4,-7,-7,-7,-7,-7,-7,-7,4,-7,-7,-7,100000,50000,4,5,4,5,1,1,1,1,1,1,1,3,5,5,5,5,5,5,5,5,3,3,5,2,2,4,0,1,0,1,1,1,1,0,NA,0,0,0,0,1,0,0,0,1,1,0,1,1,1,4,0,1,0,0,1,4,NA,2,-7,-7,2,1,1,1,0,2,1,4,4,1984,41,1,-7,2,2,1,1,1,7,-7,-7,-7,-7,3,1,4,-7,4,1,1,2,2,2,2,5,3,2,3,-7,2,2,2,2,0,0,1,0,0,0,bas25_04981,381.78816362,1,24510,Pimlico/Arlington/Hilltop,8,28,12:44:32,8,28,13:37:04,2,1,1,2,2,3,1,3,12,3
15,2,3,2,3,3,3,2,4,4,3,4,4,3,2,4,3,3,2,2,1,1,2,1,2,2,1,4,4,3,3,3,3,3,3,3,1,1,1,1,1,1,1,1,2,5,5,4,5,5,5,5,-7,3,3,3,3,3,3,1,2,2,2,2,2,3,2,1,1,1,0,0,0,0,0,0,1,1,0,0,0,1,1,0,0,1,0,0,1,1,0,0,0,0,0,0,0,0,1,0,1,0,0,0,0,0,1,0,1,0,0,0,1,0,0,0,0,0,5,-8,-8,-8,-8,-8,-8,-8,2,-7,0,0,1,0,0,0,1,8,-7,-7,-7,200000,30000,4,4,3,3,3,3,2,2,-7,2,2,3,5,5,5,5,5,3,2,2,3,4,4,1,1,1,0,1,0,1,1,0,0,0,NA,0,1,0,0,0,0,0,0,0,0,0,2,5,1,1,0,1,0,0,1,2,NA,2,-7,-7,1,-7,2,-7,-7,-7,1,4,3,1971,54,1,-7,2,2,1,1,1,2,-7,-7,-7,-7,3,1,2,-7,2,2,1,1,2,1,2,4,2,1,1,-7,1,1,1,1,0,1,0,0,0,0,bas25_04982,380.39073023,1,24510,Sandtown-Winchester/Harlem Park,9,20,07:12:54,9,20,08:07:50,2,1,1,1,1,3,1,4,0,1
59,2,2,2,2,2,4,4,2,2,3,2,4,4,3,3,3,3,2,5,1,5,2,3,4,2,1,3,3,2,3,2,4,3,1,1,2,1,2,1,2,-8,1,2,1,3,4,2,5,3,5,4,-7,3,3,3,3,3,3,1,5,1,5,2,3,4,3,1,1,1,0,0,1,0,0,0,1,0,0,0,0,1,0,0,0,0,0,0,0,1,0,0,0,0,0,0,1,0,1,-8,-8,-8,-8,-8,-8,-8,1,0,0,1,0,0,0,0,1,0,0,0,2,-8,-8,-8,-8,-8,-8,-8,2,-7,0,0,1,0,0,1,0,5,-7,-7,-7,150000,35000,3,5,4,5,2,2,2,1,2,1,2,3,4,2,3,4,1,1,2,1,2,3,2,1,1,3,0,0,1,0,0,1,0,0,NA,0,1,1,1,1,0,0,0,0,1,0,5,5,2,1,0,1,0,0,2,2,NA,2,-7,-7,3,2,2,-7,-7,-7,1,3,1,1941,84,1,-7,2,2,1,1,1,8,-7,-7,-7,-7,1,1,2,-7,2,2,2,2,2,1,2,3,4,1,1,-7,2,2,2,2,0,0,1,0,0,0,bas25_05007,871.48807641,1,24510,Hampden/Remington,8,28,20:15:41,8,28,21:03:36,2,2,1,2,1,2,1,5,0,1
15,3,2,4,3,3,2,2,3,5,5,2,2,2,1,1,3,3,2,2,2,2,2,2,5,5,4,5,4,4,3,4,4,2,2,2,2,1,1,1,1,1,1,2,2,5,4,4,4,5,5,-7,4,3,3,3,3,3,3,1,1,1,5,2,2,3,3,3,4,0,0,0,0,0,0,0,0,0,0,0,1,0,0,0,0,0,0,0,0,0,0,0,1,0,0,0,1,1,1,0,1,0,1,1,1,1,0,1,1,0,0,0,0,0,1,1,1,0,3,1,0,0,1,0,1,1,2,-7,1,1,1,1,0,0,0,1,2,1,2,1600000,45000,4,5,4,5,2,3,3,2,-7,2,2,2,4,4,5,5,5,1,3,1,2,4,5,1,1,4,0,1,0,1,1,0,0,0,NA,0,1,0,0,0,1,0,0,0,1,0,2,1,2,1,1,0,0,0,2,4,NA,2,-7,-7,5,2,1,0,2,1,2,6,3,1979,46,1,-7,2,2,1,1,1,9,-7,-7,-7,-7,1,2,-7,2,7,2,2,2,2,2,2,2,2,1,1,-7,1,5,1,5,1,1,1,0,0,0,bas25_05018,1045.3435842,1,24510,Northwood,8,28,16:09:26,8,28,16:25:45,1,2,2,1,3,4,1,3,0,1
8,3,1,2,3,2,3,3,3,3,2,1,2,1,1,1,1,1,1,1,1,1,2,4,2,2,1,1,1,2,3,3,4,1,3,3,2,2,2,2,2,2,2,2,2,2,2,3,2,3,3,3,-7,3,3,3,3,3,3,1,1,1,1,1,1,3,1,1,1,0,0,0,1,1,0,1,1,0,0,0,0,0,0,0,0,0,0,0,1,0,1,0,0,0,0,0,0,0,1,-8,-8,-8,-8,-8,-8,-8,0,0,1,1,0,1,1,0,0,0,0,0,2,-8,-8,-8,-8,-8,-8,-8,1,3,-7,-7,-7,-7,-7,-7,-7,1,2,4,4,300000,50000,2,4,3,4,2,2,2,2,-7,2,2,2,3,2,2,2,1,4,2,2,2,3,3,1,1,1,0,0,0,0,0,0,0,0,NA,1,1,0,0,1,0,0,0,1,1,0,5,5,2,3,1,1,0,0,2,2,NA,1,1,-7,2,1,2,-7,-7,-7,2,6,1,1968,57,2,-7,1,2,1,1,1,1,2,-7,-7,-7,3,2,-7,4,9,2,2,2,2,2,2,4,2,1,1,-7,2,2,2,2,0,0,1,0,0,0,bas25_05037,1363.2987,2,24005,-7,9,11,20:07:27,9,11,20:46:11,2,1,1,2,4,4,2,4,0,1
7,3,1,1,2,1,4,3,2,2,3,1,3,1,1,2,1,1,1,1,1,1,1,3,1,1,1,6,-7,2,3,2,4,3,3,3,1,1,1,1,1,1,2,1,2,5,5,5,5,5,5,-7,4,3,3,3,3,3,3,1,3,1,2,1,1,1,1,1,2,0,0,0,0,1,0,0,1,1,0,0,0,0,0,0,0,1,0,0,1,1,0,0,0,0,0,0,0,1,1,0,1,1,0,1,1,0,0,0,1,1,0,0,0,0,1,1,0,0,4,1,0,0,0,0,0,0,3,-7,-7,-7,-7,-7,-7,-7,-7,5,-7,-7,-7,200000,45000,3,3,4,5,3,3,3,2,-7,2,2,1,1,1,1,1,1,1,1,1,1,2,1,1,1,1,0,0,0,0,0,0,0,0,NA,1,0,0,0,0,1,0,0,0,0,0,5,5,2,4,1,0,0,0,1,2,NA,2,-7,-7,1,-7,2,-7,-7,-7,2,7,2,1948,77,1,-7,2,2,1,1,1,1,7,Quaker,-7,-7,6,2,-7,4,9,2,2,2,2,2,2,5,2,1,1,-7,2,2,2,2,0,0,1,0,0,0,bas25_05055,96.67217208,1,24510,North Baltimore/Guilford/Homeland,10,11,12:36:29,10,11,13:12:18,1,1,2,2,4,4,1,5,0,1
20,2,1,2,3,2,3,2,2,3,2,1,3,1,2,2,2,1,2,1,1,1,1,3,1,3,1,1,1,4,3,3,2,2,1,3,1,1,1,1,1,1,2,1,2,4,2,2,3,4,4,-7,4,3,3,3,3,3,3,1,4,1,4,2,1,2,1,1,1,0,0,0,0,1,0,0,0,0,0,0,0,1,1,0,0,1,0,0,0,0,0,0,0,-8,-8,-8,-8,-8,-8,-8,-8,-8,-8,-8,-8,-8,0,0,1,1,0,0,0,0,0,0,0,1,5,-8,-8,-8,-8,-8,-8,-8,1,3,-7,-7,-7,-7,-7,-7,-7,1,1,3,2,100000,20000,3,5,2,1,3,3,3,2,-7,2,2,2,1,1,1,4,1,1,1,1,1,2,4,1,1,1,0,0,0,0,0,0,0,0,NA,1,0,1,0,0,1,0,0,1,1,0,4,5,2,1,1,0,0,0,1,4,NA,2,-7,-7,2,1,2,-7,-7,-7,2,6,3,1963,62,2,-7,2,2,1,1,1,2,-7,-7,-7,-7,4,1,4,-7,4,2,2,2,2,2,2,2,1,1,1,-7,2,2,2,2,0,0,1,0,0,0,bas25_05056,1378.7646708,2,24005,-7,9,13,05:39:45,9,13,06:07:30,1,1,2,2,2,4,2,4,0,1
41,2,1,2,3,2,3,2,3,4,3,2,4,2,2,1,2,1,1,2,1,2,1,1,2,2,1,1,2,2,2,2,3,2,2,3,1,1,1,1,1,1,1,2,1,3,2,2,3,2,2,3,-7,3,3,3,3,3,3,1,2,1,1,1,1,2,1,1,2,1,1,1,0,1,0,1,0,1,0,0,0,1,0,1,0,0,0,1,0,1,0,0,0,0,1,0,1,0,0,-8,-8,-8,-8,-8,-8,-8,0,0,1,1,0,0,1,0,1,0,1,0,1,-8,-8,-8,-8,-8,-8,-8,1,1,-7,-7,-7,-7,-7,-7,-7,5,-7,-7,-7,500000,25000,3,3,3,4,3,3,3,2,-7,2,2,2,1,1,1,1,1,1,1,1,1,4,1,1,1,1,0,0,0,0,0,0,0,0,NA,1,1,1,0,0,1,0,0,0,0,0,5,5,2,1,1,0,0,0,1,2,NA,1,1,-7,2,2,2,-7,-7,-7,1,7,1,1952,73,2,-7,2,2,1,3,1,1,6,-7,-7,-7,7,2,-7,2,7,2,2,2,2,2,2,4,2,1,1,-7,2,2,2,2,0,0,1,0,0,0,bas25_05064,313.71273148,2,24005,-7,9,3,20:46:13,9,3,21:16:35,1,2,1,2,3,4,2,5,0,1
0,4,2,2,2,2,2,2,3,2,2,2,2,2,1,1,3,2,3,4,3,4,2,2,2,2,2,2,2,2,3,3,4,3,2,3,1,1,1,1,1,1,1,1,2,4,4,5,5,4,5,5,-7,3,3,3,3,3,3,1,1,1,3,1,1,3,2,1,1,1,1,0,0,1,0,1,1,0,0,0,0,1,1,0,0,1,0,1,0,1,0,0,0,-8,-8,-8,-8,-8,-8,-8,-8,-8,-8,-8,-8,-8,1,0,1,0,0,0,1,0,0,1,0,0,2,-8,-8,-8,-8,-8,-8,-8,1,3,-7,-7,-7,-7,-7,-7,-7,8,-7,-7,-7,1000000,25000,3,3,3,4,2,2,1,2,-7,1,1,3,4,3,4,3,2,3,3,3,3,3,3,1,1,2,0,0,1,0,0,0,1,0,NA,0,1,0,0,1,0,0,0,1,1,0,4,4,1,3,0,1,0,0,1,2,NA,2,-7,-7,3,1,1,0,1,1,1,4,5,1970,55,1,-7,2,2,1,1,1,2,-7,-7,-7,-7,2,1,5,-7,5,1,1,1,1,2,2,3,2,1,1,-7,1,1,1,1,0,1,0,0,0,0,bas25_05067,946.30812677,1,24510,Allendale/Irvington/S. Hilton,9,4,15:17:05,9,4,15:54:55,1,1,1,1,2,3,1,4,0,1
49,5,1,2,1,2,3,3,3,4,3,2,2,2,2,1,2,1,3,3,2,2,2,2,2,3,3,3,3,2,3,3,3,3,2,3,1,1,1,1,1,1,1,1,2,3,3,3,4,4,4,-7,4,2,2,2,2,2,2,1,2,1,4,2,2,3,1,1,1,1,1,0,1,1,0,1,0,0,1,0,0,1,1,0,1,0,0,1,1,1,1,0,0,0,0,0,1,0,0,0,0,0,0,0,0,1,1,0,0,1,0,1,0,0,1,0,1,0,2,0,0,1,0,0,0,0,2,-7,0,0,1,1,0,1,1,2,5,3,3,80000,30000,3,3,3,3,2,2,2,1,3,2,2,2,3,3,3,3,2,3,3,3,2,4,4,1,1,3,1,0,0,1,0,0,1,0,NA,0,1,0,0,0,1,0,0,0,0,0,3,3,2,2,1,0,0,0,1,4,NA,2,-7,-7,1,-7,1,1,0,1,2,6,3,1976,49,1,-7,2,2,1,1,3,9,-7,-7,-7,-7,4,1,4,-7,4,2,2,2,2,2,2,3,2,1,1,-7,1,1,1,1,0,1,0,0,0,0,bas25_05096,352.75925396,1,24510,Beechfield/Ten Hills/West Hills,8,28,08:41:21,8,28,09:11:32,2,2,2,1,2,4,1,3,6,3
8,2,1,2,2,2,4,3,3,4,4,3,3,3,2,2,1,1,1,1,1,1,1,1,2,3,2,1,1,4,3,4,4,3,2,3,1,1,1,1,1,1,1,1,2,3,2,2,2,2,2,2,-7,3,3,3,-8,3,3,1,1,1,1,3,3,3,1,1,4,1,0,0,0,0,0,0,0,0,0,0,0,1,0,0,0,0,0,1,0,0,0,0,0,-8,-8,-8,-8,-8,-8,-8,-8,-8,-8,-8,-8,-8,1,0,0,1,0,-8,-8,-8,-8,-8,-8,-8,1,-8,-8,-8,-8,-8,-8,-8,2,-7,0,0,0,0,0,0,1,1,5,2,4,500000,10000,2,3,3,3,3,3,3,2,-7,2,2,1,1,1,1,1,1,1,1,1,1,2,1,1,1,2,0,0,0,0,0,0,0,0,NA,1,0,0,0,0,0,0,0,0,0,1,1,5,2,1,1,0,0,0,1,2,NA,1,1,-7,3,1,1,-8,-8,-8,2,6,1,1962,63,1,-7,2,2,1,1,1,1,1,-7,-7,-7,8,-8,-7,-7,-6,2,2,2,2,2,2,3,1,1,1,-7,2,2,2,2,0,0,1,0,0,0,bas25_05097,2078.5843233,2,24005,-7,8,27,14:42:23,8,27,15:16:00,2,1,1,2,-6,4,1,4,0,1
33,2,1,1,2,2,4,3,2,1,3,1,3,1,1,2,2,1,1,1,1,1,1,-8,1,1,1,1,1,2,3,4,4,4,2,3,1,1,1,1,1,1,1,2,2,3,2,1,3,2,3,-7,4,3,3,3,3,3,3,1,2,1,2,2,3,1,1,1,1,1,1,0,0,1,0,0,0,0,0,0,0,1,1,0,0,1,0,0,0,0,0,0,0,-8,-8,-8,-8,-8,-8,0,1,0,0,1,1,0,0,0,1,1,0,0,0,0,0,0,0,1,2,1,0,0,0,0,0,0,3,-7,-7,-7,-7,-7,-7,-7,-7,1,1,2,4,250000,50000,2,2,2,2,3,3,3,2,-7,2,2,1,1,1,1,1,1,1,1,1,1,3,2,1,1,1,0,0,0,0,0,0,0,0,NA,1,0,1,0,0,0,0,0,0,0,0,4,5,2,1,1,0,0,0,1,2,NA,1,1,-7,2,1,2,-7,-7,-7,2,6,1,1960,65,2,-7,2,2,1,1,1,8,-7,-7,-7,-7,3,2,-7,3,8,2,2,2,2,2,2,3,4,1,1,-7,2,2,2,2,0,0,1,0,0,0,bas25_05101,1849.6288377,2,24005,-7,9,1,20:21:06,9,1,21:03:41,1,2,2,2,4,4,2,5,0,1
26,1,5,4,4,4,4,4,5,5,5,5,5,5,5,5,5,5,5,5,5,5,5,5,5,5,5,5,5,4,4,4,4,5,5,5,2,2,2,2,2,2,2,2,2,5,5,5,5,5,5,4,-7,3,3,3,3,3,3,2,5,2,5,2,2,5,5,5,6,0,0,0,0,1,0,1,0,0,0,0,0,0,0,0,0,0,0,0,0,1,0,0,0,0,0,0,0,0,1,0,0,0,0,0,0,1,0,0,0,0,1,0,0,0,0,0,1,0,5,0,0,0,0,0,0,1,3,-7,-7,-7,-7,-7,-7,-7,-7,8,-7,-7,-7,10000,30000,4,5,4,5,3,3,3,2,-7,2,2,4,5,5,5,5,5,5,5,5,4,5,5,2,2,5,0,0,0,0,0,0,1,0,NA,0,0,0,0,0,0,0,0,1,1,0,5,5,1,4,0,1,0,0,2,4,NA,2,-7,-7,1,-7,2,-7,-7,-7,2,7,5,1998,27,1,-7,2,2,3,3,3,9,-7,-7,-7,-7,1,1,1,-7,1,2,2,2,2,2,2,5,3,3,5,2,3,4,3,4,0,0,0,0,1,0,bas25_05103,80.713617082,1,24510,Greater Charles Village/Barclay,8,27,22:39:44,8,27,22:51:03,2,1,1,3,1,4,1,2,0,1
19,4,2,2,2,2,3,2,2,5,4,3,3,4,3,3,2,2,4,4,4,4,3,1,3,4,2,5,3,2,3,2,3,5,3,5,1,1,1,1,1,1,1,1,2,4,4,4,4,5,5,4,-7,3,3,3,3,3,3,1,1,1,2,2,2,2,2,1,1,0,0,0,0,0,0,0,1,0,0,0,0,0,0,0,0,0,0,1,1,1,0,0,0,0,0,0,1,1,0,0,1,0,0,0,0,0,1,0,0,1,0,0,0,0,1,0,0,0,4,0,0,1,0,1,0,0,1,3,-7,-7,-7,-7,-7,-7,-7,1,1,5,3,1000000,30000,3,3,3,4,3,3,1,2,-7,2,2,3,4,3,4,5,1,5,5,1,3,2,2,1,1,2,0,0,0,0,0,0,0,0,NA,1,0,0,0,0,0,0,0,0,0,1,3,3,2,3,1,0,0,0,2,2,NA,2,-7,-7,-8,-7,2,-7,-7,-7,1,5,1,1991,34,1,-7,2,2,3,3,3,2,-7,-7,-7,-7,8,2,-7,2,7,2,1,2,2,2,2,3,2,1,1,-7,3,3,3,3,0,0,0,1,0,0,bas25_05109,556.43244327,1,24510,Brooklyn/Curtis Bay/Hawkins Point,8,28,15:21:37,8,28,15:37:37,1,1,1,3,3,3,1,2,0,1
3,3,2,1,2,2,3,4,2,4,3,2,1,3,1,2,2,1,1,1,1,1,4,3,2,3,2,2,1,2,3,3,4,3,2,3,1,1,1,2,2,1,2,2,1,3,1,3,3,4,3,-7,4,2,2,2,2,2,3,1,3,1,1,1,1,2,3,1,1,0,0,0,1,1,0,0,1,0,0,0,0,0,0,0,0,0,0,0,1,1,0,0,0,0,0,0,0,1,0,0,0,0,1,1,0,0,0,1,1,0,0,0,1,0,0,0,0,0,2,0,0,0,0,0,1,0,3,-7,-7,-7,-7,-7,-7,-7,-7,9,-7,-7,-7,200000,40000,4,5,4,5,3,3,3,2,-7,2,2,2,2,5,2,3,2,2,2,2,1,3,3,2,1,4,0,1,0,1,1,0,0,0,NA,0,1,0,0,0,0,0,0,1,1,0,5,5,1,1,1,0,0,0,1,2,NA,1,2,1,2,1,2,-7,-7,-7,1,6,5,1999,26,2,-7,2,1,1,1,1,8,-7,-7,-7,-7,3,2,-7,3,8,2,2,2,2,2,2,5,4,1,1,-7,2,2,4,6,0,0,1,0,0,1,bas25_05112,3407.4609669,2,24005,-7,9,28,08:57:49,9,28,09:39:02,2,2,2,3,4,4,2,2,5,2
1,4,1,1,2,1,4,3,2,3,3,1,3,2,2,2,1,1,1,1,1,1,1,3,3,3,2,1,2,2,2,2,3,3,3,3,1,1,1,1,1,1,2,1,2,4,4,3,4,4,4,3,-7,3,3,3,3,3,3,1,1,1,2,1,1,1,1,1,1,0,0,0,1,1,0,0,1,0,1,0,0,0,0,0,0,0,0,0,1,1,1,0,0,-8,-8,-8,-8,-8,-8,0,1,1,1,0,0,0,0,1,0,0,1,1,1,0,0,1,1,0,2,0,0,0,0,0,1,0,1,4,-7,-7,-7,-7,-7,-7,-7,1,2,3,4,350000,30000,3,3,3,4,3,3,3,2,-7,2,2,3,1,1,1,1,1,1,1,1,1,1,2,1,1,1,0,0,0,0,0,0,0,0,NA,1,0,0,0,0,0,0,0,1,0,0,5,4,2,4,1,0,0,0,2,2,NA,2,-7,-7,1,-7,1,0,1,0,2,7,3,1987,38,2,-7,2,2,1,1,1,2,-7,-7,-7,-7,3,2,-7,1,6,2,2,2,2,2,2,4,2,1,1,-7,2,2,2,2,0,0,1,0,0,0,bas25_05113,230.40167951,1,24510,Greater Roland Park/Poplar Hill,9,5,10:10:46,9,5,10:28:22,2,2,1,2,3,4,2,3,0,1
4,4,1,1,1,2,4,4,1,3,2,1,3,3,1,2,1,1,1,1,1,1,2,1,1,2,1,4,3,2,4,4,4,4,3,3,1,1,1,1,1,1,1,1,2,2,2,2,2,3,3,2,-7,3,3,3,3,3,3,1,4,1,1,3,1,3,1,2,1,1,0,0,0,0,0,0,0,0,0,0,0,1,0,0,0,0,0,0,0,0,0,0,0,-8,-8,-8,-8,-8,-8,-8,-8,-8,-8,-8,-8,-8,1,0,1,0,0,0,1,0,0,0,1,0,1,0,0,0,1,0,0,0,1,2,-7,-7,-7,-7,-7,-7,-7,1,3,2,4,NA,10000,3,3,3,3,3,2,2,2,-7,2,2,1,1,1,4,1,1,1,1,1,3,3,3,1,1,4,-8,-8,-8,-8,-8,-8,-8,-8,NA,-8,0,0,0,1,0,0,0,0,0,0,5,5,1,2,1,0,0,0,1,2,NA,2,-7,-7,2,1,1,0,2,0,2,6,1,1985,40,1,-7,2,2,1,1,1,9,-7,-7,-7,-7,1,2,-7,2,7,2,2,2,2,2,2,-8,2,1,-8,-7,1,1,1,1,0,1,0,0,0,0,bas25_05134,1997.9278284,2,24005,-7,9,28,22:23:55,9,28,22:48:36,2,2,1,1,3,4,1,3,0,1
4,4,2,2,2,2,3,2,3,3,3,3,3,2,1,1,1,1,1,-8,-8,-8,1,3,3,3,1,2,3,2,2,2,4,3,3,-8,1,1,1,1,1,1,1,1,1,3,3,2,4,3,3,-7,3,3,3,3,3,3,3,1,1,1,3,3,1,3,1,1,1,0,1,0,0,1,0,0,1,0,0,0,0,0,1,0,0,1,0,0,1,0,0,0,0,0,0,0,1,0,0,0,0,0,1,1,1,0,0,0,1,1,0,0,0,1,0,1,0,0,2,-8,-8,-8,-8,-8,-8,-8,1,2,-7,-7,-7,-7,-7,-7,-7,2,3,5,2,500000,25000,3,3,4,5,3,3,3,2,-7,2,2,2,3,3,3,4,2,3,2,1,2,4,3,1,1,1,0,0,0,1,0,0,0,0,NA,0,1,0,0,0,0,0,0,1,1,0,1,4,1,1,1,0,0,0,1,2,NA,2,-7,-7,1,-7,2,-7,-7,-7,2,7,3,1944,81,1,-7,2,2,1,1,1,9,-7,-7,-7,-7,3,1,2,-7,2,2,2,2,2,2,2,4,2,1,1,-7,2,2,2,2,0,0,1,0,0,0,bas25_05138,263.84685271,2,24005,-7,8,27,17:41:21,8,27,18:20:26,1,2,2,2,1,4,1,5,0,1
3,3,1,1,2,2,3,3,2,3,2,1,3,2,1,1,3,1,2,2,2,1,1,2,2,2,1,4,4,2,2,1,4,3,2,3,2,1,1,1,2,1,1,1,1,3,4,2,3,3,3,2,-7,3,3,3,3,3,3,1,1,1,1,2,1,2,1,1,1,1,1,0,0,1,0,0,0,0,0,0,0,1,0,0,0,1,0,0,0,0,0,0,0,-8,-8,-8,-8,-8,-8,1,0,1,0,1,1,0,0,1,1,0,0,0,0,0,0,1,1,0,4,-8,-8,-8,-8,-8,-8,-8,1,3,-7,-7,-7,-7,-7,-7,-7,5,-7,-7,-7,80000,25000,3,3,4,5,3,3,3,2,-7,2,2,1,3,2,1,1,2,1,1,2,1,2,2,1,1,1,0,0,0,0,0,0,0,0,NA,1,1,0,0,0,0,0,0,0,0,0,1,1,1,1,1,0,0,0,2,2,NA,2,-7,-7,1,-7,2,-7,-7,-7,2,7,2,1941,84,2,-7,2,2,1,1,1,1,3,-7,-7,-7,5,2,-7,4,9,2,2,2,2,2,2,4,2,1,1,-7,2,2,2,2,0,0,1,0,0,0,bas25_05147,289.75150617,2,24005,-7,8,28,18:05:35,8,28,18:52:18,1,1,1,2,4,4,2,5,0,1
3,2,1,2,2,2,3,3,2,4,3,2,2,2,2,1,1,1,1,1,1,1,3,3,1,3,1,2,4,1,2,2,2,2,2,2,1,1,1,1,1,1,1,1,2,2,3,1,2,2,2,-7,2,3,3,3,3,3,3,1,1,1,1,2,2,3,2,1,1,1,0,0,1,1,0,1,0,0,0,0,0,0,0,0,0,0,0,0,0,1,0,0,0,-8,-8,-8,-8,-8,-8,0,0,0,0,0,0,1,0,0,1,1,0,0,0,0,0,0,1,0,2,-8,-8,-8,-8,-8,-8,-8,1,4,-7,-7,-7,-7,-7,-7,-7,1,1,2,3,150000,60000,2,3,2,3,3,3,3,2,-7,2,2,2,2,2,2,2,2,1,1,1,1,3,4,1,1,3,0,1,0,0,0,0,0,0,NA,0,0,1,0,0,0,0,0,0,0,0,4,3,1,1,1,0,0,0,2,2,NA,2,-7,-7,1,-7,1,0,1,1,2,6,3,1985,40,2,-7,2,2,3,3,3,6,-7,-7,-7,-7,1,2,-7,4,9,2,2,2,2,2,2,4,4,3,5,2,3,4,3,4,0,0,0,0,1,0,bas25_05151,151.10069248,1,24510,Highlandtown,9,19,15:01:25,9,19,15:37:51,2,2,2,3,4,4,2,3,0,1
5,2,2,2,4,4,3,3,2,5,5,1,3,2,1,1,4,2,1,3,2,1,5,2,3,3,3,3,3,3,3,3,3,4,2,3,2,2,2,2,2,2,2,2,1,3,3,3,3,3,3,-7,5,2,1,1,1,1,2,2,3,1,1,3,1,3,1,2,2,0,0,0,0,1,0,0,1,1,0,0,0,0,0,0,0,0,0,0,0,0,0,0,1,0,1,0,1,0,0,0,0,0,1,0,0,0,0,0,1,0,0,0,0,0,0,1,1,0,2,0,0,1,0,1,1,0,3,-7,-7,-7,-7,-7,-7,-7,-7,4,-7,-7,-7,300000,50000,2,3,3,3,3,3,2,2,-7,2,2,2,3,3,3,3,3,3,3,3,4,1,1,1,1,4,0,1,1,0,0,0,0,0,NA,0,0,0,0,0,0,0,0,0,0,1,3,3,3,4,1,0,0,0,1,1,NA,2,-7,-7,1,-7,1,1,4,14,2,7,5,1991,34,1,-7,2,2,1,1,1,2,-7,-7,-7,-7,8,2,-7,2,7,1,2,2,2,2,2,3,4,1,3,-7,1,1,1,1,0,1,0,0,0,0,bas25_05170,1112.4149602,2,24005,-7,10,3,18:46:48,10,3,19:03:49,1,1,2,1,3,4,1,2,10,3
15,-8,1,2,2,2,3,2,3,2,3,1,3,1,1,2,2,1,1,1,1,1,1,3,3,3,3,2,1,2,4,4,4,4,4,3,2,2,2,2,2,2,2,2,2,3,1,2,2,2,2,4,-7,3,3,3,3,3,3,1,1,1,1,1,1,1,1,2,2,1,1,0,0,0,0,0,0,0,0,0,0,1,1,0,0,0,0,0,0,0,0,0,0,-8,-8,-8,-8,-8,-8,-8,-8,-8,-8,-8,-8,-8,0,0,1,1,0,1,1,0,1,0,0,0,1,0,0,1,0,1,0,0,3,-7,-7,-7,-7,-7,-7,-7,-7,5,-7,-7,-7,200000,40000,4,4,3,4,3,3,3,2,-7,2,2,2,1,1,1,1,1,1,1,1,1,2,2,1,1,1,0,0,0,0,0,0,0,0,NA,1,1,1,0,0,1,0,0,0,0,0,5,5,2,1,0,1,1,0,1,2,NA,1,1,-7,3,1,2,-7,-7,-7,2,7,1,1962,63,2,-7,2,2,1,1,1,9,-7,-7,-7,-7,5,2,-7,4,9,2,2,2,2,2,2,3,3,1,1,-7,2,2,2,2,0,0,1,0,0,0,bas25_05173,1229.3845606,2,24005,-7,9,8,11:26:05,9,8,11:54:14,2,2,1,2,4,4,2,4,0,1
10,5,2,2,1,2,3,3,3,3,3,2,4,3,2,2,2,1,1,2,1,2,1,3,3,1,1,2,2,2,3,3,3,1,-8,-8,-8,-8,-8,-8,-8,-8,-8,-8,2,4,3,-8,-8,-8,-8,-7,4,3,3,3,3,3,3,-8,1,1,1,2,1,2,2,1,2,0,0,0,0,1,0,0,0,0,0,0,0,0,0,0,0,1,0,0,0,0,0,0,0,0,0,0,0,0,1,0,0,0,0,1,0,0,0,0,1,1,0,0,0,0,0,1,1,0,2,-8,-8,-8,-8,-8,-8,-8,3,-7,-7,-7,-7,-7,-7,-7,-7,4,-7,-7,-7,NA,NA,3,3,3,4,3,3,3,2,-7,2,2,1,1,1,1,1,-8,-8,-8,1,1,2,2,1,1,1,0,0,0,0,0,0,0,0,NA,1,0,0,0,0,0,0,0,0,0,1,5,5,2,4,1,0,0,0,1,2,NA,2,-7,-7,3,1,1,0,0,2,2,7,1,1972,53,1,-7,2,2,3,3,3,2,-7,-7,-7,-7,4,2,-7,-8,-6,2,2,2,2,2,2,3,4,3,5,2,2,2,2,2,0,0,1,0,0,0,bas25_05174,675.59466868,2,24005,-7,9,3,12:45:56,9,3,13:14:45,2,1,2,2,-6,4,1,4,0,1
0,3,1,2,2,2,3,3,1,3,2,1,3,2,1,2,1,1,1,1,1,1,1,1,3,3,2,2,1,2,2,2,3,3,3,3,1,1,1,1,2,2,2,2,2,2,3,2,4,4,4,4,-7,3,2,3,2,3,3,1,2,1,2,1,1,2,2,1,2,0,0,0,0,0,0,0,1,0,0,0,0,0,0,0,0,0,0,0,1,1,0,0,0,0,0,1,0,0,1,0,0,1,0,1,0,0,0,1,1,0,0,0,1,0,0,0,0,0,2,-8,-8,-8,-8,-8,-8,-8,1,3,-7,-7,-7,-7,-7,-7,-7,9,-7,-7,-7,250000,75000,3,2,3,3,3,3,3,2,-7,2,2,1,1,1,1,1,1,2,1,1,1,3,3,1,1,1,0,0,0,0,0,0,0,0,NA,1,0,0,0,0,0,0,0,1,0,0,5,5,2,1,1,0,0,0,2,2,NA,2,-7,-7,2,1,1,2,0,0,2,7,1,1985,40,1,-7,1,2,1,3,1,9,-7,-7,-7,-7,1,2,-7,2,7,2,2,2,2,2,2,5,2,2,1,-7,2,2,2,2,0,0,1,0,0,0,bas25_05176,194.21391418,1,24510,Greater Lauraville,9,19,15:35:26,9,19,16:02:18,1,1,1,2,3,4,1,3,2,2
7,4,2,1,2,2,4,3,2,3,3,1,2,1,1,1,2,3,2,3,2,3,4,3,2,3,2,2,2,2,3,2,3,3,-8,-8,1,1,1,1,1,1,1,1,1,4,4,3,3,3,3,-7,1,3,3,3,3,3,3,1,1,1,2,2,2,3,2,1,1,0,1,0,0,1,0,0,0,1,0,0,0,1,1,0,0,0,0,0,0,1,0,0,0,1,0,0,0,0,0,0,1,1,0,1,1,0,1,0,1,0,0,1,1,0,0,0,0,0,4,-8,-8,-8,-8,-8,-8,-8,2,-7,0,0,1,0,0,0,1,1,1,1,3,150000,30000,2,2,3,4,3,3,3,2,-7,2,2,2,2,3,4,3,2,1,1,1,3,3,3,1,1,2,0,0,0,0,0,0,0,0,NA,1,1,1,0,1,1,0,0,0,0,0,4,5,2,1,0,1,0,0,1,2,NA,2,-7,-7,1,-7,2,-7,-7,-7,2,7,3,1964,61,1,-7,2,2,1,3,3,5,-7,-7,-7,-7,4,1,5,-7,5,2,2,2,2,2,2,3,3,1,1,-7,1,1,1,1,0,1,0,0,0,0,bas25_05177,166.63818873,1,24510,Belair-Edison,8,29,08:54:18,8,29,09:20:37,2,2,2,1,2,4,1,4,0,1
0,5,2,2,3,2,3,3,3,4,4,2,4,3,3,3,2,1,1,4,3,2,2,1,3,4,2,2,3,3,2,2,4,3,3,3,1,1,1,1,2,2,2,2,1,4,4,3,5,5,3,-7,3,3,2,2,3,3,3,1,1,1,4,1,1,3,2,1,2,0,0,0,1,1,0,1,1,0,0,0,0,0,0,0,0,0,0,1,1,0,0,0,0,0,0,1,0,0,1,0,0,1,1,0,1,1,0,0,1,1,0,0,1,1,0,0,1,0,3,0,0,1,0,0,0,0,3,-7,-7,-7,-7,-7,-7,-7,-7,1,2,5,3,175000,30000,3,5,4,5,3,3,3,2,-7,2,2,1,2,1,1,3,1,1,1,1,2,3,3,1,1,2,0,0,0,0,0,0,0,0,NA,1,0,0,0,0,0,0,0,0,1,0,5,5,1,1,1,0,0,0,1,2,NA,2,-7,-7,2,1,2,-7,-7,-7,2,7,5,1995,30,1,-7,2,2,1,1,1,8,-7,-7,-7,-7,3,2,-7,4,9,2,2,2,2,2,2,4,2,1,1,-7,2,2,2,2,0,0,1,0,0,0,bas25_05183,330.16662725,1,24510,Oldtown/Middle East,9,19,07:14:56,9,19,07:51:21,2,2,2,2,4,4,1,2,2,2
10,5,1,2,2,2,3,3,2,3,-8,2,3,3,2,2,3,2,1,2,2,2,1,2,1,3,1,1,1,2,2,2,4,1,2,-8,1,1,1,1,1,1,2,2,1,3,5,3,4,3,3,-7,4,3,3,3,3,2,3,1,4,1,3,1,1,2,2,1,2,0,0,0,0,1,0,0,1,1,0,0,0,1,1,0,1,1,1,1,1,1,0,0,0,-8,-8,-8,-8,-8,-8,-8,-8,-8,-8,-8,-8,-8,0,0,1,1,0,0,0,0,0,0,0,1,2,-8,-8,-8,-8,-8,-8,-8,1,1,-7,-7,-7,-7,-7,-7,-7,5,-7,-7,-7,250000,50000,3,2,4,5,3,3,3,2,-7,2,2,1,1,1,2,1,2,-8,-8,-8,1,2,1,1,1,1,0,0,0,1,0,0,0,0,NA,0,1,1,1,0,0,0,0,0,0,0,5,5,2,4,1,0,0,0,1,2,NA,2,-7,-7,2,2,2,-7,-7,-7,2,7,1,1949,76,2,-7,1,2,1,1,1,1,5,-7,-7,-7,8,2,-7,4,9,2,2,2,2,2,2,5,2,1,1,-7,2,2,2,2,0,0,1,0,0,0,bas25_05185,300.22643272,1,24510,Midtown,8,28,15:33:53,8,28,16:05:39,1,1,2,2,4,4,2,5,1,1
20,3,1,1,2,1,4,3,2,3,4,1,3,1,1,1,1,1,1,1,1,1,1,3,3,3,1,1,1,2,2,2,2,1,-8,-8,1,1,1,1,1,1,1,1,2,4,1,1,1,1,1,-7,3,3,3,3,3,3,3,1,1,1,1,3,2,3,1,1,1,0,0,0,0,0,1,0,0,0,0,0,0,0,0,0,0,0,0,0,0,1,0,0,0,-8,-8,-8,-8,-8,-8,-8,-8,-8,-8,-8,-8,-8,1,0,1,0,0,0,0,0,0,0,0,1,1,-8,-8,-8,-8,-8,-8,-8,3,-7,-7,-7,-7,-7,-7,-7,-7,5,-7,-7,-7,2500000,20000,3,3,2,3,3,3,3,2,-7,2,2,1,1,1,1,1,1,1,1,1,1,1,1,1,1,1,0,0,0,0,0,0,0,0,NA,1,1,1,0,0,0,0,0,0,0,0,5,5,2,1,1,0,0,0,2,2,NA,2,-7,-7,2,2,1,0,1,0,1,7,1,1964,61,2,-7,2,2,1,3,3,3,-7,-7,-7,-7,8,1,5,-7,5,2,1,2,2,1,2,2,1,1,1,-7,2,2,2,2,0,0,1,0,0,0,bas25_05188,719.43203366,2,24005,-7,8,29,16:04:41,8,29,16:36:53,1,2,2,2,2,4,2,4,0,1
46,4,3,4,3,2,3,1,3,4,2,3,3,3,5,5,5,5,5,5,5,5,5,5,5,3,3,4,3,3,4,4,4,5,1,3,1,1,1,1,2,1,1,1,2,5,5,5,5,5,5,2,-7,3,2,2,2,2,2,2,3,2,5,3,2,5,5,1,1,1,0,1,0,0,1,0,0,0,0,0,0,1,0,1,1,1,0,1,0,1,0,0,0,0,0,0,0,0,1,0,1,1,1,1,0,1,1,0,1,0,0,1,1,1,1,1,1,0,5,1,0,0,1,0,0,0,1,4,-7,-7,-7,-7,-7,-7,-7,1,3,5,1,100000,40000,4,5,4,5,1,2,2,2,-7,2,2,2,5,5,5,5,5,1,1,3,2,3,1,1,1,4,0,0,0,0,0,0,1,0,NA,0,0,0,0,0,0,0,0,0,0,1,3,1,1,1,1,0,0,0,2,2,NA,2,-7,-7,2,1,1,1,1,0,2,5,1,1979,46,2,-7,2,2,1,1,1,1,1,-7,-7,-7,8,1,5,-7,5,1,1,2,2,2,2,3,2,1,3,-7,1,1,1,1,0,1,0,0,0,0,bas25_05189,1001.9104173,1,24510,Pigtown/Carroll Park,9,5,00:46:01,10,1,18:05:23,2,2,1,1,2,3,2,3,5,2
19,3,3,2,2,2,3,3,3,2,4,2,3,2,1,1,2,1,1,2,2,1,2,3,1,3,1,2,2,3,3,3,2,4,1,2,1,1,1,1,2,2,2,2,2,4,3,1,4,4,4,4,-7,3,3,3,3,3,3,1,4,1,1,2,2,1,1,1,1,0,0,0,0,0,0,0,1,0,0,0,0,0,0,0,0,0,0,0,1,0,0,0,0,0,0,0,1,0,0,0,0,0,0,1,0,0,1,0,1,0,0,0,0,0,0,0,0,1,2,-8,-8,-8,-8,-8,-8,-8,3,-7,-7,-7,-7,-7,-7,-7,-7,5,-7,-7,-7,150000,42000,3,5,1,1,3,3,3,2,-7,2,2,1,1,1,1,1,1,1,1,1,1,2,2,1,2,1,-8,-8,-8,-8,-8,-8,-8,-8,NA,-8,0,0,0,0,0,0,0,0,1,0,3,3,2,1,1,0,0,0,2,2,NA,1,1,-7,1,-7,2,-7,-7,-7,2,4,5,1983,42,2,-7,2,2,1,1,1,9,-7,-7,-7,-7,1,2,-7,1,6,2,2,2,2,2,2,2,1,1,1,-7,2,2,2,2,0,0,1,0,0,0,bas25_05194,840.46335476,2,24005,-7,8,27,14:42:41,8,27,15:11:06,2,2,1,2,3,3,2,3,0,1
4,2,4,3,3,3,3,3,4,4,4,3,3,3,1,1,2,1,3,1,1,1,4,5,3,3,3,4,3,3,4,4,4,4,3,3,2,2,2,2,2,2,2,2,2,5,3,5,3,3,4,5,-7,3,3,3,3,3,3,1,2,1,4,1,3,4,4,1,1,0,0,0,0,0,0,0,1,0,0,0,0,0,0,0,0,0,0,0,1,0,0,0,0,0,1,0,0,0,1,0,1,0,0,0,0,0,0,0,1,1,0,0,0,0,0,0,0,1,2,-8,-8,-8,-8,-8,-8,-8,3,-7,-7,-7,-7,-7,-7,-7,-7,9,-7,-7,-7,400000,40000,4,4,4,4,3,3,3,2,-7,2,2,1,1,1,1,1,1,1,1,1,1,4,3,2,2,2,0,0,0,0,0,0,0,0,NA,1,1,0,0,1,0,0,0,0,0,0,4,1,2,1,1,0,0,0,1,2,NA,1,3,3,2,1,2,-7,-7,-7,2,6,1,1996,29,2,-7,2,2,1,1,1,1,6,-7,-7,-7,6,2,-7,5,10,2,2,2,2,2,2,2,4,1,1,-7,2,2,2,2,0,0,1,0,0,0,bas25_05199,3903.9190593,2,24005,-7,10,4,09:24:01,10,4,09:47:32,1,2,1,2,4,4,2,2,0,1
23,4,1,1,1,1,3,2,2,3,4,2,3,2,3,4,3,1,1,2,2,2,1,3,1,3,1,3,3,3,2,2,4,1,3,3,1,1,1,1,1,1,1,2,1,4,2,2,3,3,3,-7,2,3,3,3,3,3,3,1,4,1,4,2,1,4,2,1,2,1,0,0,1,1,0,0,1,0,0,0,0,1,0,0,0,0,0,0,1,1,0,0,0,-8,-8,-8,-8,-8,-8,0,0,0,0,0,1,0,0,0,1,1,0,1,0,1,0,1,1,0,2,-8,-8,-8,-8,-8,-8,-8,1,4,-7,-7,-7,-7,-7,-7,-7,1,1,3,1,NA,NA,4,3,4,5,3,2,2,1,2,1,2,2,4,1,2,2,2,1,2,1,1,3,2,1,1,1,0,0,0,0,0,0,0,0,NA,1,1,0,0,0,0,0,0,0,0,0,5,5,2,1,1,0,0,0,1,2,NA,2,-7,-7,2,1,2,-7,-7,-7,2,6,1,1967,58,1,-7,2,2,1,1,1,9,-7,-7,-7,-7,1,2,-7,-8,-6,2,2,2,2,2,2,5,2,1,1,-7,2,2,2,2,0,0,1,0,0,0,bas25_05206,877.0205652,2,24005,-7,9,2,15:20:58,9,2,15:38:06,1,2,2,2,-6,4,1,4,0,1
7,2,1,1,2,2,4,3,2,2,3,1,3,3,1,1,2,1,1,1,1,1,1,1,2,1,1,1,1,2,2,2,3,2,2,2,1,1,1,1,1,2,1,2,2,4,2,2,2,3,2,-7,4,3,3,3,3,3,2,1,4,1,2,2,2,3,1,1,4,1,0,0,0,0,0,0,0,0,0,0,0,1,0,0,0,0,0,0,0,1,0,0,0,-8,-8,-8,-8,-8,-8,-8,-8,-8,-8,-8,-8,-8,1,0,1,0,0,1,1,0,0,0,1,0,1,-8,-8,-8,-8,-8,-8,-8,2,-7,0,0,0,0,0,0,1,5,-7,-7,-7,1000000,20000,3,4,3,5,3,3,3,2,-7,2,2,1,1,1,2,1,1,1,1,1,2,3,2,1,1,1,0,0,0,0,0,0,0,0,NA,1,1,0,0,0,1,0,0,0,0,0,4,4,2,1,1,0,0,0,1,2,NA,1,1,-7,2,2,1,0,0,1,1,4,1,1958,67,1,-7,2,2,1,1,1,8,-7,-7,-7,-7,2,2,-7,1,6,2,1,2,2,2,2,3,2,1,1,-7,1,1,1,1,0,1,0,0,0,0,bas25_05210,1540.0263281,2,24005,-7,9,24,16:21:16,9,24,17:29:01,2,2,2,1,3,3,1,5,1,1
1,4,2,2,2,2,3,3,3,3,2,3,4,4,2,3,2,3,2,4,4,4,2,5,4,4,4,1,2,2,3,3,4,3,3,3,2,1,2,1,2,2,2,2,1,2,5,3,4,5,4,3,-7,2,2,3,2,2,2,2,4,2,2,1,1,2,2,2,1,1,0,0,0,0,0,0,0,0,0,0,0,1,0,0,1,1,0,1,0,1,1,0,0,1,0,0,0,0,1,0,0,1,0,1,1,0,0,0,1,1,0,1,1,1,1,1,1,0,2,0,0,0,0,1,1,0,3,-7,-7,-7,-7,-7,-7,-7,-7,1,2,4,2,100000,25000,3,5,4,5,2,2,2,2,-7,2,2,4,3,5,5,5,3,4,5,3,1,4,3,1,1,5,0,1,0,1,0,1,1,0,NA,0,1,1,0,0,0,0,0,0,0,0,5,5,1,1,1,0,0,0,1,2,NA,2,-7,-7,2,1,2,-7,-7,-7,2,7,3,1984,41,1,-7,3,2,1,1,1,1,3,-7,-7,-7,5,1,5,-7,5,2,2,2,2,2,2,5,4,1,1,-7,2,2,2,2,0,0,1,0,0,0,bas25_05232,231.19361719,1,24510,Patterson Park North & East,8,27,18:09:57,8,27,18:35:32,1,1,1,2,2,4,1,3,5,2
24,3,2,2,2,2,3,3,3,2,3,2,3,2,2,3,2,2,2,2,2,2,2,2,2,2,2,2,2,2,2,2,3,2,2,2,1,1,1,1,1,2,1,2,2,3,3,3,3,3,3,3,-7,3,3,3,3,3,3,1,1,1,2,2,2,3,1,2,1,0,0,0,1,1,0,0,1,0,1,0,0,0,0,0,0,0,0,0,1,0,0,0,0,0,0,0,0,0,1,0,1,0,0,1,1,0,0,0,1,1,0,0,0,0,0,0,0,1,3,1,0,0,0,0,0,0,3,-7,-7,-7,-7,-7,-7,-7,-7,1,1,4,3,200000,45000,3,4,3,4,3,3,3,2,-7,2,2,2,1,1,1,1,1,1,1,3,1,3,3,1,1,3,0,0,0,1,1,0,0,0,NA,0,1,1,0,0,1,0,0,0,1,0,5,5,2,1,1,0,0,0,2,2,NA,2,-7,-7,1,-7,2,-7,-7,-7,2,6,5,1967,58,1,-7,2,2,1,1,1,8,-7,-7,-7,-7,6,2,-7,2,7,2,2,2,2,2,2,4,2,1,1,-7,1,1,1,1,0,1,0,0,0,0,bas25_05250,707.68560865,2,24005,-7,9,11,09:29:06,9,11,10:17:38,2,2,1,1,3,4,1,4,0,1
9,4,1,2,3,1,3,3,3,2,3,1,2,1,1,1,1,1,2,1,1,1,1,1,2,1,1,4,4,2,3,2,3,3,3,3,1,1,1,1,2,1,2,1,2,5,5,5,5,5,5,-7,2,3,3,3,3,3,3,1,1,1,1,2,1,1,1,1,1,1,0,0,0,0,0,0,1,0,0,0,0,1,0,0,0,0,0,0,1,1,0,0,0,-8,-8,-8,-8,-8,-8,-8,-8,-8,-8,-8,-8,-8,0,0,1,1,0,0,1,1,0,1,1,0,2,-8,-8,-8,-8,-8,-8,-8,1,3,-7,-7,-7,-7,-7,-7,-7,4,-7,-7,-7,85000,43000,4,3,2,3,3,3,3,2,-7,2,2,2,1,1,1,1,1,1,1,1,1,3,3,1,1,1,0,0,0,1,0,0,0,0,NA,0,0,0,0,0,0,0,0,0,0,1,5,5,1,1,1,0,0,0,1,2,NA,2,-7,-7,3,2,2,-7,-7,-7,1,7,3,1971,54,2,-7,2,2,3,3,3,1,6,-7,-7,-7,8,1,4,-7,4,2,2,2,2,2,2,2,3,1,1,-7,3,4,3,4,0,0,0,0,1,0,bas25_05274,366.00770902,1,24510,Mount Washington/Coldspring,8,30,19:16:27,8,30,19:39:37,1,1,2,3,2,4,2,4,0,1
1,2,1,2,2,2,4,3,2,3,3,2,3,2,1,1,2,1,1,2,1,1,1,3,2,3,1,1,2,2,3,3,3,2,2,3,2,1,2,1,2,2,1,2,1,3,3,2,3,3,3,4,-7,3,3,3,3,3,3,1,1,1,1,1,1,2,1,1,1,0,0,0,0,1,0,1,0,0,0,0,0,0,0,0,0,1,0,1,0,1,0,0,0,0,1,0,0,0,0,0,0,0,0,0,0,1,0,0,1,1,0,0,0,1,1,0,0,0,1,-8,-8,-8,-8,-8,-8,-8,2,-7,0,0,0,0,0,0,1,2,3,2,4,100000,50000,3,3,2,2,3,3,3,2,-7,2,2,2,1,1,1,2,1,2,1,1,1,2,3,1,1,1,0,0,0,1,0,0,0,0,NA,0,1,0,0,0,0,0,0,0,1,0,5,5,2,1,1,0,0,0,1,2,NA,-8,-7,-7,2,2,2,-7,-7,-7,2,6,1,1958,67,2,-7,2,2,1,1,1,2,-7,-7,-7,-7,8,2,-7,4,9,2,2,2,2,2,2,2,3,1,1,-7,2,2,2,2,0,0,1,0,0,0,bas25_05276,1623.5955927,2,24005,-7,10,6,08:19:26,10,6,11:01:57,2,2,1,2,4,4,2,5,0,1
0,4,1,3,2,2,2,2,4,2,2,1,2,2,1,1,3,1,1,3,3,1,1,2,2,3,2,2,2,4,3,2,3,1,3,3,1,1,1,1,1,1,1,1,2,3,1,1,1,3,5,5,-7,2,3,3,3,2,3,2,4,-8,1,2,1,3,4,4,1,0,0,0,0,0,0,0,0,0,0,0,1,0,0,0,0,0,0,0,0,1,0,0,0,0,0,1,0,0,0,0,0,0,0,1,0,0,1,0,1,0,0,0,1,1,0,1,0,0,1,-8,-8,-8,-8,-8,-8,-8,1,2,-7,-7,-7,-7,-7,-7,-7,9,-7,-7,-7,200000,20000,2,2,3,3,2,2,3,2,-7,2,-8,3,2,2,2,4,4,2,2,2,2,2,1,2,1,4,0,1,0,0,0,0,0,0,NA,0,0,1,0,0,1,0,0,0,0,0,2,1,1,1,1,0,0,0,-8,-8,NA,-8,-7,-7,-8,-7,-8,-7,-7,-7,2,7,1,-8,-8,1,-7,5,2,-8,-8,-8,1,4,-7,-7,-7,8,-8,-7,-7,-6,-8,-8,2,2,2,-8,-8,-8,-8,-8,-7,-6,-6,-6,-6,-8,-8,-8,-8,-8,0,bas25_05280,504.92249801,2,24005,-7,9,5,19:57:31,9,5,20:42:44,2,2,1,-6,-6,4,1,-8,2,2
0,4,2,2,2,2,3,3,3,3,2,2,2,2,1,2,3,1,1,2,1,1,1,2,2,2,2,2,2,2,2,3,4,2,2,3,1,1,1,1,1,2,1,2,1,3,3,2,4,3,3,4,-7,3,3,3,3,3,3,1,1,1,2,3,1,3,1,2,1,1,0,0,1,0,0,0,1,0,0,0,0,0,0,0,0,0,0,0,1,0,0,0,0,-8,-8,-8,-8,-8,-8,-8,-8,-8,-8,-8,-8,-8,1,0,1,0,0,0,1,0,0,0,0,0,2,-8,-8,-8,-8,-8,-8,-8,2,-7,0,0,1,0,0,0,0,1,3,2,4,200000,60000,2,2,3,5,3,3,3,2,-7,2,2,2,2,2,2,2,1,2,2,2,1,3,3,2,2,1,0,0,0,1,0,1,0,0,NA,0,0,0,0,0,0,0,0,0,0,1,5,5,2,1,1,0,0,0,1,2,NA,2,-7,-7,1,-7,2,-7,-7,-7,2,7,5,1988,37,2,-7,2,2,1,3,3,9,-7,-7,-7,-7,1,2,-7,3,8,2,2,2,2,2,2,3,2,1,1,-7,3,4,3,4,0,0,0,0,1,0,bas25_05285,121.3532281,1,24510,Greektown/Bayview,9,16,21:51:22,9,16,22:25:03,1,1,1,3,4,4,2,3,0,1
30,4,1,2,2,2,3,3,2,2,3,2,3,2,3,3,2,1,1,2,1,1,3,3,4,3,2,6,-7,2,3,3,4,4,3,4,1,1,1,1,1,1,1,2,1,3,2,2,3,3,3,3,-7,3,3,3,3,3,3,1,1,1,3,2,1,2,2,1,2,1,1,0,0,0,0,0,0,0,0,0,0,1,1,0,1,1,0,0,0,1,0,0,0,0,0,0,0,0,1,0,0,0,0,1,1,0,0,0,1,1,0,1,0,0,1,1,0,0,4,0,0,1,0,0,1,0,1,3,-7,-7,-7,-7,-7,-7,-7,5,-7,-7,-7,250000,75000,3,4,3,4,3,3,3,2,-7,2,2,1,1,1,1,3,1,1,1,1,1,2,2,1,1,1,0,1,1,1,0,0,0,0,NA,0,0,1,0,0,0,0,0,0,0,0,1,5,2,1,1,0,0,0,2,2,NA,2,-7,-7,2,1,2,-7,-7,-7,2,6,1,1949,76,2,-7,2,2,1,1,3,4,-7,-7,1,-7,8,2,-7,4,9,2,2,2,2,2,2,2,2,1,1,-7,2,2,2,2,0,0,1,0,0,0,bas25_05287,995.65428015,2,24005,-7,9,18,23:36:29,9,19,00:17:50,1,2,1,2,4,4,2,5,0,1
8,3,1,2,1,1,3,3,2,2,3,1,3,1,1,1,1,1,1,1,1,1,1,3,2,1,1,1,1,2,2,3,2,3,1,-8,-8,-8,-8,-8,-8,-8,-8,-8,2,2,2,1,2,2,2,5,-7,3,3,3,3,3,3,1,1,1,1,2,1,2,1,1,2,0,0,0,0,0,0,0,1,1,0,0,0,0,1,0,0,0,0,0,1,1,0,0,0,-8,-8,-8,-8,-8,-8,-8,-8,-8,-8,-8,-8,-8,0,0,1,1,0,-8,-8,-8,-8,-8,-8,-8,1,-8,-8,-8,-8,-8,-8,-8,2,-7,0,0,0,0,0,0,1,1,4,1,4,500000,45000,2,2,2,1,3,3,3,2,-7,2,2,1,1,1,1,1,1,1,1,1,1,2,1,1,1,1,0,0,0,0,0,0,0,0,NA,1,1,1,0,0,0,0,0,0,0,0,5,5,2,1,1,0,0,0,1,2,NA,-8,-7,-7,1,-7,1,0,0,2,2,7,3,1971,54,2,-7,2,2,1,1,1,-8,-6,-7,-7,-7,-8,2,-7,5,10,2,2,2,2,2,2,2,1,1,1,-7,2,2,2,2,0,0,1,0,0,0,bas25_05290,372.41802285,2,24005,-7,8,27,20:37:20,8,27,20:54:26,2,2,1,2,4,4,2,4,0,1
32,2,2,2,3,2,3,2,3,3,3,3,4,3,2,2,3,2,2,3,3,3,2,3,2,3,1,2,3,2,3,3,4,3,2,3,2,1,1,1,1,1,1,1,2,4,3,2,3,3,3,-7,2,3,3,3,3,3,3,1,4,1,3,3,3,3,2,1,2,0,0,0,0,1,0,0,1,0,0,0,0,0,0,0,0,1,0,0,1,0,0,0,0,0,1,0,0,1,1,0,1,1,1,1,1,0,1,0,1,0,0,1,1,1,1,1,1,0,2,-8,-8,-8,-8,-8,-8,-8,3,-7,-7,-7,-7,-7,-7,-7,-7,5,-7,-7,-7,350000,50000,3,4,4,5,3,3,3,2,-7,2,2,3,2,2,2,4,1,1,1,1,1,3,3,2,2,1,0,0,0,0,0,0,0,1,It has been unseasonably cool for the last 2 weeks,0,0,0,0,0,0,0,0,0,0,1,1,4,2,4,1,1,0,0,1,2,NA,2,-7,-7,2,1,2,-7,-7,-7,2,6,3,1958,67,3,-7,4,2,1,1,1,1,6,-7,-7,-7,1,1,5,-7,5,1,1,2,2,2,2,3,2,1,1,-7,3,5,3,5,1,0,1,0,1,0,bas25_05294,653.35975492,2,24005,-7,9,5,10:42:54,9,5,11:12:51,1,2,2,3,2,4,-8,5,0,1
21,4,1,2,2,2,3,4,3,1,4,2,3,3,3,2,3,1,2,1,1,1,1,2,2,2,1,2,1,2,4,3,4,3,3,3,1,1,1,1,1,1,2,2,1,3,3,4,3,3,3,3,-7,2,2,2,3,2,3,1,3,1,2,2,1,3,2,2,6,1,1,0,0,1,0,1,0,0,0,0,0,1,0,0,0,1,0,0,0,1,0,0,0,0,0,0,0,1,1,0,0,0,0,1,1,0,0,0,1,1,0,1,1,0,0,0,1,0,2,1,0,0,1,0,1,0,1,2,-7,-7,-7,-7,-7,-7,-7,1,1,4,3,200000,35000,3,4,4,4,3,3,3,2,-7,2,2,2,3,2,3,4,3,2,1,2,1,4,3,1,1,4,0,1,0,1,0,1,0,0,NA,0,1,1,0,0,1,0,0,1,1,0,5,5,2,1,1,0,1,0,1,2,NA,2,-7,-7,1,-7,2,-7,-7,-7,1,6,3,1962,63,1,-7,2,2,1,1,1,1,5,-7,-7,-7,4,2,-7,5,10,2,2,2,2,2,2,4,2,1,1,-7,2,2,2,2,0,0,1,0,0,0,bas25_05307,310.99644909,2,24005,-7,8,30,13:24:25,8,30,13:42:51,1,2,1,2,4,4,1,4,4,2
2,3,1,2,2,1,4,3,3,5,4,2,2,2,1,2,4,5,2,5,5,4,5,4,3,3,2,2,2,2,3,3,3,4,2,3,2,1,2,1,2,2,2,2,1,5,3,2,5,4,5,-7,3,3,3,3,3,3,3,1,3,1,2,2,1,3,3,2,1,0,0,0,0,0,0,0,0,0,0,1,0,0,0,0,0,1,0,1,0,0,0,0,0,0,0,1,1,0,0,0,0,0,0,0,0,1,1,0,1,0,0,1,0,0,1,0,0,0,4,0,0,1,0,0,0,0,3,-7,-7,-7,-7,-7,-7,-7,-7,1,3,2,2,250000,30000,3,4,4,5,2,2,1,1,2,1,1,3,5,5,5,5,5,5,5,5,3,3,4,1,1,2,0,1,1,0,1,1,0,0,NA,0,0,1,0,0,1,0,0,1,1,0,3,3,2,3,1,0,0,0,2,3,Portable WiFi router,2,-7,-7,3,2,1,0,1,0,1,7,5,1985,40,1,-7,2,2,1,3,1,8,-7,-7,-7,-7,3,2,-7,2,7,2,2,2,2,2,2,3,4,1,1,-7,1,1,1,1,0,1,0,0,0,0,bas25_05318,606.58456441,2,24005,-7,9,18,23:00:57,9,19,15:52:30,1,2,2,1,3,4,1,3,0,1
1,4,1,1,2,2,4,3,2,2,-8,1,3,1,1,1,1,1,1,1,1,1,1,-8,-8,-8,1,1,1,1,4,3,4,1,1,-8,2,1,-8,1,1,2,1,2,2,4,5,5,5,3,5,-7,5,3,3,2,2,1,3,1,1,1,1,3,3,1,1,1,1,0,0,0,0,0,0,0,0,0,0,0,1,0,0,0,0,0,0,0,0,1,0,0,0,-8,-8,-8,-8,-8,-8,0,1,1,0,0,0,0,0,0,1,1,0,0,1,0,0,0,1,0,1,0,0,0,1,0,0,0,1,3,-7,-7,-7,-7,-7,-7,-7,1,1,1,4,200000,40000,4,-8,4,5,3,3,3,2,-7,2,2,1,3,1,2,4,1,3,1,1,1,3,4,1,1,1,0,0,0,0,0,0,0,0,NA,1,0,0,0,0,0,0,0,1,1,0,5,5,2,1,1,0,0,0,2,2,NA,2,-7,-7,2,1,2,-7,-7,-7,2,7,1,1997,28,1,-7,2,2,1,3,3,9,-7,-7,-7,-7,1,2,-7,3,8,2,2,2,2,2,2,5,4,1,1,-7,1,1,1,1,0,1,0,0,0,0,bas25_05325,560.38425511,1,24510,Hamilton,9,7,20:05:48,-9,-9,NA:NA:NA,1,1,2,1,4,4,1,2,4,2
9,4,2,1,1,1,4,3,1,3,4,2,3,3,2,2,5,3,5,3,3,2,1,2,4,3,4,2,1,2,4,4,3,2,2,3,1,1,1,1,2,1,2,2,1,5,4,5,4,4,5,3,-7,3,3,3,3,2,3,1,1,1,2,2,2,2,2,1,1,1,0,0,0,0,0,0,1,0,0,0,0,1,0,0,0,1,0,0,1,0,0,0,0,0,0,0,1,0,0,0,1,1,0,1,0,0,1,0,0,1,0,-8,-8,-8,-8,-8,-8,-8,2,0,0,0,0,1,1,0,1,2,-7,-7,-7,-7,-7,-7,-7,1,1,3,3,150000,60000,3,3,2,1,3,3,3,2,-7,2,2,2,2,2,2,2,2,2,1,2,1,1,2,1,1,4,0,1,0,0,0,0,0,0,NA,0,1,0,0,0,0,0,0,0,0,0,2,1,2,1,1,0,0,0,1,2,NA,2,-7,-7,2,1,1,1,0,0,2,6,1,1990,35,2,-7,2,2,1,3,1,2,-7,-7,-7,-7,6,2,-7,6,11,2,2,2,2,2,2,2,1,1,1,-7,2,2,2,2,0,0,1,0,0,0,bas25_05350,646.59469817,1,24510,South Baltimore,9,22,10:02:24,9,22,10:32:28,2,2,1,2,4,4,2,3,1,1
0,3,2,1,3,2,3,-8,3,4,3,3,3,2,1,2,1,1,1,2,1,1,2,3,3,3,1,1,2,2,2,2,2,2,3,3,1,1,1,1,2,2,2,2,1,3,4,5,2,-8,-8,2,-7,3,3,3,3,3,3,1,4,1,2,1,2,3,1,1,1,0,0,0,0,0,0,0,1,0,0,0,0,0,0,0,0,0,0,0,1,0,0,0,0,-8,-8,-8,-8,-8,-8,-8,-8,-8,-8,-8,-8,-8,0,0,1,0,1,0,1,0,0,0,0,0,1,-8,-8,-8,-8,-8,-8,-8,3,-7,-7,-7,-7,-7,-7,-7,-7,1,4,3,4,1500000,45000,2,3,2,2,3,3,3,2,-7,2,2,1,1,1,1,1,1,1,1,1,1,3,1,1,1,1,0,0,0,1,0,0,0,0,NA,0,0,1,0,0,0,0,0,0,0,0,3,5,1,1,1,0,0,0,2,2,NA,1,2,1,2,1,2,-7,-7,-7,2,6,1,1968,57,1,-7,2,2,1,1,1,2,-7,-7,-7,-7,3,2,-7,4,9,2,2,2,2,2,2,2,3,3,5,1,2,2,2,2,0,0,1,0,0,0,bas25_05365,817.35792559,2,24005,-7,8,31,14:19:51,8,31,15:32:03,2,1,1,2,4,4,1,4,0,1
4,2,1,1,1,1,3,3,1,1,3,1,3,1,1,1,1,1,1,1,1,1,1,1,1,1,1,1,1,1,2,2,2,2,2,2,1,1,1,1,1,1,1,1,2,2,1,1,1,2,2,4,-7,3,3,3,3,3,3,1,1,1,1,2,3,3,1,1,1,1,1,1,0,0,0,0,0,0,0,0,0,1,1,1,0,0,0,0,0,0,0,0,0,0,0,0,0,0,1,-8,-8,-8,-8,-8,-8,-8,0,0,1,1,0,0,0,1,0,0,0,0,1,-8,-8,-8,-8,-8,-8,-8,2,-7,0,0,1,0,0,0,0,1,1,1,4,100000,20000,1,1,1,1,2,2,2,2,-7,2,2,2,3,2,2,2,3,1,1,1,1,2,2,1,1,4,0,0,0,0,0,0,0,0,NA,1,0,0,0,0,0,0,0,0,0,1,5,5,2,1,1,0,0,0,2,2,NA,2,-7,-7,5,1,2,-7,-7,-7,1,5,3,1979,46,1,-7,3,2,1,1,1,8,-7,-7,-7,-7,4,1,4,-7,4,2,1,2,1,1,2,1,3,1,1,-7,2,2,2,2,0,0,1,0,0,0,bas25_05376,3644.9954726,2,24005,-7,9,4,14:21:28,9,4,14:42:36,2,2,1,2,2,3,1,3,0,1
3,4,2,2,2,2,4,4,2,5,5,1,3,2,1,1,3,1,1,1,1,1,1,1,1,5,1,1,1,2,3,3,3,2,2,2,2,1,2,1,2,2,2,2,2,3,2,1,3,3,3,4,-7,3,3,3,3,3,3,1,1,1,1,3,1,2,2,2,1,0,0,0,0,1,0,0,0,0,0,0,0,0,0,0,0,0,0,0,1,0,0,0,0,0,0,0,0,0,1,0,0,0,0,0,0,1,0,0,1,1,0,0,0,0,0,0,0,1,4,-8,-8,-8,-8,-8,-8,-8,2,-7,0,0,0,0,0,0,1,1,1,4,4,100000,30000,3,2,3,3,3,3,3,2,-7,2,2,2,1,1,2,2,1,1,1,1,1,2,3,1,1,2,0,0,0,0,0,0,0,0,NA,1,0,0,0,0,0,0,0,0,1,0,4,3,2,1,1,0,0,0,2,2,NA,2,-7,-7,2,1,2,-7,-7,-7,2,6,3,1976,49,1,-7,2,1,1,1,1,8,-7,-7,-7,-7,3,2,-7,3,8,2,2,2,2,2,2,3,3,1,1,-7,2,2,4,6,0,0,1,0,0,1,bas25_05391,894.98600006,2,24005,-7,8,29,12:37:31,8,29,13:00:38,1,2,1,3,4,4,1,3,0,1
8,5,1,1,2,1,4,2,1,2,3,1,3,2,1,1,2,1,1,2,1,1,1,4,1,2,1,1,2,2,2,2,4,3,2,3,1,1,1,2,1,1,1,2,2,3,3,4,3,4,4,4,-7,3,3,3,3,3,3,1,1,2,1,1,1,3,1,1,1,0,0,0,0,1,0,1,1,0,0,0,0,0,0,0,0,1,0,1,1,1,0,0,0,-8,-8,-8,-8,-8,-8,-8,-8,-8,-8,-8,-8,-8,0,0,1,1,0,0,1,0,0,0,1,0,2,-8,-8,-8,-8,-8,-8,-8,1,3,-7,-7,-7,-7,-7,-7,-7,1,5,2,3,250000,25000,3,3,3,5,3,3,3,2,-7,2,2,2,1,1,1,1,1,1,1,3,1,3,3,2,2,1,0,0,0,0,0,0,0,0,NA,1,1,0,0,0,0,0,0,1,1,0,5,5,1,1,1,0,0,0,2,2,NA,2,-7,-7,1,-7,2,-7,-7,-7,2,6,5,1963,62,1,-7,2,2,1,1,1,9,-7,-7,-7,-7,1,2,-7,4,9,2,2,2,2,2,2,5,2,1,1,-7,2,2,2,2,0,0,1,0,0,0,bas25_05394,171.572167,1,24510,Hampden/Remington,9,10,22:18:23,9,10,22:40:27,1,2,1,2,4,4,1,4,0,1
10,3,1,2,2,2,3,3,3,2,3,1,3,2,1,1,2,1,1,1,1,1,2,1,1,1,1,1,4,2,3,3,3,2,3,4,1,1,1,2,2,1,2,1,2,5,4,1,4,4,4,1,-7,3,2,2,2,3,3,1,2,2,1,3,3,2,1,1,4,1,0,0,1,1,0,0,0,0,0,0,0,1,0,0,1,1,0,0,1,1,0,0,0,0,0,0,0,1,0,0,0,0,1,0,1,0,0,0,1,0,0,0,1,0,0,0,0,0,1,1,0,0,0,0,1,0,2,-7,0,0,1,0,0,0,0,4,-7,-7,-7,5000,700,4,2,4,3,1,2,2,1,1,1,1,2,4,4,4,3,3,3,3,2,2,4,4,1,2,3,0,1,0,1,0,1,0,0,NA,0,0,0,0,0,0,0,0,1,1,0,2,2,1,2,1,0,0,0,1,4,NA,2,-7,-7,2,2,2,-7,-7,-7,2,3,5,1996,29,1,-7,2,2,1,1,1,8,-7,-7,-7,-7,2,1,1,-7,1,1,1,1,2,1,2,3,1,1,1,-7,1,1,1,1,0,1,0,0,0,0,bas25_05410,1737.3812678,1,24510,Greater Roland Park/Poplar Hill,9,5,16:58:22,9,5,17:46:31,1,1,1,1,1,2,1,2,3,2
8,2,2,2,3,2,3,3,2,2,3,2,3,1,1,1,1,1,1,1,1,1,1,3,2,2,1,6,-7,2,3,3,4,1,4,4,2,2,2,2,1,2,2,2,2,5,4,4,4,4,4,-7,3,3,3,3,3,3,3,1,4,1,2,2,1,1,1,1,2,0,0,0,0,1,0,1,1,0,0,0,0,0,0,0,0,0,0,0,1,1,0,0,0,-8,-8,-8,-8,-8,-8,0,0,0,0,0,1,0,1,0,0,1,0,1,0,0,0,1,0,0,2,-8,-8,-8,-8,-8,-8,-8,1,3,-7,-7,-7,-7,-7,-7,-7,1,1,4,2,600000,70000,4,4,3,4,3,3,3,2,-7,2,2,4,1,1,2,5,1,1,1,1,1,1,1,1,1,3,0,0,0,0,0,0,0,0,NA,1,0,0,0,0,0,0,0,0,0,1,5,5,2,1,1,0,0,0,2,2,NA,1,1,-7,2,1,1,0,2,0,2,6,1,1977,48,1,-7,2,2,1,1,3,1,5,-7,-7,-7,1,2,-7,6,11,2,2,2,2,2,2,4,2,1,1,-7,2,2,2,2,0,0,1,0,0,0,bas25_05413,1356.3779436,2,24005,-7,8,28,11:11:09,8,28,11:38:31,2,2,2,2,4,4,1,3,0,1
22,4,2,2,3,3,3,2,3,4,4,3,4,3,3,3,4,2,1,2,1,1,5,5,3,4,1,3,3,3,3,3,3,3,2,3,1,1,1,1,1,1,1,1,1,5,2,1,4,3,4,4,-7,1,1,2,1,1,3,2,5,2,4,1,2,3,4,4,1,0,0,0,1,0,0,0,1,0,0,1,0,1,0,0,1,0,1,0,1,0,0,0,0,1,1,0,1,0,1,0,1,0,1,0,1,1,1,0,1,0,0,1,1,1,1,1,1,0,5,0,0,0,0,1,1,0,3,-7,-7,-7,-7,-7,-7,-7,-7,8,-7,-7,-7,200000,55000,4,5,4,5,1,1,1,1,1,1,1,4,5,4,5,4,5,5,4,4,3,3,5,2,2,4,0,1,0,1,0,1,0,0,NA,0,0,0,0,0,1,0,0,1,1,0,3,3,1,2,1,0,0,0,1,2,NA,2,-7,-7,2,1,2,-7,-7,-7,1,3,5,1988,37,1,-7,2,2,1,3,3,8,-7,-7,-7,-7,4,1,2,-7,2,1,1,1,1,2,2,3,2,2,1,-7,1,1,1,1,0,1,0,0,0,0,bas25_05433,960.24505863,2,24005,-7,9,1,13:37:58,9,1,14:34:15,1,2,1,1,1,2,1,3,9,3
10,4,1,2,3,2,3,3,3,5,5,2,5,4,3,4,1,1,3,2,1,1,1,5,4,5,2,1,1,2,4,3,4,2,2,4,1,1,1,1,2,2,2,2,2,3,4,5,5,5,5,2,-7,2,2,3,3,3,3,1,2,1,3,1,1,2,1,1,3,0,0,0,1,1,0,1,0,0,0,0,0,0,0,0,0,1,0,0,0,0,0,0,0,-8,-8,-8,-8,-8,-8,0,0,0,0,0,1,0,0,0,1,1,0,0,1,0,0,0,1,0,3,1,0,0,0,0,0,0,1,4,-7,-7,-7,-7,-7,-7,-7,1,2,4,1,150000,45000,4,5,4,5,2,2,2,1,3,1,1,4,4,4,4,5,5,4,4,4,3,3,3,1,1,3,0,0,0,0,0,0,0,0,NA,1,1,1,0,1,0,1,0,1,1,0,5,5,1,3,1,0,0,0,2,2,NA,2,-7,-7,2,1,2,-7,-7,-7,1,7,3,1968,57,1,-7,1,2,1,1,1,4,-7,-7,4,-7,6,1,4,-7,4,2,2,2,2,2,2,5,2,1,1,-7,1,1,1,1,0,1,0,0,0,0,bas25_05434,439.60221018,1,24510,Mount Washington/Coldspring,9,17,22:11:24,9,17,22:41:31,2,2,1,1,2,4,1,4,2,2
2,2,2,2,3,1,4,3,2,3,3,1,3,2,1,2,2,2,1,1,1,1,2,4,3,3,3,6,-7,2,2,3,4,2,1,3,2,2,2,2,2,1,2,2,2,3,4,3,2,2,2,-7,4,3,3,2,1,2,2,1,2,1,2,3,1,3,2,1,1,0,1,0,0,1,0,1,1,1,0,0,0,0,1,0,1,0,0,1,1,1,0,0,0,-8,-8,-8,-8,-8,-8,0,0,0,0,0,0,1,0,0,1,1,0,0,1,0,0,0,1,0,2,0,0,0,0,1,1,0,3,-7,-7,-7,-7,-7,-7,-7,-7,1,4,5,1,600000,39000,4,3,4,5,3,3,3,2,-7,2,2,2,1,2,1,4,1,1,1,1,1,4,4,1,1,4,0,1,0,0,0,1,0,0,NA,0,0,0,0,1,0,0,0,1,0,0,5,5,2,1,1,1,0,0,1,2,NA,2,-7,-7,3,1,2,-7,-7,-7,2,6,1,1991,34,2,-7,2,2,1,1,1,9,-7,-7,-7,-7,1,2,-7,4,9,2,2,2,2,2,2,5,4,1,1,-7,2,2,2,2,0,0,1,0,0,0,bas25_05450,1292.7174459,1,24510,Hampden/Remington,9,5,13:35:39,9,5,13:58:50,2,1,2,2,4,4,2,2,5,2
0,3,2,2,3,3,3,3,3,4,4,2,3,3,1,1,1,1,3,1,1,1,4,4,3,3,3,6,-7,2,3,3,4,3,4,4,2,1,1,1,2,1,2,1,2,3,3,3,3,3,4,-7,5,3,3,3,3,3,3,1,1,1,1,2,2,2,2,1,1,0,0,0,0,1,0,0,1,1,0,0,0,0,0,0,0,1,0,0,1,1,0,0,0,-8,-8,-8,-8,-8,-8,0,0,0,0,0,0,1,1,0,1,0,0,0,0,0,1,1,0,0,2,-8,-8,-8,-8,-8,-8,-8,3,-7,-7,-7,-7,-7,-7,-7,-7,1,2,3,4,750000,30000,3,2,4,5,2,3,3,2,-7,2,2,3,2,4,4,5,3,3,3,1,2,2,3,2,1,1,0,0,0,0,0,0,0,0,NA,1,0,0,0,0,0,0,0,0,0,1,5,5,1,1,1,0,0,0,1,2,NA,2,-7,-7,2,1,2,-7,-7,-7,1,4,5,2000,25,2,-7,2,2,1,1,1,2,-7,-7,-7,-7,1,1,2,-7,2,1,1,2,1,2,2,3,2,1,1,-7,1,1,1,1,0,1,0,0,0,0,bas25_05460,3898.9113253,2,24005,-7,8,29,13:19:51,8,29,13:53:50,2,2,2,1,1,3,2,2,0,1
43,4,1,2,3,2,3,3,3,2,3,1,3,1,1,1,2,1,1,-8,-8,-8,2,2,1,1,1,1,1,2,3,3,3,3,1,3,1,1,1,1,1,1,1,2,1,3,1,1,2,2,-8,2,-7,3,3,3,3,3,3,1,1,1,1,3,1,2,1,1,1,1,0,0,0,0,0,0,0,0,1,0,0,1,1,0,0,0,0,0,0,0,1,0,0,0,0,0,0,0,1,-8,-8,-8,-8,-8,-8,-8,0,0,1,1,0,1,1,0,1,1,1,0,2,-8,-8,-8,-8,-8,-8,-8,1,1,-7,-7,-7,-7,-7,-7,-7,5,-7,-7,-7,150000,35000,3,2,3,2,3,3,3,2,-7,2,2,2,1,1,2,2,1,1,1,1,1,3,4,1,1,1,0,0,0,0,0,0,0,1,Outside sweating,0,1,1,0,0,0,1,0,0,0,0,3,5,2,4,1,0,0,0,2,4,NA,-8,-7,-7,1,-7,2,-7,-7,-7,1,4,2,1958,67,1,-7,2,2,1,1,1,2,-7,-7,-7,-7,1,1,2,-7,2,2,2,2,1,1,2,1,1,1,1,-7,2,2,2,2,0,0,1,0,0,0,bas25_05462,532.4403509,2,24005,-7,9,1,16:12:15,9,1,17:28:18,2,2,1,2,1,3,1,5,0,1
29,2,1,2,3,2,4,3,2,4,4,2,4,2,2,2,1,1,1,2,2,2,1,2,1,4,1,1,1,2,4,4,3,1,3,3,-8,-8,-8,-8,-8,-8,-8,1,2,5,3,2,3,5,4,-7,4,3,2,2,2,2,3,1,4,1,1,1,1,2,2,1,2,1,1,0,0,0,0,0,0,0,1,0,0,1,1,0,0,0,0,0,0,0,0,0,0,0,0,0,0,0,1,0,0,0,0,1,1,0,0,0,1,1,0,0,0,0,0,0,0,1,1,0,0,0,0,1,1,0,3,-7,-7,-7,-7,-7,-7,-7,-7,5,-7,-7,-7,100000,10000,3,2,2,1,3,3,3,2,-7,2,2,1,1,1,1,2,1,1,1,1,2,4,2,1,1,3,0,0,0,0,0,0,0,0,NA,1,0,0,0,0,1,0,1,0,0,0,4,4,2,4,1,0,0,0,1,2,NA,2,-7,-7,2,2,2,-7,-7,-7,1,6,1,1958,67,1,-7,2,2,1,1,1,2,-7,-7,-7,-7,6,2,-7,3,8,2,2,2,2,2,2,2,3,1,1,-7,2,2,2,2,0,0,1,0,0,0,bas25_05465,1042.3903768,2,24005,-7,9,4,16:21:15,9,4,17:00:02,2,1,2,2,4,4,1,5,4,2
0,3,1,2,3,2,4,3,4,3,3,1,3,2,1,1,1,1,1,1,1,1,1,2,4,3,1,1,2,2,3,3,4,3,2,3,1,1,1,1,2,2,2,2,1,3,4,3,3,4,4,-7,4,3,3,3,3,3,3,1,4,1,2,3,1,2,2,1,1,0,0,0,0,0,0,0,1,0,0,0,0,0,0,0,0,0,0,0,1,1,0,0,0,0,0,0,0,1,0,0,1,0,0,0,0,0,0,0,1,1,0,0,1,0,0,0,1,0,1,-8,-8,-8,-8,-8,-8,-8,1,4,-7,-7,-7,-7,-7,-7,-7,1,3,5,3,100000,40000,2,4,4,5,3,3,3,2,-7,2,2,2,1,1,1,1,1,1,1,1,1,1,2,2,2,3,0,0,0,1,0,0,0,0,NA,0,0,0,0,0,0,0,0,0,0,1,5,5,1,1,0,1,0,0,1,2,NA,2,-7,-7,2,2,2,-7,-7,-7,2,6,1,1994,31,2,-7,2,2,1,1,1,9,-7,-7,-7,-7,2,2,-7,3,8,2,2,2,2,2,2,5,4,3,1,-7,2,2,2,2,0,0,1,0,0,0,bas25_05470,852.91062356,1,24510,Greater Charles Village/Barclay,8,28,09:10:33,8,28,09:48:48,1,1,2,2,4,4,2,2,0,1
16,4,1,2,3,2,3,2,3,4,4,1,3,2,2,1,2,1,1,1,1,1,1,3,1,3,3,1,1,2,3,3,4,2,2,2,1,1,1,1,1,1,1,2,1,2,2,2,2,2,2,2,-7,3,3,3,3,3,3,1,1,1,1,2,3,3,1,1,6,1,0,0,1,1,0,0,0,0,0,0,0,1,1,0,1,1,0,0,0,0,0,0,0,-8,-8,-8,-8,-8,-8,0,0,0,0,1,0,0,0,0,1,1,0,0,0,0,1,0,0,0,1,0,0,0,0,0,1,0,3,-7,-7,-7,-7,-7,-7,-7,-7,1,3,4,4,200000,45000,3,3,3,3,3,3,3,2,-7,2,2,1,1,1,1,1,1,1,1,1,1,4,2,1,1,1,0,0,0,0,0,0,0,0,NA,1,0,1,0,0,0,0,0,0,0,0,1,1,2,1,1,1,0,0,1,2,NA,2,-7,-7,1,-7,2,-7,-7,-7,1,7,5,1971,54,1,-7,2,2,1,1,1,2,-7,-7,-7,-7,3,2,-7,2,7,2,2,2,2,2,2,3,4,1,1,-7,2,2,2,2,0,0,1,0,0,0,bas25_05475,150.60148691,2,24005,-7,9,6,18:20:08,9,6,18:58:46,2,1,1,2,3,4,1,4,0,1
20,2,1,3,3,2,3,3,4,4,5,3,3,3,3,3,2,1,1,3,2,3,2,2,3,4,2,4,4,2,3,3,4,3,3,3,1,2,1,2,1,2,2,2,2,4,2,1,4,3,4,-7,4,3,3,3,3,3,3,1,1,1,5,2,2,3,3,1,2,1,0,0,0,0,0,1,0,0,0,0,0,1,0,0,0,1,0,0,1,0,0,0,0,0,0,0,0,0,1,1,1,1,1,1,1,1,0,0,1,1,0,1,0,0,1,1,0,0,3,-8,-8,-8,-8,-8,-8,-8,3,-7,-7,-7,-7,-7,-7,-7,-7,1,3,2,4,750000,60000,3,4,3,4,3,3,3,2,-7,2,2,3,5,2,5,5,2,2,1,1,1,3,3,1,1,1,0,0,0,1,0,0,0,0,NA,0,0,0,0,0,1,0,0,0,0,0,4,5,2,1,1,0,0,0,2,2,NA,2,-7,-7,3,1,2,-7,-7,-7,1,6,1,1968,57,1,-7,2,2,3,3,3,2,-7,-7,-7,-7,4,2,-7,4,9,2,1,2,2,2,2,3,2,2,5,1,3,4,3,4,0,0,0,0,1,0,bas25_05502,710.08180714,2,24005,-7,9,6,06:29:54,9,6,07:02:41,2,1,2,3,4,4,1,4,0,1
2,6,2,3,3,3,3,2,3,4,2,2,2,2,1,1,2,2,2,5,3,5,2,2,2,2,2,2,2,3,3,3,3,2,2,3,1,1,1,1,1,1,1,1,2,5,5,3,4,4,4,5,-7,3,3,3,3,3,3,1,1,1,2,2,3,3,1,1,1,1,1,1,0,1,0,1,0,0,0,0,0,1,0,0,0,0,0,1,0,0,0,0,0,0,0,1,0,0,0,0,0,0,0,0,1,0,1,0,1,0,0,0,1,0,1,0,0,0,2,0,0,0,1,0,0,0,1,2,-7,-7,-7,-7,-7,-7,-7,4,-7,-7,-7,3000,Not sure,4,5,4,5,1,1,1,1,1,1,1,3,5,2,5,3,1,4,3,1,3,2,2,2,1,1,0,0,0,0,0,0,1,0,NA,0,0,0,0,0,0,0,0,0,0,1,3,3,2,2,1,0,0,0,2,2,NA,2,-7,-7,2,1,1,1,1,1,2,3,5,1987,38,2,-7,2,2,1,1,1,9,-7,-7,-7,-7,1,1,2,-7,2,1,1,2,2,2,2,3,3,1,5,2,1,1,1,1,0,1,0,0,0,0,bas25_05503,1740.5708508,1,24510,Southern Park Heights,8,28,17:47:44,8,28,18:29:22,2,1,1,1,1,2,2,3,0,1
32,5,1,1,2,1,4,4,2,2,3,2,3,3,2,3,3,2,2,2,1,2,4,3,2,2,2,2,2,2,3,3,3,3,3,4,2,2,2,2,2,2,2,2,2,5,5,2,5,5,5,-7,3,3,3,3,3,3,3,1,1,1,4,1,1,2,2,1,4,1,1,1,0,0,1,0,1,0,0,0,0,0,1,1,1,1,0,0,0,0,0,0,0,-8,-8,-8,-8,-8,-8,0,0,1,0,0,0,0,0,0,1,1,0,1,0,0,0,0,1,0,4,1,0,0,0,0,0,0,1,2,-7,-7,-7,-7,-7,-7,-7,1,2,5,2,500000,75000,4,4,3,3,3,3,3,2,-7,2,2,2,1,1,1,2,1,1,1,1,1,3,2,1,2,4,0,0,0,0,0,0,0,0,NA,1,0,0,0,0,1,0,0,0,1,0,5,5,2,1,1,0,0,0,1,2,NA,2,-7,-7,2,1,2,-7,-7,-7,2,7,1,1960,65,1,-7,2,2,1,1,1,1,5,-7,-7,-7,6,2,-7,6,11,2,2,2,2,2,2,3,3,1,1,-7,2,2,2,2,0,0,1,0,0,0,bas25_05505,194.86128246,1,24510,Mount Washington/Coldspring,9,20,17:37:39,9,20,18:01:52,2,1,2,2,4,4,1,5,0,1
15,4,2,2,2,2,2,2,3,3,3,1,3,2,1,1,2,1,3,2,2,1,5,5,2,3,1,1,1,2,3,3,4,4,5,4,-8,-8,-8,-8,-8,-8,-8,-8,2,4,3,3,3,4,3,4,-7,3,3,3,3,3,3,1,4,1,4,3,3,4,5,1,1,0,1,1,1,1,0,1,1,0,1,1,0,0,0,0,1,1,1,1,1,1,0,0,0,0,0,1,0,0,1,0,0,0,1,1,1,1,0,0,0,1,1,0,0,1,1,1,1,0,2,1,1,1,0,0,0,0,1,4,-7,-7,-7,-7,-7,-7,-7,9,-7,-7,-7,500000,"50,000 buv",4,4,4,5,2,3,2,2,-7,2,2,3,4,4,4,2,2,3,2,1,2,3,4,1,1,4,0,1,0,1,0,1,0,0,NA,0,0,1,0,0,1,0,0,1,1,0,5,2,3,3,1,1,1,0,1,3,Not sure,-8,-7,-7,4,1,-8,-7,-7,-7,1,6,-8,1971,54,1,-7,2,2,1,1,1,8,-7,-7,-7,-7,3,1,4,-7,4,2,1,2,2,1,2,4,3,1,1,-7,2,2,2,2,0,0,1,0,0,0,bas25_05506,1915.6057779,2,24005,-7,9,13,13:30:18,9,13,13:55:34,2,1,1,2,2,4,1,4,0,1
7,3,1,2,2,2,4,2,3,2,2,1,3,1,1,1,1,1,1,1,1,1,2,1,1,2,2,1,2,3,3,3,4,4,2,3,1,1,1,1,2,1,2,2,2,3,1,1,3,3,2,-7,1,3,3,3,3,3,3,1,3,1,1,2,2,2,1,1,1,1,0,0,0,0,0,0,1,0,0,0,0,1,0,0,0,0,0,0,1,0,0,0,0,0,1,0,0,0,0,0,0,0,0,1,0,0,0,0,1,1,0,1,0,1,1,1,1,0,1,0,0,0,0,1,0,0,2,-7,0,0,1,1,1,0,0,5,-7,-7,-7,100000,26000,4,4,4,4,3,3,3,2,-7,2,2,1,3,3,3,5,1,2,2,1,1,3,2,1,1,1,0,0,0,1,0,0,0,0,NA,0,1,1,0,0,0,0,0,0,0,0,5,5,2,1,1,0,0,0,1,2,NA,2,-7,-7,2,1,2,-7,-7,-7,1,5,1,1950,75,2,-7,2,2,1,1,1,9,-7,-7,-7,-7,1,2,-7,1,6,1,1,2,1,2,2,4,2,1,1,-7,1,1,1,1,0,1,0,0,0,0,bas25_05507,1836.3169767,2,24005,-7,9,4,15:43:11,9,4,16:32:29,1,1,2,1,3,3,2,5,0,1
3,4,2,2,3,2,3,3,3,4,3,3,3,4,3,2,2,1,1,2,1,2,3,3,3,3,3,4,4,2,3,3,3,3,3,3,1,1,1,1,1,1,1,1,2,4,4,4,4,4,5,-7,4,3,3,3,3,3,3,1,1,1,5,2,2,3,2,3,1,1,1,0,0,1,0,0,0,0,1,0,0,1,0,0,1,1,0,1,0,0,0,0,0,0,1,0,0,0,0,0,1,0,0,1,1,0,0,0,1,0,1,1,0,1,0,1,0,0,5,-8,-8,-8,-8,-8,-8,-8,2,-7,0,0,1,0,0,0,0,1,2,4,3,350000,55000,4,4,4,3,2,2,2,1,2,1,1,2,4,2,2,3,2,3,3,1,2,2,3,1,1,4,0,0,0,0,0,0,0,0,NA,1,0,0,0,0,0,0,0,0,1,0,3,3,2,1,1,0,0,0,1,2,NA,2,-7,-7,2,1,2,-7,-7,-7,1,6,1,1985,40,1,-7,2,1,1,1,1,2,-7,-7,-7,-7,1,1,5,-7,5,1,1,2,1,1,2,3,2,1,5,1,-6,-6,4,6,0,0,0,0,0,1,bas25_05509,421.03139801,1,24510,Cedonia/Frankford,8,31,11:02:56,8,31,11:53:07,1,1,2,3,2,4,1,3,0,1
2,4,1,2,2,2,3,3,3,3,2,3,3,2,2,1,3,3,3,3,2,2,3,2,2,3,2,1,2,2,2,2,3,3,3,3,1,1,1,1,2,1,2,1,2,3,3,3,3,3,2,-7,4,3,3,3,3,3,3,1,4,1,2,2,3,3,2,1,1,0,0,0,0,0,0,0,1,0,0,0,0,0,0,0,0,0,0,1,1,1,0,0,0,0,1,0,0,0,0,0,1,1,0,0,1,0,0,0,1,1,0,0,1,0,0,0,0,0,2,-8,-8,-8,-8,-8,-8,-8,3,-7,-7,-7,-7,-7,-7,-7,-7,1,3,2,4,100000,40000,3,3,3,3,3,3,3,2,-7,2,2,2,1,2,1,1,1,1,1,1,1,2,2,2,2,1,-8,-8,-8,-8,-8,-8,-8,-8,NA,-8,0,0,0,0,0,0,0,0,0,1,4,5,1,1,1,0,0,0,1,2,NA,2,-7,-7,4,1,2,-7,-7,-7,2,6,5,2001,24,1,-7,2,2,1,1,1,2,-7,-7,-7,-7,3,1,1,-7,1,2,2,2,2,2,2,3,3,1,1,-7,2,2,2,2,0,0,1,0,0,0,bas25_05510,1287.0292498,1,24510,Inner Harbor/Federal Hill,8,28,07:32:43,8,28,07:54:10,2,1,2,2,1,4,1,1,0,1
40,6,2,2,2,2,2,1,2,3,3,3,3,3,1,1,2,2,1,1,1,1,1,1,1,1,1,1,1,1,3,2,4,4,4,4,1,1,1,1,1,-8,2,2,2,3,2,4,3,2,2,4,-7,2,1,2,1,1,1,2,2,2,1,2,2,2,1,1,1,0,0,0,0,0,0,0,0,0,1,0,0,0,0,0,0,0,0,0,1,0,1,0,0,-8,-8,-8,-8,-8,-8,-8,-8,-8,-8,-8,-8,-8,0,0,1,0,0,0,1,0,1,0,1,0,1,1,0,0,0,0,0,0,3,-7,-7,-7,-7,-7,-7,-7,-7,5,-7,-7,-7,100k,50k,3,4,3,4,1,1,1,1,1,1,1,4,5,5,5,5,5,5,5,2,1,4,2,1,1,5,0,1,0,1,0,0,1,0,NA,0,1,0,0,0,0,1,0,1,1,0,4,5,2,2,0,1,0,0,1,2,NA,1,3,1,3,1,2,-7,-7,-7,2,4,2,1954,71,1,-7,2,2,1,1,1,1,1,-7,-7,-7,3,1,4,-7,4,2,2,2,1,2,2,3,3,1,1,-7,2,2,2,2,0,0,1,0,0,0,bas25_05515,1456.3008138,2,24005,-7,9,9,10:48:25,9,9,11:40:48,1,1,1,2,2,3,1,5,10,3
27,3,2,2,-8,2,3,3,3,-8,-8,2,3,3,-8,-8,-8,1,-8,-8,-8,-8,2,4,2,3,3,2,3,2,3,3,3,3,-8,-8,-8,-8,-8,-8,-8,-8,-8,-8,2,4,3,-8,4,-8,4,-7,3,3,2,3,2,2,2,1,4,1,2,3,3,2,1,1,1,0,0,0,0,0,0,0,0,1,0,0,0,0,0,0,0,1,0,0,0,0,0,0,0,-8,-8,-8,-8,-8,-8,-8,-8,-8,-8,-8,-8,-8,0,0,1,1,0,-8,-8,-8,-8,-8,-8,-8,2,-8,-8,-8,-8,-8,-8,-8,3,-7,-7,-7,-7,-7,-7,-7,-7,1,2,5,3,300000,50000,4,-8,3,4,3,3,3,2,-7,2,2,-8,1,1,2,2,1,2,2,1,1,3,3,1,1,1,0,1,0,0,0,0,0,0,NA,0,-8,-8,-8,-8,-8,-8,-8,-8,-8,-8,5,5,2,1,0,1,0,0,1,2,NA,2,-7,-7,2,1,2,-7,-7,-7,2,7,1,1963,62,1,-7,-8,-8,1,-8,1,4,-7,-7,2,-7,5,-8,-7,-7,-6,-8,2,2,2,2,2,-8,-8,1,1,-7,-6,-6,-6,-6,-8,-8,-8,-8,-8,-8,bas25_05517,162.05692471,1,24510,Greater Charles Village/Barclay,9,6,18:36:29,9,6,18:55:50,1,2,2,-6,-6,4,1,4,4,2
21,2,2,2,2,2,4,3,3,2,4,1,3,2,2,2,2,1,1,2,1,1,1,3,3,2,1,1,1,1,2,2,2,2,2,2,1,1,1,1,1,1,1,1,2,3,3,1,3,2,2,2,-7,3,3,3,3,3,3,1,1,1,1,2,2,1,1,1,1,1,0,0,0,0,0,0,1,0,0,0,0,1,0,0,0,0,0,0,1,1,0,0,0,-8,-8,-8,-8,-8,-8,-8,-8,-8,-8,-8,-8,-8,1,0,1,0,0,0,0,0,0,0,0,1,1,-8,-8,-8,-8,-8,-8,-8,1,2,-7,-7,-7,-7,-7,-7,-7,5,-7,-7,-7,1000000,20000,2,2,2,2,3,3,3,2,-7,2,2,1,1,1,1,1,1,1,1,1,1,2,2,1,1,1,0,0,0,0,0,0,0,0,NA,1,0,0,0,0,0,0,0,0,0,1,5,5,2,4,1,0,0,0,2,2,NA,2,-7,-7,2,2,2,-7,-7,-7,2,6,3,1955,70,1,-7,2,2,1,1,1,2,-7,-7,-7,-7,7,2,-7,1,6,2,2,2,2,2,2,2,1,1,1,-7,2,2,2,2,0,0,1,0,0,0,bas25_05518,1136.4531358,2,24005,-7,10,1,17:29:22,10,1,17:57:17,1,2,1,2,3,4,1,5,0,1
0,2,1,1,2,2,4,4,2,4,3,2,3,3,2,2,1,1,1,2,1,1,1,2,1,4,1,1,1,3,4,4,4,3,3,3,2,1,1,1,1,1,1,1,2,5,5,1,5,5,5,-7,4,3,3,3,3,3,3,1,1,1,1,2,1,1,1,1,1,1,1,0,1,1,0,0,0,0,0,0,0,1,1,0,1,1,0,0,0,0,0,0,0,0,0,0,1,0,0,0,0,0,0,0,1,0,0,0,1,1,0,0,0,0,0,0,0,1,1,0,1,0,0,0,0,0,3,-7,-7,-7,-7,-7,-7,-7,-7,5,-7,-7,-7,10000,15000,3,4,3,4,3,3,3,2,-7,2,2,2,1,1,1,1,1,1,1,1,1,3,3,1,2,4,0,1,0,1,0,0,1,0,NA,0,0,0,1,0,0,1,0,0,0,0,4,5,1,1,1,0,0,0,1,2,NA,2,-7,-7,-8,-7,2,-7,-7,-7,2,4,2,1942,83,2,-7,2,2,1,1,1,1,4,-7,-7,-7,2,1,2,-7,2,2,2,2,2,2,2,2,3,1,1,-7,2,2,2,2,0,0,1,0,0,0,bas25_05523,523.8084045,2,24005,-7,9,5,11:25:49,9,5,12:06:27,1,2,2,2,1,3,2,5,0,1
3,2,3,2,3,3,2,2,4,4,2,3,3,4,2,1,3,2,1,4,2,3,5,1,2,2,1,3,3,3,4,3,-8,1,1,3,2,1,2,1,1,2,1,2,1,5,4,2,1,5,5,-7,3,3,3,3,3,3,2,1,-8,2,2,2,2,3,2,1,2,0,0,0,0,0,0,0,0,1,0,0,0,1,0,0,0,0,0,0,0,0,0,0,0,0,0,1,0,0,0,1,1,1,1,1,1,1,0,0,1,1,0,0,0,0,0,0,0,1,3,0,0,0,0,1,0,0,3,-7,-7,-7,-7,-7,-7,-7,-7,5,-7,-7,-7,500000,25000,3,5,3,-8,1,1,2,1,1,1,1,4,5,2,3,5,2,3,3,-8,3,4,4,1,1,1,0,0,0,0,0,0,0,0,NA,1,1,1,0,0,0,1,0,0,0,0,3,5,1,2,1,0,0,0,1,5,NA,2,-7,-7,1,-7,2,-7,-7,-7,2,3,2,1957,68,1,-7,2,2,1,1,1,8,-7,-7,-7,-7,9,1,1,-7,1,1,2,1,2,2,2,3,2,1,1,-7,1,1,1,1,0,1,0,0,0,0,bas25_05526,474.38313085,1,24510,Southern Park Heights,9,9,10:36:10,9,9,11:07:50,1,2,2,1,1,2,1,5,1,1
3,1,5,3,3,4,2,2,5,5,5,5,5,5,5,4,5,5,5,5,5,5,2,3,5,4,3,5,5,3,4,4,4,3,3,-8,2,2,2,2,2,2,2,2,2,5,5,5,5,5,5,-7,5,3,3,2,3,3,3,1,3,1,2,3,2,3,3,3,1,0,0,0,0,0,0,0,1,0,0,0,0,0,0,0,0,0,0,0,1,1,0,0,0,-8,-8,-8,-8,-8,-8,0,1,0,1,0,0,0,0,0,1,1,0,0,0,0,0,0,0,1,2,1,0,0,0,0,0,0,1,4,-7,-7,-7,-7,-7,-7,-7,7,-7,-7,-7,200000,12000,4,5,4,5,2,3,2,2,-7,2,2,4,4,4,4,4,3,-8,-8,1,1,4,5,2,2,5,1,1,0,1,1,1,1,0,NA,0,0,1,0,0,1,0,0,1,1,0,5,5,2,4,1,0,0,0,1,2,NA,2,-7,-7,2,1,1,2,0,0,2,7,1,1990,35,1,-7,2,2,3,3,3,8,-7,-7,-7,-7,1,1,2,-7,2,2,2,2,2,2,2,5,4,3,5,2,2,2,2,2,0,0,1,0,0,0,bas25_05529,233.90110564,1,24510,Southwest Baltimore,9,19,13:06:39,9,19,13:39:02,1,1,2,2,1,4,1,3,1,1
0,3,3,2,3,3,2,2,4,4,3,3,3,4,2,2,2,2,2,2,2,2,3,3,3,3,3,2,3,2,3,3,3,3,3,4,2,1,2,1,2,2,1,2,1,2,3,3,3,3,3,-7,4,3,3,3,3,3,3,1,4,1,2,2,1,3,2,2,1,0,0,0,0,1,0,1,1,0,0,0,0,0,0,0,0,1,0,0,1,1,0,0,0,0,0,0,1,0,0,-8,-8,-8,-8,-8,-8,-8,1,0,0,1,0,0,1,0,1,0,0,0,2,1,0,1,1,1,0,0,3,-7,-7,-7,-7,-7,-7,-7,-7,1,1,2,3,300000,65000,4,3,4,4,2,2,2,2,-7,1,2,3,2,2,2,2,2,2,2,2,2,4,4,1,2,1,0,0,0,0,0,0,0,0,NA,1,1,0,0,0,0,0,0,0,0,0,4,4,2,1,0,1,0,0,1,2,NA,2,-7,-7,1,-7,1,0,1,0,2,6,5,1991,34,2,-7,2,2,1,1,1,9,-7,-7,-7,-7,1,2,-7,2,7,2,2,2,2,2,2,3,1,1,1,-7,2,2,2,2,0,0,1,0,0,0,bas25_05530,377.82155037,1,24510,Chinquapin Park/Belvedere,9,19,12:15:49,9,19,12:37:39,1,2,2,2,3,4,2,2,0,1
6,4,2,1,2,1,3,3,2,2,2,2,2,2,2,2,3,2,1,3,2,1,3,3,3,2,1,1,1,2,2,2,4,2,2,3,1,1,1,1,1,1,1,2,1,3,4,3,4,4,2,4,-7,3,3,3,3,3,3,1,3,2,4,1,1,3,3,2,1,0,0,0,0,1,0,1,1,0,0,0,0,0,0,0,0,0,0,0,1,0,0,0,0,-8,-8,-8,-8,-8,-8,1,1,1,1,1,1,1,0,0,1,1,0,0,1,0,0,0,0,0,2,1,0,0,0,0,0,0,3,-7,-7,-7,-7,-7,-7,-7,-7,1,2,2,4,250000,30000,3,3,3,4,3,3,3,2,-7,2,2,1,1,1,1,2,1,1,1,2,1,1,2,2,1,2,0,0,0,0,0,0,0,0,NA,1,0,1,0,0,1,0,0,0,0,0,5,5,2,1,1,0,0,0,1,2,NA,2,-7,-7,2,1,2,-7,-7,-7,2,7,1,1990,35,2,-7,2,2,1,3,1,4,-7,-7,4,-7,1,2,-7,4,9,2,2,2,2,2,2,5,2,1,1,-7,2,2,2,2,0,0,1,0,0,0,bas25_05555,486.06828822,1,24510,Fells Point,9,26,13:18:32,9,26,13:48:40,1,1,1,2,4,4,2,3,0,1
5,4,1,2,3,2,3,3,4,4,3,2,3,2,2,2,2,1,3,5,1,5,1,1,2,3,1,6,-7,2,2,2,3,3,3,3,1,1,1,1,1,2,2,2,2,5,5,4,5,5,5,-7,3,3,3,3,3,3,3,1,1,1,2,2,2,3,1,1,1,1,0,0,1,1,0,0,1,0,0,0,0,1,1,0,1,1,0,0,1,1,0,0,0,0,1,0,0,0,0,0,0,0,1,1,1,1,0,0,1,1,0,1,1,1,0,1,0,0,4,-8,-8,-8,-8,-8,-8,-8,2,-7,1,1,1,1,0,0,0,7,-7,-7,-7,75000,18000,4,4,4,4,3,3,3,2,-7,2,2,3,3,3,4,5,2,1,-8,-8,1,3,3,1,1,1,0,0,0,0,0,0,0,0,NA,1,1,0,0,0,0,0,0,0,0,0,5,5,2,4,0,1,0,0,1,2,NA,2,-7,-7,3,2,2,-7,-7,-7,1,4,3,1965,60,2,-7,2,2,1,1,1,1,1,-7,-7,-7,6,1,5,-7,5,2,1,2,2,2,2,3,3,1,1,-7,1,1,1,1,0,1,0,0,0,0,bas25_05557,1451.4913248,1,24510,Dorchester/Ashburton,10,8,18:52:26,10,8,19:24:56,2,2,2,1,2,3,2,4,0,1
10,4,1,2,2,2,3,2,2,3,3,2,3,3,2,2,4,1,1,2,1,1,1,2,2,2,1,3,3,3,4,4,4,5,3,3,2,1,2,1,1,1,2,1,2,4,3,3,4,3,4,-7,1,3,3,3,3,3,3,1,1,1,1,3,2,2,1,1,2,0,0,0,0,0,0,0,1,0,0,0,0,0,1,0,0,0,0,1,1,1,0,0,0,0,0,0,0,0,1,0,0,0,0,0,1,0,0,0,1,1,0,0,1,1,0,1,1,0,3,0,0,0,0,1,0,0,1,2,-7,-7,-7,-7,-7,-7,-7,1,1,3,3,300000,30000,3,5,3,3,2,2,2,2,-7,2,2,4,3,3,3,3,3,4,4,2,3,4,3,1,2,3,0,0,0,0,0,1,1,1,Extreme sweat,0,0,1,0,0,0,0,0,0,0,0,1,1,2,3,1,0,0,0,2,2,NA,1,1,-7,2,1,1,1,0,1,2,6,1,1981,44,2,-7,2,1,1,2,3,2,-7,-7,-7,-7,2,1,5,-7,5,2,2,2,2,2,2,2,1,1,1,-7,2,2,4,6,0,0,1,0,0,1,bas25_05565,1811.2258155,2,24005,-7,8,28,06:33:22,8,28,07:07:10,2,1,2,3,2,4,2,3,0,1
15,2,1,1,2,1,3,3,2,2,3,2,3,1,2,2,1,1,3,1,1,1,2,2,3,2,3,2,2,2,4,4,4,5,5,-8,2,2,2,2,2,2,2,2,2,5,5,5,5,5,5,-7,4,1,2,3,3,3,3,1,3,1,2,2,1,2,2,2,2,1,0,0,0,1,0,0,0,0,0,0,0,1,0,0,0,1,0,0,0,0,0,0,0,0,0,0,0,0,1,1,0,1,0,1,0,0,1,0,1,0,0,1,1,0,0,0,0,0,3,-8,-8,-8,-8,-8,-8,-8,2,-7,0,0,1,0,0,0,0,1,4,3,4,1000000,100000,3,4,4,5,3,3,3,2,-7,2,2,1,1,1,1,1,1,1,1,1,1,3,2,1,2,2,-8,-8,-8,-8,-8,-8,-8,-8,NA,-8,0,0,0,0,0,0,0,0,0,1,3,3,2,1,1,0,0,0,1,2,NA,1,-8,-8,2,1,1,1,-8,1,2,7,1,1973,52,1,-7,2,2,-8,-8,-8,9,-7,-7,-7,-7,-8,2,-7,6,11,2,2,2,2,2,2,3,3,-8,1,-7,-6,-6,-6,-6,-8,-8,-8,-8,-8,0,bas25_05580,456.20361937,2,24005,-7,10,5,14:25:55,10,5,14:50:03,2,1,2,-6,4,4,1,4,3,2
4,4,1,2,1,2,4,3,2,4,3,2,3,2,2,1,1,2,1,2,1,1,2,1,2,5,2,1,1,2,3,2,4,2,2,1,1,1,1,1,2,1,2,2,1,2,3,2,3,2,2,4,-7,3,3,3,2,2,3,1,3,2,5,3,1,3,3,2,1,1,1,0,1,0,0,1,1,0,1,0,0,1,1,0,1,1,1,1,1,1,1,0,0,-8,-8,-8,-8,-8,-8,0,0,1,0,0,1,1,0,0,1,1,0,0,0,0,0,0,0,1,1,0,0,0,0,0,1,0,1,4,-7,-7,-7,-7,-7,-7,-7,1,1,1,2,300000,40000,3,4,4,5,3,3,2,1,3,1,1,3,2,3,4,4,4,3,2,2,1,3,3,1,1,2,0,1,0,1,0,0,0,0,NA,0,0,0,0,0,0,1,0,0,0,0,5,5,1,1,1,0,0,0,1,2,NA,2,-7,-7,1,-7,2,-7,-7,-7,1,4,3,1983,42,1,-7,3,2,1,1,1,8,-7,-7,-7,-7,2,2,-7,2,7,2,2,2,2,2,2,4,2,1,1,-7,2,2,2,2,0,0,1,0,0,0,bas25_05585,139.81847448,1,24510,Downtown/Seton Hill,9,6,18:19:49,9,6,19:11:17,1,2,1,2,3,3,1,3,2,2
3,3,2,2,2,2,3,3,3,5,3,2,3,2,1,2,2,1,5,3,1,1,3,5,4,3,3,3,4,2,4,4,4,5,5,5,1,-8,1,1,1,1,1,1,2,4,5,5,5,4,5,5,-7,2,2,2,1,3,1,1,2,1,3,3,3,3,1,1,6,0,0,0,0,0,0,0,0,0,0,0,1,0,0,0,0,0,0,0,1,1,0,0,0,1,0,0,0,1,0,1,1,1,1,1,1,1,1,0,1,0,0,1,1,1,1,1,1,0,3,-8,-8,-8,-8,-8,-8,-8,1,4,-7,-7,-7,-7,-7,-7,-7,1,2,5,2,1000000,75000,3,5,4,5,3,3,3,2,-7,2,2,2,1,1,1,1,1,1,1,1,1,1,4,2,1,5,0,0,0,1,1,1,0,0,NA,0,0,0,0,0,0,0,0,1,1,0,5,5,2,1,0,1,0,0,1,2,NA,2,-7,-7,2,2,2,-7,-7,-7,2,7,1,1984,41,2,-7,1,2,1,1,1,9,-7,-7,-7,-7,1,2,-7,5,10,2,2,2,-8,2,2,4,2,1,1,-7,2,2,2,2,0,0,1,0,0,0,bas25_05595,344.0755637,1,24510,Beechfield/Ten Hills/West Hills,8,27,17:58:49,8,27,18:16:29,2,1,1,2,4,4,2,3,7,3
4,2,2,2,2,3,3,2,3,3,4,4,4,4,3,2,2,3,3,3,2,2,3,2,3,4,2,6,-7,3,4,4,4,4,3,3,1,1,1,1,1,2,1,2,2,5,5,5,5,4,4,-7,4,2,2,2,2,2,3,1,4,2,3,2,1,3,2,2,1,1,0,0,0,0,0,0,0,0,1,0,0,1,0,0,0,0,0,0,0,0,0,0,0,0,1,1,0,0,0,0,1,1,1,1,0,1,0,0,1,1,0,0,1,1,0,0,0,0,2,0,1,0,0,0,1,0,3,-7,-7,-7,-7,-7,-7,-7,-7,5,-7,-7,-7,500000,60000,3,4,2,4,3,3,3,2,-7,2,2,1,2,1,1,1,1,1,1,2,4,3,2,1,1,1,0,0,0,0,0,0,0,0,NA,1,0,0,0,0,0,0,1,0,0,0,4,4,1,1,1,0,0,0,2,2,NA,2,-7,-7,1,-7,2,-7,-7,-7,1,2,3,1958,67,2,-7,2,2,1,1,1,2,-7,-7,-7,-7,2,1,2,-7,2,1,2,1,1,2,2,3,2,1,1,-7,1,1,1,1,0,1,0,0,0,0,bas25_05606,894.66938808,1,24510,Loch Raven,10,6,22:05:13,10,7,15:09:58,1,1,2,1,1,1,2,5,5,2
30,2,4,2,2,2,3,1,3,5,5,5,5,5,5,5,5,2,3,4,2,2,5,3,3,5,2,2,2,3,4,4,2,5,5,5,2,1,1,1,1,1,1,1,2,5,2,3,3,2,4,-7,5,3,3,3,3,1,3,1,1,1,5,1,3,5,4,2,1,1,1,0,1,1,0,1,0,0,0,0,0,1,1,0,1,1,0,1,0,0,0,0,0,0,1,1,1,0,0,0,0,0,0,0,1,0,-8,-8,-8,-8,-8,1,1,1,1,1,1,0,5,-8,-8,-8,-8,-8,-8,-8,3,-7,-7,-7,-7,-7,-7,-7,-7,1,2,5,3,NA,NA,4,5,3,2,1,1,1,1,1,1,1,3,4,3,5,5,3,5,5,1,3,3,1,1,1,1,0,0,0,0,0,0,0,0,NA,1,0,0,0,0,0,0,0,0,0,1,3,3,2,1,0,1,0,0,1,2,NA,2,-7,-7,-8,-7,-8,-7,-7,-7,1,4,-8,-8,-8,-8,-6,-8,2,1,1,3,9,-7,-7,-7,-7,-8,-8,-7,-7,-6,-8,-8,-8,-8,-8,-8,-8,-8,1,-8,-7,-6,-6,-6,-6,-8,-8,-8,-8,-8,0,bas25_05610,485.43360462,2,24005,-7,10,1,11:31:51,10,1,11:57:35,1,2,2,-6,-6,3,-8,-8,2,2
0,6,3,2,2,3,2,3,3,2,1,4,3,4,3,2,3,2,3,4,4,3,2,4,4,1,3,2,2,3,3,3,3,3,4,4,2,2,2,2,2,2,2,1,2,4,3,4,4,4,4,-7,5,2,3,3,2,3,3,1,2,2,2,3,2,3,2,1,1,0,0,0,0,0,0,0,0,0,0,0,1,0,0,0,0,1,0,0,1,1,0,0,0,0,1,1,0,0,0,0,1,0,0,0,0,1,0,0,1,0,0,0,0,0,0,0,0,1,4,0,1,0,0,0,0,0,1,4,-7,-7,-7,-7,-7,-7,-7,6,-7,-7,-7,100000,10000,4,3,4,4,2,3,3,2,-7,2,2,3,1,3,2,3,3,2,1,1,1,1,3,2,2,2,0,0,0,0,0,1,0,0,NA,0,0,0,0,0,0,0,0,0,0,1,3,3,1,1,0,1,0,0,1,2,NA,2,-7,-7,1,-7,2,-7,-7,-7,2,6,5,2002,23,2,-7,2,2,3,3,3,9,-7,-7,-7,-7,4,2,-7,1,6,2,2,2,2,2,2,5,4,3,5,2,3,4,3,4,0,0,0,0,1,0,bas25_05640,211.27376042,1,24510,Midtown,9,1,20:22:58,9,1,20:44:59,1,1,2,3,3,4,2,1,2,2
7,3,2,2,2,2,3,3,2,4,3,2,2,2,1,1,2,2,1,3,3,3,4,5,3,3,2,1,4,3,3,3,4,3,3,4,1,1,1,1,1,1,1,2,1,2,4,3,4,4,4,-7,4,3,3,3,2,3,3,1,4,1,3,3,3,3,2,1,1,1,0,0,1,0,0,1,1,0,0,0,0,1,0,0,1,1,0,1,0,1,0,0,0,-8,-8,-8,-8,-8,-8,-8,-8,-8,-8,-8,-8,-8,0,0,1,1,0,1,1,0,0,1,1,0,1,0,0,0,1,0,0,0,1,2,-7,-7,-7,-7,-7,-7,-7,1,1,3,3,500000,85000,4,3,3,4,3,3,3,2,-7,2,2,2,1,1,1,1,1,1,1,1,1,3,4,2,2,1,0,0,0,0,0,0,0,0,NA,1,0,0,0,0,0,0,0,1,1,0,5,5,2,1,1,0,0,0,2,2,NA,2,-7,-7,1,-7,2,-7,-7,-7,2,7,5,1981,44,2,-7,2,2,1,3,3,1,7,Adventist,-7,-7,7,2,-7,4,9,2,2,2,2,2,2,3,3,1,1,-7,1,1,1,1,0,1,0,0,0,0,bas25_05645,381.22237274,1,24510,Greater Charles Village/Barclay,9,18,13:54:34,9,18,15:15:17,1,2,2,1,4,4,2,3,1,1
34,3,1,2,2,2,3,3,3,2,4,2,3,3,1,3,1,1,1,1,1,1,1,3,2,3,1,1,1,3,3,4,2,3,5,4,1,1,1,1,2,1,2,1,2,3,2,1,3,2,2,-7,2,3,3,3,3,3,3,1,3,1,1,3,3,2,1,1,1,1,0,0,0,0,0,0,1,0,0,0,0,1,0,0,0,0,0,0,1,0,0,0,0,-8,-8,-8,-8,-8,-8,0,0,0,1,0,1,0,1,0,1,0,0,0,0,0,0,0,0,1,1,-8,-8,-8,-8,-8,-8,-8,3,-7,-7,-7,-7,-7,-7,-7,-7,5,-7,-7,-7,300000,15000,3,3,2,2,3,3,3,2,-7,2,2,2,1,1,1,2,1,1,1,1,1,2,2,1,1,1,0,0,0,0,0,0,0,0,NA,1,1,1,0,0,0,0,0,0,0,0,4,2,2,1,1,0,0,0,1,2,NA,2,-7,-7,2,1,2,-7,-7,-7,2,6,1,1955,70,1,-7,2,2,1,1,1,1,3,-7,-7,-7,3,2,-7,-8,-6,2,2,2,2,2,2,1,1,1,1,-7,2,2,2,2,0,0,1,0,0,0,bas25_05658,1131.81674,2,24005,-7,9,5,16:34:58,9,5,17:01:37,1,2,2,2,-6,4,1,5,0,1
7,2,5,3,4,4,3,3,5,5,1,2,1,2,2,3,1,2,2,3,4,4,2,4,4,3,3,2,3,2,2,3,4,1,3,3,1,1,1,1,1,1,1,1,2,2,2,2,3,3,2,2,-7,2,2,2,2,2,2,-8,2,1,3,2,2,3,5,4,5,0,0,0,1,0,0,0,0,0,0,0,0,0,0,0,0,1,0,0,0,0,0,0,0,1,0,0,0,0,0,1,0,0,0,0,0,0,0,0,1,0,0,1,0,0,0,0,0,0,2,0,1,0,0,0,0,0,2,-7,1,0,0,0,0,0,0,2,4,1,1,100000,15000,3,2,3,3,1,1,2,2,-7,2,2,2,2,2,2,2,2,4,3,2,3,2,4,1,1,2,0,1,0,0,0,0,0,0,NA,0,1,1,0,0,0,0,0,0,0,0,2,2,1,2,0,1,0,0,1,2,NA,1,2,2,2,1,1,0,0,0,2,6,1,1993,32,2,-7,2,2,3,3,3,6,-7,-7,-7,-7,3,1,1,-7,1,1,1,1,2,2,2,2,4,2,1,-7,3,4,3,4,0,0,0,0,1,0,bas25_05659,3182.8477307,2,24005,-7,8,28,10:51:26,8,28,11:01:12,2,1,1,3,1,4,2,2,6,3
0,5,1,2,3,3,3,3,2,2,1,2,1,2,1,1,2,1,1,3,2,3,1,4,1,2,1,1,1,3,2,2,3,2,2,3,1,1,1,1,2,1,2,1,2,3,2,2,3,3,4,-7,4,2,1,2,1,1,1,2,3,2,2,2,1,2,4,3,1,0,0,0,1,1,0,0,1,0,0,0,0,0,0,0,1,1,0,1,0,1,0,0,0,-8,-8,-8,-8,-8,-8,0,0,0,0,1,0,0,0,0,1,1,0,0,1,1,0,1,0,0,2,-8,-8,-8,-8,-8,-8,-8,1,4,-7,-7,-7,-7,-7,-7,-7,1,2,4,2,500000,30000,4,5,3,5,2,2,3,2,-7,2,2,3,3,3,3,3,3,4,3,2,1,3,3,1,1,1,0,1,0,1,0,1,0,0,NA,0,0,0,0,0,0,0,0,0,0,1,5,5,1,2,0,1,0,0,1,2,NA,2,-7,-7,1,-7,1,0,1,0,2,7,4,1991,34,1,-7,2,2,3,3,3,2,-7,-7,-7,-7,7,1,1,-7,1,2,2,2,2,2,2,3,4,3,5,2,1,1,1,1,0,1,0,0,0,0,bas25_05662,1036.3775569,2,24005,-7,8,27,16:15:45,8,27,20:03:24,1,2,2,1,1,4,1,2,10,3
7,3,2,3,3,3,3,2,3,3,2,2,2,2,2,3,2,2,2,3,2,2,1,2,2,2,2,4,4,3,4,3,4,3,4,4,1,1,1,1,1,1,1,1,2,4,3,2,4,3,3,-7,4,2,2,2,2,1,1,2,3,1,2,3,3,3,4,3,1,0,0,0,0,0,0,0,0,0,0,0,1,0,0,0,0,0,0,0,0,1,0,0,0,0,0,0,0,0,1,0,0,1,1,1,0,0,1,0,1,0,0,0,1,0,0,0,0,0,2,1,1,0,1,0,0,0,2,-7,0,0,0,0,0,0,1,1,1,5,2,500000,25000,3,5,3,5,1,1,1,1,1,1,1,4,5,5,5,5,5,4,3,4,3,4,4,2,2,4,0,0,0,0,0,1,1,1,Headaches,0,0,1,0,0,0,0,0,0,1,0,2,2,1,2,0,0,1,0,1,3,Comcast essential,2,-7,-7,3,1,1,4,0,4,1,4,1,1981,44,1,-7,2,2,1,1,1,9,-7,-7,-7,-7,3,1,2,-7,2,2,1,1,2,2,2,3,4,3,5,1,-6,-6,-6,-6,-8,-8,-8,-8,-8,0,bas25_05667,2415.7953782,2,24005,-7,9,5,19:15:50,9,5,19:53:36,2,2,2,-6,1,3,1,3,8,3
2,2,1,1,1,1,3,4,1,1,1,1,1,1,2,1,1,2,1,2,1,1,1,1,1,1,1,4,2,2,2,1,4,2,1,2,1,1,1,1,1,1,1,1,2,2,5,2,5,5,5,4,-7,2,1,1,1,1,1,1,4,2,1,3,1,1,1,1,1,0,0,0,0,0,0,0,1,0,0,0,0,0,0,0,0,0,0,0,1,1,0,0,0,-8,-8,-8,-8,-8,-8,-8,-8,-8,-8,-8,-8,-8,1,0,0,1,0,0,1,0,0,1,0,0,3,-8,-8,-8,-8,-8,-8,-8,3,1,-7,-7,-7,-7,-7,-7,-7,1,2,4,3,100000,50000,4,2,4,4,3,3,3,2,-7,2,2,1,1,1,1,1,1,1,1,1,1,1,1,1,1,1,0,0,0,0,0,0,0,0,NA,1,0,0,0,0,0,0,0,0,1,0,5,5,1,1,1,0,0,0,2,2,NA,2,-7,-7,1,-7,2,-7,-7,-7,2,7,1,1998,27,2,-7,3,2,3,3,3,9,-7,-7,-7,-7,2,1,5,1,5,2,2,2,2,2,2,3,4,3,5,2,3,4,3,4,0,0,0,0,1,0,bas25_05669,142.48819806,1,24510,Midtown,9,8,16:32:19,9,8,16:44:15,1,1,1,3,2,4,2,2,11,3
1,6,1,1,3,1,3,3,2,4,3,3,3,2,1,2,1,1,1,1,1,1,1,1,2,1,1,1,1,2,3,3,3,3,2,-8,-8,-8,-8,-8,-8,-8,-8,-8,2,3,5,1,5,5,5,5,-7,3,3,3,3,3,3,1,1,1,1,2,1,1,1,1,7,1,1,0,0,0,0,0,0,0,0,0,0,1,1,0,0,0,0,0,0,0,0,0,0,-8,-8,-8,-8,-8,-8,-8,-8,-8,-8,-8,-8,-8,1,0,1,0,0,0,0,0,0,0,0,1,1,-8,-8,-8,-8,-8,-8,-8,1,4,-7,-7,-7,-7,-7,-7,-7,1,5,1,4,150000,30000,3,5,3,5,3,3,3,2,-7,2,2,1,1,1,1,1,1,1,1,1,1,3,2,1,1,1,0,0,0,0,0,0,0,0,NA,1,0,0,0,1,0,0,0,0,0,0,2,2,2,1,1,0,0,0,2,2,NA,1,1,-7,1,-7,1,0,0,1,2,4,1,1964,61,2,-7,2,2,1,1,1,8,-7,-7,-7,-7,1,2,-7,6,11,2,2,2,2,2,2,3,3,2,1,-7,1,1,1,1,-8,1,1,1,-8,0,bas25_05674,212.0978908,1,24510,Midtown,9,8,06:01:20,9,8,06:35:38,2,2,1,1,4,3,2,4,0,1
5,4,2,2,3,3,3,2,3,5,3,3,2,3,1,1,2,2,5,2,3,3,4,2,2,3,2,2,2,2,2,2,4,3,3,3,2,1,1,2,2,1,2,1,2,3,4,4,4,4,4,4,-7,3,3,3,3,3,3,1,1,2,2,3,1,3,2,1,1,0,0,0,0,0,1,0,0,0,0,0,0,0,0,0,0,0,0,0,0,0,0,1,0,-8,-8,-8,-8,-8,-8,-8,-8,-8,-8,-8,-8,-8,0,0,1,1,0,0,0,0,0,0,1,0,3,-8,-8,-8,-8,-8,-8,-8,1,4,-7,-7,-7,-7,-7,-7,-7,1,3,4,3,200000,40000,3,4,4,5,2,3,3,2,-7,2,2,2,2,2,2,2,2,2,2,1,2,3,4,1,1,1,0,0,0,0,0,0,0,0,NA,1,1,0,0,1,1,0,0,0,1,0,1,1,1,1,1,0,0,0,1,2,NA,2,-7,-7,1,-7,2,-7,-7,-7,1,6,5,1988,37,2,-7,1,2,1,1,1,8,-7,-7,-7,-7,1,2,-7,1,6,2,2,2,2,2,2,4,3,1,1,-7,2,2,2,2,0,0,1,0,0,0,bas25_05686,297.98251369,1,24510,Midtown,8,27,19:38:27,8,27,20:13:36,1,2,1,2,3,4,2,3,0,1
23,2,1,2,4,2,3,2,3,5,5,2,3,4,1,2,2,1,1,2,1,2,1,3,2,5,1,1,1,2,2,2,4,4,2,3,1,1,1,1,2,2,2,2,2,3,2,2,5,5,5,-7,4,3,3,3,3,3,3,1,4,1,2,1,1,3,3,1,1,0,0,0,0,0,0,1,1,0,0,0,0,0,0,0,0,0,0,1,1,0,0,0,0,0,0,0,0,1,0,0,0,0,0,1,1,0,0,0,1,1,0,0,0,0,0,0,0,1,1,-8,-8,-8,-8,-8,-8,-8,3,-7,-7,-7,-7,-7,-7,-7,-7,5,-7,-7,-7,250000,50000,4,5,3,5,3,3,3,2,-7,2,2,1,1,1,2,1,1,1,1,1,1,1,1,1,1,1,0,0,0,0,0,0,0,0,NA,1,0,1,0,0,0,0,0,1,0,0,5,5,2,1,0,1,0,0,1,2,NA,2,-7,-7,1,-7,2,-7,-7,-7,2,7,5,1969,56,1,-7,2,2,1,1,1,1,3,-7,-7,-7,8,1,5,-7,5,2,2,2,2,2,2,3,2,1,1,-7,2,2,2,2,0,0,1,0,0,0,bas25_05696,261.98784291,2,24005,-7,8,27,14:15:40,8,27,14:41:58,1,1,2,2,2,4,1,4,0,1
1,3,2,2,3,2,3,3,2,5,3,2,3,3,3,2,2,5,3,3,2,2,4,4,3,4,2,2,2,2,2,3,4,2,3,2,2,1,2,1,2,2,1,2,1,3,5,2,5,5,4,-7,4,3,2,3,3,3,3,1,1,1,2,3,3,3,2,1,1,0,0,0,0,1,0,0,1,0,0,0,0,0,0,0,0,0,0,0,1,1,0,0,0,0,0,1,0,0,0,0,1,0,0,0,0,1,1,0,0,1,0,0,0,0,0,1,0,0,1,-8,-8,-8,-8,-8,-8,-8,3,-7,-7,-7,-7,-7,-7,-7,-7,1,1,2,1,100000,50000,3,2,4,4,3,3,3,2,-7,2,2,1,1,2,2,1,1,1,1,1,1,4,4,2,1,1,0,0,0,0,0,1,0,0,NA,0,0,0,0,0,0,0,0,1,1,0,5,5,2,1,1,0,0,0,1,2,NA,2,-7,-7,1,-7,2,-7,-7,-7,1,6,5,1989,36,2,-7,1,2,1,3,1,9,-7,-7,-7,-7,1,2,-7,3,8,2,2,2,2,2,2,5,2,1,1,-7,3,5,3,5,1,0,1,0,1,0,bas25_05712,253.7892688,1,24510,Madison/East End,8,28,09:20:50,8,28,09:39:49,1,1,2,3,4,4,2,3,1,1
9,2,3,3,3,3,3,2,3,4,3,4,4,4,3,4,4,3,3,5,3,4,2,3,3,3,2,2,2,2,3,3,4,3,4,5,1,1,1,1,1,1,1,1,1,4,3,2,4,4,4,-7,4,3,2,3,2,1,1,2,5,2,3,3,3,3,3,4,3,1,0,0,0,0,0,0,0,0,0,0,0,1,0,0,0,0,0,0,0,0,0,0,0,0,1,0,0,0,0,0,0,0,1,0,0,0,0,0,1,1,0,0,0,0,0,0,0,1,4,1,0,0,0,0,0,0,3,-7,-7,-7,-7,-7,-7,-7,-7,8,-7,-7,-7,150000,10000,4,5,4,5,1,1,1,1,2,1,2,3,4,3,4,4,4,3,3,2,1,4,3,1,1,3,0,0,0,1,0,1,0,0,NA,0,0,1,0,1,1,0,0,1,1,0,3,3,1,1,0,0,1,0,1,2,NA,2,-7,-7,1,-7,2,-7,-7,-7,1,3,3,1969,56,1,-7,2,2,1,1,1,8,-7,-7,-7,-7,7,1,1,-7,1,1,1,1,2,1,2,3,3,1,4,1,2,2,2,2,0,0,1,0,0,0,bas25_05738,529.45863334,2,24005,-7,8,29,17:25:34,8,29,18:04:42,2,1,2,2,1,2,1,4,6,3
2,3,2,2,2,2,3,3,4,5,3,2,3,3,2,1,2,1,2,1,1,1,1,3,3,3,3,2,2,2,3,2,4,3,5,5,1,2,1,2,1,2,2,1,2,4,4,4,5,5,4,5,-7,3,3,3,3,3,3,1,1,1,3,3,3,3,1,1,2,0,1,0,0,1,0,0,0,0,0,0,0,0,0,0,0,1,0,0,1,1,0,0,0,0,0,0,0,0,1,0,0,1,0,1,1,0,0,0,1,1,0,0,0,1,0,1,1,0,4,-8,-8,-8,-8,-8,-8,-8,3,-7,-7,-7,-7,-7,-7,-7,-7,5,-7,-7,-7,300000,38000,4,4,4,4,3,3,3,2,-7,2,2,1,1,1,1,1,1,1,1,1,1,3,2,1,1,1,0,1,1,1,0,0,0,0,NA,0,1,1,0,0,1,0,1,0,0,0,5,5,2,1,1,0,0,0,1,2,NA,2,-7,-7,1,-7,2,-7,-7,-7,1,6,3,1949,76,1,-7,2,2,1,1,1,2,-7,-7,-7,-7,1,1,5,-7,5,2,2,2,2,2,2,5,2,1,1,-7,2,2,2,2,0,0,1,0,0,0,bas25_05739,146.76810569,1,24510,Greater Roland Park/Poplar Hill,10,2,11:14:38,10,2,11:53:40,2,2,1,2,2,4,1,5,0,1
8,2,2,2,2,2,3,3,3,4,3,2,3,2,2,2,1,1,1,1,1,1,2,3,2,3,2,2,1,2,4,4,4,3,3,3,1,1,1,1,2,1,2,2,2,5,5,5,5,4,5,-7,5,3,3,3,3,2,3,1,1,1,1,2,3,3,1,1,1,1,0,1,0,0,0,1,0,1,0,0,0,1,1,0,0,0,0,1,0,1,0,0,0,-8,-8,-8,-8,-8,-8,0,1,0,1,1,1,0,0,0,1,1,0,0,0,1,0,0,0,0,4,-8,-8,-8,-8,-8,-8,-8,1,4,-7,-7,-7,-7,-7,-7,-7,1,1,5,4,2000000,60000,4,5,4,5,3,3,3,2,-7,2,2,3,1,1,2,5,1,1,1,1,1,4,3,1,1,5,0,0,0,1,0,0,0,0,NA,0,1,0,0,0,0,0,0,0,0,0,4,3,2,1,1,0,1,0,1,2,NA,2,-7,-7,1,-7,2,-7,-7,-7,2,6,3,1961,64,1,-7,2,2,1,1,1,9,-7,-7,-7,-7,1,1,5,-7,5,2,1,2,2,2,2,3,3,1,1,-7,1,1,1,1,0,1,0,0,0,0,bas25_05769,272.29199246,1,24510,Greater Rosemont,8,27,18:19:27,8,27,18:47:18,2,2,2,1,2,4,1,4,1,1
23,4,1,1,1,1,4,4,1,3,3,4,4,3,2,3,4,1,5,1,1,1,3,3,3,3,4,3,3,2,4,4,2,4,3,3,2,2,2,1,1,1,1,1,2,5,4,5,5,4,5,-7,4,3,3,3,3,3,3,1,1,1,1,3,1,3,1,1,2,0,0,0,0,1,0,0,0,0,0,0,0,0,0,0,0,1,0,0,0,1,0,0,0,-8,-8,-8,-8,-8,-8,-8,-8,-8,-8,-8,-8,-8,1,0,0,1,0,0,0,0,1,0,0,0,1,-8,-8,-8,-8,-8,-8,-8,3,-7,-7,-7,-7,-7,-7,-7,-7,1,1,5,3,1000000,100000,4,4,2,2,3,3,3,2,-7,2,2,3,2,2,2,2,1,2,2,1,1,3,3,1,1,1,0,0,1,0,0,0,0,0,NA,0,0,1,0,1,0,0,0,0,0,0,5,5,2,1,1,0,0,0,1,2,NA,1,1,-7,2,1,1,2,0,2,2,7,1,1972,53,2,-7,2,2,3,1,1,4,-7,-7,1,-7,9,2,-7,-8,-6,2,2,2,2,2,2,2,2,1,1,-7,2,2,2,2,0,0,1,0,0,0,bas25_05777,427.34666584,1,24510,Cross-Country/Cheswolde,8,29,16:01:23,8,29,16:55:31,1,2,2,2,-6,4,2,4,0,1
4,3,1,2,2,2,3,3,2,1,2,1,3,1,1,2,2,1,1,1,1,1,1,5,2,1,1,1,1,3,2,3,4,2,-8,-8,-8,-8,1,1,-8,1,-8,-8,2,2,2,1,1,-8,-8,4,-7,3,3,3,3,3,3,1,3,1,1,2,3,1,2,1,6,0,0,0,0,1,1,0,0,1,0,0,0,0,0,0,0,1,0,0,0,1,0,0,0,0,1,0,0,0,0,-8,-8,-8,-8,-8,-8,-8,-8,-8,-8,-8,-8,-8,-8,-8,-8,-8,-8,-8,3,-8,-8,-8,-8,-8,-8,-8,3,-7,-7,-7,-7,-7,-7,-7,-7,1,5,3,2,500000,50000,2,2,4,5,3,3,3,2,-7,2,2,3,3,3,3,3,1,3,2,4,2,4,4,1,1,1,0,0,0,0,0,0,0,0,NA,1,-8,-8,-8,-8,-8,-8,-8,-8,-8,-8,5,5,2,1,1,0,0,0,1,2,NA,2,-7,-7,2,1,2,-7,-7,-7,2,6,1,1977,48,2,-7,2,2,1,1,1,9,-7,-7,-7,-7,3,2,-7,5,10,2,2,2,2,2,2,3,2,1,1,-7,2,2,2,2,0,0,1,0,0,0,bas25_05785,1773.9498833,2,24005,-7,8,31,08:44:40,9,10,09:18:37,1,1,1,2,4,4,2,3,0,1
9,3,2,2,3,2,2,3,4,1,3,2,3,2,3,2,1,3,1,2,1,2,1,5,1,1,2,2,4,2,4,2,4,3,4,4,1,1,1,2,1,1,1,1,2,4,3,3,5,5,5,-7,5,3,3,3,3,3,3,1,4,1,2,2,1,2,2,1,6,1,0,0,0,1,0,1,1,0,1,0,0,0,0,0,0,0,0,1,1,1,0,0,0,-8,-8,-8,-8,-8,-8,-8,-8,-8,-8,-8,-8,-8,-8,-8,-8,-8,-8,0,1,1,1,0,1,0,1,1,0,0,1,0,0,0,1,4,-7,-7,-7,-7,-7,-7,-7,1,1,4,1,1M,100k,3,4,4,5,3,3,3,2,-7,2,2,1,1,1,1,1,1,1,1,1,1,1,1,1,1,1,-8,-8,-8,-8,-8,-8,-8,-8,NA,-8,-8,-8,-8,-8,-8,-8,-8,-8,-8,-8,1,1,2,1,1,0,0,0,1,2,NA,2,-7,-7,2,1,1,1,0,0,2,7,1,1985,40,1,-7,2,2,1,1,1,9,-7,-7,-7,-7,1,2,-7,6,11,2,2,2,2,2,2,5,2,1,1,-7,2,2,2,2,0,0,1,0,0,0,bas25_05786,772.6692446,2,24005,-7,9,18,17:21:29,9,18,17:36:24,1,2,2,2,4,4,1,3,0,1
19,3,1,2,3,2,3,3,3,2,3,2,2,3,1,2,1,1,1,2,1,2,1,2,2,2,1,2,3,2,2,2,4,3,3,-8,1,1,1,1,1,1,-8,1,1,3,4,2,4,4,5,-7,3,3,3,3,3,2,2,1,4,2,3,1,2,2,1,1,1,1,0,0,0,1,0,0,0,0,0,0,0,1,0,1,1,0,0,0,0,0,0,0,0,-8,-8,-8,-8,-8,-8,0,1,0,0,0,1,0,1,0,1,0,0,0,0,0,0,0,0,1,2,-8,-8,-8,-8,-8,-8,-8,3,-7,-7,-7,-7,-7,-7,-7,-7,5,-7,-7,-7,100000,40000,3,3,4,4,3,3,3,2,-7,2,2,2,1,1,1,2,1,1,1,3,1,4,3,1,1,1,0,0,0,0,0,0,0,0,NA,1,1,0,0,0,0,0,0,0,0,0,5,5,2,4,0,1,0,0,2,1,NA,2,-7,-7,1,-7,2,-7,-7,-7,2,7,3,1941,84,1,-7,2,2,1,1,1,9,-7,-7,-7,-7,2,1,5,-7,5,2,2,2,2,2,2,4,2,1,1,-7,2,2,2,2,0,0,1,0,0,0,bas25_05798,96.444260719,1,24510,Hampden/Remington,10,2,15:03:56,10,2,15:41:41,2,2,2,2,2,4,1,5,2,2
0,4,1,1,2,1,3,4,1,4,2,1,1,2,2,1,2,1,1,1,1,1,1,3,3,2,3,2,2,2,3,3,4,3,4,4,1,2,1,2,2,1,2,2,2,3,4,2,5,5,4,-7,4,3,3,3,2,2,3,1,4,1,3,3,1,2,1,1,1,0,0,0,0,0,0,0,1,0,1,0,0,1,1,0,0,1,0,1,1,1,1,0,0,0,0,1,0,0,1,0,1,1,1,0,1,0,0,0,1,1,0,0,1,1,1,1,1,0,1,-8,-8,-8,-8,-8,-8,-8,3,-7,-7,-7,-7,-7,-7,-7,-7,9,-7,-7,-7,200000,50000,2,3,4,5,3,3,3,2,-7,2,2,4,4,4,5,4,3,4,3,1,1,1,3,2,2,2,0,1,0,1,0,0,1,0,NA,0,0,0,0,1,0,0,0,0,0,0,5,5,1,1,0,0,1,0,1,2,NA,2,-7,-7,2,1,2,-7,-7,-7,2,6,5,1995,30,1,-7,3,2,1,1,1,9,-7,-7,-7,-7,2,1,5,-7,5,2,2,2,2,2,2,5,3,1,1,-7,2,2,2,2,0,0,1,0,0,0,bas25_05812,494.01038978,1,24510,The Waverlies,8,29,12:47:15,8,29,13:06:24,1,2,2,2,2,4,1,2,2,2
5,2,1,2,3,2,3,2,2,3,3,1,3,2,1,1,1,1,1,1,1,1,2,3,2,2,2,1,2,3,2,2,3,4,2,2,1,1,1,1,1,1,1,2,2,2,2,1,1,1,2,-7,3,3,3,3,3,3,3,1,1,1,1,1,1,2,1,1,2,0,0,1,0,0,0,0,0,0,0,1,0,-8,-8,-8,-8,-8,-8,-8,-8,-8,-8,-8,-8,1,0,0,0,0,0,1,1,0,1,0,0,1,0,0,1,0,0,-8,-8,-8,-8,-8,-8,-8,2,0,0,0,0,0,0,1,2,-7,0,0,0,0,0,1,0,1,3,3,4,400k,30k,4,4,4,3,3,3,3,2,-7,2,2,1,1,1,1,1,1,1,1,1,2,1,2,1,1,1,0,0,0,0,0,0,0,0,NA,1,1,1,1,1,1,1,1,0,0,0,4,2,2,1,1,0,0,0,1,2,NA,2,-7,-7,1,-7,2,-7,-7,-7,2,7,3,1979,46,2,-7,2,2,3,3,3,9,-7,-7,-7,-7,8,2,-7,1,6,2,2,2,2,2,2,2,3,1,1,-7,-6,-6,-6,-6,-8,-8,-8,-8,-8,0,bas25_05822,313.33584055,2,24005,-7,8,28,21:33:17,8,31,21:26:24,2,2,2,-6,3,4,2,3,0,1
4,-8,3,2,2,3,3,2,4,4,3,3,3,3,2,1,2,1,2,2,3,3,3,2,3,3,2,2,2,3,4,4,4,5,4,3,1,1,1,1,2,1,2,1,2,5,5,5,5,5,5,3,-7,3,2,2,2,1,2,1,3,1,2,1,1,2,2,2,1,1,0,0,0,1,0,0,1,1,0,0,0,1,0,0,0,1,0,1,1,1,0,0,0,-8,-8,-8,-8,-8,-8,0,1,1,1,1,0,1,0,0,1,1,0,0,0,0,0,0,1,0,2,-8,-8,-8,-8,-8,-8,-8,1,4,-7,-7,-7,-7,-7,-7,-7,8,-7,-7,-7,500000,100000,4,5,3,5,1,1,1,1,1,1,1,3,5,5,5,5,5,3,2,3,2,4,4,1,1,5,0,1,1,1,1,1,1,0,NA,0,1,0,1,0,0,0,1,0,0,0,1,2,1,2,1,1,0,0,2,4,NA,2,-7,-7,1,-7,2,-7,-7,-7,1,4,3,1955,70,2,-7,2,2,1,1,1,9,-7,-7,-7,-7,3,1,1,-7,1,1,1,1,1,1,2,3,4,1,1,-7,1,1,1,1,0,1,0,0,0,0,bas25_05823,489.97177827,1,24510,Mount Washington/Coldspring,9,5,13:49:45,9,25,18:59:30,2,1,1,1,1,3,2,5,6,3
27,3,2,2,2,2,4,4,2,3,2,2,4,3,2,2,2,2,2,2,2,2,2,2,2,2,2,2,2,2,3,3,4,2,3,3,1,1,1,1,2,2,1,2,1,5,4,3,4,4,4,3,-7,3,3,3,3,3,3,1,-8,1,1,3,3,2,1,1,1,1,1,1,1,1,1,1,1,1,0,0,0,1,1,1,1,1,0,1,1,1,0,0,0,-8,-8,-8,-8,-8,-8,0,0,0,0,1,1,0,0,0,1,1,0,1,0,0,0,1,0,0,4,-8,-8,-8,-8,-8,-8,-8,2,-7,1,0,1,0,0,0,0,5,-7,-7,-7,100000,15000,3,4,3,4,3,3,3,2,-7,2,2,2,2,2,2,1,1,1,1,1,1,4,3,1,1,1,0,0,0,0,0,0,0,0,NA,1,0,0,0,0,0,0,0,0,0,1,5,5,2,1,1,0,0,0,1,2,NA,1,1,-7,2,2,2,-7,-7,-7,2,3,1,1949,76,1,-7,2,2,1,1,1,1,1,-7,-7,-7,4,2,-7,1,6,2,2,2,2,2,2,3,2,1,1,-7,1,1,1,1,0,1,0,0,0,0,bas25_05826,1031.9243571,1,24510,Howard Park/West Arlington,10,3,09:13:03,10,3,09:59:07,1,1,1,1,3,2,1,5,0,1
0,2,3,3,3,4,2,3,3,2,3,3,3,3,1,2,3,1,1,1,1,1,2,3,3,3,3,4,4,4,4,3,4,5,4,4,1,1,1,1,1,-8,2,2,2,5,5,5,5,5,5,5,-7,3,3,3,3,3,3,1,2,1,1,3,3,3,1,1,1,0,0,0,0,0,0,0,0,0,0,0,1,0,0,0,0,0,0,1,0,0,0,0,0,-8,-8,-8,-8,-8,-8,-8,-8,-8,-8,-8,-8,-8,1,0,1,0,0,0,1,0,0,1,1,0,1,-8,-8,-8,-8,-8,-8,-8,3,-7,-7,-7,-7,-7,-7,-7,-7,1,3,5,4,500000,50000,4,2,4,4,2,2,3,2,-7,2,2,1,2,1,1,1,1,2,2,1,1,1,1,1,1,1,0,0,0,0,0,0,0,0,NA,1,0,0,0,0,0,0,0,0,0,1,3,3,2,1,1,0,0,0,1,3,Xfinity,1,1,-7,2,1,1,1,0,0,2,6,5,1994,31,1,-7,2,2,1,1,1,8,-7,-7,-7,-7,2,2,-7,1,6,2,2,2,2,2,2,3,2,1,4,1,1,1,1,1,0,1,0,0,0,0,bas25_05839,1132.5797112,1,24510,Loch Raven,9,5,18:49:22,9,5,19:09:42,1,1,1,1,3,4,1,2,0,1
2,2,5,3,3,-8,2,2,4,4,5,5,5,5,5,5,5,5,5,5,5,5,5,3,3,5,5,6,-7,4,4,4,4,4,5,3,1,1,1,1,2,2,2,2,2,5,5,5,5,5,5,-7,5,3,3,3,3,3,3,2,1,1,5,2,3,5,5,4,6,0,0,0,0,0,0,0,0,0,0,0,1,0,0,0,0,0,0,1,0,0,0,0,0,1,1,0,0,0,0,1,1,1,1,1,1,1,1,0,1,0,0,0,0,0,0,0,0,1,5,1,0,1,0,0,0,0,1,4,-7,-7,-7,-7,-7,-7,-7,2,5,3,2,300000,1000,4,5,4,5,2,3,3,2,-7,2,2,4,3,5,3,5,2,1,1,4,1,5,5,1,2,4,0,0,0,0,0,0,0,0,NA,1,1,0,0,0,0,0,0,1,1,0,5,5,1,1,1,1,0,0,1,2,NA,2,-7,-7,2,1,1,3,1,2,1,2,1,1985,40,1,-7,3,2,1,1,1,9,-7,-7,-7,-7,2,2,-7,1,6,1,1,2,2,2,2,3,4,1,5,1,2,2,2,2,0,0,1,0,0,0,bas25_05841,715.22261916,2,24005,-7,8,28,07:05:32,8,28,09:43:40,2,2,2,2,3,1,1,3,0,1
11,5,1,2,2,2,4,4,2,2,2,2,1,2,1,2,2,2,3,2,1,1,1,2,3,2,2,2,1,2,3,2,3,3,4,4,1,1,1,1,2,2,2,2,2,3,4,5,4,4,4,-7,4,3,3,3,3,3,3,1,4,1,2,1,1,2,1,1,3,1,1,0,0,0,0,0,1,0,0,0,0,1,1,0,0,0,0,0,1,0,0,0,0,0,0,0,0,0,1,-8,-8,-8,-8,-8,-8,-8,0,0,1,1,0,0,0,0,1,0,0,0,2,0,0,1,0,1,0,0,1,3,-7,-7,-7,-7,-7,-7,-7,9,-7,-7,-7,500000,50000,3,3,3,4,3,3,3,2,-7,2,2,3,1,1,1,2,1,3,1,1,1,3,2,1,1,1,0,0,0,0,0,0,0,0,NA,1,1,0,0,0,0,1,0,0,0,0,5,4,2,1,1,1,1,0,1,3,Verizon home WiFi,2,-7,-7,2,1,1,0,1,1,2,7,1,1969,56,2,-7,2,2,1,1,1,6,-7,-7,-7,-7,2,2,-7,6,11,2,2,2,2,2,2,4,2,1,1,-7,2,2,2,2,0,0,1,0,0,0,bas25_05859,347.26824745,1,24510,Mount Washington/Coldspring,8,27,19:02:25,8,27,19:34:29,2,2,2,2,4,4,2,4,0,1
25,4,2,2,3,2,3,3,3,3,3,1,3,1,1,1,2,1,1,2,1,2,1,1,1,3,3,6,-7,2,2,2,4,3,3,3,2,2,2,2,2,2,2,2,2,3,2,1,4,4,4,-7,1,3,3,3,3,3,3,1,1,1,2,3,1,3,1,1,1,0,0,0,0,0,0,0,1,1,1,0,0,0,0,0,0,0,0,0,1,1,0,0,0,-8,-8,-8,-8,-8,-8,0,1,0,1,1,1,0,0,0,1,1,0,1,1,0,0,0,0,0,4,0,0,1,0,0,0,0,3,-7,-7,-7,-7,-7,-7,-7,-7,1,3,2,4,500000,40000,2,3,4,5,3,3,3,2,-7,2,2,1,1,1,1,1,1,1,1,1,1,2,2,1,1,4,0,1,0,1,0,0,0,0,NA,0,0,0,0,0,0,0,0,0,0,1,5,5,2,1,1,0,0,0,1,2,NA,2,-7,-7,1,-7,2,-7,-7,-7,2,7,5,1970,55,1,-7,2,2,1,1,1,1,2,-7,-7,-7,6,2,-7,1,6,2,2,2,2,2,2,3,3,1,1,-7,2,2,2,2,0,0,1,0,0,0,bas25_05865,194.30845083,2,24005,-7,9,1,19:27:35,9,1,20:13:34,1,1,2,2,3,4,1,4,0,1
4,5,2,2,3,2,3,3,3,4,3,2,3,2,2,2,2,1,1,3,2,2,2,5,2,3,2,1,2,2,3,3,3,3,3,4,2,2,2,2,2,2,2,2,2,5,5,5,5,5,5,3,-7,3,3,3,3,3,3,1,2,1,3,3,3,3,2,1,1,0,0,0,0,1,0,0,1,0,0,0,0,0,0,0,0,0,0,0,1,1,0,0,0,-8,-8,-8,-8,-8,-8,1,1,1,1,1,1,1,0,0,1,1,0,0,0,0,0,0,1,0,2,-8,-8,-8,-8,-8,-8,-8,1,4,-7,-7,-7,-7,-7,-7,-7,1,2,3,3,500000,75000,4,3,4,5,3,3,3,2,-7,2,2,1,2,2,2,2,2,2,1,1,1,1,1,1,2,1,0,0,0,0,0,0,0,0,NA,1,0,0,0,0,0,0,0,0,0,1,5,5,2,1,1,0,0,0,1,2,NA,2,-7,-7,2,1,1,1,0,0,2,7,1,1989,36,2,-7,2,2,1,1,1,4,-7,-7,3,-7,4,2,-7,6,11,2,2,2,2,2,2,4,2,1,1,-7,2,2,2,2,0,0,1,0,0,0,bas25_05866,488.75462858,1,24510,Hampden/Remington,9,7,13:10:51,9,7,13:29:29,1,2,1,2,4,4,2,3,0,1
49,6,1,2,2,2,4,3,2,3,3,2,3,3,3,3,1,1,1,2,-8,1,1,1,2,2,1,2,2,-8,3,3,3,3,5,5,-8,-8,-8,-8,-8,-8,-8,-8,2,5,5,5,5,5,5,-7,5,3,3,3,3,3,3,1,-8,1,2,3,3,3,1,1,2,0,0,0,0,0,0,0,0,0,0,0,1,0,0,0,0,0,0,0,0,0,0,0,1,-8,-8,-8,-8,-8,-8,-8,-8,-8,-8,-8,-8,-8,-8,-8,-8,-8,-8,-8,-8,-8,-8,-8,-8,-8,-8,-8,-8,-8,-8,-8,-8,-8,1,1,-7,-7,-7,-7,-7,-7,-7,9,-7,-7,-7,NA,NA,4,4,-8,-8,3,3,3,2,-7,2,2,1,1,1,1,1,1,1,1,1,1,3,3,1,1,1,-8,-8,-8,-8,-8,-8,-8,-8,NA,-8,0,0,0,0,0,0,0,0,0,1,5,5,2,1,1,0,0,0,1,2,NA,2,-7,-7,2,2,2,-7,-7,-7,2,7,1,1937,88,1,-7,2,2,1,1,1,4,-7,-7,3,-7,4,2,-7,4,9,2,1,2,2,1,2,2,1,1,1,-7,2,2,2,2,0,0,1,0,0,0,bas25_05874,197.96800957,1,24510,Greater Roland Park/Poplar Hill,9,2,09:44:07,9,2,10:07:05,2,2,2,2,4,4,1,5,0,1
27,4,1,1,3,3,4,3,3,3,3,3,3,1,1,1,1,1,1,1,1,1,1,1,1,3,1,1,1,3,3,3,3,3,2,3,1,1,1,1,1,1,1,1,2,1,1,1,1,1,1,-7,1,3,3,3,3,3,3,1,2,1,1,1,3,1,1,1,1,1,1,1,0,1,1,1,0,1,1,0,0,1,1,1,1,1,1,1,1,1,1,0,0,-8,-8,-8,-8,-8,-8,-8,-8,-8,-8,-8,-8,-8,1,0,1,0,0,0,1,0,0,0,0,0,1,0,1,0,0,0,0,0,2,-7,0,0,1,0,0,0,0,1,3,4,3,300k,50k,3,4,2,4,2,2,3,2,-7,2,2,2,2,2,2,2,1,1,1,1,2,1,1,1,1,1,0,0,0,0,0,1,0,0,NA,0,0,1,0,1,1,0,0,0,0,0,4,4,2,1,1,0,0,0,1,2,NA,2,-7,-7,2,2,2,-7,-7,-7,2,4,3,1962,63,2,-7,3,2,1,1,1,8,-7,-7,-7,-7,3,2,-7,2,7,1,2,2,2,2,2,3,3,1,1,-7,1,1,1,1,0,1,0,0,0,0,bas25_05889,2076.3506328,2,24005,-7,10,2,17:56:21,10,2,19:31:37,2,2,2,1,3,3,2,4,0,1
40,4,1,2,3,2,3,3,3,3,3,2,3,3,3,2,2,2,1,2,2,2,2,3,1,3,2,3,3,2,3,3,3,3,2,3,1,1,1,2,1,1,1,2,2,4,4,2,4,4,4,4,-7,2,2,2,2,1,2,2,4,2,1,3,3,3,1,1,2,0,1,0,0,0,1,0,1,0,0,0,0,0,1,0,0,1,0,0,1,1,0,0,0,-8,-8,-8,-8,-8,-8,0,0,0,1,0,0,0,0,0,0,1,1,1,0,0,1,0,0,0,2,1,0,0,0,0,0,0,1,3,-7,-7,-7,-7,-7,-7,-7,5,-7,-7,-7,125000,30000,3,3,3,3,3,3,3,2,-7,2,2,4,1,1,2,2,-8,2,3,1,2,4,3,1,1,1,0,0,0,0,0,0,0,0,NA,1,1,0,0,0,0,0,1,0,0,0,4,4,2,1,0,1,0,0,1,2,NA,2,-7,-7,2,2,2,-7,-7,-7,1,7,2,1942,83,1,-7,2,2,1,1,1,1,1,-7,-7,-7,3,1,2,-7,2,2,1,2,2,2,2,3,2,1,1,-7,1,1,1,1,0,1,0,0,0,0,bas25_05894,352.81132331,1,24510,The Waverlies,9,23,13:19:56,9,23,15:03:10,2,1,1,1,1,4,1,5,7,3
35,4,1,2,2,1,4,3,2,1,2,2,2,1,1,1,2,1,1,2,2,2,1,3,2,1,1,1,1,1,4,4,4,3,3,3,1,1,1,1,1,1,2,1,2,2,2,1,3,2,2,4,-7,3,3,3,3,3,3,1,1,1,1,1,1,2,1,1,7,0,1,0,0,0,0,0,0,0,0,0,0,0,1,0,1,0,0,1,0,0,0,0,0,0,0,0,0,0,1,0,0,0,1,0,0,0,1,0,0,1,0,0,0,0,0,0,0,1,1,0,0,0,1,0,1,0,3,-7,-7,-7,-7,-7,-7,-7,-7,1,1,5,4,150000,60000,3,3,4,5,3,3,3,2,-7,2,2,1,1,1,1,3,1,3,2,1,2,2,3,1,1,2,0,0,0,0,0,0,0,0,NA,1,1,1,0,0,0,0,0,0,0,0,4,2,2,2,1,0,0,0,1,2,NA,1,1,-7,2,1,2,-7,-7,-7,2,4,1,1968,57,2,-7,2,2,1,1,1,1,2,-7,-7,-7,2,2,-7,4,9,2,2,2,2,2,2,3,1,1,1,-7,2,2,2,2,0,0,1,0,0,0,bas25_05895,1392.7128539,2,24005,-7,9,5,08:24:03,9,5,08:55:03,2,2,1,2,4,3,2,4,0,1
7,2,2,1,2,2,2,3,2,3,3,2,2,3,1,1,3,1,1,1,3,2,1,1,2,2,1,1,1,2,3,3,4,3,3,3,2,1,1,1,1,1,1,1,2,3,4,2,3,3,3,4,-7,3,3,3,-8,3,3,1,1,1,1,1,1,2,1,1,1,1,0,0,0,0,0,0,0,0,0,0,0,1,0,0,0,0,0,0,0,1,0,0,0,-8,-8,-8,-8,-8,-8,-8,-8,-8,-8,-8,-8,-8,-8,-8,-8,-8,-8,-8,-8,-8,-8,-8,-8,-8,1,-8,-8,-8,-8,-8,-8,-8,3,-7,-7,-7,-7,-7,-7,-7,-7,1,-8,2,2,250000,50000,2,2,2,3,2,2,2,2,-7,1,2,2,3,3,3,3,3,3,2,3,3,3,3,1,1,5,0,0,1,0,0,1,1,0,NA,0,1,0,1,0,0,0,1,1,1,0,2,1,1,1,1,0,0,0,2,2,NA,2,-7,-7,2,1,2,-7,-7,-7,2,4,1,1969,56,1,-7,2,2,1,1,1,2,-7,-7,-7,-7,4,2,-7,1,6,2,2,2,2,2,2,3,2,1,1,-7,2,2,2,2,0,0,1,0,0,0,bas25_05900,1306.2043614,2,24005,-7,8,27,16:55:58,8,27,17:31:25,1,1,1,2,3,3,1,4,0,1
7,4,2,2,3,2,3,3,3,3,3,1,3,2,1,1,2,1,1,2,2,2,1,1,3,3,3,6,-7,4,3,3,4,3,2,2,1,1,1,1,2,1,1,2,1,3,5,3,5,4,5,-7,3,3,3,3,3,3,3,1,4,2,1,2,1,1,1,1,1,1,0,0,0,1,0,1,1,1,0,0,0,1,0,0,0,0,0,1,1,0,0,0,0,-8,-8,-8,-8,-8,-8,-8,-8,-8,-8,-8,-8,-8,0,0,1,1,0,-8,-8,-8,-8,-8,-8,-8,1,-8,-8,-8,-8,-8,-8,-8,3,-7,-7,-7,-7,-7,-7,-7,-7,1,3,5,4,250000,25000,3,3,4,5,3,3,3,2,-7,2,2,3,2,2,3,1,1,1,1,1,2,2,5,1,1,1,0,0,0,0,0,0,0,0,NA,1,0,0,0,1,0,0,0,1,1,0,5,5,1,1,1,0,0,0,2,2,NA,2,-7,-7,1,-7,2,-7,-7,-7,2,4,5,1990,35,1,-7,2,2,1,1,1,9,-7,-7,-7,-7,1,1,4,-7,4,2,2,2,2,2,2,4,2,1,1,-7,1,1,1,1,0,1,0,0,0,0,bas25_05904,355.84211265,1,24510,Glen-Fallstaff,8,27,17:56:37,8,27,18:14:09,1,1,2,1,2,3,1,3,0,1
30,1,2,2,2,3,2,2,3,4,4,3,3,3,5,4,4,1,1,1,1,1,2,2,5,4,2,2,2,2,1,1,-8,3,2,4,1,1,1,1,1,1,1,1,2,4,5,5,5,4,4,2,-7,2,2,2,2,2,2,1,3,1,4,3,3,3,2,2,3,1,1,0,0,1,0,1,0,1,0,0,0,1,1,0,1,0,1,1,0,1,0,0,0,0,1,0,1,1,1,1,1,1,1,1,1,1,0,1,1,0,0,1,1,0,1,1,1,0,3,1,1,0,0,0,0,0,1,1,-7,-7,-7,-7,-7,-7,-7,1,3,5,3,500000,25000,3,4,3,4,1,1,1,1,3,1,1,1,2,2,2,2,3,3,2,3,3,2,2,1,1,3,0,0,0,1,1,1,0,0,NA,0,1,1,0,1,1,1,1,1,0,0,1,2,2,3,0,0,1,0,1,2,NA,1,2,2,3,1,2,-7,-7,-7,1,7,5,1968,57,2,-7,2,2,1,1,1,-8,-6,-7,-7,-7,1,1,4,-7,4,2,2,2,2,2,2,1,2,1,1,-7,1,1,1,1,0,1,0,0,0,0,bas25_05907,865.85641605,1,24510,Chinquapin Park/Belvedere,8,27,15:30:38,9,4,17:50:38,1,1,1,1,2,4,2,4,6,3
2,3,1,2,3,3,3,3,3,3,3,2,1,2,2,2,3,4,3,1,3,3,2,2,4,2,1,1,2,1,2,2,3,3,4,3,1,1,1,1,1,1,2,1,1,2,5,3,3,3,3,-7,4,2,3,3,3,3,3,1,1,1,2,2,2,2,2,1,1,0,0,0,0,0,0,0,1,0,0,0,0,0,0,0,0,0,0,0,1,0,0,0,0,0,0,0,1,0,0,0,0,0,1,0,0,0,0,0,1,0,1,0,1,1,0,0,0,0,2,1,0,0,0,0,0,0,2,-7,0,0,0,0,0,0,1,4,-7,-7,-7,over 500K,15000,2,1,4,4,1,2,2,1,2,1,1,2,3,3,3,3,1,3,3,2,3,2,2,1,1,2,0,0,0,0,0,0,0,0,NA,1,0,0,0,0,0,0,0,0,0,1,5,5,2,2,0,0,1,0,2,2,NA,2,-7,-7,1,-7,2,-7,-7,-7,2,5,5,1974,51,1,-7,2,1,1,2,2,9,-7,-7,-7,-7,2,2,-7,1,6,1,2,2,2,2,2,3,2,1,1,-7,-6,-6,4,6,0,0,0,0,0,1,bas25_05913,210.75117819,1,24510,Greektown/Bayview,8,30,08:25:50,8,30,08:42:53,1,1,2,3,3,3,1,4,1,1
1,4,1,2,2,2,3,3,2,3,3,1,3,1,2,2,1,1,1,1,1,1,2,2,3,3,3,1,1,2,2,2,3,2,2,2,2,1,2,1,2,2,2,2,2,3,4,3,4,4,4,5,-7,3,2,3,3,3,3,1,1,1,2,1,1,2,1,2,1,0,0,0,0,1,0,1,0,0,1,0,0,0,0,0,0,0,0,1,0,1,0,0,0,0,0,0,0,1,0,0,1,0,0,0,0,0,0,0,1,1,0,0,0,0,0,0,0,1,3,-8,-8,-8,-8,-8,-8,-8,1,4,-7,-7,-7,-7,-7,-7,-7,1,3,5,2,200000,50000,3,4,4,5,3,3,3,2,-7,2,2,2,2,2,2,3,3,1,1,3,1,3,2,1,1,1,0,0,0,0,0,0,0,0,NA,1,0,0,0,1,0,0,0,1,1,0,5,5,2,1,0,1,0,0,1,2,NA,2,-7,-7,1,-7,2,-7,-7,-7,1,7,5,1984,41,1,-7,2,2,3,3,3,9,-7,-7,-7,-7,1,2,-7,1,6,2,2,2,2,2,2,5,4,3,2,-7,2,2,2,2,0,0,1,0,0,0,bas25_05917,115.02728102,1,24510,Hampden/Remington,8,27,18:26:35,8,27,18:43:24,1,1,1,2,3,4,1,3,1,1
1,2,2,2,2,2,2,3,3,3,3,4,3,5,4,2,4,3,4,3,2,4,1,2,2,4,2,2,5,2,3,3,3,2,3,3,1,2,1,1,2,1,2,2,2,5,4,4,5,5,5,-7,3,3,3,1,1,1,2,1,3,2,1,2,2,2,1,1,1,0,1,0,0,0,0,0,1,0,0,0,0,0,0,0,0,1,0,0,1,0,0,0,0,0,1,0,0,0,0,0,1,0,0,0,0,0,0,0,1,1,0,1,0,0,0,1,0,0,2,0,0,0,0,0,1,0,3,-7,-7,-7,-7,-7,-7,-7,-7,1,3,5,1,200000,20000,4,4,4,5,3,3,3,2,-7,2,2,3,1,1,2,5,2,1,1,1,1,2,2,1,1,2,0,0,0,0,0,0,0,0,NA,1,0,0,0,0,0,0,0,0,0,1,4,5,1,1,1,0,0,0,2,2,NA,2,-7,-7,3,2,2,-7,-7,-7,2,7,5,1990,35,2,-7,2,2,3,3,3,7,-7,-7,-7,-7,8,1,5,-7,5,2,2,2,2,2,2,3,3,3,5,2,3,4,3,4,0,0,0,0,1,0,bas25_05924,256.01968135,1,24510,Pigtown/Carroll Park,9,18,18:50:36,9,18,19:37:05,2,1,2,3,2,4,2,3,7,3
3,2,1,1,1,1,4,4,2,4,4,2,3,2,3,3,4,1,2,2,1,1,5,5,5,5,2,4,4,2,3,3,4,3,3,3,2,1,2,1,2,2,2,2,1,5,2,2,4,4,3,-7,4,3,3,3,3,3,3,1,1,1,3,2,2,2,1,1,2,0,0,0,0,1,0,0,0,0,0,0,0,0,0,0,0,0,0,0,1,0,0,0,0,0,0,0,0,0,1,0,1,0,0,0,1,0,0,0,1,1,0,0,1,0,0,0,1,0,2,-8,-8,-8,-8,-8,-8,-8,1,4,-7,-7,-7,-7,-7,-7,-7,1,2,1,4,200000,50000,4,5,4,5,3,3,3,2,-7,2,2,1,1,1,1,1,1,1,1,1,1,1,1,1,1,1,0,0,0,0,0,0,0,0,NA,1,-8,-8,-8,-8,-8,-8,-8,-8,-8,-8,5,5,2,1,1,0,0,0,2,2,NA,2,-7,-7,2,1,1,1,0,0,2,7,1,1990,35,1,-7,2,2,1,1,1,2,-7,-7,-7,-7,4,2,-7,6,11,2,2,2,2,2,2,3,2,1,1,-7,2,2,2,2,0,0,1,0,0,0,bas25_05929,313.65682314,2,24005,-7,9,1,17:58:57,9,1,18:12:06,1,2,2,2,4,4,1,3,0,1
25,4,1,1,1,2,4,4,1,3,4,1,1,2,1,1,1,5,3,4,2,4,4,1,4,2,2,1,1,2,2,3,4,1,1,1,1,1,1,1,1,1,1,1,2,5,5,5,5,5,5,3,-7,3,3,3,3,3,3,1,1,2,4,2,2,3,1,1,2,1,0,0,0,1,0,0,1,0,0,0,0,1,0,0,0,0,0,0,0,0,0,0,0,-8,-8,-8,-8,-8,-8,-8,-8,-8,-8,-8,-8,-8,-8,-8,-8,-8,-8,0,0,0,0,0,0,1,1,-8,-8,-8,-8,-8,-8,-8,3,-7,-7,-7,-7,-7,-7,-7,-7,1,1,1,4,NA,NA,3,1,3,5,3,3,3,2,-7,2,2,2,1,1,1,1,1,1,1,1,1,2,1,1,1,1,0,0,0,0,0,0,0,0,NA,1,1,0,0,1,0,0,0,0,0,0,5,5,2,4,0,1,0,0,1,3,T MOBILE,2,-7,-7,3,1,2,-7,-7,-7,1,5,1,1960,65,1,-7,2,2,1,1,1,-8,-6,-7,-7,-7,8,1,-8,-7,-6,2,1,2,2,1,2,1,2,1,1,-7,1,1,1,1,0,1,0,0,0,0,bas25_05931,812.26314824,1,24510,Sandtown-Winchester/Harlem Park,9,4,18:38:03,9,4,19:05:12,2,1,1,1,-6,3,1,5,0,1
18,6,1,1,2,2,3,3,2,2,3,2,3,2,2,3,2,2,1,1,1,1,1,3,3,3,1,2,3,2,2,3,2,2,-8,3,1,1,1,1,1,-8,1,2,2,5,4,3,3,2,3,-7,2,3,3,-8,-8,-8,-8,1,1,1,1,1,1,3,2,1,4,1,0,0,0,0,0,0,1,0,0,0,0,1,0,0,1,1,0,0,1,0,0,0,0,-8,-8,-8,-8,-8,-8,-8,-8,-8,-8,-8,-8,-8,1,0,0,0,1,0,0,0,0,0,0,1,2,-8,-8,-8,-8,-8,-8,-8,2,-7,0,0,0,0,0,0,1,1,1,2,4,100000,40000,3,4,2,2,3,3,-8,-8,-7,-8,-8,1,-8,-8,-8,-8,-8,1,-8,-8,-8,2,1,1,1,1,-8,-8,-8,-8,-8,-8,-8,-8,NA,-8,-8,-8,-8,-8,-8,-8,-8,-8,-8,-8,4,4,2,1,-8,-8,-8,-8,-8,2,NA,1,1,-7,3,1,1,0,0,-8,-8,6,1,1967,58,2,-7,2,2,1,1,1,8,-7,-7,-7,-7,2,2,-7,6,11,2,-8,-8,-8,-8,-8,2,1,1,1,-7,2,2,2,2,0,0,1,0,0,0,bas25_05935,2774.4432566,2,24005,-7,9,2,19:31:36,9,2,19:59:05,2,1,2,2,4,4,2,4,0,1
21,4,1,1,2,2,3,2,2,4,4,2,4,3,2,2,3,1,3,3,2,3,2,3,2,5,2,2,2,2,4,4,3,3,3,3,1,1,1,1,1,1,1,2,2,4,2,2,3,3,4,-7,4,3,3,3,3,3,3,1,1,1,2,2,2,2,1,1,1,1,1,0,0,0,0,0,0,0,0,0,0,1,1,0,1,1,0,0,1,0,0,0,0,-8,-8,-8,-8,-8,-8,-8,-8,-8,-8,-8,-8,-8,0,0,1,1,0,0,0,0,0,0,0,1,2,-8,-8,-8,-8,-8,-8,-8,2,-7,0,0,1,0,0,0,0,5,-7,-7,-7,500000,50000,3,4,2,3,3,3,3,2,-7,2,2,2,1,1,1,1,1,1,1,1,1,2,2,1,1,1,0,0,0,0,0,0,0,0,NA,1,0,1,0,0,0,0,0,1,0,0,4,5,2,1,1,0,0,0,1,2,NA,2,-7,-7,2,2,2,-7,-7,-7,2,6,1,1961,64,1,-7,2,2,1,1,1,1,3,-7,-7,-7,4,2,-7,4,9,2,2,2,2,2,2,3,1,1,1,-7,2,2,2,2,0,0,1,0,0,0,bas25_05936,551.30202819,2,24005,-7,9,21,15:38:57,9,21,16:21:57,1,2,2,2,4,4,1,4,0,1
10,5,2,2,3,2,3,3,3,5,5,2,4,3,1,1,3,1,4,2,1,1,4,4,3,4,3,2,2,3,3,3,4,4,3,4,1,1,1,1,2,2,2,2,2,5,5,5,5,5,5,4,-7,3,3,3,3,2,3,1,1,1,3,2,2,3,1,1,1,0,0,0,0,0,0,0,0,0,0,0,1,0,0,0,1,0,0,0,0,0,0,0,0,0,1,0,0,0,0,0,1,0,0,0,0,0,1,0,0,1,0,0,0,0,0,0,0,1,2,0,0,0,0,1,1,0,3,-7,-7,-7,-7,-7,-7,-7,-7,1,2,2,4,200k,60k,4,4,4,4,3,3,3,2,-7,2,2,1,2,1,2,2,2,2,2,1,1,2,2,1,1,1,0,0,0,0,0,0,0,0,NA,1,0,0,0,0,0,0,0,1,1,0,5,5,1,1,1,0,0,0,2,2,NA,2,-7,-7,2,1,2,-7,-7,-7,2,6,1,1992,33,2,-7,2,2,1,1,1,2,-7,-7,-7,-7,3,2,-7,4,9,2,2,2,2,2,2,3,3,1,1,-7,2,2,2,2,0,0,1,0,0,0,bas25_05939,856.62805913,1,24510,Highlandtown,9,6,05:11:20,9,7,05:48:50,2,1,1,2,4,4,2,2,1,1
1,4,3,2,3,2,3,3,3,3,3,2,2,4,3,3,2,3,1,2,4,2,4,4,4,3,2,2,2,2,3,3,3,3,4,3,-8,1,-8,-8,-8,-8,-8,-8,2,2,3,2,2,5,2,4,-7,3,2,2,3,2,3,1,4,1,3,1,1,2,2,2,1,0,0,0,0,0,0,0,1,0,0,0,0,0,0,0,0,0,0,0,1,0,0,0,0,-8,-8,-8,-8,-8,-8,0,1,1,1,1,0,0,0,0,1,1,0,0,1,1,0,1,1,0,3,-8,-8,-8,-8,-8,-8,-8,1,4,-7,-7,-7,-7,-7,-7,-7,1,1,4,2,200000,50000,3,3,4,5,2,3,3,2,-7,2,2,2,3,3,3,3,3,3,3,1,1,2,2,1,1,2,0,0,0,0,0,0,0,0,NA,1,0,0,0,0,0,0,0,0,1,0,5,5,2,1,1,0,0,0,1,2,NA,1,2,-8,2,1,2,-7,-7,-7,1,7,1,1988,37,2,-7,5,2,1,1,1,9,-7,-7,-7,-7,1,1,5,-7,5,2,2,2,2,2,2,5,4,1,1,-7,2,2,2,2,0,0,1,0,0,0,bas25_05952,369.88282833,1,24510,Belair-Edison,9,15,19:33:14,9,15,20:33:19,2,2,1,2,2,4,2,3,3,2
5,2,2,2,2,2,3,3,3,4,3,2,3,3,1,2,1,1,1,2,1,1,1,2,3,2,2,2,2,3,3,3,4,3,3,3,1,1,1,1,1,1,1,2,2,3,2,2,3,2,3,-7,3,3,3,3,3,3,3,1,4,1,2,2,1,2,1,1,1,1,0,0,0,1,0,0,1,0,0,0,0,1,0,0,0,0,0,1,0,1,0,0,0,-8,-8,-8,-8,-8,-8,0,0,0,0,1,0,0,0,0,1,0,1,0,1,0,0,1,0,0,2,-8,-8,-8,-8,-8,-8,-8,3,-7,-7,-7,-7,-7,-7,-7,-7,1,3,3,4,1000000,30000,4,4,4,4,3,3,3,2,-7,2,2,1,2,2,3,2,2,1,2,1,2,3,3,1,1,1,0,0,0,0,0,0,0,0,NA,1,0,0,0,0,0,0,0,0,0,1,3,4,2,2,1,0,0,0,1,2,NA,2,-7,-7,3,1,1,0,2,1,2,7,1,1983,42,2,-7,2,2,1,1,1,9,-7,-7,-7,-7,1,2,-7,4,9,2,2,2,2,2,2,3,3,1,1,-7,1,1,1,1,0,1,0,0,0,0,bas25_05954,1448.2066211,2,24005,-7,9,28,22:47:50,9,28,23:34:25,2,2,2,1,4,4,2,3,0,1
26,2,1,2,2,2,3,3,3,4,5,3,4,3,3,4,5,2,5,5,5,3,2,3,4,5,4,6,-7,2,3,4,4,1,3,3,2,2,2,2,-8,2,2,2,2,5,3,3,5,5,5,-7,5,3,3,3,3,3,1,1,4,2,3,3,3,3,2,5,1,1,0,0,1,1,0,1,1,0,0,0,0,1,0,0,1,1,0,1,1,1,0,0,0,0,0,0,1,0,0,-8,-8,-8,-8,-8,-8,-8,-8,-8,-8,-8,-8,0,0,0,0,0,0,1,1,1,1,1,1,0,1,0,1,2,-7,-7,-7,-7,-7,-7,-7,8,-7,-7,-7,200000,30000,3,5,3,5,3,3,3,2,-7,2,2,3,2,5,5,5,2,1,1,1,1,5,5,1,1,1,0,0,0,0,0,0,0,0,NA,1,0,0,0,0,0,0,0,1,0,0,5,5,1,1,1,0,0,0,1,2,NA,2,-7,-7,1,-7,2,-7,-7,-7,1,6,5,1975,50,1,-7,2,2,1,1,1,4,-7,-7,3,-7,1,1,4,-7,4,2,1,2,2,2,2,3,2,1,5,1,2,2,2,2,0,0,1,0,0,0,bas25_05957,719.64403356,2,24005,-7,8,31,11:45:12,8,31,12:12:21,1,1,2,2,2,4,1,4,2,2
17,2,2,2,2,2,2,2,3,3,3,2,3,3,1,1,3,3,3,3,2,2,2,2,2,2,2,2,2,2,3,3,3,3,3,4,1,1,1,1,2,1,2,1,2,5,5,4,4,4,4,4,-7,3,3,3,3,3,3,1,1,2,1,3,1,3,1,1,1,0,0,0,0,0,0,0,0,0,0,0,1,0,0,0,0,0,0,0,0,1,0,0,0,0,0,0,0,0,1,1,1,1,1,1,0,0,1,0,1,0,0,0,1,1,0,1,0,0,3,0,0,0,0,0,1,0,3,-7,-7,-7,-7,-7,-7,-7,-7,1,3,2,4,150000,15000,3,4,3,4,3,3,3,2,-7,2,2,1,1,1,1,1,1,1,1,1,1,1,1,1,1,1,0,0,0,0,0,0,0,0,NA,1,0,1,0,0,0,0,0,0,0,0,1,1,2,1,0,1,0,0,2,2,NA,2,-7,-7,1,-7,2,-7,-7,-7,2,7,5,1971,54,1,-7,2,1,1,3,1,8,-7,-7,-7,-7,9,2,-7,2,7,2,2,2,2,2,2,1,4,1,1,-7,1,1,4,6,0,1,0,0,0,1,bas25_05963,141.97694288,1,24510,Cedonia/Frankford,10,2,14:33:29,10,2,14:58:27,2,1,1,3,3,4,1,4,0,1
22,3,4,2,3,3,3,3,4,4,2,4,2,4,2,2,3,2,2,4,2,3,4,5,4,4,4,4,4,3,3,3,4,3,2,-8,2,1,2,1,2,2,2,2,1,3,5,5,4,4,4,-7,3,1,1,1,1,1,1,2,4,1,3,3,1,3,4,2,2,1,0,0,0,0,0,0,1,0,0,0,0,0,0,0,0,0,0,1,1,1,0,0,0,1,0,1,0,1,0,1,1,1,1,1,0,0,0,0,1,1,0,0,1,1,0,1,0,0,2,1,0,1,0,1,0,0,1,2,-7,-7,-7,-7,-7,-7,-7,2,5,4,2,100000,50000,3,2,3,5,3,3,2,2,-7,2,2,3,3,4,4,3,3,4,4,3,3,3,4,1,2,3,0,0,1,0,0,0,0,0,NA,0,0,0,0,1,0,0,0,0,0,0,5,5,2,3,1,0,0,0,2,2,NA,2,-7,-7,4,1,2,-7,-7,-7,1,6,5,2003,22,1,-7,2,2,1,3,1,2,-7,-7,-7,-7,8,1,4,-7,4,2,2,2,1,1,2,5,3,1,1,-7,1,5,1,5,1,1,0,0,1,0,bas25_05985,828.24075345,1,24510,Cherry Hill,9,9,22:15:26,9,9,22:27:58,1,1,2,1,2,4,1,1,12,3
27,4,1,1,2,1,4,3,2,2,3,2,4,2,1,2,2,2,1,2,2,2,1,3,3,2,1,4,4,2,3,3,3,3,3,4,1,1,1,1,1,1,1,1,2,4,3,3,5,5,5,4,-7,3,3,3,3,3,3,1,4,1,1,2,3,2,2,1,2,1,1,0,0,1,0,1,0,1,1,0,0,1,1,0,1,1,0,0,0,1,0,0,0,-8,-8,-8,-8,-8,-8,-8,-8,-8,-8,-8,-8,-8,0,0,1,0,1,0,0,0,0,0,0,1,1,-8,-8,-8,-8,-8,-8,-8,3,-7,-7,-7,-7,-7,-7,-7,-7,1,1,4,3,1000000,50000,3,4,4,4,3,3,3,2,-7,2,2,3,1,1,1,2,1,1,1,1,1,4,3,1,1,1,0,0,0,0,0,0,0,0,NA,1,1,1,0,0,1,0,0,0,1,0,4,5,2,1,1,0,0,0,2,2,NA,2,-7,-7,2,1,1,1,0,0,2,5,1,1971,54,1,-7,2,2,1,1,1,8,-7,-7,-7,-7,1,2,-7,4,9,2,2,2,2,2,2,3,1,3,5,2,2,2,2,2,0,0,1,0,0,0,bas25_05987,1743.7399524,2,24005,-7,8,31,09:46:32,8,31,10:11:08,1,1,1,2,4,3,1,4,0,1
6,2,1,3,3,3,3,3,4,3,3,1,3,3,3,2,2,1,1,2,1,2,5,3,3,3,3,3,3,2,3,3,3,2,4,3,2,1,1,1,2,1,1,2,1,3,3,3,4,3,4,-7,2,3,3,3,3,2,3,1,3,1,2,3,3,2,1,1,1,1,1,0,0,0,0,0,0,1,0,0,0,1,1,0,0,0,0,1,0,1,0,0,0,-8,-8,-8,-8,-8,-8,-8,-8,-8,-8,-8,-8,-8,0,0,1,1,0,0,1,0,0,0,0,0,2,-8,-8,-8,-8,-8,-8,-8,2,-7,0,0,1,0,0,0,0,5,-7,-7,-7,250000,15000,3,2,2,5,3,3,3,2,-7,2,2,1,2,2,2,2,2,2,2,1,1,3,3,1,1,1,0,0,0,0,0,0,0,0,NA,1,1,0,0,0,0,0,1,0,0,0,5,5,2,1,1,0,0,0,2,2,NA,2,-7,-7,1,-7,2,-7,-7,-7,2,7,5,1949,76,1,-7,2,2,1,-8,1,1,1,-7,-7,-7,3,2,-7,1,6,2,2,2,2,2,2,4,2,1,1,-7,1,1,1,1,0,1,0,0,0,0,bas25_05989,311.07773928,2,24005,-7,8,31,14:41:24,9,2,11:58:54,2,1,2,1,3,4,1,5,1,1
45,3,1,2,2,2,3,3,2,-8,3,1,3,1,1,1,1,1,1,2,1,1,1,1,1,1,1,1,1,1,2,2,2,2,3,-8,2,1,1,1,2,2,1,2,2,2,2,3,3,2,-8,4,-7,3,3,3,3,3,3,1,4,1,2,1,1,3,2,1,1,1,0,0,0,1,1,0,0,0,0,0,0,0,0,0,1,1,1,0,0,0,0,0,0,0,0,0,0,0,1,-8,-8,-8,-8,-8,-8,-8,1,0,1,0,0,0,0,0,1,0,0,0,1,-8,-8,-8,-8,-8,-8,-8,2,-7,-8,-8,-8,-8,-8,-8,-8,5,-7,-7,-7,75000,25000,3,3,2,4,3,3,3,2,-7,2,2,1,1,1,1,1,1,1,1,1,1,3,2,1,1,3,0,1,0,1,0,0,0,0,NA,0,1,0,0,0,0,0,0,0,0,0,5,5,2,4,1,0,0,0,1,2,NA,2,-7,-7,2,2,2,-7,-7,-7,2,7,1,1948,77,2,-7,2,2,1,1,1,1,5,-7,-7,-7,8,2,-7,1,6,2,2,2,2,2,2,4,2,1,1,-7,2,2,2,2,0,0,1,0,0,0,bas25_05991,870.61891546,2,24005,-7,8,31,15:38:19,10,2,08:59:12,2,2,1,2,3,4,2,5,0,1
1,5,1,1,1,2,4,4,1,2,3,1,3,1,1,1,1,1,1,1,1,1,1,2,2,1,1,1,1,2,3,3,4,2,1,2,1,1,1,1,1,1,1,1,1,4,3,3,5,4,4,2,-7,3,3,3,3,3,3,1,3,1,1,2,1,3,1,1,1,1,1,0,1,1,0,0,1,1,1,0,0,1,1,0,1,1,0,0,1,1,1,0,0,-8,-8,-8,-8,-8,-8,0,0,0,0,0,1,0,0,0,1,1,0,0,0,0,0,0,0,1,1,-8,-8,-8,-8,-8,-8,-8,2,-7,0,0,1,0,0,0,0,2,1,3,3,200000,10000,3,5,2,4,2,2,2,2,-7,2,2,2,3,3,3,3,2,2,2,3,3,3,1,1,1,1,0,0,0,0,0,0,0,0,NA,1,1,0,0,0,0,0,0,0,0,0,5,5,1,1,1,0,0,0,1,2,NA,2,-7,-7,2,2,2,-7,-7,-7,2,6,5,1959,66,1,-7,2,2,1,1,1,8,-7,-7,-7,-7,9,1,5,-7,5,2,1,2,2,2,2,3,2,1,1,-7,1,1,1,1,0,1,0,0,0,0,bas25_05995,1489.2384915,2,24005,-7,9,16,21:20:58,9,16,21:57:24,1,2,1,1,2,4,1,5,0,1
20,2,2,2,2,2,4,4,2,2,3,3,3,3,3,2,2,1,1,2,1,2,1,1,1,3,2,3,3,2,4,4,4,5,3,4,1,1,1,1,1,1,1,1,2,5,5,3,5,5,5,5,-7,3,3,3,3,3,3,1,1,1,1,2,3,3,1,1,1,1,0,0,0,0,0,0,0,0,0,0,0,1,0,0,0,0,0,0,0,0,0,0,0,0,0,0,1,0,0,0,0,0,0,0,1,0,1,0,1,0,0,0,0,0,0,0,0,1,1,1,0,0,0,0,0,0,1,3,-7,-7,-7,-7,-7,-7,-7,2,1,1,3,100000,10,3,4,4,5,2,2,2,2,-7,2,2,1,3,2,2,2,1,3,3,1,3,3,3,1,1,1,0,0,0,0,0,0,0,0,NA,1,0,0,0,0,0,0,0,0,0,1,3,3,2,2,0,1,0,0,2,2,NA,2,-7,-7,3,1,1,1,0,0,1,3,2,1977,48,1,-7,2,2,1,1,1,1,6,-7,-7,-7,8,1,2,-7,2,2,1,2,2,2,2,3,2,1,1,-7,1,1,1,1,0,1,0,0,0,0,bas25_06001,2201.9789665,1,24510,Cedonia/Frankford,8,28,14:19:39,8,28,15:12:54,2,1,1,1,1,2,1,3,0,1
10,6,1,1,2,2,4,3,2,3,3,1,3,2,1,1,3,2,3,2,1,1,2,4,2,2,1,1,1,2,2,2,4,3,3,3,2,1,1,1,1,2,2,2,2,4,4,4,4,4,4,-7,5,3,3,3,3,3,3,1,3,1,2,1,1,2,2,1,3,0,0,0,0,0,0,1,1,0,1,0,0,0,0,0,0,0,0,1,1,0,0,0,0,0,0,1,0,0,0,-8,-8,-8,-8,-8,-8,-8,0,0,1,1,0,0,1,0,0,1,1,0,2,1,0,0,0,0,0,0,1,4,-7,-7,-7,-7,-7,-7,-7,1,4,4,3,250000,40000,4,3,4,4,3,3,3,2,-7,2,2,1,1,1,1,1,1,1,1,1,1,1,2,1,1,2,0,0,0,0,0,0,0,0,NA,1,0,0,0,0,0,0,0,1,1,0,5,5,1,1,1,0,0,0,1,2,NA,2,-7,-7,2,1,2,-7,-7,-7,2,7,3,1983,42,1,-7,2,2,1,1,1,9,-7,-7,-7,-7,1,2,-7,6,11,2,2,2,2,2,2,5,2,1,1,-7,2,2,2,2,0,0,1,0,0,0,bas25_06005,228.83561281,1,24510,Canton,9,11,11:40:31,9,11,12:05:26,2,2,2,2,4,4,1,3,0,1
30,4,2,1,1,2,4,4,2,2,1,2,2,2,1,1,2,1,1,1,1,1,2,5,1,2,2,2,1,2,2,3,3,3,3,3,-8,2,-8,-8,-8,-8,-8,-8,2,2,3,3,4,3,3,3,-7,3,2,2,2,2,2,2,1,2,1,3,3,2,1,1,2,0,0,0,0,0,0,1,0,0,0,0,0,0,0,0,0,0,0,1,0,0,0,0,0,0,1,0,0,0,0,1,0,0,0,0,0,0,0,0,0,1,1,0,1,0,0,0,0,0,1,0,0,0,1,0,0,0,2,-7,1,0,0,0,0,0,0,8,-7,-7,-7,100000,1200,3,4,3,3,3,2,2,2,-7,2,2,2,4,4,3,3,3,1,3,1,1,4,4,2,2,4,0,0,0,1,0,0,0,0,NA,0,0,0,0,0,0,0,1,0,0,0,3,2,1,1,0,0,1,0,2,2,NA,2,-7,-7,1,-7,2,-7,-7,-7,2,5,3,1972,53,2,-7,2,2,1,1,1,9,-7,-7,-7,-7,1,1,2,-7,2,2,2,2,2,2,2,-8,4,3,2,-7,1,1,1,1,-8,1,-8,-8,-8,0,bas25_06020,278.19119864,1,24510,Allendale/Irvington/S. Hilton,9,5,14:46:28,9,5,15:12:49,2,1,1,1,1,3,2,4,5,2
11,6,1,1,1,2,4,3,3,2,3,2,3,1,1,1,1,1,1,2,1,1,1,3,1,1,1,2,2,2,3,3,3,3,2,3,1,1,1,1,1,2,1,2,2,2,1,1,2,2,2,-7,4,3,3,3,3,3,3,1,1,1,2,1,1,4,3,1,1,0,0,0,0,0,0,0,0,0,0,0,1,1,1,0,0,0,0,1,0,1,0,0,0,-8,-8,-8,-8,-8,-8,-8,-8,-8,-8,-8,-8,-8,1,0,1,0,0,0,1,0,0,0,0,0,2,0,0,1,0,1,1,1,2,-7,1,0,1,0,0,0,0,1,4,4,4,250000,30000,3,4,3,4,3,3,3,2,-7,2,2,1,1,1,1,1,1,1,1,1,1,3,2,1,1,1,0,0,0,0,0,0,0,0,NA,1,0,1,0,0,1,0,0,0,0,0,5,5,2,1,1,0,0,0,1,2,NA,2,-7,-7,1,-7,1,0,1,0,2,6,3,1976,49,2,-7,2,2,1,1,1,2,-7,-7,-7,-7,2,2,-7,4,9,2,2,2,2,2,2,4,2,1,1,-7,2,2,2,2,0,0,1,0,0,0,bas25_06035,858.5969585,2,24005,-7,8,30,20:49:44,8,30,21:25:37,1,1,2,2,4,4,2,3,0,1
25,3,1,1,1,1,3,3,2,4,-8,1,4,2,2,2,1,1,1,1,1,1,2,3,3,3,2,1,1,2,3,3,4,-8,-8,-8,2,2,2,2,2,2,2,2,2,3,2,2,3,3,-8,3,-7,3,3,3,3,3,3,1,4,1,2,2,1,3,2,1,6,0,0,0,0,0,0,0,1,0,0,0,0,-8,-8,-8,-8,-8,-8,-8,-8,-8,-8,-8,-8,0,0,0,0,1,0,0,1,0,1,1,1,0,0,0,1,1,0,1,0,1,0,0,0,0,3,-8,-8,-8,-8,-8,-8,-8,1,2,-7,-7,-7,-7,-7,-7,-7,2,3,4,3,200000,50000,3,4,3,4,3,3,3,2,-7,2,2,2,1,1,1,2,1,1,1,1,1,2,2,1,1,4,0,0,0,0,0,0,0,0,NA,1,0,0,0,1,0,0,0,0,0,0,4,4,2,1,1,0,0,0,1,2,NA,-8,-7,-7,2,1,2,-7,-7,-7,2,7,1,1968,57,1,-7,2,2,1,1,1,2,-7,-7,-7,-7,7,2,-7,-8,-6,2,2,2,2,2,2,3,3,1,1,-7,2,2,2,2,0,0,1,0,0,0,bas25_06042,487.45538134,2,24005,-7,9,8,15:57:55,9,8,16:29:30,1,2,1,2,-6,4,1,4,0,1
5,4,2,2,2,2,3,3,2,2,2,1,3,1,1,1,1,1,1,1,1,1,2,2,1,1,1,1,1,1,3,3,3,3,-8,-8,1,1,1,1,2,2,2,2,2,1,1,1,1,1,1,1,-7,3,3,3,3,3,3,1,1,2,1,2,2,2,1,1,2,0,0,0,0,0,0,0,0,0,0,0,1,0,0,0,0,0,0,0,0,0,0,0,1,0,0,0,1,0,0,-8,-8,-8,-8,-8,-8,-8,1,0,1,0,0,0,0,0,1,1,0,0,1,-8,-8,-8,-8,-8,-8,-8,1,4,-7,-7,-7,-7,-7,-7,-7,1,1,1,3,5000000,30000,1,1,1,1,3,3,3,2,-7,2,2,2,1,1,1,1,1,2,1,1,1,1,1,1,1,1,-8,-8,-8,-8,-8,-8,-8,-8,NA,-8,-8,-8,-8,-8,-8,-8,-8,-8,-8,-8,3,3,1,3,1,0,0,0,1,2,NA,1,1,-7,2,2,2,-7,-7,-7,2,3,1,1990,35,2,-7,2,2,1,1,1,9,-7,-7,-7,-7,1,2,-7,3,8,2,2,2,2,2,2,1,2,3,1,-7,1,1,1,1,0,1,0,0,0,0,bas25_06053,2183.4737239,2,24005,-7,8,27,15:03:01,8,27,15:57:41,1,2,1,1,4,2,2,3,0,1
4,3,4,2,3,3,2,3,4,5,3,2,4,4,3,1,3,2,4,5,4,2,4,3,4,3,2,2,2,2,3,3,4,3,4,4,1,1,1,1,1,1,1,1,2,4,5,4,5,5,5,4,-7,3,1,3,2,2,3,2,5,1,3,2,1,1,3,2,1,0,0,0,0,0,0,0,1,0,0,0,0,0,0,0,0,0,0,0,1,0,0,0,0,0,0,0,1,1,0,0,1,0,0,1,0,1,0,0,1,1,0,0,0,0,0,0,0,1,3,0,0,0,0,1,0,1,1,2,-7,-7,-7,-7,-7,-7,-7,2,3,5,3,100000,30000,4,2,4,5,3,3,1,2,-7,1,1,1,2,2,2,5,3,3,4,1,1,3,4,1,1,1,0,0,0,0,0,0,0,0,NA,1,0,0,0,0,0,0,0,1,1,0,5,4,1,2,0,1,0,0,1,2,NA,1,1,-7,1,-7,2,-7,-7,-7,1,4,5,1993,32,2,-7,2,2,1,1,1,2,-7,-7,-7,-7,3,1,2,-7,2,2,1,2,2,2,2,4,3,1,1,-7,2,2,2,2,0,0,1,0,0,0,bas25_06056,447.55610132,1,24510,Greater Charles Village/Barclay,10,1,15:35:12,10,1,15:49:09,2,1,1,2,1,3,2,2,4,2
4,4,1,2,2,2,3,3,2,4,3,2,3,3,2,2,4,2,5,3,1,2,2,1,3,3,2,2,3,3,4,4,4,5,1,2,1,1,1,1,1,1,1,1,2,5,5,5,5,5,5,-7,4,2,2,1,1,1,1,2,5,2,4,2,1,2,3,1,1,1,1,0,1,1,0,1,1,1,1,0,0,1,0,0,1,1,1,0,1,1,0,0,0,0,0,0,1,0,0,1,0,1,1,0,0,1,0,0,1,0,1,0,0,1,0,1,0,0,5,0,0,0,0,1,1,0,1,4,-7,-7,-7,-7,-7,-7,-7,8,-7,-7,-7,100,15000,4,5,4,5,1,1,1,1,2,1,1,2,5,5,5,5,5,2,1,1,2,4,3,1,1,4,0,1,0,1,1,1,1,0,NA,0,1,1,0,0,0,1,1,0,1,0,5,5,1,2,1,0,0,0,2,2,NA,2,-7,-7,2,2,2,-7,-7,-7,1,3,5,1963,62,1,-7,2,2,1,1,1,2,-7,-7,-7,-7,1,1,1,-7,1,1,1,1,2,1,2,5,3,2,5,1,1,1,1,1,0,1,0,0,0,0,bas25_06065,1102.6781251,1,24510,Edmondson Village,8,28,12:39:38,8,28,13:56:54,1,2,2,1,1,2,1,4,10,3
39,1,1,1,2,2,3,3,3,1,2,1,3,1,1,1,1,1,1,1,1,1,1,3,1,1,1,1,1,2,2,2,4,3,3,4,1,1,1,1,1,1,1,1,1,3,2,1,3,3,3,3,-7,3,3,3,3,3,3,1,1,1,2,1,1,1,2,2,7,1,0,0,0,0,0,0,0,0,0,0,0,1,0,0,0,0,0,0,0,0,0,0,0,0,0,0,0,0,1,0,0,0,0,1,1,0,0,0,1,1,0,0,0,0,0,0,0,1,2,-8,-8,-8,-8,-8,-8,-8,3,-7,-7,-7,-7,-7,-7,-7,-7,5,-7,-7,-7,NA,50000,3,3,3,4,3,3,3,2,-7,2,2,1,1,1,1,1,1,1,1,1,1,3,2,1,1,1,0,0,0,0,0,0,0,0,NA,1,1,1,0,0,0,0,0,0,0,0,5,5,2,1,1,0,0,0,1,2,NA,1,1,-7,2,2,2,-7,-7,-7,1,4,1,1959,66,2,-7,2,2,1,1,1,2,-7,-7,-7,-7,2,2,-7,1,6,2,2,2,2,2,2,4,2,1,1,-7,2,2,2,2,0,0,1,0,0,0,bas25_06070,1849.6288377,2,24005,-7,9,4,10:19:30,9,4,11:30:53,1,2,1,2,3,3,2,5,0,1
27,2,1,2,2,2,3,3,3,2,3,2,3,2,3,3,2,1,1,1,1,1,1,3,2,2,1,6,-7,2,3,4,3,3,2,3,1,1,1,1,1,1,1,1,2,3,3,2,3,2,2,-7,1,3,3,3,3,3,3,-8,3,1,3,3,3,3,2,1,2,1,0,0,0,0,0,0,0,0,0,0,0,1,0,0,1,0,0,0,0,0,0,0,0,-8,-8,-8,-8,-8,-8,0,0,0,0,0,1,0,0,0,1,1,0,0,0,0,0,0,0,1,2,-8,-8,-8,-8,-8,-8,-8,3,-7,-7,-7,-7,-7,-7,-7,-7,2,1,5,3,75000,20000,3,3,2,3,2,3,2,1,3,2,-8,3,3,4,4,4,2,3,2,1,1,4,2,1,1,3,0,0,0,1,0,1,0,0,NA,0,1,1,0,0,0,0,0,0,0,0,4,4,2,1,1,0,0,0,2,2,NA,1,2,1,1,-7,2,-7,-7,-7,1,3,1,1958,67,1,-7,2,2,1,1,1,8,-7,-7,-7,-7,1,1,4,-7,4,2,2,2,1,2,2,3,1,1,1,-7,2,2,2,2,0,0,1,0,0,0,bas25_06071,275.6510141,2,24005,-7,9,8,13:15:48,9,8,14:11:01,1,1,2,2,2,2,1,5,0,1
0,3,2,2,2,2,3,3,2,2,3,2,1,2,1,1,2,1,1,1,1,2,1,3,3,3,1,1,1,3,3,3,4,1,3,4,1,1,1,2,1,1,1,2,2,4,5,4,5,5,5,3,-7,3,3,3,3,3,3,1,1,1,3,2,2,3,2,2,1,1,1,0,0,1,0,0,0,0,0,0,0,1,1,0,0,0,1,1,1,0,0,0,0,-8,-8,-8,-8,-8,-8,-8,-8,-8,-8,-8,-8,-8,1,0,1,0,0,-8,-8,-8,-8,-8,-8,-8,2,0,0,0,0,1,1,0,1,1,-7,-7,-7,-7,-7,-7,-7,1,1,2,4,300000,20000,2,3,3,2,3,3,3,2,-7,2,2,2,1,1,1,1,2,3,1,1,1,1,1,1,1,2,0,0,0,0,0,0,0,0,NA,1,0,0,0,0,0,0,0,0,0,1,3,4,1,1,1,0,0,0,1,2,NA,1,1,-7,4,1,2,-7,-7,-7,2,6,5,2002,23,2,-7,2,2,1,1,1,2,-7,-7,-7,-7,2,2,-7,1,6,2,2,2,2,2,2,3,1,1,1,-7,2,2,2,2,0,0,1,0,0,0,bas25_06091,2057.871082,1,24510,South Baltimore,8,27,19:24:13,-9,-9,NA:NA:NA,1,2,1,2,3,4,2,1,0,1
5,2,3,3,3,3,3,3,5,4,3,3,3,3,1,1,1,1,1,1,1,1,1,4,2,3,2,2,2,3,3,3,4,5,4,4,1,1,1,1,1,1,1,2,2,3,1,1,2,2,-8,-7,3,3,3,2,1,3,3,1,5,1,1,2,3,3,1,1,1,0,0,0,0,0,0,0,0,0,0,0,1,0,0,0,0,0,0,0,0,0,0,0,1,-8,-8,-8,-8,-8,-8,-8,-8,-8,-8,-8,-8,-8,-8,-8,-8,-8,-8,-8,-8,-8,-8,-8,-8,-8,1,-8,-8,-8,-8,-8,-8,-8,1,1,-7,-7,-7,-7,-7,-7,-7,3,3,4,3,500000,30000,3,3,4,5,2,2,1,1,2,1,2,2,3,3,3,3,3,3,3,2,2,5,3,1,1,1,0,0,0,0,0,0,0,0,NA,1,1,0,0,0,1,0,0,0,0,0,5,5,1,2,1,0,0,0,2,2,NA,2,-7,-7,1,-7,1,0,0,1,2,4,5,1985,40,2,-7,3,2,1,1,1,9,-7,-7,-7,-7,1,2,-7,1,6,2,2,2,2,2,2,5,3,1,1,-7,1,1,1,1,0,1,0,0,0,0,bas25_06093,1346.8596721,2,24005,-7,9,7,21:13:14,9,7,21:34:30,2,1,2,1,3,3,2,3,3,2
25,4,1,1,2,2,3,3,2,3,3,1,3,2,1,2,1,2,1,2,1,2,1,4,3,2,1,1,1,2,3,3,3,4,3,4,1,1,1,1,2,1,2,2,1,3,4,1,3,4,4,-7,3,2,2,2,2,2,3,1,4,2,2,1,1,2,2,1,1,0,0,0,0,1,0,0,1,0,1,0,0,0,0,0,0,0,0,0,1,0,0,0,0,-8,-8,-8,-8,-8,-8,0,1,0,0,1,1,0,0,1,1,0,0,0,0,1,1,0,0,0,2,-8,-8,-8,-8,-8,-8,-8,1,4,-7,-7,-7,-7,-7,-7,-7,1,2,2,3,NA,NA,4,3,4,5,3,3,1,2,-7,1,2,3,2,3,3,4,2,3,2,3,1,2,2,2,2,1,0,0,0,0,0,0,0,0,NA,1,0,1,0,0,0,0,0,0,1,0,5,4,3,2,1,0,0,0,2,2,NA,2,-7,-7,6,1,2,-7,-7,-7,1,6,5,2000,25,1,-7,3,2,1,1,1,9,-7,-7,-7,-7,3,1,2,1,2,2,2,2,2,2,2,5,3,1,1,-7,2,2,2,2,0,0,1,0,0,0,bas25_06100,1236.3694538,1,24510,Mount Washington/Coldspring,8,29,21:18:23,8,29,21:52:29,1,1,2,2,1,4,1,2,5,2
2,4,1,1,2,1,4,3,2,2,3,1,2,2,1,1,2,1,1,1,1,1,1,3,1,2,1,1,1,2,2,2,3,1,2,3,1,1,1,1,2,1,2,1,1,4,4,2,4,4,4,3,-7,3,3,3,3,3,3,1,1,1,2,2,1,2,2,1,2,0,0,0,0,0,0,1,1,1,0,0,0,0,0,0,0,0,0,0,1,0,0,0,0,0,1,1,0,0,0,0,1,1,0,0,1,1,1,0,1,0,0,0,0,1,0,1,0,0,1,0,0,0,0,1,0,0,3,-7,-7,-7,-7,-7,-7,-7,-7,1,3,2,2,450000,25000,3,3,4,5,3,3,3,2,-7,2,2,1,1,2,1,2,1,1,1,1,1,3,2,1,1,2,0,0,0,0,0,0,0,0,NA,1,1,1,0,0,0,0,0,0,0,0,5,5,2,1,1,0,0,0,1,2,NA,2,-7,-7,1,-7,2,-7,-7,-7,2,7,5,1962,63,2,-7,1,1,3,3,3,9,-7,-7,-7,-7,1,2,-7,3,8,2,2,2,2,2,2,4,3,1,1,-7,2,2,4,6,0,0,1,0,0,1,bas25_06111,149.32780421,1,24510,Midtown,9,20,08:58:34,9,20,09:41:59,1,2,1,3,4,4,2,4,0,1
31,4,1,1,2,2,4,2,2,3,3,1,3,1,1,1,1,1,1,1,1,1,1,1,1,2,1,1,1,2,3,2,4,2,2,3,1,1,1,1,1,1,1,2,2,3,3,2,3,3,3,4,-7,3,3,3,3,3,3,1,1,1,1,3,1,1,1,1,3,1,1,0,0,0,0,0,0,0,0,0,0,1,1,0,1,1,0,0,1,0,0,0,0,-8,-8,-8,-8,-8,-8,-8,-8,-8,-8,-8,-8,-8,0,0,1,1,0,1,0,1,0,1,0,0,4,-8,-8,-8,-8,-8,-8,-8,3,-7,-7,-7,-7,-7,-7,-7,-7,5,-7,-7,-7,500000,27000,3,4,3,4,3,3,3,2,-7,2,2,2,1,1,3,2,2,1,1,1,1,3,2,1,1,1,0,0,0,0,0,0,0,0,NA,1,1,0,0,0,0,0,0,0,1,0,5,5,2,1,1,0,0,0,1,2,NA,2,-7,-7,1,-7,2,-7,-7,-7,2,5,3,1954,71,2,-7,2,2,1,1,1,8,-7,-7,-7,-7,3,1,5,-7,5,2,2,2,2,2,2,4,2,1,1,-7,1,1,1,1,0,1,0,0,0,0,bas25_06114,718.47684351,2,24005,-7,8,30,14:37:36,8,30,15:14:54,1,2,1,1,2,3,2,5,0,1
11,6,1,-8,1,1,4,3,2,2,3,2,3,2,2,2,2,1,1,2,1,1,2,2,2,2,2,1,2,2,3,3,4,3,3,-8,1,1,1,1,1,1,1,1,1,3,3,2,3,3,3,-7,4,3,3,3,3,3,3,1,3,1,2,2,3,2,2,2,1,0,0,0,0,0,0,0,1,0,0,0,0,0,0,0,0,0,0,0,1,0,0,0,0,0,1,0,0,0,0,-8,-8,-8,-8,-8,-8,-8,0,0,0,1,0,1,0,0,0,0,1,0,2,0,0,0,0,0,1,0,1,4,-7,-7,-7,-7,-7,-7,-7,2,1,4,3,120000,70000,3,3,2,4,3,3,3,2,-7,2,2,2,1,1,1,1,1,1,1,1,1,2,2,1,1,1,0,0,0,0,0,0,0,0,NA,1,0,1,0,0,0,0,0,0,1,0,5,4,2,-8,1,0,0,0,1,2,NA,2,-7,-7,2,1,1,0,1,1,2,7,1,1975,50,1,-7,2,2,1,3,-8,1,4,-7,-7,-7,7,2,-7,3,8,2,2,2,2,2,2,3,2,1,1,-7,2,2,2,2,0,0,1,0,0,0,bas25_06120,450.39644579,2,24005,-7,9,8,19:39:14,9,8,20:05:07,1,2,2,2,4,4,1,4,0,1
15,2,2,2,3,2,3,3,3,3,3,2,3,2,2,2,2,3,2,3,2,2,2,4,3,2,2,4,3,2,3,3,4,2,3,3,2,1,1,2,2,2,2,2,1,3,4,4,3,3,4,-7,3,3,3,3,3,3,3,1,1,1,3,2,1,3,3,2,1,0,0,0,0,1,0,0,1,0,0,1,0,0,0,0,0,0,0,0,1,1,0,0,0,-8,-8,-8,-8,-8,-8,0,0,0,1,0,1,0,0,0,1,1,0,0,1,0,0,0,1,0,2,-8,-8,-8,-8,-8,-8,-8,2,-7,0,0,1,0,0,0,0,1,2,4,3,150000,50000,3,4,3,5,3,3,3,2,-7,2,-8,2,1,1,1,2,2,1,1,1,2,3,3,1,1,2,0,1,0,0,0,1,0,0,NA,0,0,0,0,0,0,1,0,0,1,0,5,5,2,1,1,0,0,0,2,2,NA,2,-7,-7,2,2,2,-7,-7,-7,2,7,5,1978,47,1,-7,2,2,1,1,1,8,-7,-7,-7,-7,6,1,5,-7,5,2,2,2,1,2,2,4,2,1,1,-7,1,1,1,1,0,1,0,0,0,0,bas25_06134,455.29737678,1,24510,Glen-Fallstaff,9,7,21:25:21,9,18,18:53:13,2,1,2,1,2,4,1,3,0,1
15,5,1,2,2,2,3,3,2,2,3,1,3,1,1,1,1,1,1,1,1,1,1,4,2,1,1,6,-7,2,3,3,4,3,3,3,1,2,2,2,1,1,1,1,2,3,4,3,4,4,4,4,-7,3,3,3,3,3,3,1,1,1,4,2,1,2,1,1,1,0,0,0,0,1,0,0,1,0,0,0,0,0,0,0,0,1,1,0,1,0,0,0,0,0,0,0,0,1,0,0,1,0,0,1,0,0,0,0,1,1,0,0,0,0,0,0,0,1,2,-8,-8,-8,-8,-8,-8,-8,3,-7,-7,-7,-7,-7,-7,-7,-7,5,-7,-7,-7,200000,20000,4,5,4,5,3,3,3,2,-7,2,2,2,3,2,2,2,2,1,1,1,1,3,3,1,1,1,0,0,0,0,0,0,0,0,NA,1,0,0,0,0,0,0,0,1,1,0,5,5,2,1,1,0,0,0,1,2,NA,2,-7,-7,1,-7,2,-7,-7,-7,1,7,3,1950,75,2,-7,2,2,1,1,1,9,-7,-7,-7,-7,1,1,3,-7,3,2,1,2,2,2,2,-8,4,1,1,-7,-6,-6,-6,-6,0,0,0,0,0,0,bas25_06145,149.62990393,2,24005,-7,9,21,09:49:25,9,21,10:31:42,1,1,1,-6,2,4,2,5,0,1
20,3,4,3,3,3,2,2,5,4,3,3,3,3,2,2,4,3,2,5,4,5,4,3,4,3,2,2,3,2,3,2,4,3,3,-8,1,1,1,1,1,1,1,1,2,4,4,4,5,4,5,2,-7,3,3,3,3,3,3,1,1,1,4,2,3,3,-8,-8,1,0,0,0,0,0,0,0,0,0,0,0,1,1,0,0,1,1,0,0,0,0,0,0,0,0,0,0,0,1,0,0,1,0,1,0,1,0,1,0,1,0,0,1,0,1,1,1,1,0,-8,1,0,0,0,0,0,0,3,-7,-7,-7,-7,-7,-7,-7,-7,2,5,5,4,300000,30000,4,5,4,5,3,3,3,2,-7,2,2,2,1,1,2,5,1,1,1,1,1,1,1,1,1,1,0,0,0,0,0,0,0,0,NA,1,0,0,0,0,0,0,0,0,0,1,5,5,2,1,1,0,0,0,1,2,NA,2,-7,-7,1,-7,2,-7,-7,-7,2,7,3,1958,67,1,-7,2,2,3,3,3,9,-7,-7,-7,-7,1,1,5,-7,5,2,2,2,2,2,2,3,3,1,1,-7,3,4,3,4,0,0,0,0,1,0,bas25_06148,77.731552052,1,24510,Brooklyn/Curtis Bay/Hawkins Point,10,8,09:14:17,10,8,10:18:37,2,2,1,3,2,4,1,5,0,1
1,2,1,1,1,1,3,3,1,1,1,1,1,1,1,2,1,1,1,1,1,1,1,2,1,1,1,1,1,3,2,2,2,4,4,2,1,1,1,1,1,1,1,1,1,1,1,2,4,4,4,4,-8,3,3,3,3,3,3,2,1,2,1,2,2,2,1,1,1,1,1,1,0,0,0,0,0,0,0,0,0,1,1,1,0,0,0,0,0,0,0,0,0,1,0,0,0,0,0,0,0,0,0,0,0,1,0,1,0,0,0,0,0,0,0,0,0,1,1,0,1,0,0,0,0,0,3,-7,-7,-7,-7,-7,-7,-7,-7,8,-7,-7,-7,N/A,N/A,2,1,2,2,2,2,2,1,2,2,2,1,3,1,1,2,2,1,1,1,1,2,1,1,1,2,1,0,0,0,0,0,0,0,NA,0,0,0,0,0,0,0,0,0,0,1,5,5,1,1,0,0,0,1,2,-8,NA,2,-7,-7,1,-7,2,-7,-7,-7,1,3,5,1974,51,1,-7,2,2,1,1,1,9,-7,-7,-7,-7,2,1,1,-7,1,1,1,1,2,1,2,3,4,1,1,-7,1,1,1,1,0,1,0,0,0,0,bas25_06149,523.2470429,1,24510,Oldtown/Middle East,10,2,10:29:39,10,2,10:44:53,1,2,2,1,1,2,1,4,0,1
3,4,1,1,2,1,4,3,2,2,3,2,3,2,2,2,2,1,1,1,1,1,2,5,2,2,2,2,2,2,3,3,3,2,2,3,1,1,1,1,1,1,2,1,2,3,3,3,3,3,3,-7,4,3,3,3,3,3,3,1,1,1,1,2,2,2,1,1,2,1,0,0,0,0,0,0,1,0,0,0,0,1,0,0,1,0,0,1,1,0,0,0,0,0,1,0,0,0,0,0,1,0,1,0,0,0,1,0,1,0,0,1,0,0,0,0,1,0,1,-8,-8,-8,-8,-8,-8,-8,3,-7,-7,-7,-7,-7,-7,-7,-7,9,-7,-7,-7,250000,40000,3,3,3,4,3,3,3,2,-7,2,2,1,1,1,1,1,1,1,1,1,1,2,2,1,2,2,0,0,0,0,0,0,0,0,NA,1,0,0,0,0,0,0,0,0,0,1,5,5,2,4,1,0,0,0,1,2,NA,2,-7,-7,2,2,1,1,0,0,2,6,1,1989,36,1,-7,2,2,1,1,1,2,-7,-7,-7,-7,1,2,-7,5,10,2,2,2,2,2,2,4,2,1,1,-7,2,2,2,2,0,0,1,0,0,0,bas25_06151,1743.7399524,2,24005,-7,9,29,10:48:55,9,29,11:05:25,1,1,2,2,4,4,1,3,0,1
11,4,2,2,3,2,2,3,4,4,3,5,4,4,3,3,5,1,3,4,2,4,4,4,4,4,2,6,-7,2,3,3,3,3,4,4,2,2,2,2,2,2,2,2,2,5,5,3,5,4,5,3,-7,3,3,3,3,3,3,1,4,1,1,3,3,3,1,1,1,0,0,0,0,1,0,0,0,0,0,0,0,0,0,0,0,1,0,0,0,0,0,0,0,-8,-8,-8,-8,-8,-8,-8,-8,-8,-8,-8,-8,-8,0,0,1,1,0,0,0,0,0,0,0,1,1,-8,-8,-8,-8,-8,-8,-8,1,4,-7,-7,-7,-7,-7,-7,-7,5,-7,-7,-7,250000,22000,4,5,2,3,3,3,3,2,-7,2,2,1,1,1,1,1,1,1,1,2,1,2,2,1,1,1,0,0,0,1,0,0,0,0,NA,0,0,1,0,0,0,0,0,0,0,0,5,5,1,1,1,0,0,0,2,2,NA,2,-7,-7,1,-7,2,-7,-7,-7,2,6,5,1950,75,2,-7,2,2,1,1,1,2,-7,-7,-7,-7,4,2,-7,2,7,2,2,2,1,2,2,4,2,1,1,-7,2,2,2,2,0,0,1,0,0,0,bas25_06160,286.74006461,1,24510,North Baltimore/Guilford/Homeland,9,6,12:13:55,9,6,12:51:35,1,1,1,2,3,4,2,5,0,1
9,4,2,2,2,2,3,3,3,3,4,2,3,2,2,1,2,1,1,1,1,1,2,5,2,4,2,4,3,2,3,3,4,2,2,2,1,1,1,1,1,1,1,2,2,3,1,1,3,3,2,4,-7,3,3,3,3,3,3,1,3,1,2,3,3,2,3,1,4,0,0,0,0,0,0,0,1,0,0,0,0,0,0,0,0,0,0,0,1,0,0,0,0,0,1,0,1,0,0,0,1,0,1,1,0,1,0,0,1,1,0,1,1,0,1,0,1,0,3,-8,-8,-8,-8,-8,-8,-8,2,-7,0,0,0,0,0,0,1,1,1,2,4,750000,50000,3,4,3,4,3,3,3,2,-7,2,2,1,1,1,1,1,1,1,1,1,1,2,3,1,1,1,0,0,0,0,0,0,0,0,NA,1,0,1,0,1,0,0,0,0,1,0,5,5,2,1,1,0,0,0,1,2,NA,2,-7,-7,2,1,1,0,2,1,2,7,1,1981,44,2,-7,2,2,1,3,3,2,-7,-7,-7,-7,7,2,-7,6,11,2,2,2,2,2,2,3,2,1,1,-7,2,2,2,2,0,0,1,0,0,0,bas25_06166,1010.541732,2,24005,-7,9,1,11:56:26,9,1,12:24:31,1,1,1,2,4,4,2,3,0,1
3,5,2,2,2,2,3,3,3,3,3,2,3,2,1,1,2,3,4,2,1,1,2,2,2,2,2,2,2,2,3,3,4,3,3,3,1,1,1,1,1,1,1,1,2,2,2,4,3,3,3,-7,4,2,2,2,3,3,3,1,1,1,2,2,2,3,1,2,1,0,0,0,0,0,0,0,0,0,0,0,1,0,0,0,0,0,0,0,1,0,0,0,0,0,1,0,0,0,1,1,1,1,1,1,1,1,0,0,1,1,0,0,0,0,0,0,0,1,2,0,1,0,0,1,1,0,1,1,-7,-7,-7,-7,-7,-7,-7,1,4,5,4,1000000,60000,3,3,3,3,3,-8,3,2,-7,2,2,1,1,1,2,1,1,1,1,1,1,3,3,1,1,2,0,0,0,0,0,0,0,0,NA,1,0,0,0,0,0,0,0,0,0,1,3,3,1,1,1,0,0,0,1,2,NA,2,-7,-7,2,1,1,1,0,1,2,7,5,1972,53,1,-7,2,2,1,1,1,8,-7,-7,-7,-7,4,2,-7,4,9,2,2,2,2,2,2,3,4,1,1,-7,1,5,1,5,1,1,1,1,1,0,bas25_06170,220.70652212,1,24510,Inner Harbor/Federal Hill,8,30,08:59:10,8,30,09:18:17,2,2,2,1,4,4,1,4,3,2
18,3,1,1,1,1,4,3,1,2,4,1,3,1,1,1,1,1,-8,2,1,2,1,1,2,3,2,6,-7,2,2,2,4,3,4,-8,1,1,1,1,2,2,2,2,1,2,3,2,3,3,3,3,-7,3,3,3,3,3,3,1,1,1,1,1,1,2,1,1,2,0,1,0,0,0,0,0,1,0,0,0,0,0,1,0,0,0,0,0,1,1,0,0,0,-8,-8,-8,-8,-8,-8,-8,-8,-8,-8,-8,-8,-8,0,0,1,1,0,0,1,0,0,0,1,0,1,0,0,0,0,1,1,0,3,-7,-7,-7,-7,-7,-7,-7,-7,2,5,4,2,250000,40000,2,2,3,5,3,3,3,2,-7,2,2,1,1,2,2,2,2,3,2,1,1,2,2,1,1,1,0,0,0,0,0,0,0,0,NA,1,0,1,0,0,0,1,0,1,0,0,5,5,2,1,1,0,0,0,1,2,NA,2,-7,-7,4,1,1,1,0,1,2,7,1,1969,56,2,-7,2,2,1,1,1,2,-7,-7,-7,-7,4,2,-7,4,9,2,2,2,2,2,2,5,2,1,1,-7,2,2,2,2,0,0,1,0,0,0,bas25_06191,1208.1835657,2,24005,-7,8,27,14:55:08,8,27,15:27:01,2,1,1,2,4,4,2,4,0,1
30,4,1,2,3,2,3,3,3,3,3,3,3,3,3,2,3,3,2,2,3,3,2,2,2,3,2,2,2,2,3,3,4,3,2,2,1,2,1,2,2,1,2,2,2,3,4,3,3,3,3,4,-7,2,2,2,2,2,2,1,4,2,2,3,1,2,2,2,1,0,1,0,1,1,1,0,0,0,0,0,0,1,1,0,1,1,0,0,0,0,0,0,0,1,0,0,0,0,0,0,0,1,1,0,1,1,0,0,1,1,0,0,1,1,0,1,1,0,3,0,1,0,0,0,0,0,1,4,-7,-7,-7,-7,-7,-7,-7,1,3,5,2,$200K+,$35K,3,3,4,5,3,3,3,2,-7,2,2,2,2,2,3,2,2,1,1,1,1,2,2,2,2,2,0,0,0,0,0,0,0,1,this survey is happening during a cool spell,0,0,0,0,0,0,0,0,0,0,1,5,5,2,1,0,0,0,1,1,2,NA,2,-7,-7,1,-7,2,-7,-7,-7,2,7,5,1971,54,1,-7,5,2,1,1,1,9,-7,-7,-7,-7,3,2,-7,2,7,2,2,2,2,2,2,4,2,1,1,-7,2,2,2,2,0,0,1,0,0,0,bas25_06194,106.43519638,1,24510,Greater Charles Village/Barclay,9,1,09:45:24,9,1,10:20:25,1,1,1,2,3,4,1,4,6,3
8,3,4,4,4,4,2,1,4,3,5,4,4,3,3,3,3,1,2,2,2,2,2,3,3,1,2,2,2,3,3,3,3,3,3,3,2,2,1,1,2,2,2,2,2,4,2,3,4,4,4,4,-7,3,3,3,3,3,3,1,1,1,2,2,2,3,2,1,2,1,1,0,0,0,0,1,0,0,0,0,0,0,0,0,0,0,0,1,1,0,0,0,0,0,0,0,1,0,0,0,0,0,0,0,1,0,0,0,1,1,0,0,0,0,0,0,0,1,3,0,0,1,0,1,1,0,2,-7,0,0,0,0,0,0,1,1,1,4,4,100000,20000,3,4,4,4,3,3,3,2,-7,2,2,2,1,1,1,2,1,2,2,1,1,3,4,1,1,4,0,0,0,0,0,0,1,0,NA,0,0,0,0,0,1,0,0,1,1,0,5,5,2,1,1,0,0,0,1,2,NA,2,-7,-7,3,2,1,0,1,0,1,5,1,1978,47,1,-7,2,2,1,1,1,4,-7,-7,2,-7,4,2,-7,2,7,2,2,2,2,2,2,3,2,1,1,-7,2,2,2,2,0,0,1,0,0,0,bas25_06199,1524.664562,2,24005,-7,9,9,20:53:46,9,10,15:30:12,2,2,1,2,3,3,1,3,0,1
10,2,1,2,2,2,3,3,3,2,3,2,3,1,1,1,2,1,1,1,1,1,1,3,2,2,1,1,1,2,3,2,4,3,2,2,1,1,1,1,1,2,1,2,1,2,2,2,3,3,3,4,-7,3,3,3,3,3,3,1,1,1,3,1,1,2,1,1,2,0,0,0,0,1,0,1,1,1,0,0,0,0,0,0,0,0,0,1,1,1,0,0,0,0,0,0,1,0,1,0,1,0,0,1,1,0,0,0,1,1,0,0,1,1,1,0,0,0,2,-8,-8,-8,-8,-8,-8,-8,3,-7,-7,-7,-7,-7,-7,-7,-7,1,1,2,3,400000,30000,3,4,4,5,3,3,3,2,-7,2,2,2,2,1,1,2,1,1,1,1,1,1,2,1,1,1,0,0,0,0,0,0,0,0,NA,1,0,0,0,0,0,0,0,1,1,0,5,5,2,1,1,0,0,0,1,2,NA,2,-7,-7,4,1,2,-7,-7,-7,1,6,1,1974,51,1,-7,2,2,1,1,1,9,-7,-7,-7,-7,1,2,-7,6,11,2,2,2,2,2,2,4,2,1,1,-7,2,2,2,2,0,0,1,0,0,0,bas25_06205,2059.0970408,2,24005,-7,10,7,10:35:49,10,7,11:07:16,1,2,1,2,4,4,1,4,0,1
24,2,2,2,2,2,3,3,2,4,3,2,2,2,2,1,2,1,3,3,2,1,2,2,3,3,2,6,-7,2,4,4,4,5,3,3,1,1,1,1,1,2,2,2,2,5,4,4,4,4,4,-7,1,3,3,3,3,3,3,1,3,1,1,2,2,2,1,1,1,1,0,0,0,0,0,1,0,0,0,0,0,0,0,0,0,1,0,1,1,1,0,0,0,0,1,0,0,0,0,0,0,0,1,0,0,0,1,0,1,0,0,1,1,1,0,1,1,0,2,-8,-8,-8,-8,-8,-8,-8,3,-7,-7,-7,-7,-7,-7,-7,-7,1,3,2,3,500000,50000,4,5,3,5,3,3,3,2,-7,2,2,1,1,1,2,1,1,3,1,1,1,4,3,1,1,2,0,0,0,0,0,0,0,0,NA,1,1,0,0,0,0,0,0,1,0,0,3,3,2,1,1,0,0,0,1,2,NA,1,1,-7,1,-7,1,0,0,1,2,6,4,1977,48,2,-7,2,2,1,1,1,8,-7,-7,-7,-7,8,2,-7,4,9,2,2,2,2,2,2,3,4,1,1,-7,1,1,1,1,0,1,0,0,0,0,bas25_06236,605.57355867,1,24510,Dorchester/Ashburton,9,4,10:08:26,9,4,10:29:36,1,2,2,1,4,4,2,3,0,1
1,5,2,1,2,2,4,3,1,4,3,2,2,2,1,1,2,1,1,1,1,1,2,1,1,3,2,2,3,2,2,3,3,1,3,4,1,1,1,1,1,1,1,1,2,4,4,4,4,4,4,-7,4,3,2,3,3,2,3,1,4,1,4,2,2,3,3,1,2,0,0,0,0,0,0,0,1,0,0,0,0,0,0,0,0,0,0,0,1,1,0,0,0,0,0,0,0,0,1,0,0,0,1,1,1,1,0,0,1,1,0,0,0,0,0,1,0,0,4,-8,-8,-8,-8,-8,-8,-8,3,-7,-7,-7,-7,-7,-7,-7,-7,2,5,2,2,200000,30000,3,2,2,3,2,3,3,2,-7,2,2,3,3,3,3,3,3,3,2,2,1,4,3,2,1,1,0,0,0,0,0,1,1,0,NA,0,0,0,0,0,0,0,0,0,0,1,2,2,1,2,1,0,0,0,2,5,NA,2,-7,-7,3,1,1,1,0,0,2,4,5,1991,34,1,-7,2,1,3,3,3,2,-7,-7,-7,-7,2,1,3,-7,3,2,1,2,2,2,2,3,3,3,5,2,-6,-6,4,6,0,0,0,0,0,1,bas25_06237,742.36728817,1,24510,Midtown,8,27,15:17:08,9,18,17:24:34,1,1,2,3,2,3,1,2,2,2
23,2,1,2,2,-8,4,-8,3,2,2,3,3,3,2,1,3,1,1,3,1,3,1,2,1,1,1,3,3,3,2,2,4,3,1,2,1,1,1,1,1,1,1,2,1,5,5,1,4,3,4,-7,2,2,2,2,3,3,3,1,4,2,2,2,2,3,1,1,1,1,0,0,0,0,0,0,0,0,0,0,0,1,0,0,0,0,0,0,0,0,0,0,0,-8,-8,-8,-8,-8,-8,0,0,0,0,1,0,0,0,0,1,1,0,0,0,0,0,1,0,0,4,0,0,0,1,0,0,0,2,-7,0,0,1,0,0,0,1,5,-7,-7,-7,200000,35000,3,5,4,5,2,2,3,2,-7,2,2,4,5,3,5,3,2,2,2,1,3,3,3,1,1,1,0,0,0,0,0,0,0,0,NA,1,1,0,0,0,0,0,0,0,0,0,5,5,2,1,1,0,0,0,2,2,NA,2,-7,-7,2,1,1,0,0,1,2,2,2,1948,77,1,-7,2,2,1,1,1,-8,-6,-7,-7,-7,4,2,-7,1,6,1,1,2,2,2,2,3,2,1,1,-7,1,1,1,1,0,1,0,0,0,0,bas25_06240,912.75840985,1,24510,Chinquapin Park/Belvedere,8,27,18:29:28,8,27,20:17:16,1,1,2,1,3,1,1,5,3,2
45,6,2,3,3,3,3,3,5,4,3,4,4,4,3,3,3,1,1,2,1,2,4,3,2,3,1,1,1,3,4,4,4,4,2,3,1,1,1,1,1,1,1,1,2,3,2,1,3,2,3,-7,4,3,2,3,3,2,2,1,5,1,1,2,3,1,1,1,1,1,1,0,0,1,0,0,0,0,0,0,0,1,1,0,1,1,0,0,0,0,0,0,0,-8,-8,-8,-8,-8,-8,0,0,0,1,1,1,0,1,0,0,1,0,0,0,0,0,0,0,1,3,0,1,0,0,0,0,0,2,-7,0,0,1,0,0,0,0,5,-7,-7,-7,100000,30000,4,5,4,3,3,3,3,2,-7,2,2,1,1,1,1,1,1,1,1,1,1,4,3,1,1,1,0,0,0,1,0,0,0,0,NA,0,0,1,0,0,0,0,0,0,0,0,4,5,2,1,1,0,0,0,2,2,NA,1,3,3,1,-7,2,-7,-7,-7,1,7,5,1949,76,2,-7,2,2,1,1,1,2,-7,-7,-7,-7,8,2,-7,3,8,2,2,2,2,2,2,1,1,1,5,1,2,2,2,2,0,0,1,0,0,0,bas25_06241,150.19812886,2,24005,-7,8,29,09:14:46,8,29,09:54:34,1,1,2,2,4,4,2,5,3,2
5,6,2,2,3,2,3,3,3,3,2,1,2,2,2,2,3,3,4,3,3,2,2,2,2,2,1,2,2,3,4,4,4,2,4,3,1,1,1,1,1,1,1,2,2,5,4,2,4,4,4,-7,1,2,2,2,2,3,2,2,4,1,3,2,1,1,2,1,2,1,0,1,0,0,0,0,0,0,0,0,0,1,0,0,1,1,0,0,0,0,0,0,0,0,0,0,0,0,1,0,0,1,1,1,0,1,1,0,1,0,0,0,0,0,0,0,1,0,2,0,0,0,0,1,0,0,1,3,-7,-7,-7,-7,-7,-7,-7,1,1,4,3,Fam.size,belowAvera,2,2,2,2,3,3,3,2,-7,2,2,3,2,4,4,4,4,3,2,3,3,3,2,2,2,3,0,0,0,0,0,0,0,0,NA,1,1,1,0,0,0,0,0,0,0,0,5,5,1,2,1,0,0,0,1,2,NA,2,-7,-7,3,2,2,-7,-7,-7,2,6,1,1969,56,2,-7,2,2,3,3,3,8,-7,-7,-7,-7,4,1,2,-7,2,2,2,2,2,2,2,4,2,1,1,-7,1,1,1,1,0,1,0,0,0,0,bas25_06246,1713.16362,1,24510,Cross-Country/Cheswolde,8,27,17:40:19,8,27,21:28:33,1,2,2,1,1,4,2,4,5,2
5,6,2,2,2,2,4,4,2,5,5,4,4,4,2,2,5,3,5,3,2,2,4,5,5,5,1,2,4,3,4,4,4,5,4,-8,2,2,2,2,2,2,2,2,1,5,5,5,3,3,3,-7,4,3,3,3,3,3,3,1,4,1,3,1,1,2,5,2,1,0,0,0,0,1,0,0,0,0,0,0,0,0,0,0,0,0,0,0,1,0,0,0,0,-8,-8,-8,-8,-8,-8,1,1,1,1,1,1,1,0,0,1,1,0,0,0,0,0,0,0,1,2,-8,-8,-8,-8,-8,-8,-8,1,4,-7,-7,-7,-7,-7,-7,-7,1,1,4,4,300000,50000,4,4,4,5,3,3,3,2,-7,2,2,4,1,2,1,5,1,1,1,1,1,3,3,2,1,1,0,0,0,0,0,0,0,0,NA,1,1,0,0,0,0,0,0,1,1,0,5,5,2,1,1,0,0,0,1,2,NA,2,-7,-7,2,1,2,-7,-7,-7,2,4,1,1982,43,2,-7,2,2,1,1,1,9,-7,-7,-7,-7,1,2,-7,4,9,2,2,2,2,2,2,3,3,1,1,-7,2,2,2,2,0,0,1,0,0,0,bas25_06247,646.59469817,1,24510,South Baltimore,9,9,07:47:08,9,9,08:46:40,2,1,2,2,4,3,2,3,0,1
43,2,3,2,2,2,3,2,2,3,3,4,3,3,3,3,3,1,-8,3,1,3,5,3,3,3,1,6,-7,3,3,3,3,2,3,3,1,1,1,1,1,1,1,1,2,5,5,3,5,5,5,-7,5,3,3,3,2,3,3,1,3,1,4,2,3,3,4,3,1,1,0,0,0,0,0,0,0,0,0,0,0,1,0,0,0,1,0,0,0,0,0,0,0,0,0,0,0,0,1,0,0,1,1,1,1,0,0,0,1,0,1,0,1,0,0,0,0,0,5,0,0,0,1,0,0,0,2,-7,0,0,1,0,0,1,0,5,-7,-7,-7,200,10000,3,4,4,4,2,3,3,2,-7,2,2,2,4,5,5,5,3,5,3,3,2,3,4,1,1,4,0,0,1,1,0,0,0,0,NA,0,1,1,0,0,0,1,0,0,0,0,3,4,2,1,1,1,0,0,1,2,NA,2,-7,-7,2,2,2,-7,-7,-7,1,2,1,1961,64,1,-7,2,2,1,1,1,9,-7,-7,-7,-7,5,1,1,-7,1,1,1,2,2,2,2,2,2,1,3,-7,1,1,1,1,0,1,0,0,0,0,bas25_06253,1017.8538422,1,24510,Allendale/Irvington/S. Hilton,9,4,23:51:14,9,5,00:37:22,1,2,2,1,1,1,1,4,1,1
10,5,2,2,2,2,2,2,3,-8,-8,2,3,3,3,3,4,4,4,4,4,4,4,4,3,2,1,1,1,-8,-8,-8,-8,-8,-8,4,-8,-8,-8,-8,-8,-8,-8,-8,-8,-8,-8,-8,-8,-8,-8,-8,-7,1,1,2,-8,-8,-8,-8,-8,-8,5,2,2,3,4,4,2,1,0,0,0,0,0,1,0,0,0,0,0,1,0,0,0,0,0,1,0,0,0,0,0,-8,-8,-8,-8,-8,-8,-8,-8,-8,-8,-8,-8,-8,-8,-8,-8,-8,-8,0,0,0,0,0,0,1,5,-8,-8,-8,-8,-8,-8,-8,-8,-7,-7,-7,-7,-7,-7,-7,-7,8,-7,-7,-7,NA,NA,4,5,3,5,3,3,-8,-8,-7,-8,-8,-8,-8,-8,-8,-8,-8,-8,-8,-8,-8,4,4,-8,-8,-8,-8,-8,-8,-8,-8,-8,-8,-8,NA,-8,-8,-8,-8,-8,-8,-8,-8,-8,-8,-8,2,-8,-8,-8,-8,-8,-8,-8,-8,-8,NA,-8,-7,-7,-8,-7,-8,-7,-7,-7,-8,4,1,1962,63,2,-7,2,2,-8,1,1,8,-7,-7,-7,-7,3,-8,-7,-7,-6,-8,-8,-8,-8,-8,-8,-8,2,1,-8,-7,1,1,1,1,0,1,0,0,0,0,bas25_06256,975.14797814,1,24510,Greater Mondawmin,9,8,11:40:07,9,8,12:09:48,2,1,1,1,-6,3,2,4,10,3
24,4,1,2,2,2,3,3,3,4,2,2,3,3,2,2,3,3,4,3,3,3,1,2,3,3,3,2,2,1,3,3,4,3,3,3,1,1,1,1,2,2,2,2,2,-8,4,3,4,4,4,1,-7,3,3,3,3,3,3,1,2,1,2,3,3,3,1,1,1,0,1,0,0,0,0,0,0,0,0,0,0,0,1,0,0,0,0,0,1,1,0,0,0,1,0,1,0,0,0,1,1,1,1,1,1,1,0,0,1,1,0,1,1,1,1,1,1,0,4,1,0,1,0,0,0,0,1,4,-7,-7,-7,-7,-7,-7,-7,1,2,5,1,100k,50k,3,2,3,5,3,3,3,2,-7,2,2,1,1,1,1,1,1,1,1,1,1,2,2,1,1,3,0,0,0,0,0,0,0,0,NA,1,0,1,0,0,0,0,0,0,0,0,5,5,2,1,0,1,0,0,1,2,NA,2,-7,-7,1,-7,2,-7,-7,-7,1,7,3,1935,90,1,-7,2,2,1,3,1,-8,-6,-7,-7,-7,2,1,5,-7,5,2,2,2,2,2,2,4,2,1,1,-7,2,2,2,2,0,0,1,0,0,0,bas25_06258,85.0328717,1,24510,Greater Charles Village/Barclay,8,28,14:27:07,9,4,12:41:24,2,1,1,2,2,4,1,5,0,1
40,6,1,1,1,1,4,4,1,2,3,1,3,1,1,1,1,1,1,1,1,1,1,3,2,2,1,2,2,2,3,3,3,3,4,4,1,1,1,1,1,1,1,1,2,2,3,2,3,3,3,-7,4,3,3,3,3,3,3,1,1,1,2,1,1,3,2,1,1,1,0,0,0,0,0,0,0,0,0,0,0,1,0,0,0,0,0,0,0,1,0,0,0,-8,-8,-8,-8,-8,-8,0,0,0,0,0,1,0,0,0,1,1,0,0,0,0,0,1,0,0,3,0,1,1,0,1,1,0,3,-7,-7,-7,-7,-7,-7,-7,-7,5,-7,-7,-7,500000,40000,3,3,2,3,3,3,3,2,-7,2,2,2,1,1,1,2,1,1,1,1,1,2,2,1,1,1,0,0,0,0,0,0,0,0,NA,1,1,1,0,0,0,0,0,0,0,0,4,4,2,4,1,0,0,0,1,2,NA,1,1,-7,2,2,2,-7,-7,-7,2,3,1,1958,67,2,-7,2,2,1,1,1,2,-7,-7,-7,-7,4,2,-7,2,7,2,2,2,2,2,2,1,1,1,1,-7,2,2,2,2,0,0,1,0,0,0,bas25_06261,1392.7128539,2,24005,-7,9,9,12:16:27,9,9,13:03:37,2,2,2,2,3,2,2,5,0,1
10,4,5,4,4,4,2,1,5,4,4,5,4,5,3,2,4,1,1,3,1,3,1,3,5,3,1,3,3,3,3,3,3,3,3,3,1,1,1,1,1,1,1,1,2,5,4,3,5,5,5,-7,4,3,3,3,3,3,1,1,1,1,5,3,3,3,2,3,1,0,0,0,0,0,0,0,0,0,0,0,1,1,0,0,0,0,0,1,1,1,1,1,0,0,0,0,0,0,1,1,1,1,1,1,1,1,1,0,1,0,0,0,1,0,1,1,0,0,5,1,0,0,0,0,0,0,3,-7,-7,-7,-7,-7,-7,-7,-7,2,2,5,4,150000,0,4,5,3,4,3,3,3,2,-7,2,2,2,2,2,2,2,2,1,1,1,1,3,3,2,1,4,0,0,0,0,0,0,0,0,NA,1,1,1,0,0,0,1,1,0,1,0,3,2,2,1,1,0,0,0,2,2,NA,2,-7,-7,2,1,1,2,0,0,2,3,5,1971,54,1,-7,2,2,1,1,1,8,-7,-7,-7,-7,5,2,-7,3,8,1,1,1,2,2,2,3,3,1,5,2,1,1,1,1,0,1,0,0,0,0,bas25_06263,1512.3586751,1,24510,Orchard Ridge/Armistead,9,5,11:57:14,9,5,12:59:58,2,1,2,1,4,2,1,4,2,2
7,2,1,2,2,2,3,3,2,3,3,2,3,3,3,2,2,2,3,2,2,2,2,4,3,2,2,2,2,2,3,3,3,4,3,3,1,1,1,1,1,1,2,1,2,3,2,3,3,3,4,2,-7,2,3,2,3,3,3,1,2,1,2,3,1,3,2,2,2,0,0,0,1,1,0,1,0,0,1,0,0,0,0,0,0,0,0,0,0,0,0,0,1,0,1,0,0,0,0,0,0,0,0,1,1,0,0,0,1,1,0,1,0,1,0,1,0,0,2,0,0,0,0,1,0,0,2,-7,0,0,1,1,0,0,0,1,1,3,2,200000,40000,3,4,4,4,3,3,3,2,-7,-8,2,3,4,4,3,3,2,2,1,1,1,2,2,1,1,2,0,0,0,1,0,0,0,0,NA,0,0,0,0,0,0,0,0,0,0,1,5,4,2,1,1,0,0,0,1,2,NA,2,-7,-7,2,1,1,0,0,1,2,7,1,1973,52,1,-7,2,2,3,3,3,9,-7,-7,-7,-7,1,1,5,-7,5,2,2,2,1,1,1,3,3,3,5,2,3,4,3,4,0,0,0,0,1,0,bas25_06269,311.70282372,2,24005,-7,8,27,18:05:34,8,27,18:41:12,1,1,1,3,2,4,1,4,2,2
4,1,1,1,1,1,3,3,3,2,3,1,3,1,1,1,1,1,2,1,1,1,1,5,2,2,2,1,1,2,2,2,2,1,2,2,1,1,2,1,2,2,2,2,1,3,2,2,3,3,2,-7,4,3,3,3,3,3,3,1,1,1,1,1,1,1,1,1,7,0,1,0,0,1,0,1,1,0,1,0,0,0,1,0,0,0,0,0,1,1,0,0,0,0,0,0,0,0,1,0,0,0,1,0,0,0,0,0,1,1,0,0,0,0,0,1,1,0,2,-8,-8,-8,-8,-8,-8,-8,1,4,-7,-7,-7,-7,-7,-7,-7,1,1,1,3,750000,80000,3,4,3,4,3,3,3,2,-7,2,2,1,1,1,1,2,1,1,2,1,1,2,2,1,1,1,-8,-8,-8,-8,-8,-8,-8,-8,NA,-8,0,1,0,0,0,0,0,0,0,0,5,5,2,1,1,0,0,0,2,2,NA,1,2,3,2,1,2,-7,-7,-7,2,7,3,1984,41,2,-7,2,2,1,1,1,1,5,-7,-7,-7,2,2,-7,6,11,2,2,2,2,2,2,3,3,1,1,-7,2,2,2,2,0,0,1,0,0,0,bas25_06270,1010.541732,2,24005,-7,8,27,20:31:09,8,27,20:52:51,2,2,2,2,4,4,2,3,0,1
20,5,1,2,2,2,3,3,3,3,3,1,3,1,1,2,3,1,1,2,1,2,1,2,1,2,3,1,2,2,2,2,4,2,-8,4,1,1,1,1,2,2,2,2,1,3,4,3,4,4,4,-7,2,3,3,3,3,3,3,1,1,1,2,3,1,2,2,1,1,0,1,0,0,0,0,0,1,0,0,0,0,0,0,0,0,0,0,0,1,1,0,0,0,0,0,0,0,0,1,-8,-8,-8,-8,-8,-8,-8,0,0,1,1,0,-8,-8,-8,-8,-8,-8,-8,2,-8,-8,-8,-8,-8,-8,-8,3,-7,-7,-7,-7,-7,-7,-7,-7,1,2,3,4,NA,NA,3,4,4,5,3,3,3,2,-7,2,2,1,1,1,1,1,1,1,1,1,1,2,2,1,1,1,0,0,0,0,0,0,0,0,NA,1,0,0,0,0,0,0,0,0,0,1,5,5,2,1,1,0,0,0,1,2,NA,2,-7,-7,1,-7,2,-7,-7,-7,2,7,5,1972,53,1,-7,2,2,1,1,1,9,-7,-7,-7,-7,1,2,-7,4,9,2,2,2,2,2,2,3,2,1,1,-7,2,2,2,2,0,0,1,0,0,0,bas25_06278,101.1856391,1,24510,Greater Govans,8,30,10:13:58,8,30,10:48:05,2,1,2,2,4,4,1,4,0,1
2,2,2,2,3,3,3,3,4,3,3,2,2,2,2,2,5,1,1,1,1,1,1,1,2,3,1,6,-7,2,2,2,3,3,-8,-8,1,1,1,1,1,2,2,2,2,5,-8,-8,-8,-8,-8,-7,1,3,3,3,3,3,3,1,4,1,1,2,1,2,1,1,1,0,0,0,0,0,0,0,0,0,0,0,1,0,0,0,0,0,0,1,0,1,0,1,0,-8,-8,-8,-8,-8,-8,1,1,1,1,1,1,1,0,0,1,1,0,0,1,0,0,1,1,0,3,-8,-8,-8,-8,-8,-8,-8,3,-7,-7,-7,-7,-7,-7,-7,-7,1,2,2,2,200000,60000,3,3,3,5,3,3,3,2,-7,2,2,1,1,1,1,1,1,1,1,1,1,4,3,1,1,1,0,0,0,0,0,0,0,0,NA,1,1,0,0,0,0,0,0,0,0,0,4,4,1,1,0,0,1,0,1,2,NA,2,-7,-7,1,-7,2,-7,-7,-7,2,5,3,1974,51,1,-7,2,2,1,1,1,7,-7,-7,-7,-7,4,2,-7,3,8,2,2,2,2,2,2,2,2,2,5,1,1,1,1,1,0,1,0,0,0,0,bas25_06279,1435.0240588,2,24005,-7,9,2,10:54:32,9,2,11:41:12,2,1,2,1,4,3,1,4,0,1
4,4,1,3,2,3,3,2,4,2,1,3,2,4,1,2,1,5,1,1,1,1,2,1,2,1,1,1,1,4,2,3,3,3,2,2,1,1,1,1,1,1,1,1,2,3,4,4,4,5,-8,-7,4,2,2,2,2,2,3,2,2,2,5,2,1,4,4,4,1,1,0,0,1,1,0,0,1,0,0,0,0,1,0,0,1,1,0,1,1,1,0,0,0,-8,-8,-8,-8,-8,-8,-8,-8,-8,-8,-8,-8,-8,0,0,0,0,1,0,0,1,0,1,0,0,4,-8,-8,-8,-8,-8,-8,-8,3,-7,-7,-7,-7,-7,-7,-7,-7,7,-7,-7,-7,150000,20000,3,4,4,4,2,2,2,2,-7,2,2,3,3,3,3,3,3,3,2,1,3,2,2,1,1,1,0,0,0,0,0,0,0,0,NA,1,1,0,0,1,0,0,0,0,0,0,4,3,2,3,1,0,0,0,2,2,NA,2,-7,-7,6,1,1,0,1,0,2,2,4,1977,48,1,-7,2,1,1,3,3,1,7,Pentecostal,-7,-7,9,-8,-7,-7,-6,2,1,2,2,2,2,-8,-8,3,5,2,-6,-6,4,6,0,0,0,0,0,1,bas25_06280,1421.647581,1,24510,Brooklyn/Curtis Bay/Hawkins Point,9,5,14:45:13,9,5,15:38:47,2,2,2,3,-6,1,1,3,5,2
2,3,2,2,3,2,3,2,3,3,4,1,2,3,2,2,2,2,2,2,2,2,3,4,4,2,1,2,2,2,3,3,4,3,4,3,1,1,1,1,2,1,1,1,2,3,3,3,4,4,3,-7,2,2,2,2,2,2,2,1,4,1,3,1,2,3,2,2,1,0,0,0,0,1,0,0,1,0,1,0,0,0,0,0,0,0,0,0,1,1,0,0,0,0,0,0,1,1,0,0,1,1,1,1,1,0,0,0,1,1,0,0,1,1,1,1,1,0,2,1,0,0,0,0,0,0,3,-7,-7,-7,-7,-7,-7,-7,-7,8,-7,-7,-7,300000,50000,3,4,4,5,2,2,2,1,3,1,2,4,5,5,5,5,5,4,3,4,3,5,3,1,1,5,1,1,1,1,1,1,1,0,NA,0,0,0,0,0,0,0,0,1,1,0,5,5,2,2,1,1,0,0,1,2,NA,2,-7,-7,3,1,2,-7,-7,-7,1,6,3,1984,41,4,"any, none",4,2,1,1,1,9,-7,-7,-7,-7,1,1,5,-7,5,2,1,2,2,2,2,5,4,1,1,-7,2,2,2,2,0,0,1,0,0,0,bas25_06290,662.68816311,1,24510,Beechfield/Ten Hills/West Hills,9,5,15:32:02,9,6,19:18:59,2,2,2,2,2,4,-8,3,6,3
39,5,1,1,1,1,4,4,1,2,3,1,3,1,1,1,1,1,1,1,1,1,1,3,1,1,1,1,1,2,2,2,4,3,2,3,1,1,1,1,1,1,1,1,2,3,3,2,3,3,3,4,-7,3,3,3,3,3,3,1,1,1,1,2,2,3,1,1,2,0,1,0,1,0,0,0,0,0,0,0,0,0,1,0,1,0,0,0,0,0,0,0,0,-8,-8,-8,-8,-8,-8,0,0,0,0,1,0,0,0,1,1,0,0,0,0,0,0,0,0,1,1,-8,-8,-8,-8,-8,-8,-8,3,-7,-7,-7,-7,-7,-7,-7,-7,5,-7,-7,-7,500000,70000,3,4,3,5,3,3,3,2,-7,2,2,1,1,1,1,1,1,1,1,1,1,1,1,1,1,1,0,0,0,0,0,0,0,0,NA,1,0,1,0,0,0,0,0,0,0,0,5,5,2,4,1,0,0,0,1,2,NA,2,-7,-7,1,-7,2,-7,-7,-7,2,6,2,1953,72,1,-7,2,2,1,1,1,9,-7,-7,-7,-7,1,2,-7,6,11,2,2,2,2,2,2,4,2,1,1,-7,2,2,2,2,0,0,1,0,0,0,bas25_06293,380.64308291,2,24005,-7,9,10,12:03:17,9,10,12:24:31,2,1,1,2,4,4,1,5,0,1
2,3,1,2,3,3,3,2,3,3,2,2,3,2,2,2,1,1,1,1,1,1,1,1,1,2,1,1,1,3,2,2,2,3,1,3,1,1,1,1,1,1,1,1,2,3,1,1,3,3,2,-7,4,2,2,2,2,2,3,2,3,1,1,3,3,3,1,1,1,0,0,0,0,1,0,0,1,0,0,0,0,1,1,0,1,1,0,1,1,1,1,0,0,0,0,0,1,0,0,0,1,0,1,1,0,0,1,0,1,0,0,0,1,1,1,1,1,0,2,0,0,0,0,1,0,0,3,-7,-7,-7,-7,-7,-7,-7,-7,2,1,2,3,75000,20000,3,4,4,5,2,2,3,1,2,1,1,1,4,4,4,4,4,3,1,2,3,3,4,1,1,1,0,1,0,0,0,0,0,0,NA,0,1,0,0,0,0,0,0,1,1,0,4,4,1,1,1,0,0,0,1,2,NA,2,-7,-7,1,-7,1,0,0,1,1,3,5,1976,49,1,-7,2,2,1,1,1,8,-7,-7,-7,-7,4,1,2,-7,2,1,1,1,2,2,1,3,3,1,1,-7,1,1,1,1,0,1,0,0,0,0,bas25_06296,931.39459541,2,24005,-7,8,27,12:02:16,8,27,12:58:35,2,2,2,1,1,2,1,3,5,2
18,3,2,2,3,3,3,3,3,4,3,4,3,3,2,2,2,1,1,1,1,1,2,3,2,3,3,3,3,2,3,3,3,3,3,3,2,2,2,2,2,2,2,2,2,3,3,3,3,3,3,2,-7,3,3,3,3,3,3,1,5,1,1,3,3,3,1,1,1,0,0,0,0,0,0,0,0,0,0,0,1,0,0,0,0,0,0,0,0,1,0,0,0,0,0,0,1,0,0,0,0,1,0,0,0,0,1,0,1,0,0,0,0,0,0,0,0,1,2,1,0,0,0,0,0,0,2,-7,0,0,1,0,0,0,0,1,1,3,3,300000,50000,3,3,3,3,3,3,3,2,-7,2,2,2,1,1,1,1,1,1,1,1,1,4,4,1,1,1,0,0,0,0,0,0,0,0,NA,1,0,0,0,0,0,0,0,0,0,1,3,3,2,1,1,0,0,0,2,2,NA,2,-7,-7,1,-7,2,-7,-7,-7,2,7,5,1983,42,2,-7,2,2,1,1,1,8,-7,-7,-7,-7,1,2,-7,3,8,2,2,2,2,2,2,3,2,1,1,-7,1,1,1,1,0,1,0,0,0,0,bas25_06304,373.33906873,1,24510,Northwood,9,3,18:24:23,9,3,18:45:45,1,1,1,1,4,4,2,3,0,1
22,3,1,2,1,2,3,2,2,1,1,1,1,1,2,1,1,1,1,1,1,1,1,1,1,1,1,1,1,2,2,2,4,2,1,2,1,1,1,1,1,1,1,1,2,4,3,1,3,3,4,4,-7,3,3,3,3,3,3,1,1,1,3,1,1,2,2,1,1,1,1,0,1,1,0,0,1,1,1,0,0,1,1,1,1,1,0,0,1,1,1,0,0,0,1,0,0,0,1,0,0,0,1,1,1,0,0,1,1,0,0,1,1,1,0,1,0,0,5,-8,-8,-8,-8,-8,-8,-8,1,3,-7,-7,-7,-7,-7,-7,-7,5,-7,-7,-7,80000,10000,4,4,3,4,3,3,1,2,-7,2,2,1,4,4,4,4,4,1,1,1,1,1,1,1,1,1,0,0,0,0,0,0,0,0,NA,1,1,1,1,0,0,0,0,0,0,0,5,5,2,1,1,0,0,0,2,2,NA,-8,-7,-7,2,2,2,-7,-7,-7,2,4,1,1941,84,2,-7,2,2,1,1,1,1,2,-7,-7,-7,7,-8,-7,-7,-6,2,2,2,2,2,2,3,2,1,1,-7,2,2,2,2,0,0,1,0,0,0,bas25_06305,1409.9987603,2,24005,-7,8,31,13:10:58,8,31,14:10:42,2,2,1,2,-6,3,2,5,0,1
24,3,1,2,2,2,3,3,3,3,3,1,3,3,1,2,1,1,1,-8,-8,-8,1,3,2,3,1,1,1,2,3,3,4,3,2,3,2,1,2,1,2,2,1,2,1,3,2,1,-8,-8,-8,2,-7,3,3,3,3,2,3,1,1,1,3,3,3,2,1,1,1,1,0,0,0,0,0,0,0,0,0,0,0,1,0,0,0,0,0,0,0,0,0,0,0,0,1,0,0,0,0,-8,-8,-8,-8,-8,-8,-8,0,0,1,1,0,0,0,0,0,0,0,1,2,-8,-8,-8,-8,-8,-8,-8,2,-7,0,0,1,0,0,0,1,5,-7,-7,-7,300000,40000,3,2,4,5,2,3,3,2,-7,2,2,2,1,1,1,2,1,1,1,1,1,2,2,1,2,1,0,0,0,0,0,0,0,0,NA,1,0,0,0,0,0,0,0,0,0,1,5,5,2,1,1,0,0,0,2,2,NA,-8,-7,-7,1,-7,2,-7,-7,-7,2,7,2,1957,68,1,-7,2,2,1,1,-8,2,-7,-7,-7,-7,6,2,-7,1,6,2,2,2,2,2,2,-8,-8,1,1,-7,1,1,1,1,0,1,0,0,0,0,bas25_06316,313.58282747,2,24005,-7,9,4,14:34:03,9,4,16:14:25,2,1,1,1,3,4,1,5,1,1
23,3,2,2,2,2,3,3,2,4,3,2,3,3,2,3,2,3,1,2,1,2,1,1,1,3,1,1,1,1,2,1,3,2,2,3,2,1,1,1,1,1,1,1,1,4,3,2,3,3,3,3,-7,3,3,3,3,3,3,1,2,1,4,1,2,3,2,1,1,1,1,0,0,1,1,0,0,1,0,0,0,1,1,0,0,1,0,0,0,1,0,0,0,0,0,0,1,0,0,0,0,0,1,1,1,0,0,0,1,1,0,0,0,1,1,0,1,0,2,-8,-8,-8,-8,-8,-8,-8,1,4,-7,-7,-7,-7,-7,-7,-7,5,-7,-7,-7,500000,25000,3,3,2,5,3,3,3,2,-7,2,2,2,3,3,2,2,2,1,1,2,1,3,2,1,1,1,0,0,0,1,0,0,0,0,NA,0,1,0,0,0,0,0,0,0,1,0,1,1,2,1,1,0,0,0,1,2,NA,2,-7,-7,2,1,2,-7,-7,-7,2,4,1,1947,78,1,-7,2,2,1,1,1,1,5,-7,-7,-7,3,1,5,-7,5,2,1,2,2,2,2,2,3,1,1,-7,2,2,2,2,0,0,1,0,0,0,bas25_06325,761.28616582,2,24005,-7,9,2,17:40:46,9,2,18:14:15,1,1,1,2,2,3,1,5,0,1
5,5,1,1,2,2,3,3,2,3,2,2,3,2,2,1,2,1,1,3,2,2,1,3,3,2,2,1,2,2,2,2,4,3,4,3,1,1,1,1,2,1,2,2,2,2,3,3,3,3,2,-7,4,3,3,3,3,2,3,1,1,1,2,1,1,2,1,1,1,0,0,0,1,1,0,0,0,0,0,0,0,0,0,0,1,1,0,0,0,0,0,0,0,-8,-8,-8,-8,-8,-8,0,1,0,1,1,1,0,0,0,1,1,0,0,0,0,0,0,0,1,4,-8,-8,-8,-8,-8,-8,-8,1,4,-7,-7,-7,-7,-7,-7,-7,1,2,4,3,1000000,80000,2,2,4,5,3,3,3,2,-7,2,2,3,2,1,2,3,1,1,1,2,2,3,2,1,1,1,0,1,0,0,0,0,0,0,NA,0,0,0,0,0,0,0,0,0,0,1,5,5,2,1,1,1,0,0,1,2,NA,2,-7,-7,2,1,1,0,0,2,2,7,1,1983,42,1,-7,2,2,1,1,1,9,-7,-7,-7,-7,1,2,-7,3,8,2,2,2,2,2,2,5,4,1,1,-7,2,2,2,2,0,0,1,0,0,0,bas25_06328,258.04958404,1,24510,Hampden/Remington,9,19,08:12:16,9,19,08:36:48,1,1,2,2,4,4,1,3,1,1
20,6,1,2,3,2,3,3,4,1,3,1,3,1,1,1,2,1,1,1,1,1,1,5,1,1,1,2,2,3,2,2,4,3,3,3,2,1,2,1,2,2,1,2,2,3,2,2,3,3,3,1,-7,3,3,3,3,3,2,1,3,1,3,1,1,1,1,1,7,1,0,0,1,1,0,0,1,0,1,0,0,1,0,0,1,1,0,0,1,0,0,0,0,0,0,0,0,1,0,0,1,0,0,1,1,0,0,0,1,1,0,0,0,0,0,0,0,1,3,0,0,1,0,0,0,0,2,-7,1,0,1,0,0,0,1,5,-7,-7,-7,300000,40000,3,3,3,5,3,3,3,2,-7,2,2,1,1,1,-8,1,1,1,1,1,1,3,1,1,1,1,0,0,0,0,0,0,0,0,NA,1,1,1,0,0,1,1,0,0,0,0,5,5,2,1,1,0,0,0,1,2,NA,1,3,1,2,1,1,1,0,0,2,7,1,1961,64,2,-7,2,2,1,3,1,9,-7,-7,-7,-7,1,2,-7,4,9,1,1,2,2,1,2,4,2,1,1,-7,2,2,2,2,0,0,1,0,0,0,bas25_06334,819.58970709,2,24005,-7,9,30,22:36:19,9,30,23:29:50,1,1,1,2,4,4,2,4,1,1
3,5,2,2,3,2,3,3,3,4,3,2,2,2,1,2,2,3,2,2,2,2,2,4,4,3,3,4,3,2,3,3,4,3,3,3,2,1,2,1,2,2,2,2,1,3,5,4,4,4,4,2,-7,3,3,3,3,3,3,1,1,1,2,1,1,3,1,1,1,0,0,0,0,1,1,0,1,0,0,0,0,0,0,0,0,0,0,0,1,1,0,0,0,1,0,0,0,0,1,0,0,1,0,0,0,0,0,0,1,1,0,0,0,1,0,0,0,0,1,-8,-8,-8,-8,-8,-8,-8,3,-7,-7,-7,-7,-7,-7,-7,-7,1,2,3,4,300000,30000,2,3,3,4,3,3,3,2,-7,2,2,1,1,1,1,1,1,1,1,1,1,3,3,1,1,1,0,0,0,0,0,0,0,0,NA,1,0,0,0,0,0,0,0,0,0,1,5,5,2,1,1,0,0,0,2,2,NA,1,3,3,1,-7,2,-7,-7,-7,2,7,3,1971,54,1,-7,1,2,1,1,1,9,-7,-7,-7,-7,1,2,-7,1,6,2,2,2,2,2,2,4,2,1,1,-7,3,4,3,4,0,0,0,0,1,0,bas25_06336,77.884269355,1,24510,Oliver/Johnston Square,9,1,22:50:14,9,1,23:20:33,1,2,1,3,3,4,1,4,0,1
22,3,2,1,1,1,3,3,2,3,2,2,3,2,1,2,2,1,1,1,1,1,1,1,1,2,1,2,2,2,2,2,3,3,3,3,1,1,1,1,2,1,2,2,2,3,2,1,3,3,3,-7,2,3,3,3,3,3,3,1,1,1,2,3,1,3,1,1,1,0,1,0,0,0,0,0,1,0,0,0,0,0,1,0,0,0,0,0,1,0,0,0,0,0,0,0,0,0,1,0,0,0,0,0,1,0,0,1,1,0,0,1,1,1,0,1,0,0,1,0,0,0,0,0,1,0,1,2,-7,-7,-7,-7,-7,-7,-7,1,1,4,4,250000,80000,3,4,3,4,3,3,3,2,-7,2,2,1,1,1,1,1,1,1,1,1,2,2,2,1,1,1,0,0,0,0,0,0,0,0,NA,1,0,0,0,0,0,0,0,0,0,1,5,5,2,2,1,1,0,0,1,2,NA,2,-7,-7,4,1,2,-7,-7,-7,2,7,1,1969,56,1,-7,2,2,1,1,1,9,-7,-7,-7,-7,2,2,-7,5,10,2,2,2,2,2,2,4,2,1,1,-7,2,2,2,2,0,0,1,0,0,0,bas25_06339,1460.2882493,2,24005,-7,9,5,07:06:10,9,5,07:30:53,2,2,2,2,4,4,1,4,0,1
48,4,2,2,2,2,3,3,2,3,3,3,2,3,3,3,3,3,3,3,2,3,2,3,3,3,2,6,-7,2,3,3,2,3,2,3,1,1,1,1,1,1,1,1,1,5,5,3,4,4,4,-7,4,2,2,2,2,2,3,1,4,2,3,3,3,3,3,1,1,1,1,0,0,0,0,0,1,0,0,0,0,1,1,0,0,0,0,0,1,0,0,0,0,0,1,0,0,0,0,0,0,1,0,1,1,0,0,1,1,0,0,1,0,1,0,0,0,0,3,-8,-8,-8,-8,-8,-8,-8,2,-7,0,0,1,1,1,0,1,1,-8,3,3,100000,25000,3,4,3,4,2,2,3,2,-7,2,2,2,4,3,3,3,3,1,1,2,1,3,1,1,2,1,0,0,0,0,0,0,0,0,NA,1,1,1,0,0,0,1,0,0,0,0,5,5,2,1,0,1,1,0,1,2,NA,2,-7,-7,1,-7,2,-7,-7,-7,2,4,5,1965,60,1,-7,2,2,1,1,1,2,-7,-7,-7,-7,2,1,5,-7,5,2,2,2,2,2,2,3,2,1,1,-7,1,1,1,1,0,1,0,0,0,0,bas25_06343,281.01571015,1,24510,Allendale/Irvington/S. Hilton,10,14,11:21:25,10,14,12:02:27,2,2,2,1,2,3,1,4,5,2
6,5,1,1,2,2,4,2,4,3,3,2,3,3,2,2,2,1,1,1,1,1,1,1,1,2,1,1,1,3,4,4,4,4,3,3,1,1,1,1,1,1,1,1,2,4,3,1,1,2,2,-7,5,3,3,3,3,3,3,1,1,1,4,2,2,3,1,1,1,1,0,0,0,0,0,0,0,0,1,0,0,1,0,0,0,0,0,1,0,0,1,0,0,0,0,0,0,1,0,0,0,0,0,1,0,0,0,0,1,0,1,1,0,0,0,1,1,0,5,-8,-8,-8,-8,-8,-8,-8,3,-7,-7,-7,-7,-7,-7,-7,-7,1,3,2,1,100000,15000,3,3,3,3,3,3,3,2,-7,2,2,2,3,4,4,4,4,1,1,1,1,3,2,1,1,3,0,1,0,0,0,0,0,0,NA,0,1,1,0,0,0,1,0,0,0,0,5,5,1,1,1,0,0,0,1,2,NA,2,-7,-7,2,2,2,-7,-7,-7,1,3,5,1959,66,1,-7,2,2,1,1,1,2,-7,-7,-7,-7,8,1,4,-7,4,2,1,2,2,2,2,3,2,1,1,-7,1,1,1,1,0,1,0,0,0,0,bas25_06345,1489.2384915,2,24005,-7,9,8,23:04:28,9,8,23:40:09,1,2,2,1,2,2,1,5,0,1
7,6,2,2,2,2,2,2,3,2,2,3,1,2,3,3,4,2,3,3,2,2,3,1,3,2,1,1,2,4,1,1,1,1,1,2,1,1,1,1,1,1,1,1,1,4,4,4,4,4,4,4,-7,3,2,1,2,1,1,2,3,2,2,2,2,3,2,3,3,1,0,0,0,0,0,1,1,0,0,0,0,0,0,0,0,0,0,0,0,0,0,0,1,1,0,0,0,0,0,1,1,0,1,1,0,0,1,0,0,0,0,0,1,0,0,0,0,0,2,0,1,0,0,0,0,0,2,-7,1,0,0,0,0,0,0,1,3,3,2,100000,50000,4,4,4,3,1,1,1,1,2,1,1,3,5,2,2,5,3,4,5,3,2,2,2,1,1,4,1,1,1,0,1,1,1,0,NA,0,1,0,0,0,0,0,0,0,0,0,4,1,1,3,0,0,0,1,2,5,NA,2,-7,-7,-8,-7,1,-8,-8,-8,1,4,4,1986,39,1,-7,2,2,1,1,1,9,-7,-7,-7,-7,9,1,3,-7,3,2,2,2,2,2,2,1,3,1,1,-7,1,1,1,1,0,1,0,0,0,0,bas25_06350,631.26919902,1,24510,Cherry Hill,8,27,17:39:41,8,27,18:02:52,2,2,1,1,2,3,1,3,8,3
16,5,1,1,1,1,3,3,2,2,3,2,4,2,1,2,2,1,1,1,1,1,1,2,1,2,1,3,2,1,2,2,2,3,2,3,1,1,1,1,1,1,1,1,2,3,3,1,2,2,2,-7,3,3,3,3,3,3,3,1,1,1,1,2,2,2,1,1,1,1,0,0,1,1,0,0,0,0,0,0,0,0,0,0,0,1,0,0,0,1,0,0,0,-8,-8,-8,-8,-8,-8,0,0,0,0,0,1,0,0,0,0,1,1,0,0,0,0,1,0,0,5,-8,-8,-8,-8,-8,-8,-8,3,-7,-7,-7,-7,-7,-7,-7,-7,1,1,4,3,300000,40000,2,2,3,2,3,3,3,2,-7,2,2,1,1,1,1,1,1,1,1,1,1,1,1,1,2,1,0,0,0,0,0,0,0,0,NA,1,0,0,0,0,0,0,0,0,0,1,3,3,2,1,1,0,0,0,1,2,NA,2,-7,-7,2,1,2,-7,-7,-7,2,6,1,1974,51,2,-7,2,2,3,3,3,-8,-6,-7,-7,-7,-8,2,-7,6,11,2,2,2,2,2,2,2,1,1,1,-7,2,2,2,2,0,0,1,0,0,0,bas25_06359,1346.5033741,2,24005,-7,9,15,14:04:36,9,15,14:31:57,2,2,2,2,4,4,2,4,0,1
0,4,1,2,2,2,3,2,2,3,-8,1,3,3,1,2,1,1,1,1,-8,-8,2,-8,-8,-8,-8,1,1,3,4,4,4,1,4,-8,2,1,1,1,1,1,2,1,2,-8,-8,4,5,5,4,4,-7,3,3,3,2,3,3,1,4,2,1,3,1,3,1,1,1,0,0,0,0,0,0,0,0,0,0,0,1,0,0,0,0,0,0,0,1,1,0,0,0,-8,-8,-8,-8,-8,-8,-8,-8,-8,-8,-8,-8,-8,1,0,1,0,0,0,1,0,0,0,0,0,1,-8,-8,-8,-8,-8,-8,-8,1,4,-7,-7,-7,-7,-7,-7,-7,1,1,5,2,500000,NA,3,5,4,5,3,3,3,2,-7,2,2,1,1,1,1,1,1,1,1,1,1,1,3,-8,1,1,0,0,0,1,0,0,0,0,NA,0,0,0,0,0,0,0,0,0,1,0,2,5,2,1,1,0,0,0,2,2,NA,2,-7,-7,1,-7,2,-7,-7,-7,2,4,3,1958,67,1,-7,2,1,1,2,3,9,-7,-7,-7,-7,1,2,-7,4,9,2,2,2,2,2,2,4,2,1,1,-7,3,4,4,6,0,0,0,0,1,1,bas25_06367,119.71014161,1,24510,Patterson Park North & East,8,31,15:17:54,8,31,15:46:45,1,1,1,3,4,3,1,5,1,1
3,4,2,3,3,2,3,3,3,4,3,1,2,2,2,2,3,3,4,3,2,2,5,4,4,4,2,5,4,2,3,3,3,3,3,4,1,1,1,1,2,1,2,2,1,4,4,5,4,3,4,4,-7,3,2,3,2,3,3,1,1,1,4,1,1,4,2,5,1,1,0,0,1,1,0,0,1,0,0,0,0,0,0,0,0,0,0,0,1,0,0,0,0,1,1,1,0,0,1,0,0,0,1,1,1,1,0,0,1,1,0,0,1,1,0,0,1,0,4,0,0,0,0,1,0,0,1,4,-7,-7,-7,-7,-7,-7,-7,1,2,2,3,150000,40000,3,4,3,4,3,3,3,2,-7,2,2,1,1,2,2,1,1,2,3,2,1,2,4,2,2,1,0,0,0,0,0,0,0,0,NA,1,0,0,0,0,0,0,0,0,1,0,5,5,1,1,1,0,0,0,1,2,NA,2,-7,-7,1,-7,2,-7,-7,-7,2,6,5,1997,28,2,-7,2,2,1,1,1,9,-7,-7,-7,-7,1,2,-7,1,6,2,2,2,2,2,2,5,2,1,1,-7,2,2,2,2,0,0,1,0,0,0,bas25_06384,422.44103069,1,24510,Midtown,8,29,10:54:08,8,29,11:07:43,2,2,1,2,3,4,2,2,2,2
5,3,1,1,2,2,4,2,3,3,3,2,2,2,1,2,2,1,2,2,2,2,2,3,3,3,2,2,2,2,2,2,4,1,5,3,1,2,1,2,1,1,2,2,2,3,4,4,4,4,4,4,-7,3,3,3,3,3,3,1,4,1,4,1,1,2,2,1,1,0,1,0,1,1,0,1,1,0,1,0,0,0,1,0,1,1,1,1,1,0,1,0,0,-8,-8,-8,-8,-8,-8,0,1,0,1,1,0,1,0,0,1,1,0,0,0,0,0,1,1,0,4,-8,-8,-8,-8,-8,-8,-8,1,4,-7,-7,-7,-7,-7,-7,-7,1,2,4,1,110000,45000,3,2,4,4,1,1,1,1,1,1,1,3,5,5,5,5,5,4,2,3,1,3,5,1,1,3,0,0,0,1,0,0,0,0,NA,0,0,0,0,1,1,0,0,1,1,0,5,5,1,1,0,1,0,0,2,2,NA,2,-7,-7,1,-7,2,-7,-7,-7,2,6,5,1974,51,1,-7,2,2,1,1,1,9,-7,-7,-7,-7,1,1,5,-7,5,2,2,2,2,2,2,5,2,1,1,-7,2,2,2,2,0,0,1,0,0,0,bas25_06393,191.44685549,1,24510,Hampden/Remington,9,28,12:58:55,9,28,13:37:04,2,1,1,2,2,4,1,4,0,1
29,4,4,3,3,2,2,1,5,2,4,2,4,2,1,1,2,1,3,3,1,2,4,2,3,1,3,3,3,2,2,2,3,2,2,3,1,1,1,2,2,1,2,1,2,3,1,4,3,4,3,-7,5,3,3,3,3,3,3,1,1,1,1,3,3,3,1,1,1,0,0,0,0,0,0,0,1,0,0,0,0,0,0,0,0,0,0,0,1,0,0,0,0,0,0,0,1,0,0,0,0,0,0,0,1,0,-8,-8,-8,-8,-8,0,0,0,0,0,0,1,3,-8,-8,-8,-8,-8,-8,-8,3,-7,-7,-7,-7,-7,-7,-7,-7,5,-7,-7,-7,100000,20000,3,5,2,5,3,3,2,2,-7,2,2,2,1,1,1,1,1,2,1,1,1,3,3,2,2,4,0,0,0,0,0,0,0,0,NA,1,0,0,0,0,0,0,0,0,0,1,4,5,2,1,1,0,0,0,1,5,NA,2,-7,-7,1,-7,2,-7,-7,-7,2,4,3,1955,70,2,-7,2,2,1,1,1,9,-7,-7,-7,-7,4,1,4,-7,4,2,-8,1,1,2,2,3,2,1,1,-7,1,1,1,1,0,1,0,0,0,0,bas25_06404,702.00487099,2,24005,-7,9,10,09:00:10,9,10,10:19:52,1,2,2,1,2,3,2,5,0,1
6,2,1,2,3,3,4,2,4,3,3,1,2,1,1,1,3,1,1,3,1,3,1,2,1,1,1,1,1,2,3,3,3,3,2,2,1,1,1,1,1,1,1,1,2,5,3,1,3,3,4,-7,3,3,3,3,3,3,3,1,1,1,1,1,1,2,3,2,1,0,0,0,1,1,0,1,1,0,0,0,0,0,0,0,1,0,0,1,1,0,0,0,0,0,0,0,1,0,0,-8,-8,-8,-8,-8,-8,-8,0,0,1,1,0,0,1,1,0,1,0,0,1,-8,-8,-8,-8,-8,-8,-8,3,-7,-7,-7,-7,-7,-7,-7,-7,1,3,4,3,100000,50000,4,3,3,2,3,3,3,2,-7,2,2,1,1,1,1,1,1,1,1,1,1,2,4,1,1,1,0,1,0,0,0,1,0,0,NA,0,0,0,0,0,0,0,0,1,0,0,4,4,2,1,1,0,0,0,1,2,NA,1,2,2,2,1,2,-7,-7,-7,1,4,5,1981,44,2,-7,2,2,1,1,1,9,-7,-7,-7,-7,2,2,-7,3,8,2,2,2,2,2,2,3,1,1,1,-7,2,2,2,2,0,0,1,0,0,0,bas25_06406,1717.193917,2,24005,-7,9,18,22:04:40,9,18,22:30:19,2,2,2,2,4,3,2,3,0,1
3,3,1,2,2,2,3,3,2,3,3,1,3,2,1,1,2,1,2,1,1,1,1,2,2,2,1,2,2,2,3,2,4,2,3,3,1,1,1,1,1,1,1,1,2,2,4,3,4,4,4,4,-7,3,3,3,3,3,3,1,4,1,1,1,1,1,1,1,1,0,0,0,0,0,0,0,1,0,0,0,0,0,0,0,0,0,0,0,1,0,0,0,0,-8,-8,-8,-8,-8,-8,0,1,0,0,0,1,0,0,0,1,1,0,0,0,1,0,0,0,0,1,0,0,0,0,0,1,0,1,4,-7,-7,-7,-7,-7,-7,-7,6,-7,-7,-7,800000,50000,3,2,4,5,3,3,3,2,-7,2,2,2,1,1,1,2,1,1,1,1,1,2,3,2,2,1,0,0,0,0,0,0,0,0,NA,1,0,0,0,1,0,0,0,1,1,0,5,5,2,1,1,0,0,0,2,2,NA,2,-7,-7,2,1,2,-7,-7,-7,1,7,1,1996,29,4,Non-Binary,3,2,1,1,1,9,-7,-7,-7,-7,1,2,-7,2,7,2,2,2,2,2,2,4,3,1,1,-7,2,2,2,2,0,0,1,0,0,0,bas25_06412,296.81695104,1,24510,The Waverlies,9,4,16:25:59,9,4,16:47:26,1,1,1,2,3,4,-8,2,0,1
9,5,2,2,2,2,3,3,3,3,3,2,4,3,2,3,4,1,1,3,2,3,1,1,1,2,1,1,2,2,2,2,2,5,5,3,1,2,1,2,2,2,2,2,2,5,2,1,5,3,5,-7,5,2,2,3,3,3,3,1,1,1,5,1,1,5,4,1,1,0,0,0,1,1,0,0,0,0,0,0,0,0,0,0,1,1,0,0,0,1,0,0,0,0,1,0,0,0,0,0,1,0,1,1,0,1,1,0,1,0,0,0,1,1,0,0,1,0,5,0,0,0,0,1,0,0,1,4,-7,-7,-7,-7,-7,-7,-7,1,1,4,3,750000,75000,4,4,3,4,2,2,2,2,-7,2,2,2,3,2,4,3,2,2,3,1,1,3,3,1,1,1,0,1,0,1,1,0,0,0,NA,0,0,0,0,0,0,0,0,0,0,1,3,2,2,2,1,0,0,0,2,3,Part of phone plan.,2,-7,-7,2,1,2,-7,-7,-7,2,4,3,1962,63,1,-7,2,2,1,1,1,8,-7,-7,-7,-7,1,-8,-7,-7,-6,2,2,2,2,2,2,2,3,1,1,-7,3,5,3,5,1,0,1,1,0,0,bas25_06419,725.86939306,2,24005,-7,8,28,11:03:54,8,28,11:47:27,1,2,2,3,-6,3,1,4,2,2
27,1,1,1,2,1,4,4,1,2,3,1,3,1,1,1,1,1,1,1,1,1,1,3,1,2,1,1,1,2,2,2,4,1,3,3,1,1,1,1,1,1,2,2,1,3,2,2,3,3,3,-7,3,3,3,3,3,3,3,1,4,1,1,2,1,1,1,1,3,1,0,0,0,1,0,0,0,1,0,0,0,1,0,0,1,0,0,0,1,1,0,0,0,-8,-8,-8,-8,-8,-8,0,1,0,0,0,1,0,0,0,1,1,0,1,0,0,0,0,1,0,1,-8,-8,-8,-8,-8,-8,-8,3,-7,-7,-7,-7,-7,-7,-7,-7,1,1,3,3,150000,40000,3,4,3,5,3,3,3,2,-7,2,2,1,1,1,1,1,1,1,1,1,1,1,1,1,1,2,0,0,0,0,0,0,0,0,NA,1,0,1,0,1,0,0,0,0,0,0,5,5,2,1,1,0,0,0,2,2,NA,2,-7,-7,2,1,2,-7,-7,-7,2,7,1,1961,64,2,-7,2,2,1,1,1,4,-7,-7,5,Modern orthodox,5,2,-7,5,10,2,2,2,2,2,2,3,2,1,1,-7,2,2,2,2,0,0,1,0,0,0,bas25_06423,819.58970709,2,24005,-7,8,29,20:51:12,8,29,21:17:09,2,2,2,2,4,4,2,4,0,1
0,4,1,2,2,2,3,3,3,3,3,2,3,4,2,2,4,2,3,4,4,3,1,1,2,3,2,2,1,2,2,2,3,3,3,3,1,1,1,1,2,2,2,1,2,4,3,2,4,4,3,5,-7,3,3,2,3,2,2,1,5,1,2,1,1,3,3,2,1,0,0,0,0,1,0,1,1,0,1,0,0,0,0,0,0,1,0,1,1,0,1,0,0,0,0,0,1,0,0,1,1,0,1,1,0,1,0,0,1,1,0,1,0,1,0,0,1,0,2,0,0,0,0,0,1,0,1,2,-7,-7,-7,-7,-7,-7,-7,6,-7,-7,-7,100000,35000,4,4,3,4,3,3,2,2,-7,2,2,2,2,3,2,3,2,2,2,1,1,2,3,1,1,1,0,0,0,0,0,1,0,0,NA,0,0,0,0,0,0,0,0,0,0,1,5,4,1,1,1,0,0,0,2,5,NA,2,-7,-7,2,1,2,-7,-7,-7,2,6,5,2001,24,1,-7,2,1,1,1,2,8,-7,-7,-7,-7,6,1,5,-7,5,2,2,2,2,2,2,3,2,1,1,-7,2,2,4,6,0,0,1,0,0,1,bas25_06424,1565.7007491,2,24005,-7,8,27,21:35:45,8,27,22:10:08,1,1,1,3,2,4,1,1,3,2
3,3,2,2,3,3,3,3,3,3,2,2,2,3,2,2,4,3,2,3,2,3,2,2,4,4,4,2,3,3,3,3,3,4,3,4,1,1,1,1,1,1,1,1,2,3,4,3,4,4,4,-7,5,2,2,2,2,1,2,2,1,2,1,2,2,2,1,1,1,0,0,0,0,0,0,1,0,0,0,0,0,0,0,0,0,0,0,1,0,0,0,0,0,-8,-8,-8,-8,-8,-8,-8,-8,-8,-8,-8,-8,-8,-8,-8,-8,-8,-8,0,0,0,0,0,0,1,3,0,0,0,1,0,0,0,1,3,-7,-7,-7,-7,-7,-7,-7,4,-7,-7,-7,NA,NA,3,2,4,4,1,2,2,1,2,2,1,4,4,4,4,4,4,4,4,4,3,4,4,1,2,5,0,0,0,0,0,0,0,0,NA,1,0,0,0,0,0,0,0,1,1,0,3,3,1,3,0,0,0,1,2,5,NA,2,-7,-7,-8,-7,1,-8,-8,-8,1,2,5,-8,-8,1,-7,3,2,1,1,1,9,-7,-7,-7,-7,1,1,1,-7,1,2,2,2,2,2,2,4,4,2,5,2,1,1,1,1,0,1,0,0,0,0,bas25_06439,2929.8900226,1,24510,Sandtown-Winchester/Harlem Park,9,5,09:01:19,9,5,09:14:18,1,1,2,1,1,1,1,-8,7,3
31,4,1,2,3,2,4,2,4,2,3,1,3,1,1,2,1,1,1,1,1,1,1,3,1,1,1,3,3,2,2,3,3,3,1,-8,2,-8,-8,1,-8,-8,-8,1,2,2,2,1,2,2,2,3,-7,3,3,3,3,3,3,1,1,1,1,1,1,1,1,1,5,1,0,1,0,1,0,0,1,0,0,0,0,1,0,0,0,1,0,0,1,0,0,0,0,-8,-8,-8,-8,-8,-8,-8,-8,-8,-8,-8,-8,-8,0,1,1,0,0,0,0,0,0,0,0,1,1,-8,-8,-8,-8,-8,-8,-8,1,2,-7,-7,-7,-7,-7,-7,-7,5,-7,-7,-7,1000000,wrong ques,1,3,1,2,3,3,3,2,-7,2,2,1,1,1,1,1,1,1,1,2,1,1,1,1,1,2,0,0,0,1,0,0,0,0,NA,0,0,1,0,0,0,0,0,0,0,0,5,5,2,1,1,0,0,0,1,2,NA,1,3,3,1,-7,2,-7,-7,-7,2,7,2,1943,82,2,-7,2,2,1,1,1,1,3,-7,-7,-7,2,2,-7,5,10,2,2,2,2,2,2,3,3,1,1,-7,2,2,2,2,0,0,1,0,0,0,bas25_06445,290.61924975,2,24005,-7,8,29,11:52:55,8,29,12:37:12,2,1,1,2,4,4,2,5,0,1
5,4,1,1,2,1,4,3,1,2,1,1,1,1,1,1,1,1,1,1,1,1,2,1,2,1,2,2,2,1,2,2,3,3,2,2,1,1,1,2,1,1,1,1,2,3,3,2,2,3,2,3,-7,3,3,3,3,3,3,1,1,1,1,1,1,1,1,1,1,0,0,0,0,0,0,0,0,0,0,0,1,0,0,0,0,0,0,0,0,1,0,0,0,-8,-8,-8,-8,-8,-8,0,0,0,1,0,0,0,1,0,0,1,0,0,1,0,0,0,0,0,1,-8,-8,-8,-8,-8,-8,-8,3,-7,-7,-7,-7,-7,-7,-7,-7,1,3,4,3,100000,40000,2,3,3,4,3,3,3,2,-7,2,2,2,2,2,2,2,2,2,1,1,1,2,1,1,1,1,0,0,0,0,0,0,0,1,Felt usual pain in the right fingers.,0,0,0,0,0,1,0,0,0,0,0,5,5,2,1,1,0,0,0,2,2,NA,2,-7,-7,3,1,2,-7,-7,-7,2,7,1,1963,62,2,-7,-8,2,3,3,3,7,-7,-7,-7,-7,8,2,-7,3,8,2,2,2,2,2,2,3,2,1,1,-7,1,1,1,1,0,1,0,0,0,0,bas25_06476,1448.8448145,2,24005,-7,9,7,20:28:22,9,9,19:14:51,2,1,1,1,4,4,2,4,0,1
37,2,3,2,3,2,3,3,4,4,3,2,3,2,2,2,1,5,3,1,1,2,2,1,3,3,1,6,-7,2,2,2,4,2,3,3,2,2,2,2,2,2,2,2,2,4,5,3,4,5,4,3,-7,3,3,3,3,3,3,1,1,1,3,1,1,2,1,1,2,1,0,0,0,1,0,0,0,0,1,1,0,1,0,0,0,1,0,0,0,0,1,1,0,-8,-8,-8,-8,-8,-8,0,0,0,0,1,0,0,0,0,1,1,0,0,0,0,0,1,0,0,1,-8,-8,-8,-8,-8,-8,-8,3,-7,-7,-7,-7,-7,-7,-7,-7,5,-7,-7,-7,400000,33000,4,5,4,5,3,3,3,2,-7,2,2,1,1,1,1,1,1,1,1,1,1,4,2,1,1,1,0,0,0,0,0,0,0,0,NA,1,0,0,1,1,0,0,0,0,0,0,5,5,2,4,1,0,0,0,2,2,NA,2,-7,-7,1,-7,2,-7,-7,-7,2,7,5,1949,76,1,-7,1,2,1,1,1,1,2,-7,-7,-7,3,2,-7,2,7,2,2,2,2,2,2,4,2,1,1,-7,2,2,2,2,0,0,1,0,0,0,bas25_06492,81.41902168,1,24510,Greater Lauraville,9,1,22:46:54,9,1,23:55:39,1,2,1,2,3,4,1,5,0,1
2,2,2,2,2,2,3,3,2,5,5,3,4,3,2,2,3,1,2,2,1,1,2,3,2,4,3,1,2,3,3,3,3,3,2,3,2,2,2,2,2,2,2,2,2,1,1,1,1,1,1,-7,5,3,3,3,3,3,3,1,4,1,1,2,2,2,1,1,4,0,0,0,0,0,0,0,0,0,1,0,0,1,0,0,0,1,0,0,0,0,0,0,0,0,0,0,1,0,0,0,1,0,0,0,0,0,1,0,1,0,0,0,1,0,1,0,0,0,2,1,0,1,1,0,0,0,1,2,-7,-7,-7,-7,-7,-7,-7,1,5,3,2,250000,50000,4,3,4,3,3,3,3,2,-7,1,1,2,3,3,4,4,3,3,3,3,3,4,3,1,2,4,0,0,1,0,0,0,0,0,NA,0,1,0,0,0,1,0,1,0,1,0,1,4,2,3,1,0,0,0,1,2,NA,2,-7,-7,5,2,1,2,2,1,2,2,1,1989,36,2,-7,2,2,3,3,3,4,-7,-7,2,-7,3,1,4,-7,4,2,2,2,2,2,2,2,1,3,5,1,2,2,2,2,0,0,1,0,0,0,bas25_06496,5004.6721183,2,24005,-7,8,28,20:50:27,8,28,21:09:51,1,2,2,2,2,1,2,3,0,1
1,4,1,1,2,2,2,2,2,3,-8,2,3,1,1,1,1,1,1,1,1,1,1,1,1,1,1,1,1,1,4,4,4,3,4,4,1,1,1,1,1,1,1,2,2,3,4,4,4,5,5,-7,5,1,1,1,1,1,1,1,1,2,1,2,2,4,4,1,1,0,0,0,0,0,0,0,0,0,0,0,1,0,0,0,0,0,0,0,0,0,0,0,1,0,0,0,0,1,0,-8,-8,-8,-8,-8,-8,-8,-8,-8,-8,-8,-8,0,0,0,0,0,0,1,1,-8,-8,-8,-8,-8,-8,-8,2,-7,0,0,0,0,0,0,1,7,-7,-7,-7,70000,27000,3,4,3,3,2,2,2,1,1,1,1,3,5,5,5,5,5,4,3,3,3,3,4,1,1,4,0,0,0,0,0,0,0,0,NA,1,0,0,0,0,0,0,0,0,0,1,4,2,3,3,0,0,0,1,1,4,NA,2,-7,-7,2,2,2,-7,-7,-7,2,5,1,1984,41,1,-7,2,2,1,1,1,7,-7,-7,-7,-7,8,1,3,-7,3,1,1,2,2,2,1,5,3,1,3,-7,1,1,1,1,0,1,0,0,0,0,bas25_06498,571.64136395,1,24510,Oliver/Johnston Square,8,30,14:59:18,8,30,15:22:05,2,2,2,1,2,3,1,3,12,3
31,4,2,2,3,2,3,2,4,3,3,1,3,2,1,2,2,1,2,1,1,1,1,3,4,3,1,1,1,2,4,4,2,3,4,5,1,1,1,1,1,1,1,1,2,5,4,2,3,3,3,1,-7,3,3,3,3,3,3,1,1,1,1,1,1,2,1,2,1,0,1,0,0,1,0,0,1,0,1,0,0,0,0,0,0,0,0,0,1,1,0,0,0,0,0,1,0,0,1,0,1,0,1,1,1,0,0,0,1,1,0,1,1,1,0,0,0,0,2,0,0,0,1,0,0,0,1,4,-7,-7,-7,-7,-7,-7,-7,5,-7,-7,-7,300000,24000,4,5,2,2,3,3,2,1,2,2,2,3,1,1,2,2,1,1,1,1,2,1,2,1,1,1,1,1,0,1,1,0,0,0,NA,0,0,0,0,0,1,0,0,0,0,0,3,2,2,1,0,1,0,0,1,4,NA,2,-7,-7,1,-7,2,-7,-7,-7,2,6,2,1956,69,2,-7,2,2,1,1,1,1,6,-7,-7,-7,3,2,-7,1,6,2,2,2,2,2,2,5,2,1,1,-7,2,2,2,2,0,0,1,0,0,0,bas25_06504,249.24241986,1,24510,Greater Roland Park/Poplar Hill,9,16,16:47:44,9,23,14:19:03,1,1,1,2,3,4,2,5,0,1
31,4,1,2,2,2,4,3,2,3,3,-8,3,3,2,1,2,1,1,2,1,1,1,1,2,2,1,3,3,2,2,2,3,2,2,3,1,2,1,2,2,2,2,2,2,3,3,2,4,3,3,3,-7,3,3,3,3,3,3,1,1,1,1,3,3,-8,1,1,2,1,1,0,0,0,0,1,1,0,1,0,0,1,0,0,0,0,0,1,0,0,0,0,0,0,0,0,1,0,0,0,1,0,1,1,1,0,0,0,1,1,0,1,1,1,0,0,1,0,1,0,0,1,0,0,0,0,1,4,-7,-7,-7,-7,-7,-7,-7,1,3,2,4,120000,40000,3,4,3,4,3,3,3,2,-7,2,2,1,1,1,1,1,1,1,1,1,1,2,2,1,1,1,0,0,0,0,0,0,0,0,NA,1,0,0,0,0,0,0,0,0,0,1,4,4,2,1,1,0,0,0,2,2,NA,2,-7,-7,4,1,2,-7,-7,-7,2,4,1,1956,69,1,-7,2,2,1,1,1,2,-7,-7,-7,-7,6,2,-7,4,9,2,2,2,2,2,2,3,2,1,1,-7,2,2,2,2,0,0,1,0,0,0,bas25_06517,1102.6040564,2,24005,-7,9,11,19:06:11,9,11,19:33:46,2,1,1,2,4,3,1,5,0,1
5,4,3,2,3,2,3,3,3,4,3,4,4,4,4,3,4,2,3,2,1,2,2,2,3,4,3,1,2,2,3,3,4,3,2,2,1,1,1,1,1,1,1,1,2,4,4,4,4,4,4,-7,4,3,3,3,3,3,3,1,1,1,3,2,1,3,2,2,1,0,0,0,0,1,0,0,1,1,1,1,0,0,0,0,0,0,0,0,1,1,0,0,0,-8,-8,-8,-8,-8,-8,0,1,0,1,0,1,1,0,0,1,1,0,0,0,0,0,1,1,0,1,0,0,0,0,0,1,0,1,4,-7,-7,-7,-7,-7,-7,-7,1,1,4,4,350000,100000,4,5,4,5,3,3,3,2,-7,2,2,2,3,2,3,4,2,1,2,1,1,3,2,1,1,3,-8,-8,-8,-8,-8,-8,-8,-8,NA,-8,0,0,0,0,0,0,0,0,0,1,5,5,2,1,1,0,0,0,1,2,NA,2,-7,-7,2,1,1,1,0,0,2,6,1,1982,43,1,-7,2,2,1,3,1,4,-7,-7,3,-7,3,2,-7,5,10,2,2,2,2,2,2,4,2,1,1,-7,2,2,2,2,0,0,1,0,0,0,bas25_06521,287.05403589,1,24510,Patterson Park North & East,10,3,15:26:34,10,3,15:51:19,2,1,2,2,4,4,1,3,0,1
0,3,3,2,3,2,3,3,3,3,3,3,2,2,2,3,1,4,3,2,1,1,2,2,2,2,3,2,3,2,2,2,3,2,3,3,1,2,1,1,1,1,1,1,2,2,4,2,3,4,2,2,-7,2,1,3,2,1,1,1,3,1,2,2,2,3,2,3,3,1,1,1,0,1,0,1,0,0,0,0,0,0,1,0,1,0,1,1,0,1,0,0,0,0,1,0,0,1,1,0,0,1,0,1,0,1,1,0,1,0,0,0,0,0,0,0,0,1,3,1,0,1,0,1,1,1,2,-7,1,0,1,0,1,0,0,1,3,2,2,200000,20000,3,2,2,2,2,2,1,1,2,1,2,2,3,2,2,2,3,2,2,1,2,2,2,2,1,2,1,0,1,0,1,0,1,0,NA,0,1,0,1,0,0,1,0,0,0,0,3,2,1,3,0,0,1,0,2,2,NA,1,2,2,1,-7,1,0,0,0,2,4,1,1990,35,1,-7,2,2,1,1,1,8,-7,-7,-7,-7,4,1,4,-7,4,2,1,1,1,2,1,4,3,2,2,-7,3,5,3,5,1,0,1,1,0,0,bas25_06524,507.18510164,2,24005,-7,8,28,13:59:14,8,28,14:16:52,1,1,1,3,2,3,1,3,8,3
0,2,1,3,3,2,3,3,4,3,3,1,3,2,1,1,2,1,1,1,1,1,4,3,2,2,2,2,2,3,2,4,2,3,2,-8,1,1,1,1,-8,-8,-8,-8,2,2,1,1,2,2,-8,4,-7,3,3,3,3,3,3,1,4,1,1,3,2,2,1,1,1,0,0,0,0,1,0,0,0,0,0,0,0,0,0,0,0,0,0,0,0,0,0,0,1,-8,-8,-8,-8,-8,-8,-8,-8,-8,-8,-8,-8,-8,0,0,1,1,0,0,0,0,0,0,0,1,4,-8,-8,-8,-8,-8,-8,-8,3,-7,-7,-7,-7,-7,-7,-7,-7,1,2,2,4,200000,30000,4,2,3,4,2,3,3,2,-7,2,2,2,2,1,1,3,1,1,1,1,1,4,4,1,1,4,0,0,0,0,0,0,0,0,NA,1,1,0,0,0,0,0,0,0,1,0,4,4,1,1,1,0,0,0,2,2,NA,2,-7,-7,2,1,1,1,0,0,2,6,1,1994,31,1,-7,2,2,1,1,1,8,-7,-7,-7,-7,1,2,-7,1,6,2,2,2,2,2,2,2,1,1,5,1,1,1,1,1,0,1,0,0,0,0,bas25_06528,3083.8416659,2,24005,-7,8,27,17:32:30,8,27,17:48:51,1,1,1,1,3,4,1,2,0,1
3,1,2,2,3,1,4,2,1,1,3,3,4,1,2,4,1,1,1,1,1,1,1,4,1,1,1,4,4,2,3,3,4,4,3,-8,2,2,2,2,2,2,2,2,2,2,3,-8,-8,-8,-8,-7,4,3,3,3,3,3,3,1,1,1,1,3,1,1,1,1,1,0,0,0,0,0,0,0,0,0,0,0,1,0,0,0,0,0,0,0,0,0,0,0,1,-8,-8,-8,-8,-8,-8,0,1,0,0,0,1,0,1,0,0,1,0,0,0,0,1,1,1,0,5,-8,-8,-8,-8,-8,-8,-8,2,-7,0,0,0,0,0,0,1,1,1,5,1,1000000,65000,3,4,3,5,3,3,3,2,-7,2,2,1,1,1,1,3,1,1,1,1,1,5,4,2,2,1,0,0,0,1,0,0,0,0,NA,0,0,0,0,0,0,0,0,0,0,1,5,5,2,1,1,0,0,0,1,2,NA,1,1,-7,2,1,2,-7,-7,-7,2,7,1,1985,40,2,-7,2,2,1,1,1,9,-7,-7,-7,-7,1,2,-7,6,11,2,2,2,2,2,2,5,2,1,1,-7,2,2,2,2,0,0,1,0,0,0,bas25_06535,1010.541732,2,24005,-7,9,14,14:32:28,9,14,15:00:51,2,1,2,2,4,4,2,3,0,1
30,3,1,1,1,1,4,4,1,1,1,1,1,2,1,1,1,1,1,1,1,1,1,1,1,1,1,1,1,3,3,3,3,3,1,1,1,1,1,1,1,1,1,1,1,5,5,1,5,5,4,-7,3,3,3,3,3,3,3,1,1,1,1,2,3,3,1,1,1,1,1,0,0,1,0,0,1,0,0,0,0,1,1,0,0,1,0,1,1,1,0,0,0,0,0,1,0,0,0,0,0,0,0,0,1,0,0,0,1,0,0,0,0,0,0,0,0,1,1,1,0,0,0,0,0,0,2,-7,1,0,0,0,0,0,0,5,-7,-7,-7,60000,"20,000 yes",4,5,4,5,2,3,3,2,-7,2,2,1,5,1,4,1,1,1,1,1,1,3,1,1,1,2,0,0,0,0,0,0,0,0,NA,1,1,1,0,0,1,0,0,0,0,0,5,5,2,1,1,0,0,0,2,3,Wi-Fi,2,-7,-7,1,-7,2,-7,-7,-7,2,7,2,1959,66,1,-7,2,2,1,1,1,8,-7,-7,-7,-7,2,1,1,-7,1,2,2,2,2,2,2,2,2,1,1,-7,1,1,1,1,0,1,0,0,0,0,bas25_06540,168.09828045,1,24510,The Waverlies,8,27,20:48:39,8,27,22:33:09,2,2,2,1,1,4,1,5,0,1
5,4,3,3,3,3,4,3,3,5,5,3,3,3,1,1,3,3,3,4,3,4,2,5,3,4,3,5,3,3,2,2,2,3,4,5,1,1,1,1,1,1,1,1,1,4,3,4,4,3,3,4,-7,2,2,3,3,2,2,1,1,1,1,2,3,3,1,1,6,0,0,0,0,0,0,0,0,0,0,0,1,0,0,0,0,0,0,0,0,0,0,0,1,0,0,0,0,1,0,0,0,1,0,0,0,0,0,0,1,0,1,0,0,0,0,0,0,1,1,-8,-8,-8,-8,-8,-8,-8,3,-7,-7,-7,-7,-7,-7,-7,-7,1,5,4,1,200000,15000,4,5,4,1,2,2,1,2,-7,2,2,4,5,5,5,5,3,3,4,5,1,2,1,1,1,1,0,1,1,1,0,0,1,0,NA,0,0,0,0,0,0,0,0,0,0,1,2,1,1,2,1,0,0,0,1,4,NA,2,-7,-7,1,-7,1,1,1,0,2,5,3,1993,32,1,-7,2,2,3,3,3,2,-7,-7,-7,-7,8,1,1,-7,1,1,1,2,2,2,2,3,2,1,1,-7,1,1,1,1,0,1,0,0,0,0,bas25_06550,1871.2057945,2,24005,-7,9,2,11:31:38,9,2,12:57:45,1,1,1,1,1,3,1,2,4,2
11,4,2,2,2,2,3,2,3,4,3,4,4,4,4,2,3,3,3,3,3,3,2,2,3,3,1,2,2,3,3,2,3,3,3,3,1,1,1,1,1,1,1,1,1,4,3,4,-8,4,4,4,-7,3,3,3,3,3,3,1,3,2,5,3,3,4,3,1,1,0,0,0,1,0,0,0,0,1,1,0,0,1,0,0,1,1,0,1,0,0,0,0,0,0,1,0,0,0,0,1,1,1,1,1,1,1,0,0,1,0,1,0,1,0,0,1,0,0,4,0,0,0,0,0,1,0,3,-7,-7,-7,-7,-7,-7,-7,-7,5,-7,-7,-7,Unknown,Unknown,3,3,3,4,2,2,2,2,-7,2,2,3,5,5,3,2,4,4,3,2,1,3,3,1,1,1,0,0,0,1,0,0,0,0,NA,0,1,0,0,0,0,0,0,0,0,0,4,4,1,2,1,0,0,0,2,2,NA,2,-7,-7,2,2,2,-7,-7,-7,2,6,3,1960,65,1,-7,2,2,1,1,1,8,-7,-7,-7,-7,-8,-8,-7,-7,-6,1,2,1,2,2,2,3,3,1,1,-7,-6,-6,-6,-6,-8,-8,-8,-8,-8,0,bas25_06566,647.07222015,1,24510,Inner Harbor/Federal Hill,9,6,18:51:46,9,6,19:34:14,2,1,1,-6,-6,4,1,5,0,1
1,3,3,2,3,2,3,3,3,4,3,5,3,4,5,5,4,3,3,3,3,3,3,5,3,5,3,2,2,3,4,4,4,4,2,3,1,1,1,1,1,1,1,1,2,5,5,5,5,5,5,-7,4,2,2,2,2,2,2,1,4,1,4,2,1,2,5,3,1,0,0,0,0,1,0,0,1,0,0,0,0,0,0,0,0,0,0,0,0,1,0,0,0,0,1,0,0,0,0,0,1,0,1,1,1,1,0,0,1,0,1,0,1,0,0,0,0,0,5,0,0,0,0,1,1,0,1,4,-7,-7,-7,-7,-7,-7,-7,1,2,3,3,500000,35000,3,4,4,5,2,2,2,1,3,2,2,3,3,3,3,3,3,4,3,4,1,5,5,1,2,5,0,1,0,1,0,1,1,0,NA,0,1,0,0,0,1,0,0,1,1,0,5,5,1,1,1,0,0,0,2,2,NA,2,-7,-7,2,1,2,-7,-7,-7,2,5,5,1993,32,1,-7,2,2,1,3,1,9,-7,-7,-7,-7,1,1,4,-7,4,2,2,2,2,2,2,4,4,3,3,-7,3,5,3,5,1,0,0,0,0,0,bas25_06568,502.15361375,1,24510,Canton,10,16,16:05:41,10,16,16:20:39,2,2,2,3,2,3,1,2,6,3
8,2,1,1,2,2,4,3,2,1,3,2,3,2,2,1,2,1,1,1,1,1,1,1,1,1,1,1,1,2,2,2,2,3,1,2,1,1,1,1,1,1,2,2,2,5,5,5,5,5,5,-7,1,3,3,3,3,2,2,1,2,1,1,2,2,2,1,1,1,1,1,0,0,1,0,1,1,0,1,0,0,1,1,0,0,1,0,1,1,0,1,0,0,0,0,1,0,0,0,0,0,0,0,1,1,0,0,0,1,1,0,0,0,0,0,0,0,1,5,0,0,0,0,1,0,0,2,-7,1,0,0,0,0,0,0,5,-7,-7,-7,200000,10000,2,4,2,3,3,3,3,2,-7,2,2,1,3,3,3,3,3,2,1,2,1,2,1,1,1,1,0,0,0,0,0,0,0,0,NA,1,1,1,0,0,0,0,0,0,0,0,4,3,1,1,1,0,0,0,1,2,NA,2,-7,-7,2,2,2,-7,-7,-7,2,4,1,1951,74,1,-7,2,2,1,1,1,8,-7,-7,-7,-7,7,1,4,-7,4,2,1,2,2,2,2,3,2,1,1,-7,1,1,1,1,0,1,0,0,0,0,bas25_06570,762.87491006,1,24510,Cedonia/Frankford,9,3,14:30:10,9,3,18:18:53,1,1,2,1,2,3,1,5,2,2
12,3,5,1,1,1,4,3,2,3,4,2,3,2,1,2,1,1,1,1,1,1,1,2,1,3,2,6,-7,2,2,3,3,3,3,3,1,1,1,1,1,1,2,2,2,4,3,3,3,3,3,-7,4,3,3,3,3,3,3,1,4,1,2,2,2,2,2,1,1,0,0,0,0,1,0,1,1,0,0,0,0,0,0,0,0,0,0,0,1,0,0,0,0,1,0,0,0,0,0,0,0,0,1,1,1,0,0,0,1,1,0,0,1,0,0,0,0,0,3,-8,-8,-8,-8,-8,-8,-8,3,-7,-7,-7,-7,-7,-7,-7,-7,1,3,2,4,NA,NA,3,4,4,4,3,3,3,2,-7,2,2,2,2,2,1,1,1,1,1,1,1,1,2,1,2,1,0,0,0,0,0,0,0,0,NA,1,0,0,0,0,0,0,0,1,1,0,4,4,2,1,1,0,0,0,2,2,NA,2,-7,-7,1,-7,1,0,-8,2,2,6,3,1984,41,1,-7,2,2,1,1,1,8,-7,-7,-7,-7,4,2,-7,1,6,2,2,2,2,2,2,3,3,1,1,-7,2,2,2,2,0,0,1,0,0,0,bas25_06579,768.45849631,2,24005,-7,8,27,17:18:47,8,27,17:41:20,2,1,2,2,3,4,1,3,0,1
13,5,2,2,2,2,3,2,3,3,3,2,4,2,1,2,2,1,1,1,1,2,2,2,2,2,2,5,5,3,4,3,4,3,4,3,1,1,1,1,1,1,2,1,2,2,3,2,3,2,3,3,-7,3,3,3,3,3,3,1,1,1,2,2,3,3,1,1,2,0,0,0,0,0,0,0,1,0,0,0,0,0,0,0,0,1,0,0,1,0,0,0,0,0,0,0,0,1,0,0,1,0,0,1,0,0,0,0,1,1,0,0,0,0,1,0,1,0,2,-8,-8,-8,-8,-8,-8,-8,3,-7,-7,-7,-7,-7,-7,-7,-7,7,-7,-7,-7,2000000,50000,3,5,4,5,3,3,3,2,-7,2,2,2,1,1,1,1,1,1,1,1,1,2,2,1,1,3,0,1,0,0,0,1,0,0,NA,0,0,0,0,0,0,0,0,0,1,0,5,5,2,1,1,0,0,0,2,2,NA,2,-7,-7,2,1,1,2,0,0,2,7,1,1988,37,1,-7,2,2,1,1,1,9,-7,-7,-7,-7,1,2,-7,5,10,2,2,2,2,2,2,4,2,1,1,-7,2,2,2,2,0,0,1,0,0,0,bas25_06592,450.39644579,2,24005,-7,9,10,14:29:37,9,10,14:49:42,2,1,1,2,4,4,1,3,0,1
5,2,1,2,3,1,4,2,3,3,3,1,3,1,1,1,1,1,1,1,1,1,1,2,1,2,1,3,3,2,2,2,4,2,1,2,1,1,1,1,1,1,2,2,1,2,1,2,2,2,2,-7,4,3,3,3,3,3,3,1,4,1,1,2,1,3,1,1,1,0,1,0,0,0,0,0,1,1,0,0,0,0,0,0,0,0,0,0,1,1,0,0,0,-8,-8,-8,-8,-8,-8,-8,-8,-8,-8,-8,-8,-8,0,0,1,1,0,0,0,0,0,0,0,1,1,-8,-8,-8,-8,-8,-8,-8,3,-7,-7,-7,-7,-7,-7,-7,-7,1,1,4,4,250000,40000,3,4,3,5,3,3,3,2,-7,2,2,2,1,1,1,1,1,1,1,1,1,3,2,2,2,1,0,0,0,1,0,0,0,0,NA,0,0,0,0,0,0,0,0,0,0,1,5,5,2,1,1,0,0,0,1,2,NA,2,-7,-7,2,1,1,0,1,0,2,6,1,1987,38,2,-7,2,2,1,1,1,9,-7,-7,-7,-7,1,2,-7,4,9,2,2,2,2,2,2,5,2,1,1,-7,2,2,2,2,0,0,1,0,0,0,bas25_06599,889.01272005,2,24005,-7,8,28,18:54:40,8,28,19:32:53,2,1,2,2,4,4,2,3,0,1
1,4,1,1,2,2,4,3,4,3,3,1,3,2,3,3,1,1,1,1,1,1,1,1,1,1,1,2,2,2,3,3,3,3,2,2,2,1,1,1,2,2,2,2,1,2,2,1,3,3,2,-7,4,3,3,3,3,3,3,1,4,1,1,2,2,2,2,1,1,0,0,0,0,0,0,0,0,0,0,0,1,0,0,0,0,1,0,0,1,1,0,0,0,-8,-8,-8,-8,-8,-8,-8,-8,-8,-8,-8,-8,-8,1,0,1,0,0,1,0,1,1,0,0,0,2,-8,-8,-8,-8,-8,-8,-8,3,-7,-7,-7,-7,-7,-7,-7,-7,1,4,5,3,350000,27000,3,5,3,5,3,3,3,2,-7,2,2,1,1,2,2,3,3,2,1,1,1,3,2,1,1,1,0,0,0,0,0,0,0,0,NA,1,1,0,0,0,0,0,0,0,0,0,5,5,2,1,1,0,0,0,1,2,NA,2,-7,-7,2,1,2,-7,-7,-7,2,5,3,1973,52,1,-7,2,2,1,1,1,1,2,-7,-7,-7,4,2,-7,4,9,2,2,2,2,2,2,2,2,1,1,-7,1,1,1,1,0,1,0,0,0,0,bas25_06607,1898.8292061,2,24005,-7,9,9,13:58:34,9,10,17:23:52,1,2,2,1,4,3,1,4,0,1
35,6,2,1,2,2,4,3,2,3,3,3,4,2,2,2,4,1,2,2,1,2,2,1,3,3,1,2,2,2,4,3,4,4,2,4,2,1,1,1,2,2,2,2,1,5,5,4,5,4,5,2,-7,3,3,3,3,3,3,1,4,1,3,3,3,3,1,1,1,1,0,0,0,0,0,0,0,0,1,0,0,1,0,0,0,0,0,0,0,1,1,0,0,0,1,0,0,0,1,0,1,0,1,1,1,0,0,0,0,1,1,1,0,1,0,1,0,0,5,0,0,0,0,0,1,0,2,-7,0,0,1,0,0,0,0,5,-7,-7,-7,500000,25000,3,4,3,4,3,3,3,2,-7,2,2,1,1,1,1,1,1,1,1,1,1,3,1,1,1,1,0,0,0,0,0,0,0,0,NA,1,1,1,0,0,0,0,0,0,0,0,4,5,2,1,1,0,0,0,1,2,NA,-8,-7,-7,3,2,2,-7,-7,-7,1,6,-8,1954,71,1,-7,2,2,1,1,1,8,-7,-7,-7,-7,7,1,4,-7,4,1,1,2,1,1,2,3,-8,1,1,-7,1,1,1,1,0,1,0,0,0,0,bas25_06614,1012.4380084,1,24510,Northwood,8,27,12:57:56,8,27,13:44:16,1,1,1,1,2,4,1,5,0,1
0,5,1,1,1,1,4,4,1,1,1,1,1,1,1,1,1,1,1,1,1,1,1,3,1,1,1,3,3,1,2,3,2,3,2,2,1,1,1,1,1,1,1,1,2,3,2,1,3,3,3,-7,3,3,3,3,3,3,3,1,1,1,1,2,2,1,1,1,6,1,0,0,0,0,0,0,0,0,0,0,0,1,0,0,0,0,0,0,0,0,0,0,0,-8,-8,-8,-8,-8,-8,-8,-8,-8,-8,-8,-8,-8,0,0,1,1,0,0,0,0,0,0,0,1,1,-8,-8,-8,-8,-8,-8,-8,2,-7,0,0,0,0,0,0,1,5,-7,-7,-7,150000,49000,2,2,2,1,3,3,3,2,-7,2,2,2,1,1,1,1,1,1,1,1,1,2,1,1,1,1,0,0,0,0,0,0,0,0,NA,1,0,0,0,0,0,0,0,0,0,1,1,5,2,1,1,0,0,0,1,2,NA,2,-7,-7,2,1,2,-7,-7,-7,2,3,1,1959,66,1,-7,2,2,1,1,1,2,-7,-7,-7,-7,3,2,-7,2,7,2,2,2,2,2,2,2,1,1,1,-7,2,2,2,2,0,0,1,0,0,0,bas25_06620,1100.0766879,2,24005,-7,9,1,17:44:40,9,1,18:05:41,1,1,2,2,3,2,1,5,0,1
18,4,1,1,1,1,3,3,2,2,1,1,1,2,1,1,3,2,1,2,1,1,1,1,1,1,1,1,1,1,3,3,3,2,3,2,2,1,1,1,1,1,1,1,2,3,3,3,3,3,3,2,-7,3,3,3,3,3,3,1,1,1,1,2,2,1,1,1,1,0,0,0,0,0,0,0,0,0,0,1,0,0,0,0,0,0,0,0,0,0,0,1,0,0,1,0,0,0,0,0,0,0,0,0,1,0,1,0,0,0,0,1,0,0,0,0,0,0,1,-8,-8,-8,-8,-8,-8,-8,1,2,-7,-7,-7,-7,-7,-7,-7,8,-7,-7,-7,NA,NA,3,1,1,1,2,1,3,2,-7,2,2,3,3,3,4,4,4,1,1,1,1,1,1,1,1,1,0,0,0,0,0,0,0,0,NA,1,0,0,0,1,0,0,0,0,0,0,4,4,1,1,0,1,0,0,2,2,NA,2,-7,-7,2,2,1,0,1,1,2,3,5,1987,38,1,-7,2,2,1,1,1,9,-7,-7,-7,-7,1,1,1,-7,1,1,1,2,1,2,2,3,1,1,1,-7,1,1,1,1,0,1,0,0,0,0,bas25_06621,1035.2577056,1,24510,Oliver/Johnston Square,8,27,19:49:48,8,27,20:06:21,2,1,1,1,1,2,1,3,0,1
1,2,4,3,2,3,2,1,5,3,2,2,3,2,3,2,1,1,1,2,1,1,1,5,4,3,2,6,-7,3,4,4,4,3,4,-8,-8,1,-8,1,-8,-8,-8,-8,1,-8,3,-8,3,-8,-8,3,-7,3,3,3,3,2,3,1,1,1,1,3,1,2,2,1,1,0,0,0,0,0,0,1,0,0,0,0,0,0,0,0,0,0,0,0,1,0,0,0,0,-8,-8,-8,-8,-8,-8,0,1,0,1,0,1,0,0,0,1,1,0,1,1,1,1,1,1,0,3,-8,-8,-8,-8,-8,-8,-8,1,4,-7,-7,-7,-7,-7,-7,-7,2,1,4,3,100000,36000,4,3,4,3,2,3,2,2,-7,1,1,4,4,4,4,5,2,3,5,3,1,3,4,2,1,1,0,1,0,1,0,1,0,0,NA,0,0,0,0,0,0,0,0,1,1,0,5,5,1,1,1,0,0,0,2,2,NA,2,-7,-7,3,1,2,-7,-7,-7,1,7,5,1999,26,4,Nonbinary,5,1,1,1,3,9,-7,-7,-7,-7,1,1,3,-7,3,2,2,2,2,2,2,3,3,1,1,-7,3,5,4,6,1,0,1,1,0,1,bas25_06625,1040.6673427,2,24005,-7,9,7,13:09:30,9,7,13:39:51,2,2,1,3,2,4,-8,2,1,1
13,4,2,2,2,1,3,3,2,1,3,1,3,1,1,1,1,1,1,1,2,1,1,2,3,1,1,2,1,2,3,3,4,4,3,3,1,2,1,2,2,1,2,2,1,1,2,1,1,2,1,-7,5,3,3,3,3,2,3,1,2,1,2,3,1,3,2,2,2,0,0,0,0,0,0,0,1,0,0,0,0,0,0,0,0,1,0,0,1,0,0,0,0,0,1,0,0,0,0,0,1,0,0,1,1,0,0,0,1,1,0,1,1,0,0,1,1,0,1,-8,-8,-8,-8,-8,-8,-8,1,3,-7,-7,-7,-7,-7,-7,-7,2,1,4,1,200000,50000,3,5,4,5,3,3,2,2,-7,1,1,4,5,5,5,5,5,3,1,3,1,2,5,2,2,2,0,0,0,1,0,0,0,0,NA,0,0,0,0,0,0,0,0,1,1,0,5,5,3,1,1,0,1,0,1,2,NA,2,-7,-7,4,1,2,-7,-7,-7,1,7,5,1994,31,1,-7,2,2,1,1,1,9,-7,-7,-7,-7,1,1,2,1,2,2,1,2,2,2,2,5,2,1,1,-7,2,2,2,2,0,0,1,0,0,0,bas25_06627,3043.8891621,2,24005,-7,9,19,13:30:26,9,19,13:55:17,1,2,2,2,1,4,1,2,1,1
27,5,2,2,3,3,3,2,3,3,5,4,4,3,3,3,3,1,1,1,1,1,2,3,2,4,2,1,1,3,3,3,4,2,2,3,2,1,2,1,2,2,2,2,1,4,2,1,3,2,3,-7,4,3,3,3,3,3,3,1,4,1,2,2,1,2,3,1,2,1,0,0,0,0,0,0,1,0,0,0,0,1,0,0,0,0,0,0,1,0,0,0,0,-8,-8,-8,-8,-8,-8,0,0,0,0,0,1,0,1,0,0,1,0,0,0,0,0,0,0,1,2,-8,-8,-8,-8,-8,-8,-8,2,-7,-8,-8,-8,-8,-8,-8,-8,1,2,3,2,400000,75000,3,3,4,5,2,3,3,2,-7,2,2,3,2,3,2,3,1,2,2,2,1,4,2,1,1,1,0,0,0,0,0,0,0,0,NA,1,1,0,0,0,0,1,0,0,0,0,5,5,2,1,1,0,0,0,2,2,NA,2,-7,-7,3,1,2,-7,-7,-7,2,7,1,1968,57,1,-7,2,2,1,1,1,4,-7,-7,3,-7,2,2,-7,3,8,2,2,2,2,2,2,3,2,1,1,-7,2,2,2,2,0,0,1,0,0,0,bas25_06632,651.5633886,2,24005,-7,8,29,20:12:41,8,29,21:04:18,1,1,2,2,4,4,1,4,0,1
16,4,1,1,1,1,4,4,2,2,3,2,3,2,1,2,2,1,1,2,1,2,1,1,1,1,1,6,-7,2,3,2,4,3,3,3,1,1,1,1,1,1,2,1,2,3,3,3,3,3,3,-7,4,3,3,3,3,3,3,1,1,1,2,1,1,2,1,1,3,0,0,0,1,1,0,0,0,1,0,0,0,0,0,1,1,1,0,0,0,1,0,0,0,0,0,0,0,1,0,0,1,0,1,1,1,0,0,0,1,1,0,1,0,0,0,1,0,0,1,-8,-8,-8,-8,-8,-8,-8,2,-7,0,0,0,0,0,0,1,5,-7,-7,-7,200000,35000,3,4,3,5,3,3,3,2,-7,2,2,1,1,1,1,1,1,1,1,1,1,2,1,1,1,1,-8,-8,-8,-8,-8,-8,-8,-8,NA,-8,0,1,0,1,0,0,0,0,0,0,5,5,2,1,1,1,0,0,2,2,NA,2,-7,-7,4,1,2,-7,-7,-7,1,7,1,1960,65,2,-7,3,2,1,1,1,1,5,-7,-7,-7,6,2,-7,3,8,2,1,2,2,2,2,5,2,1,1,-7,2,2,2,2,0,0,1,0,0,0,bas25_06643,638.98714443,2,24005,-7,9,8,17:43:31,9,8,18:07:33,2,1,2,2,4,4,2,5,0,1
50,3,4,3,2,3,3,2,4,3,3,4,4,3,3,1,3,5,-8,4,4,4,4,2,5,2,3,4,4,2,2,3,2,3,2,3,1,2,1,2,2,2,2,2,1,4,5,4,4,3,4,2,-7,3,3,3,3,2,3,1,2,2,2,2,2,4,2,2,1,1,1,0,0,0,0,0,0,0,0,0,0,1,1,0,0,0,0,0,1,0,0,1,0,1,0,1,0,0,0,0,0,1,1,0,1,1,0,1,1,0,0,1,0,0,0,0,1,0,3,0,0,0,0,1,1,0,3,-7,-7,-7,-7,-7,-7,-7,-7,5,-7,-7,-7,500,50,4,5,3,4,3,3,3,2,-7,2,2,1,2,1,3,2,2,1,1,1,2,3,2,1,1,1,0,0,0,0,0,0,0,0,NA,1,1,0,0,0,0,0,0,0,0,0,4,5,2,1,0,1,0,0,2,2,NA,2,-7,-7,1,-7,2,-7,-7,-7,1,3,5,1963,62,2,-7,2,2,1,1,1,-8,-6,-7,-7,-7,3,1,2,-7,2,2,2,2,2,1,2,2,2,1,1,-7,1,1,1,1,0,1,0,0,0,0,bas25_06649,655.0601493,1,24510,Midway/Coldstream,8,28,13:03:02,8,28,14:02:10,1,2,1,1,1,2,2,4,1,1
2,2,5,2,3,4,2,2,5,5,5,5,5,5,5,5,5,5,2,5,5,5,2,5,4,4,2,6,-7,4,4,3,4,4,5,5,2,2,2,2,2,2,2,1,2,5,5,5,5,5,5,-7,5,1,1,1,1,1,3,2,2,2,5,2,1,5,5,4,2,1,0,0,0,0,0,0,0,0,0,0,0,0,0,0,0,0,1,0,0,0,0,0,0,0,1,0,0,0,0,0,0,0,0,0,0,1,1,0,1,0,0,1,0,0,0,0,0,0,5,0,0,0,1,0,0,0,2,-7,0,0,0,0,0,0,1,4,-7,-7,-7,600000,50000,4,5,4,5,1,1,2,1,2,1,1,4,5,5,5,5,5,5,5,5,3,4,2,1,1,4,0,0,0,0,0,1,0,0,NA,0,0,0,0,0,0,0,0,0,0,1,4,5,1,3,0,1,0,0,1,2,NA,2,-7,-7,3,1,2,-7,-7,-7,2,2,2,2004,21,1,-7,2,2,1,1,1,2,-7,-7,-7,-7,1,1,2,-7,2,1,1,2,2,2,2,3,4,1,1,-7,1,1,1,1,0,1,0,0,0,0,bas25_06650,2544.8974052,1,24510,Penn North/Reservoir Hill,8,28,00:35:28,8,28,00:55:29,1,1,2,1,1,1,1,1,10,3
3,4,2,1,2,2,3,3,2,3,3,1,2,2,1,2,1,1,1,1,1,1,2,4,3,2,2,4,4,3,3,3,4,1,4,3,1,1,1,2,2,1,2,2,1,2,4,1,4,4,3,-7,4,3,3,3,3,3,3,1,3,1,3,2,1,3,3,3,1,0,1,0,1,0,0,0,1,0,1,0,0,1,1,0,1,0,0,0,1,1,0,0,0,1,0,0,0,0,1,0,1,1,0,0,0,1,0,0,1,1,0,0,1,1,0,1,1,0,3,0,0,0,0,0,1,0,3,-7,-7,-7,-7,-7,-7,-7,-7,1,2,4,3,400000,50000,4,4,4,5,3,3,3,1,3,2,2,3,1,2,2,4,1,3,2,2,2,3,3,1,1,2,0,1,0,1,0,1,0,0,NA,0,0,0,0,1,0,0,0,0,1,0,5,4,2,1,1,0,0,0,1,2,NA,2,-7,-7,2,1,2,-7,-7,-7,1,6,5,1993,32,3,-7,3,2,1,1,1,4,-7,-7,4,-7,3,2,-7,3,8,2,2,2,-8,2,2,5,4,1,1,-7,2,2,2,2,0,0,1,0,0,0,bas25_06651,423.01819902,1,24510,Midtown,8,27,20:31:39,8,27,21:36:06,1,1,2,2,4,4,-8,2,0,1
11,2,1,2,3,2,3,3,3,-8,3,1,3,2,1,2,3,2,3,3,1,2,2,2,2,3,2,3,2,2,3,2,4,3,3,3,1,1,1,1,1,1,2,1,2,3,4,3,3,3,4,4,-7,3,3,3,3,3,3,1,1,1,1,1,1,3,1,2,1,1,1,0,0,0,0,0,1,0,0,0,0,1,1,0,1,0,0,0,1,0,0,0,0,0,0,0,0,0,1,0,0,0,1,0,1,0,0,0,1,1,0,0,0,0,1,1,0,0,1,0,0,0,0,1,0,0,1,2,-7,-7,-7,-7,-7,-7,-7,1,1,4,3,250000,30000,3,3,3,4,3,3,3,2,-7,2,2,1,1,1,1,1,1,1,1,1,1,2,2,1,1,2,0,0,0,0,0,0,0,0,NA,1,0,1,1,0,0,0,0,0,0,0,5,5,2,1,1,0,0,0,1,2,NA,2,-7,-7,2,1,2,-7,-7,-7,2,6,1,1966,59,2,-7,2,2,1,-8,1,1,6,-7,-7,-7,3,2,-7,4,9,2,2,2,2,2,2,4,2,1,1,-7,2,2,2,2,0,0,1,0,0,0,bas25_06654,499.82804457,1,24510,Beechfield/Ten Hills/West Hills,10,16,21:14:03,10,16,21:41:54,2,1,1,2,4,4,2,4,0,1
7,5,1,2,2,2,3,3,3,3,2,2,3,2,1,2,2,1,1,2,1,1,2,2,1,2,1,1,2,2,4,4,4,4,5,4,2,1,1,1,2,1,2,1,1,4,4,3,3,3,3,5,-7,3,3,3,3,3,3,1,4,1,2,1,1,2,2,1,1,0,1,0,1,0,0,1,1,0,0,0,0,0,0,0,0,0,0,0,0,1,0,0,0,0,0,0,1,0,0,0,1,0,1,1,0,0,1,0,1,0,0,0,1,1,1,0,1,0,4,0,0,1,0,0,1,0,1,4,-7,-7,-7,-7,-7,-7,-7,1,1,3,4,1500000,75000,4,5,4,5,2,2,1,1,2,1,1,4,4,3,3,5,3,3,2,1,1,4,4,1,1,2,0,1,0,1,0,1,0,0,NA,0,1,0,0,0,0,0,0,1,1,0,5,5,2,1,1,0,1,0,2,2,NA,2,-7,-7,2,1,2,-7,-7,-7,1,7,5,1991,34,2,-7,1,2,1,1,1,9,-7,-7,-7,-7,1,2,-7,1,6,2,2,2,2,2,2,5,2,1,1,-7,2,2,2,2,0,0,1,0,0,0,bas25_06662,3781.2637435,2,24005,-7,8,31,13:55:08,8,31,14:18:08,1,2,1,2,3,4,2,2,0,1
8,3,4,1,2,2,2,3,1,4,3,4,5,4,4,2,3,1,1,1,1,1,1,3,2,3,2,4,3,4,4,4,4,5,1,3,1,1,1,1,1,1,1,1,2,5,5,5,5,5,5,-7,5,3,3,3,3,3,3,1,1,1,1,2,2,3,1,1,1,0,0,0,0,0,0,0,0,0,0,0,1,1,1,0,0,0,0,1,1,1,0,0,0,-8,-8,-8,-8,-8,-8,-8,-8,-8,-8,-8,-8,-8,1,0,0,0,1,0,0,0,0,0,0,1,1,-8,-8,-8,-8,-8,-8,-8,3,-7,-7,-7,-7,-7,-7,-7,-7,1,2,3,3,100000,60000,3,4,3,4,2,2,2,1,1,1,1,4,3,1,1,3,1,2,2,1,1,4,3,1,1,5,0,0,0,0,0,0,0,0,NA,1,0,0,0,0,0,0,0,0,0,1,1,3,1,2,1,0,0,0,1,3,Xfinity,2,-7,-7,2,2,1,-8,1,-8,1,2,5,1973,52,1,-7,2,2,1,1,1,9,-7,-7,-7,-7,1,1,1,-7,1,2,2,1,1,1,2,3,2,1,1,-7,1,1,1,1,0,1,0,0,0,0,bas25_06668,1046.4940858,1,24510,Oldtown/Middle East,9,9,20:16:16,9,9,20:51:42,2,2,2,1,1,1,1,4,0,1
7,2,2,1,1,2,4,2,3,5,4,3,4,3,1,1,1,1,2,1,1,1,4,3,4,5,2,4,5,3,3,3,3,3,3,4,-8,-8,-8,-8,-8,2,-8,2,2,-8,3,4,-8,-8,-8,-7,3,3,3,3,3,3,3,1,1,1,1,3,1,2,2,1,4,0,0,0,0,0,0,0,1,0,1,0,0,0,0,0,0,0,0,0,1,0,1,0,0,0,0,0,0,0,1,-8,-8,-8,-8,-8,-8,-8,0,0,1,1,0,0,0,0,0,0,0,1,2,-8,-8,-8,-8,-8,-8,-8,2,-7,0,0,0,0,0,0,1,9,-7,-7,-7,NA,NA,4,3,2,2,3,3,3,2,-7,2,2,3,1,1,1,2,1,1,1,1,1,2,2,1,2,1,0,0,0,0,0,0,0,0,NA,1,0,0,0,0,0,0,0,0,0,1,4,2,2,1,0,1,0,0,1,2,NA,2,-7,-7,2,1,1,0,2,2,2,5,1,1979,46,-8,-6,-8,-8,1,1,1,1,1,-7,-7,-7,8,2,-7,-8,-6,2,2,2,2,2,2,-8,-8,1,1,-7,-6,-6,-6,-6,-8,-8,-8,-8,-8,-8,bas25_06705,1545.6573972,2,24005,-7,9,13,18:27:57,10,1,19:45:42,1,2,2,-6,-6,3,-8,3,0,1
25,5,4,3,3,3,3,2,5,5,4,5,4,4,3,2,3,1,1,2,1,3,1,1,3,4,1,3,3,2,4,4,4,3,2,3,2,2,2,2,2,2,2,2,1,4,2,1,4,4,4,4,-7,2,3,3,3,3,3,1,4,2,4,3,3,3,2,2,1,1,0,0,0,0,0,0,0,1,0,0,0,1,0,0,0,0,0,0,0,1,0,0,0,-8,-8,-8,-8,-8,-8,1,1,1,1,1,1,1,0,0,0,1,1,0,0,0,0,0,0,1,3,0,1,0,0,0,0,0,2,-7,1,0,1,0,0,0,0,5,-7,-7,-7,NA,NA,4,5,3,4,3,3,3,2,-7,2,2,2,3,3,4,4,2,1,1,1,1,3,3,1,1,1,0,0,0,0,0,0,0,0,NA,1,0,1,0,0,1,0,1,0,0,0,3,5,2,1,1,0,0,0,2,2,NA,2,-7,-7,1,-7,2,-7,-7,-7,2,3,3,1953,72,1,-7,2,2,1,1,-8,2,-7,-7,-7,-7,2,1,4,-7,4,2,2,2,2,2,2,3,1,1,1,-7,2,2,2,2,0,0,1,0,0,0,bas25_06711,539.04883021,2,24005,-7,8,27,19:32:59,8,27,20:12:28,2,1,1,2,2,2,1,5,1,1
0,3,1,1,2,1,3,3,1,1,1,1,1,3,3,1,1,1,1,1,1,1,1,1,1,1,1,1,1,2,4,3,4,4,2,3,1,1,1,1,1,1,1,1,2,3,4,4,4,4,4,-7,2,1,1,1,1,1,2,2,4,2,1,2,2,1,2,1,1,1,1,0,0,0,0,0,0,0,0,0,0,1,1,0,0,0,0,0,0,0,0,0,0,0,0,0,0,1,0,0,1,0,0,0,0,0,0,0,1,0,0,0,1,0,0,0,0,0,1,0,1,0,0,0,0,0,1,4,-7,-7,-7,-7,-7,-7,-7,1,3,4,2,850000,19000,3,3,4,5,1,1,1,1,2,1,1,3,5,5,5,5,5,5,5,5,2,4,4,1,1,4,0,0,0,0,1,0,0,0,NA,0,0,0,0,0,0,1,0,1,1,0,3,3,3,4,1,0,0,0,1,2,NA,1,1,-7,2,2,2,-7,-7,-7,2,4,5,1999,26,1,-7,2,2,1,1,1,9,-7,-7,-7,-7,2,1,5,-7,5,2,1,2,2,2,2,3,2,1,1,-7,1,1,1,1,0,1,0,0,0,0,bas25_06713,983.73304068,1,24510,Loch Raven,8,29,15:50:59,8,29,16:05:10,1,2,2,1,2,3,1,2,11,3
8,6,2,1,1,2,3,3,2,3,3,2,3,2,1,1,4,1,2,3,1,2,1,3,2,3,2,2,2,2,4,4,3,3,1,2,1,1,1,1,1,1,2,1,2,5,4,4,5,3,4,-7,3,3,3,3,3,3,3,1,1,1,3,2,1,2,1,1,1,1,1,0,1,1,0,0,0,0,0,0,0,1,0,0,0,0,0,0,1,0,0,0,0,0,1,0,0,0,0,1,1,1,1,1,0,1,0,0,1,1,0,0,0,0,0,0,0,1,1,0,0,1,0,0,0,0,3,-7,-7,-7,-7,-7,-7,-7,-7,1,1,2,3,250000,35000,3,3,3,2,2,2,1,2,-7,2,2,2,3,1,3,2,2,4,2,1,1,3,3,1,1,4,0,0,0,0,0,0,0,0,NA,1,0,0,0,0,0,0,0,1,1,0,4,5,2,3,0,1,0,0,1,2,NA,2,-7,-7,3,2,2,-7,-7,-7,1,6,1,1981,44,1,-7,2,2,1,1,1,1,4,-7,-7,-7,1,2,-7,3,8,2,2,2,2,2,2,3,4,1,1,-7,2,2,2,2,0,0,1,0,0,0,bas25_06719,436.00561739,1,24510,Hamilton Hills,10,9,09:59:16,10,9,11:02:09,2,1,2,2,4,4,1,3,0,1
2,4,1,2,2,2,4,-8,2,4,3,1,3,2,1,1,3,2,1,1,1,1,2,3,3,3,3,6,-7,1,-8,-8,-8,-8,-8,-8,-8,-8,-8,-8,-8,-8,-8,-8,2,2,2,-8,1,1,1,-7,5,3,3,3,3,3,3,1,4,1,2,2,2,3,1,2,2,1,1,0,0,1,0,0,0,0,0,0,0,0,1,0,0,0,0,0,1,0,0,0,0,-8,-8,-8,-8,-8,-8,-8,-8,-8,-8,-8,-8,-8,0,0,1,1,0,0,0,0,1,0,1,0,1,-8,-8,-8,-8,-8,-8,-8,1,1,-7,-7,-7,-7,-7,-7,-7,1,3,3,4,100000,50000,4,-8,4,-8,3,3,3,2,-7,2,2,2,1,1,1,1,1,2,2,1,1,4,4,1,1,1,-8,-8,-8,-8,-8,-8,-8,-8,NA,-8,0,0,0,0,0,0,0,0,1,0,4,-8,2,1,0,1,0,0,2,2,NA,1,1,-7,2,1,2,-7,-7,-7,2,6,5,2002,23,1,-7,2,2,1,1,1,9,-7,-7,-7,-7,1,1,5,-7,5,2,2,2,2,2,2,-8,-8,1,1,-7,1,5,1,5,1,1,1,0,0,0,bas25_06723,2874.2612029,2,24005,-7,9,28,21:15:20,9,28,21:27:17,2,2,2,1,2,4,1,1,0,1
2,2,5,4,4,4,3,1,5,4,1,5,5,5,5,3,5,5,1,5,5,5,2,1,5,2,1,2,2,4,3,3,3,4,2,3,1,1,1,1,1,1,1,1,2,5,5,3,5,5,5,-7,4,1,1,1,1,3,3,2,4,2,5,2,2,3,4,3,4,1,0,0,0,0,0,0,0,0,0,0,0,1,0,0,0,1,0,1,0,0,0,0,0,0,0,0,0,0,1,1,0,0,0,0,1,1,0,0,1,0,0,0,0,0,0,1,1,0,4,0,0,0,0,0,1,0,3,-7,-7,-7,-7,-7,-7,-7,-7,8,-7,-7,-7,"80, 000.00",11000,3,2,3,2,1,2,2,2,-7,2,2,3,2,1,5,5,5,1,1,2,4,5,4,1,1,4,0,1,0,1,0,0,0,0,NA,0,1,1,0,0,0,0,0,1,1,0,4,5,1,2,1,0,0,0,1,3,Xfinity,2,-7,-7,-8,-7,2,-7,-7,-7,1,3,5,1967,58,1,-7,2,2,1,1,-8,8,-7,-7,-7,-7,1,1,1,-7,1,1,1,1,1,2,2,2,2,1,1,-7,1,1,1,1,0,1,0,0,0,0,bas25_06726,478.07936134,1,24510,Penn North/Reservoir Hill,9,11,17:22:50,9,11,18:08:06,2,1,2,1,1,2,1,4,8,3
27,4,2,1,2,2,4,3,2,4,3,5,5,5,3,5,5,1,2,1,1,1,4,3,4,5,1,1,1,3,4,4,4,3,3,3,1,1,2,1,1,2,1,2,1,5,5,5,5,5,5,4,-7,3,3,3,3,3,3,1,1,1,3,2,2,3,2,1,4,0,0,0,0,1,0,1,0,1,0,0,0,0,1,0,0,0,0,0,1,1,0,0,0,0,1,0,0,0,0,1,0,1,0,0,1,0,0,0,0,1,1,1,0,0,0,0,1,0,5,-8,-8,-8,-8,-8,-8,-8,3,-7,-7,-7,-7,-7,-7,-7,-7,8,-7,-7,-7,100000,20000,4,5,4,5,1,1,1,1,1,1,1,2,5,2,4,2,1,5,1,1,3,4,3,1,1,1,0,0,0,0,0,0,0,0,NA,1,1,0,0,1,0,1,0,0,0,0,5,5,2,3,1,1,0,0,1,2,NA,-8,-7,-7,4,1,2,-7,-7,-7,1,3,1,1966,59,1,-7,2,2,1,1,1,8,-7,-7,-7,-7,-8,1,-8,-7,-6,2,2,2,2,1,2,-8,2,1,1,-7,1,1,1,1,0,1,0,0,0,0,bas25_06735,2310.0188673,1,24510,Greater Lauraville,8,27,11:27:55,8,27,12:12:29,2,1,1,1,-6,2,1,4,0,1
38,4,1,2,2,2,3,3,2,2,3,2,3,2,1,2,2,2,1,3,2,2,1,3,2,2,1,2,2,2,2,2,2,2,2,3,1,1,1,1,1,1,-8,1,1,2,2,1,2,2,2,4,-7,3,3,3,3,3,3,1,1,1,3,1,1,3,2,2,1,1,1,1,1,1,0,0,1,1,0,0,0,1,1,1,1,1,0,0,1,1,0,0,0,0,0,0,0,0,1,0,1,1,1,0,1,0,0,0,1,1,0,0,1,0,0,1,1,0,1,0,0,0,0,1,0,0,1,2,-7,-7,-7,-7,-7,-7,-7,5,-7,-7,-7,250000,40000,3,3,4,5,3,3,3,2,-7,2,2,1,1,1,1,1,1,1,1,1,1,3,1,1,1,1,0,1,0,0,0,0,0,0,NA,0,1,1,1,0,1,0,0,0,0,0,5,5,2,4,1,0,0,0,1,2,NA,2,-7,-7,2,2,2,-7,-7,-7,2,7,1,1948,77,2,-7,2,2,1,1,1,9,-7,-7,-7,-7,1,2,-7,4,9,2,2,2,2,2,2,4,2,1,1,-7,2,2,2,2,0,0,1,0,0,0,bas25_06737,658.60354843,2,24005,-7,8,28,12:44:58,8,28,13:31:00,2,2,1,2,4,4,2,5,0,1
37,2,1,2,-8,-8,-8,-8,-8,-8,-8,-8,-8,-8,-8,1,1,1,1,1,2,1,1,2,-8,-8,1,1,1,-8,2,2,2,1,1,3,2,1,2,1,2,1,2,2,1,1,4,1,1,3,1,-7,3,3,3,3,3,3,3,1,4,1,1,1,1,3,1,1,1,0,0,0,0,0,0,0,1,0,0,0,0,0,0,0,0,0,0,0,1,0,0,0,0,-8,-8,-8,-8,-8,-8,0,0,0,0,0,1,0,-8,-8,-8,-8,-8,-8,-8,-8,-8,-8,-8,-8,2,-8,-8,-8,-8,-8,-8,-8,-8,-7,-7,-7,-7,-7,-7,-7,-7,5,-7,-7,-7,400000,20000,-8,-8,-8,-8,3,3,3,2,-7,2,2,1,1,1,1,1,1,1,1,1,1,2,-8,1,1,1,0,0,0,0,0,0,0,0,NA,1,1,0,0,0,0,0,0,0,0,0,5,5,2,4,0,1,0,0,1,2,NA,2,-7,-7,1,-7,2,-7,-7,-7,2,7,5,1951,74,2,-7,1,2,1,1,1,9,-7,-7,-7,-7,1,1,2,-7,2,2,2,2,1,2,2,5,2,1,1,-7,2,2,2,2,0,0,1,0,0,0,bas25_06738,122.41998151,1,24510,Poppleton/The Terraces/Hollins Market,9,22,11:49:44,9,22,12:15:08,1,1,2,2,1,4,2,5,0,1
28,1,1,2,2,2,3,3,2,2,3,1,3,1,2,2,2,1,1,1,1,1,1,3,3,1,1,1,1,2,2,2,4,1,1,1,1,1,1,1,1,1,1,1,2,2,1,1,1,1,1,-7,2,3,3,3,3,3,3,1,4,1,1,2,2,3,1,1,1,1,1,0,0,1,0,0,1,0,0,0,0,1,1,0,0,1,0,0,1,1,0,0,0,0,0,0,1,0,0,1,1,1,0,1,1,1,0,0,1,1,0,0,0,0,1,1,0,0,2,1,0,0,0,0,0,0,1,3,-7,-7,-7,-7,-7,-7,-7,1,2,2,2,200000,55000,2,3,2,4,2,3,3,2,-7,2,2,1,1,2,2,1,1,3,2,3,2,1,1,1,1,1,0,0,0,1,0,0,0,0,NA,0,1,1,1,1,0,1,1,0,0,0,5,5,2,3,0,1,0,0,1,2,NA,2,-7,-7,2,1,2,-7,-7,-7,2,3,1,1960,65,2,-7,2,2,3,3,3,9,-7,-7,-7,-7,1,2,-7,4,9,2,2,2,2,2,2,4,2,1,1,-7,2,2,2,2,0,0,1,0,0,0,bas25_06750,721.02482439,2,24005,-7,8,29,07:30:00,8,29,08:00:52,1,2,2,2,4,2,2,5,0,1
1,3,1,2,2,2,3,2,4,3,2,2,2,2,1,1,1,1,1,1,1,1,1,2,1,2,1,1,2,2,2,2,2,3,2,2,1,1,1,1,1,1,1,1,2,1,1,1,1,1,1,1,-7,3,2,3,3,2,3,1,3,1,1,2,3,2,1,2,1,0,0,0,0,1,0,1,0,0,1,0,0,0,0,0,1,1,0,1,1,0,1,0,0,0,0,1,0,0,0,-8,-8,-8,-8,-8,-8,-8,0,0,1,1,0,1,0,0,1,0,0,0,1,-8,-8,-8,-8,-8,-8,-8,3,-7,-7,-7,-7,-7,-7,-7,-7,6,-7,-7,-7,90000,60000,2,2,2,4,3,3,3,2,-7,2,2,2,2,2,2,2,3,4,3,3,1,2,3,1,2,4,0,1,0,1,0,1,1,0,NA,0,0,0,0,0,0,0,0,1,1,0,3,3,1,1,1,0,0,0,2,4,NA,2,-7,-7,2,2,2,-7,-7,-7,2,4,5,2004,21,1,-7,2,1,1,1,1,9,-7,-7,-7,-7,4,1,2,-7,2,2,2,2,2,2,2,2,1,3,5,1,1,5,4,6,1,1,1,0,0,1,bas25_06757,413.84800552,1,24510,Downtown/Seton Hill,9,9,10:54:00,9,9,11:18:33,1,1,1,3,1,3,1,1,2,2
0,5,1,2,2,2,3,3,2,3,3,2,2,2,1,2,2,3,4,3,2,2,4,1,3,2,4,1,2,3,4,3,4,4,3,3,1,1,1,1,1,1,1,2,2,4,4,4,3,4,3,4,-7,2,2,2,1,2,2,2,4,2,3,2,2,2,2,1,2,0,0,0,0,0,0,0,0,0,0,0,1,0,0,0,0,0,0,0,0,1,0,0,0,-8,-8,-8,-8,-8,-8,0,0,1,0,1,0,0,1,0,0,0,1,0,1,0,0,0,0,0,4,-8,-8,-8,-8,-8,-8,-8,3,-7,-7,-7,-7,-7,-7,-7,-7,1,5,3,3,500000,50000,3,3,3,5,2,1,2,1,1,1,1,1,4,3,5,2,4,4,3,4,3,2,2,1,1,4,0,1,0,1,0,1,0,0,NA,0,0,0,0,1,0,0,0,0,0,0,1,4,3,3,1,0,0,0,1,2,NA,2,-7,-7,1,-7,1,0,0,1,2,5,5,1985,40,1,-7,2,2,1,1,1,9,-7,-7,-7,-7,1,1,5,-7,5,1,1,1,2,2,2,3,4,1,5,1,1,1,1,1,0,1,0,0,0,0,bas25_06760,347.66861672,1,24510,Midway/Coldstream,9,21,10:19:34,9,21,10:41:47,2,2,1,1,2,3,1,3,7,3
17,6,1,2,3,2,3,2,5,3,-8,3,4,3,1,1,2,1,1,2,1,2,3,3,3,3,1,2,2,2,2,2,4,3,-8,-8,1,1,1,1,1,1,1,2,1,4,-8,-8,-8,-8,-8,4,-7,2,2,3,3,3,2,1,1,1,2,3,3,3,1,1,1,0,1,0,0,0,0,0,1,0,0,0,0,0,1,0,1,0,0,0,1,0,0,0,0,-8,-8,-8,-8,-8,-8,0,1,0,1,0,1,0,1,0,1,0,0,0,0,0,0,0,0,1,2,-8,-8,-8,-8,-8,-8,-8,3,-7,-7,-7,-7,-7,-7,-7,-7,5,-7,-7,-7,200000,60000,3,4,4,4,3,3,3,2,-7,2,2,2,1,1,3,3,1,1,1,1,1,2,3,1,1,2,0,0,0,0,0,0,0,0,NA,1,1,0,1,0,0,0,0,0,0,0,5,5,2,1,1,0,0,0,1,2,NA,2,-7,-7,1,-7,2,-7,-7,-7,2,4,5,1951,74,1,-7,2,2,1,1,1,1,4,-7,-7,-7,1,1,5,-7,5,2,2,2,2,2,2,3,3,1,1,-7,2,2,2,2,0,0,1,0,0,0,bas25_06772,475.18122654,2,24005,-7,8,29,12:53:49,8,29,13:48:14,2,1,1,2,2,3,1,5,3,2
23,4,2,2,3,2,4,3,3,5,4,1,3,1,1,1,2,1,1,1,1,1,4,1,2,5,2,6,-7,3,3,3,4,2,3,3,1,1,1,1,1,2,1,2,2,4,3,3,4,4,5,-7,4,3,3,3,3,3,3,1,5,1,2,2,1,2,1,1,3,1,0,0,0,1,0,0,0,0,0,0,0,1,0,0,1,1,0,0,0,0,0,0,0,0,0,0,1,0,0,0,0,0,1,1,0,0,0,0,1,1,0,1,1,0,0,0,0,0,3,-8,-8,-8,-8,-8,-8,-8,1,4,-7,-7,-7,-7,-7,-7,-7,9,-7,-7,-7,NA,50000,3,3,4,5,3,3,3,2,-7,2,2,1,1,1,1,1,1,1,1,1,1,3,3,1,1,1,0,0,0,0,0,0,0,0,NA,1,0,0,0,0,1,0,0,0,0,0,4,4,2,1,1,0,0,0,1,2,NA,2,-7,-7,3,1,2,-7,-7,-7,2,4,1,1968,57,1,-7,2,2,1,1,1,8,-7,-7,-7,-7,7,2,-7,4,9,2,2,2,2,2,2,3,4,1,1,-7,1,1,1,1,0,1,0,0,0,0,bas25_06785,1930.3095143,2,24005,-7,9,20,09:45:03,9,20,12:44:34,1,1,2,1,4,3,1,4,0,1
9,3,2,2,2,2,3,3,3,4,3,3,3,2,2,2,2,2,1,2,2,2,2,1,4,4,2,6,-7,4,4,4,4,5,5,4,2,2,2,2,2,2,2,2,2,4,5,5,5,5,5,4,-7,3,3,3,3,3,3,1,1,1,2,2,3,3,2,3,1,0,0,0,1,1,0,0,1,0,0,0,0,0,0,0,0,1,0,0,1,0,0,0,0,1,0,1,0,0,1,1,1,1,0,0,1,0,0,0,1,1,0,0,0,0,0,0,0,1,4,-8,-8,-8,-8,-8,-8,-8,1,4,-7,-7,-7,-7,-7,-7,-7,1,1,2,4,500000,80000,3,3,4,5,3,3,3,2,-7,2,2,3,1,1,4,4,1,2,1,1,2,2,3,1,2,1,0,0,0,0,0,0,0,0,NA,1,0,0,0,1,0,0,0,0,0,0,5,5,2,1,1,1,0,0,1,2,NA,2,-7,-7,2,1,2,-7,-7,-7,2,7,1,1992,33,1,-7,2,1,1,3,3,9,-7,-7,-7,-7,1,2,-7,2,7,2,2,2,2,2,2,3,4,1,1,-7,-6,-6,4,6,0,0,0,0,0,1,bas25_06790,301.4924153,1,24510,Highlandtown,9,7,10:29:25,9,7,10:44:18,1,1,1,3,3,4,1,2,0,1
13,5,4,4,3,4,2,2,3,2,2,3,2,3,2,2,3,5,2,4,2,4,5,3,2,2,1,2,4,3,3,2,3,4,2,3,1,1,1,1,1,1,1,1,1,3,5,2,5,4,5,4,-7,3,3,3,3,2,3,2,1,2,2,2,2,3,4,1,1,0,0,0,0,0,0,0,0,0,0,0,1,1,0,0,0,0,0,0,1,0,0,0,0,1,0,0,0,0,0,0,0,0,0,0,0,1,1,0,0,1,0,0,0,1,0,0,0,0,2,-8,-8,-8,-8,-8,-8,-8,2,-7,0,0,0,0,0,1,0,1,1,2,4,NA,NA,3,3,3,2,1,1,2,2,-7,1,2,3,5,1,2,1,2,1,1,1,2,2,2,1,2,2,0,0,0,0,0,0,0,0,NA,1,1,0,0,0,0,1,0,0,0,0,4,5,1,2,1,0,0,0,1,2,NA,1,-8,-8,1,-7,1,0,1,1,2,3,5,1985,40,1,-7,2,2,1,1,1,9,-7,-7,-7,-7,1,1,1,-7,1,1,1,1,2,2,2,3,2,1,1,-7,1,1,1,1,0,1,0,0,0,0,bas25_06812,571.35293182,1,24510,Southwest Baltimore,10,4,13:09:41,10,4,13:57:06,2,1,1,1,1,2,1,3,1,1
9,6,1,2,3,2,4,3,3,3,2,2,4,2,2,1,3,1,1,2,1,2,2,5,3,2,1,1,1,3,2,2,4,1,3,-8,2,1,2,1,2,2,2,2,1,3,5,3,5,5,5,5,-7,3,3,3,3,3,3,1,1,1,2,3,1,2,2,1,1,0,0,0,0,0,0,0,0,0,0,0,1,0,0,0,0,0,0,0,0,1,0,0,0,-8,-8,-8,-8,-8,-8,-8,-8,-8,-8,-8,-8,-8,-8,-8,-8,-8,-8,0,0,0,0,1,1,0,1,0,0,0,0,0,1,0,3,-7,-7,-7,-7,-7,-7,-7,-7,2,1,2,4,300000,60000,3,2,4,4,3,3,3,2,-7,2,2,2,1,1,1,2,1,2,1,1,1,2,2,1,1,1,0,1,0,1,1,1,0,0,NA,0,1,0,0,1,0,0,0,0,1,0,5,5,2,1,1,1,0,0,1,2,NA,2,-7,-7,2,2,1,1,0,0,2,7,1,1991,34,1,-7,2,2,1,1,1,8,-7,-7,-7,-7,3,2,-7,4,9,2,2,2,2,1,2,4,2,1,1,-7,2,2,2,2,0,0,1,0,0,0,bas25_06814,285.25567518,1,24510,Canton,9,2,17:34:31,9,2,17:53:05,2,1,1,2,4,4,1,2,0,1
40,4,2,1,2,2,3,3,3,2,3,2,3,3,1,2,1,1,2,1,1,1,2,3,2,1,1,4,3,2,3,4,4,3,2,3,1,1,1,1,1,1,1,1,2,4,1,2,3,3,3,5,-7,3,3,3,3,3,3,1,1,1,1,2,1,1,1,1,6,1,0,0,0,0,0,0,0,0,0,0,0,1,0,0,0,0,0,0,0,0,0,0,0,-8,-8,-8,-8,-8,-8,0,0,0,0,0,1,0,0,0,1,1,0,1,0,0,0,0,0,0,2,-8,-8,-8,-8,-8,-8,-8,1,4,-7,-7,-7,-7,-7,-7,-7,5,-7,-7,-7,300000,25000,3,5,2,3,3,3,3,2,-7,2,2,1,1,1,1,1,1,1,1,1,1,2,2,1,1,1,0,0,0,0,0,0,0,0,NA,1,0,0,0,0,0,0,0,0,0,1,4,4,2,4,1,0,0,0,1,2,NA,1,1,-7,2,2,2,-7,-7,-7,2,7,1,1945,80,2,-7,2,2,1,1,1,2,-7,-7,-7,-7,6,2,-7,6,11,2,2,2,2,2,2,2,1,1,1,-7,2,2,2,2,0,0,1,0,0,0,bas25_06825,747.23184512,2,24005,-7,8,28,12:31:30,8,28,13:10:07,1,1,1,2,4,4,2,5,0,1
12,3,1,2,2,2,3,3,4,4,5,3,3,3,3,2,2,1,1,1,1,1,1,3,2,3,1,3,3,2,3,3,3,2,2,2,1,1,1,1,1,1,1,1,2,2,3,1,2,2,-8,1,-7,3,3,3,3,3,3,1,1,1,1,2,3,3,1,1,1,1,0,0,1,0,0,0,1,1,1,0,0,1,0,0,1,0,0,0,1,1,1,0,0,-8,-8,-8,-8,-8,-8,0,0,0,1,1,0,0,1,0,0,0,1,0,0,0,0,0,0,1,3,0,1,0,0,0,0,0,1,2,-7,-7,-7,-7,-7,-7,-7,5,-7,-7,-7,1500000,20000,2,4,2,3,3,3,3,2,-7,2,2,4,2,1,1,2,1,2,1,1,1,3,-8,1,1,3,0,0,0,0,0,0,0,1,Hot flushes,0,1,1,1,0,0,0,0,0,0,0,4,1,2,2,1,0,0,0,1,2,NA,2,-7,-7,1,-7,2,-7,-7,-7,1,3,2,1945,80,1,-7,2,2,1,3,3,4,-7,-7,3,-7,4,1,2,-7,2,1,1,2,2,2,2,3,3,1,1,-7,2,2,2,2,0,0,1,0,0,0,bas25_06846,380.64308291,2,24005,-7,9,1,12:27:13,-9,-9,NA:NA:NA,2,1,1,2,1,2,1,5,0,1
17,4,2,2,2,3,3,3,3,4,4,4,4,4,4,4,4,2,3,3,3,3,4,3,4,4,2,4,4,2,3,3,3,4,4,4,2,1,1,1,2,1,2,2,1,5,5,4,5,5,4,-7,4,3,3,3,3,2,3,1,3,1,4,2,1,3,4,4,1,1,1,1,1,1,0,1,1,1,1,0,0,1,1,1,1,1,0,1,1,1,0,0,0,0,1,0,1,0,0,0,0,1,1,1,1,0,0,0,1,1,0,1,1,1,1,1,1,0,4,-8,-8,-8,-8,-8,-8,-8,1,3,-7,-7,-7,-7,-7,-7,-7,5,-7,-7,-7,2 MILLION,30000,4,5,4,4,3,3,3,2,-7,2,2,3,2,2,4,4,2,2,1,1,1,4,2,1,1,1,0,1,1,1,0,0,1,0,NA,0,1,1,0,0,0,0,1,0,0,0,5,5,2,1,1,0,0,0,2,2,NA,2,-7,-7,3,2,2,-7,-7,-7,1,4,1,1956,69,2,-7,2,2,3,1,1,2,-7,-7,-7,-7,2,2,-7,1,6,2,1,2,1,2,2,2,2,1,1,-7,1,1,1,1,0,1,0,0,0,0,bas25_06853,1557.3544024,1,24510,Hamilton Hills,9,17,09:13:33,9,17,10:03:21,1,1,2,1,3,3,2,5,1,1
4,4,2,3,3,3,2,3,5,4,3,4,3,2,4,2,2,2,2,3,3,1,2,1,2,2,2,4,4,3,3,2,4,4,3,3,2,1,1,1,2,2,1,2,1,5,5,4,5,5,5,-7,2,1,1,1,1,2,2,2,3,2,1,2,1,3,2,1,1,0,0,0,0,0,0,0,0,0,0,0,1,0,0,0,0,0,0,1,1,1,0,0,0,0,0,1,1,0,0,0,0,0,1,0,0,0,0,0,1,1,0,0,1,0,0,0,0,0,2,1,0,0,1,0,0,0,1,3,-7,-7,-7,-7,-7,-7,-7,2,2,5,1,100000,1000,4,4,3,5,2,2,2,1,1,1,1,3,4,4,4,4,4,4,4,3,3,3,3,2,2,3,0,1,0,0,0,0,0,0,NA,0,0,0,0,0,0,0,0,0,0,1,5,5,1,2,1,0,0,0,1,2,NA,2,-7,-7,3,1,2,-7,-7,-7,2,7,1,1993,32,3,-7,4,1,3,3,3,5,-7,-7,-7,-7,5,1,2,-7,2,2,2,2,2,2,2,3,3,3,5,2,3,3,4,6,0,0,0,1,0,1,bas25_06866,1075.1852444,1,24510,Inner Harbor/Federal Hill,8,27,20:12:41,8,27,20:43:13,2,1,2,3,1,4,-8,2,10,3
6,3,2,2,3,3,3,3,2,4,3,4,4,3,2,3,2,1,1,1,1,1,4,4,5,3,3,1,3,3,3,3,4,4,4,4,1,1,1,1,1,1,2,2,1,4,5,5,5,5,5,-7,4,3,3,3,3,3,3,1,3,1,4,3,1,2,2,2,1,1,0,0,1,1,0,1,1,1,1,0,0,0,0,0,0,0,0,0,1,0,0,0,0,1,1,0,0,0,0,0,1,0,1,1,0,0,0,0,1,1,0,0,1,1,1,1,1,0,5,1,0,0,0,0,1,0,1,4,-7,-7,-7,-7,-7,-7,-7,1,1,5,2,400000,40000,3,3,4,5,3,3,3,2,-7,2,2,3,2,4,5,5,2,1,1,1,1,3,5,1,1,5,0,1,0,1,1,1,1,0,NA,0,0,0,0,0,0,0,0,1,1,0,5,5,2,1,1,0,0,0,1,2,NA,2,-7,-7,2,1,2,-7,-7,-7,1,6,5,1996,29,1,-7,3,2,1,1,1,9,-7,-7,-7,-7,1,1,5,-7,5,2,1,2,2,2,2,5,3,1,1,-7,2,2,2,2,0,0,1,0,0,0,bas25_06880,424.01107724,1,24510,Chinquapin Park/Belvedere,9,12,12:03:43,9,12,12:18:08,1,2,2,2,2,4,1,2,0,1
23,3,1,1,1,1,2,3,1,2,4,2,4,2,2,2,3,1,2,1,1,1,2,2,1,2,1,2,2,1,3,3,3,1,3,3,1,2,2,2,2,2,2,2,1,4,3,3,3,2,2,-7,4,3,3,3,3,3,3,1,1,1,2,2,1,1,2,1,6,1,0,0,0,1,0,0,0,0,0,0,0,1,0,0,0,1,0,0,0,0,0,0,0,0,0,0,0,0,1,-8,-8,-8,-8,-8,-8,-8,-8,-8,-8,-8,-8,-8,-8,-8,-8,-8,-8,-8,2,-8,-8,-8,-8,-8,-8,-8,1,1,-7,-7,-7,-7,-7,-7,-7,1,1,4,2,250000,50000,3,4,3,5,2,3,3,2,-7,2,2,2,3,1,1,2,2,2,1,2,1,3,3,2,2,4,0,0,0,0,0,0,0,0,NA,1,1,0,0,0,0,0,0,0,0,0,4,4,2,1,1,0,0,0,1,2,NA,2,-7,-7,3,1,2,-7,-7,-7,2,7,1,1967,58,2,-7,2,2,1,1,1,2,-7,-7,-7,-7,6,2,-7,6,11,2,2,2,2,2,2,3,1,1,1,-7,2,2,2,2,0,0,1,0,0,0,bas25_06883,540.6910988,2,24005,-7,9,2,10:03:56,9,2,10:21:34,1,1,2,2,4,4,2,4,0,1
1,3,2,2,2,2,3,2,2,4,2,3,3,3,2,2,2,1,1,1,1,1,4,2,3,3,1,2,2,2,4,4,4,3,5,5,1,1,1,1,1,1,1,1,2,3,3,1,5,3,4,-7,3,2,2,2,2,2,2,1,4,1,5,1,1,2,4,2,1,0,0,0,0,1,0,0,0,0,0,0,0,0,0,0,0,1,0,1,0,0,0,0,0,0,0,0,1,0,0,0,0,0,0,0,0,1,1,0,0,0,0,1,0,0,0,0,0,0,4,0,0,1,0,0,0,0,2,-7,0,0,0,0,0,0,1,1,1,2,1,NA,NA,3,3,3,2,2,2,2,2,-7,2,2,2,5,5,5,5,3,5,2,5,2,3,3,1,1,5,0,0,0,1,0,0,0,0,NA,0,0,0,0,0,0,0,0,0,0,1,1,3,3,2,1,0,0,0,2,2,NA,2,-7,-7,1,-7,2,-7,-7,-7,2,3,5,1968,57,1,-7,2,2,1,1,1,8,-7,-7,-7,-7,6,1,3,-7,3,2,2,2,2,2,2,3,3,3,5,2,2,2,2,2,0,0,1,0,0,0,bas25_06886,245.8210089,1,24510,Fells Point,9,9,02:58:23,9,9,06:26:57,2,2,2,2,2,2,1,4,6,3
7,4,3,2,3,2,3,2,4,3,3,3,2,3,3,1,2,2,1,4,4,4,2,1,3,3,1,1,4,3,4,3,1,3,2,3,1,1,1,1,1,1,1,2,2,4,3,3,5,5,4,-7,3,3,3,3,3,3,3,1,1,2,4,2,2,3,4,4,1,0,0,0,0,0,0,0,0,0,0,0,1,0,0,0,0,0,0,0,0,1,0,0,0,-8,-8,-8,-8,-8,-8,0,1,0,0,0,0,0,1,0,1,0,0,1,1,0,0,1,0,0,2,0,0,0,0,1,0,0,1,2,-7,-7,-7,-7,-7,-7,-7,2,1,4,2,125000,30000,3,4,3,4,2,2,3,1,3,2,1,2,3,3,3,2,1,4,4,1,3,4,3,1,1,1,0,0,0,0,0,0,0,0,NA,1,0,1,0,0,0,0,0,0,0,0,1,1,2,3,0,1,0,0,1,2,NA,2,-7,-7,3,1,2,-7,-7,-7,2,3,5,1997,28,2,-7,2,2,1,1,1,9,-7,-7,-7,-7,1,1,3,-7,3,2,2,2,2,2,2,3,3,2,1,-7,1,1,1,1,0,1,0,0,0,0,bas25_06892,3166.3186613,1,24510,Midway/Coldstream,8,31,09:19:42,8,31,11:10:32,1,1,2,1,2,2,2,2,0,1
3,3,1,1,2,1,4,3,1,2,3,3,1,4,3,1,1,1,1,1,1,1,1,2,1,2,1,1,1,2,2,2,4,2,3,-8,1,1,1,1,-8,1,1,1,1,4,3,2,4,4,4,-7,3,3,3,3,3,3,3,1,-8,1,2,2,2,2,1,1,1,1,0,0,0,0,0,0,0,0,0,0,0,1,0,0,0,0,0,0,0,1,0,0,0,-8,-8,-8,-8,-8,-8,-8,-8,-8,-8,-8,-8,-8,0,0,1,0,0,0,0,0,0,0,0,1,1,-8,-8,-8,-8,-8,-8,-8,-8,-7,-7,-7,-7,-7,-7,-7,-7,5,-7,-7,-7,500000,20000,3,3,4,5,3,3,3,2,-7,2,2,2,1,2,1,2,1,1,1,1,1,2,1,1,1,1,0,0,0,0,0,0,0,0,NA,1,1,1,0,0,0,0,0,0,0,0,5,5,1,1,1,0,0,0,1,2,NA,2,-7,-7,2,2,2,-7,-7,-7,1,6,1,1939,86,1,-7,2,2,1,1,1,1,3,-7,-7,-7,8,1,3,-7,3,2,2,2,2,2,2,3,2,1,1,-7,2,2,2,2,0,0,1,0,0,0,bas25_06899,596.67548602,2,24005,-7,9,9,09:38:48,9,9,10:12:24,1,1,2,2,2,4,1,5,0,1
10,4,2,2,2,2,3,2,4,2,3,2,3,3,1,1,1,1,1,2,2,2,2,2,2,1,1,2,2,3,3,3,3,3,1,2,1,1,1,1,2,1,2,2,2,5,3,1,3,3,4,-7,4,3,3,3,3,3,3,1,1,2,1,1,1,3,1,1,2,1,0,0,0,0,0,0,0,0,0,0,0,1,0,0,0,0,0,0,0,0,0,0,0,0,0,0,0,0,1,0,0,0,0,0,1,0,1,0,0,0,0,0,0,0,0,0,0,1,1,0,0,0,0,0,1,0,3,-7,-7,-7,-7,-7,-7,-7,-7,8,-7,-7,-7,20000,1000,3,2,3,2,3,3,3,2,-7,2,2,1,1,1,2,2,1,1,1,1,1,4,1,1,1,1,0,0,0,0,0,1,0,0,NA,0,0,0,0,1,0,0,0,0,0,0,4,5,1,1,0,1,0,0,1,2,NA,2,-7,-7,2,2,1,0,2,0,1,2,5,1967,58,1,-7,2,2,1,1,1,2,-7,-7,-7,-7,1,1,1,-7,1,1,1,1,1,1,2,3,1,3,2,-7,1,1,1,1,0,1,0,0,0,0,bas25_06901,1331.0966803,1,24510,Belair-Edison,9,18,10:06:10,9,18,10:56:42,1,2,2,1,1,1,1,4,0,1
29,3,4,2,3,2,3,3,3,5,3,3,4,3,2,2,4,1,5,3,3,3,2,3,4,3,3,1,1,2,3,3,4,3,-8,-8,2,1,2,2,2,1,2,1,2,5,3,5,3,3,3,-7,4,3,3,3,3,3,3,1,1,1,1,1,1,3,1,1,3,0,0,0,0,1,0,0,1,0,0,0,0,0,0,0,0,1,0,0,1,0,0,0,0,-8,-8,-8,-8,-8,-8,0,0,1,0,0,0,0,0,0,1,1,0,0,1,0,0,0,1,0,4,-8,-8,-8,-8,-8,-8,-8,3,-7,-7,-7,-7,-7,-7,-7,-7,1,4,4,3,5000000,35000,2,4,3,5,3,3,3,2,-7,2,2,1,1,1,1,1,1,1,1,1,1,2,4,1,1,2,0,0,0,0,0,0,0,0,NA,1,0,0,0,0,0,0,0,0,0,1,5,5,2,1,1,0,0,0,1,2,NA,1,3,3,1,-7,2,-7,-7,-7,2,6,5,1969,56,2,-7,2,2,1,1,1,1,4,-7,-7,-7,1,2,-7,4,9,2,2,2,2,2,2,3,3,1,1,-7,2,2,2,2,0,0,1,0,0,0,bas25_06913,215.50282885,1,24510,Fells Point,9,24,22:03:06,9,24,22:34:33,1,2,2,2,4,4,2,4,0,1
3,6,1,2,2,2,2,4,2,2,3,1,3,3,2,3,1,1,1,1,1,1,1,3,3,2,1,1,1,2,1,1,4,3,2,3,2,1,1,1,1,1,1,1,2,3,3,2,3,3,3,-7,1,2,2,2,2,1,2,1,5,2,1,2,1,2,1,2,1,1,0,0,0,1,0,1,1,1,0,0,0,1,0,0,0,0,0,1,1,1,0,0,0,-8,-8,-8,-8,-8,-8,0,0,0,1,1,1,0,0,0,1,1,0,0,0,0,0,1,0,0,2,-8,-8,-8,-8,-8,-8,-8,3,-7,-7,-7,-7,-7,-7,-7,-7,5,-7,-7,-7,500000,30000,3,3,4,5,3,3,3,2,-7,2,2,1,1,3,3,2,2,2,3,3,4,4,1,1,1,1,0,0,0,0,0,0,0,0,NA,1,0,0,0,1,0,1,0,0,0,0,5,4,1,1,1,0,0,0,1,2,NA,2,-7,-7,1,-7,2,-7,-7,-7,1,7,3,1949,76,1,-7,2,2,1,1,1,1,1,-7,-7,-7,9,2,-7,3,8,2,2,2,2,2,2,4,2,1,1,-7,1,1,1,1,0,1,0,0,0,0,bas25_06918,327.31267777,2,24005,-7,9,11,16:18:45,9,11,17:56:43,1,1,2,1,4,4,1,5,7,3
3,4,2,2,3,2,2,4,3,3,3,2,4,3,3,4,5,1,3,2,1,1,3,2,4,3,3,1,2,2,3,2,3,3,-8,3,1,1,1,1,1,1,1,1,1,5,5,4,3,3,3,5,-7,3,3,3,3,3,3,1,1,1,2,3,1,2,3,2,5,1,1,0,0,1,0,1,1,0,1,0,0,1,1,0,1,1,0,1,1,0,1,0,0,0,0,0,1,0,0,-8,-8,-8,-8,-8,-8,-8,1,0,1,0,0,0,0,0,0,0,0,1,2,0,0,0,0,1,1,0,1,4,-7,-7,-7,-7,-7,-7,-7,1,4,5,1,150000,50000,3,2,4,5,3,3,3,2,-7,2,2,2,1,1,1,1,1,1,1,1,1,3,3,1,1,2,0,0,0,1,0,0,0,0,NA,0,1,1,0,0,0,0,0,1,1,0,4,5,2,1,1,0,0,0,1,2,NA,1,1,-7,2,1,2,-7,-7,-7,1,6,1,1998,27,1,-7,2,1,1,1,1,2,-7,-7,-7,-7,4,2,-7,4,9,2,2,2,2,2,2,4,2,1,1,-7,2,2,4,6,0,0,1,0,0,1,bas25_06921,536.95628723,1,24510,South Baltimore,8,27,20:10:27,8,27,20:32:01,2,1,1,3,4,4,1,2,0,1
0,3,3,2,3,2,3,3,3,3,3,4,3,3,4,2,2,2,2,2,2,-8,2,3,2,3,-8,2,2,3,3,3,3,3,3,3,1,1,1,1,1,1,1,1,2,4,3,3,3,3,3,-7,3,3,3,-8,3,3,3,1,1,1,4,3,3,2,3,3,1,0,0,0,0,0,0,1,1,0,0,0,0,0,0,0,0,0,0,1,0,0,0,0,0,-8,-8,-8,-8,-8,-8,-8,-8,-8,-8,-8,-8,-8,1,0,0,0,1,0,0,1,0,0,1,0,5,0,0,0,0,1,0,0,1,4,-7,-7,-7,-7,-7,-7,-7,6,-7,-7,-7,300000,100000,4,2,2,2,3,3,3,2,-7,2,2,2,1,1,1,1,1,1,1,1,1,3,3,2,1,3,0,0,0,0,0,0,1,0,NA,0,0,0,0,0,0,0,0,0,0,1,3,5,1,-8,0,1,0,0,1,5,NA,2,-7,-7,4,2,2,-7,-7,-7,2,6,5,2001,24,2,-7,2,2,3,3,3,9,-7,-7,-7,-7,1,2,-7,3,8,1,1,1,2,2,2,3,4,3,5,2,3,4,3,4,0,0,0,0,1,0,bas25_06923,969.90147269,1,24510,North Baltimore/Guilford/Homeland,9,21,20:24:53,9,21,20:46:53,2,2,2,3,4,4,2,1,0,1
9,5,2,2,2,2,3,3,3,5,3,2,3,3,2,2,2,1,1,1,1,1,2,4,3,5,3,1,1,2,2,3,4,3,3,3,1,1,1,2,2,2,2,2,2,3,3,2,3,3,3,-7,4,3,3,3,3,3,3,1,5,1,2,2,1,2,1,2,4,0,0,0,0,0,0,0,1,0,0,0,0,0,0,0,0,0,0,0,1,0,0,0,0,-8,-8,-8,-8,-8,-8,0,0,1,0,1,1,0,0,0,1,1,0,1,1,0,0,0,1,0,2,1,0,0,0,1,0,0,1,3,-7,-7,-7,-7,-7,-7,-7,1,2,4,3,500000,40000,2,3,3,5,3,3,3,2,-7,2,2,2,2,2,2,2,1,2,1,2,1,2,2,1,1,1,0,0,0,0,0,0,0,0,NA,1,0,0,0,0,0,0,0,0,0,1,5,5,2,1,1,0,0,0,2,2,NA,2,-7,-7,2,2,1,0,2,0,2,7,1,1979,46,1,-7,2,2,1,1,1,1,5,-7,-7,-7,3,2,-7,6,11,2,2,2,2,2,2,5,2,1,1,-7,2,2,2,2,0,0,1,0,0,0,bas25_06932,195.15976813,1,24510,North Baltimore/Guilford/Homeland,9,16,16:21:49,9,16,17:12:51,1,2,2,2,4,4,1,3,0,1
0,4,2,3,2,2,3,3,4,1,3,1,3,2,1,1,1,1,1,1,1,1,1,3,2,1,2,6,-7,2,2,2,4,3,4,3,1,1,1,1,1,1,1,-8,2,2,2,2,3,3,3,2,-7,3,3,3,3,3,3,1,5,1,1,1,1,1,1,1,1,0,0,0,0,0,0,0,1,0,0,0,0,1,0,0,1,0,0,0,1,0,0,0,0,0,0,0,0,0,1,0,0,0,0,1,0,0,0,0,1,1,0,0,1,0,0,0,0,0,1,-8,-8,-8,-8,-8,-8,-8,2,-7,0,0,0,0,0,0,1,5,-7,-7,-7,150000,NA,3,4,4,5,3,3,3,2,-7,2,2,2,1,1,1,2,1,1,1,1,1,3,3,2,1,1,0,0,0,0,0,0,0,0,NA,1,1,1,0,0,0,0,0,0,0,0,5,5,2,1,1,0,0,0,2,2,NA,1,1,-7,2,2,2,-7,-7,-7,2,6,1,1955,70,2,-7,2,2,1,1,1,1,3,-7,-7,-7,3,2,-7,4,9,2,2,2,2,2,2,4,3,1,1,-7,2,2,2,2,0,0,1,0,0,0,bas25_06934,1686.3334876,2,24005,-7,9,8,16:23:43,9,8,16:49:59,2,1,1,2,4,4,2,5,0,1
42,2,5,3,3,4,2,2,5,5,3,4,4,5,4,4,5,1,2,4,2,4,4,3,5,4,1,6,-7,4,4,4,4,5,5,5,2,2,2,2,2,2,2,2,2,5,1,2,5,2,5,-7,4,3,3,3,3,3,3,1,1,1,4,2,2,3,4,1,1,0,0,0,0,0,0,0,0,0,0,0,1,0,0,0,0,0,0,0,1,0,0,0,0,0,0,0,0,0,1,0,1,0,0,0,0,0,0,1,1,0,0,1,1,0,0,0,0,0,5,0,0,0,0,1,1,0,2,-7,0,0,1,0,0,0,0,1,4,5,1,800000,50000,4,5,4,5,1,1,1,1,3,1,1,1,1,1,1,1,1,5,5,1,3,3,3,1,1,1,0,0,0,0,0,0,0,0,NA,1,0,1,0,0,0,0,0,0,0,0,3,3,2,1,1,0,0,0,2,2,NA,2,-7,-7,2,2,1,1,1,0,1,3,5,1978,47,2,-7,2,2,1,3,1,9,-7,-7,-7,-7,1,1,4,-7,4,2,1,2,2,2,2,3,4,1,5,1,2,2,2,2,0,0,1,0,0,0,bas25_06936,1819.0580983,2,24005,-7,8,27,16:04:37,8,27,16:36:32,2,2,2,2,2,2,2,3,0,1
28,3,2,2,2,2,3,3,3,3,2,2,3,3,2,1,1,3,1,1,1,1,4,1,2,2,2,1,1,2,3,3,4,4,2,-8,-8,-8,-8,-8,-8,-8,-8,-8,2,5,4,4,5,5,5,5,-7,3,3,3,3,3,3,1,2,1,3,2,2,3,1,1,1,1,1,0,1,0,0,0,0,1,0,0,0,1,1,0,0,0,0,0,0,0,0,0,0,-8,-8,-8,-8,-8,-8,-8,-8,-8,-8,-8,-8,-8,0,0,1,1,0,0,1,0,0,0,1,0,-8,-8,-8,-8,-8,-8,-8,-8,1,3,-7,-7,-7,-7,-7,-7,-7,1,3,4,1,10000,18000,3,4,3,4,2,1,2,2,-7,2,2,2,4,1,5,3,2,-8,-8,-8,3,3,2,1,1,2,0,0,1,0,0,0,0,0,NA,0,1,0,0,1,0,1,0,0,0,0,3,4,2,4,1,0,0,0,1,4,NA,2,-7,-7,2,1,1,2,1,1,2,4,1,1966,59,1,-7,2,2,1,1,1,7,-7,-7,-7,-7,9,1,4,-7,4,2,2,2,2,2,2,3,-8,1,1,-7,1,1,1,1,0,1,0,0,0,0,bas25_06963,541.5087655,1,24510,Sandtown-Winchester/Harlem Park,8,28,10:28:23,8,28,11:15:51,1,1,1,1,2,3,1,4,0,1
9,2,1,2,3,2,3,3,2,5,4,2,3,3,3,2,2,1,1,2,1,1,1,1,1,4,1,4,4,2,3,3,4,5,3,3,1,1,1,1,2,2,2,1,1,5,2,2,2,2,2,4,-7,3,3,3,3,3,3,1,4,1,2,3,3,2,1,1,1,0,0,0,0,0,0,0,1,1,0,1,0,0,0,0,0,0,0,0,1,1,0,0,0,0,0,0,1,0,0,0,0,0,0,0,1,0,0,0,1,1,0,0,1,0,1,1,1,0,1,-8,-8,-8,-8,-8,-8,-8,1,4,-7,-7,-7,-7,-7,-7,-7,1,3,3,4,500000,90000,3,3,4,5,3,2,3,2,-7,2,2,1,3,3,5,4,4,4,2,1,2,3,3,1,1,1,0,0,0,0,0,0,0,0,NA,1,1,1,0,0,1,0,0,1,1,0,5,5,2,3,1,0,0,0,2,2,NA,2,-7,-7,1,-7,2,-7,-7,-7,2,6,5,1983,42,1,-7,2,2,3,3,3,1,6,-7,-7,-7,1,2,-7,2,7,2,2,2,2,2,2,5,2,1,1,-7,1,1,1,1,0,1,0,0,0,0,bas25_06969,793.34749365,2,24005,-7,10,5,18:09:49,10,5,18:30:40,1,1,1,1,3,4,1,3,0,1
25,2,1,2,2,2,3,3,3,4,4,3,4,2,2,3,3,1,2,1,1,1,2,3,2,4,2,2,2,2,3,4,4,2,3,3,1,2,1,1,2,2,2,1,2,4,2,2,4,4,3,2,-7,3,3,3,3,3,3,1,1,1,2,2,1,1,1,1,2,0,1,1,1,0,0,0,0,0,0,0,0,0,1,1,1,0,0,0,0,0,0,0,0,1,0,0,0,0,1,0,0,1,0,0,0,0,0,0,1,1,0,1,1,1,0,0,0,0,3,-8,-8,-8,-8,-8,-8,-8,3,-7,-7,-7,-7,-7,-7,-7,-7,9,-7,-7,-7,100000,60000,3,4,3,3,3,3,3,2,-7,2,2,2,1,1,1,1,1,1,1,1,1,2,2,1,1,1,0,0,0,0,0,0,0,0,NA,1,0,1,0,0,0,0,0,0,0,0,4,4,2,1,1,0,0,0,1,2,NA,1,1,-7,2,1,2,-7,-7,-7,2,7,1,1958,67,1,-7,2,2,1,1,1,4,-7,-7,5,Spiritual,2,2,-7,6,11,2,2,2,2,2,2,3,4,1,1,-7,2,2,2,2,0,0,1,0,0,0,bas25_06973,487.45538134,2,24005,-7,8,28,08:51:43,8,28,12:24:47,2,1,1,2,4,4,1,5,0,1
5,3,4,1,1,1,4,2,4,2,2,2,2,4,2,2,2,3,2,5,3,5,2,2,2,1,1,1,1,4,2,2,3,1,1,2,2,1,1,1,1,2,1,2,1,2,3,3,5,3,5,3,-7,3,3,3,3,3,3,1,1,1,2,3,1,3,2,1,1,0,1,0,0,1,0,0,0,0,0,0,0,0,1,0,0,1,0,0,0,0,0,0,0,0,1,1,0,0,1,0,0,0,1,1,1,0,0,1,0,1,0,0,0,1,1,1,1,0,1,1,0,0,0,0,0,0,1,4,-7,-7,-7,-7,-7,-7,-7,1,3,1,4,135000,50000,3,2,4,5,2,2,2,1,2,1,1,1,3,3,3,2,1,4,2,1,2,5,4,1,1,4,0,1,0,1,0,1,0,0,NA,0,1,0,0,0,1,0,0,1,1,0,5,5,2,1,1,0,0,0,2,2,NA,2,-7,-7,1,-7,2,-7,-7,-7,2,7,5,1986,39,2,-7,1,2,1,3,3,9,-7,-7,-7,-7,1,1,5,-7,5,2,2,2,2,2,2,4,2,1,1,-7,1,1,1,1,0,1,0,0,0,0,bas25_06982,363.24899905,1,24510,Greater Charles Village/Barclay,8,29,15:37:36,8,29,16:10:06,2,1,1,1,2,4,2,3,0,1
62,3,5,4,4,4,3,1,3,5,3,5,5,5,-8,5,5,2,2,5,3,5,1,3,3,5,1,5,5,2,4,3,4,2,5,5,1,1,1,1,1,1,1,1,2,4,5,3,5,5,5,3,-7,3,3,3,3,3,3,1,1,1,5,2,2,3,2,1,1,1,1,0,1,0,0,0,0,0,0,0,0,0,0,0,0,0,0,0,0,1,0,0,0,0,0,0,0,0,1,0,1,0,1,1,1,0,0,0,1,1,0,0,0,0,0,0,0,1,3,-8,-8,-8,-8,-8,-8,-8,2,-7,0,0,1,0,0,0,0,1,1,5,2,100000,40000,4,4,4,5,2,3,3,2,-7,2,2,2,3,1,3,2,1,1,1,1,2,2,1,2,1,1,0,0,0,0,0,0,0,0,NA,1,0,0,0,0,0,0,0,0,0,1,5,5,2,1,0,1,0,0,2,2,NA,2,-7,-7,2,2,2,-7,-7,-7,1,4,5,1963,62,1,-7,2,2,1,1,1,9,-7,-7,-7,-7,1,1,5,-7,5,2,2,2,2,2,2,3,2,1,1,-7,2,2,2,2,0,0,1,0,0,0,bas25_06986,272.53595352,1,24510,Hampden/Remington,9,28,07:47:00,9,28,08:34:18,1,2,1,2,2,3,1,4,0,1
9,4,2,1,1,1,3,3,1,3,3,1,2,2,1,1,1,1,3,1,1,1,1,5,3,3,2,2,3,2,2,2,4,2,2,3,2,1,2,2,2,1,2,2,1,2,4,3,3,4,3,3,-7,3,2,3,2,2,3,1,3,1,1,3,1,1,1,1,1,0,1,0,1,0,0,1,0,0,0,0,0,0,1,0,1,0,0,0,0,1,0,0,0,-8,-8,-8,-8,-8,-8,0,0,1,0,0,0,0,0,0,1,1,0,-8,-8,-8,-8,-8,-8,-8,1,0,0,0,0,0,1,0,3,-7,-7,-7,-7,-7,-7,-7,-7,9,-7,-7,-7,100000,40000,2,4,4,5,3,3,3,2,-7,2,2,2,2,2,3,3,3,2,1,1,2,3,3,1,1,3,0,1,0,0,0,1,0,0,NA,0,-8,-8,-8,-8,-8,-8,-8,-8,-8,-8,5,5,2,1,1,0,0,0,1,2,NA,2,-7,-7,2,1,2,-7,-7,-7,2,6,5,1987,38,2,-7,3,2,1,1,1,9,-7,-7,-7,-7,1,1,4,-7,4,2,2,2,2,2,2,4,3,1,1,-7,2,2,2,2,0,0,1,0,0,0,bas25_06988,713.81812452,1,24510,Northwood,9,4,15:26:06,9,4,15:51:35,2,1,1,2,2,4,2,3,3,2
1,5,2,2,3,3,3,3,4,4,3,4,3,4,2,2,3,2,3,4,4,2,5,4,3,3,2,3,4,3,4,4,4,4,3,3,1,1,1,1,2,2,2,2,2,5,5,3,5,5,5,4,-7,3,3,3,3,3,3,1,4,1,4,2,1,2,2,2,1,1,0,0,1,0,0,1,0,0,0,0,0,0,0,0,0,0,0,0,1,0,0,0,0,0,1,0,0,0,0,0,0,0,1,1,1,1,0,0,1,1,0,0,1,0,0,0,1,0,5,-8,-8,-8,-8,-8,-8,-8,1,4,-7,-7,-7,-7,-7,-7,-7,1,1,4,1,250000,40000,3,4,4,5,3,3,3,2,-7,2,2,3,1,5,5,5,4,3,1,4,4,5,4,2,1,4,0,0,0,0,0,0,0,0,NA,1,1,1,0,1,1,0,0,0,1,0,5,4,1,1,1,0,0,0,1,2,NA,2,-7,-7,1,-7,2,-7,-7,-7,2,4,5,1976,49,1,-7,-8,2,3,3,1,9,-7,-7,-7,-7,1,1,4,-7,4,2,2,2,2,2,2,5,3,3,5,1,1,5,1,5,1,1,0,0,1,0,bas25_07004,176.20965162,1,24510,Greater Charles Village/Barclay,9,8,12:55:05,9,8,13:12:38,2,1,1,1,2,3,1,3,0,1
8,5,2,1,1,1,4,4,2,1,3,4,3,4,3,2,4,1,1,2,2,3,1,4,2,1,1,5,4,3,3,3,4,3,3,4,1,1,1,1,2,1,2,2,2,4,3,2,4,4,4,-7,4,3,3,3,3,2,3,1,1,1,1,1,3,3,1,1,1,0,0,0,1,1,0,1,0,1,1,0,0,0,0,0,0,1,0,0,1,1,0,0,0,-8,-8,-8,-8,-8,-8,-8,-8,-8,-8,-8,-8,-8,0,0,1,1,0,0,0,0,0,0,0,1,1,0,0,0,0,0,1,0,1,3,-7,-7,-7,-7,-7,-7,-7,1,2,5,4,250000,70000,4,5,4,5,2,2,2,2,-7,2,2,2,2,2,5,2,2,4,3,3,3,5,4,2,1,1,0,1,1,1,0,1,1,0,NA,0,0,0,0,0,0,0,0,1,1,0,4,4,2,3,0,1,0,0,1,2,NA,2,-7,-7,1,-7,1,2,0,2,2,7,3,1983,42,1,-7,3,2,1,1,1,9,-7,-7,-7,-7,2,2,-7,1,6,2,2,2,2,2,2,4,3,1,1,-7,2,2,2,2,0,0,1,0,0,0,bas25_07014,450.12833978,2,24005,-7,9,26,14:20:40,9,26,14:42:03,2,2,2,2,3,4,1,3,1,1
28,3,3,2,2,2,3,3,3,5,4,3,3,3,1,1,1,2,3,3,1,1,3,3,3,3,2,2,2,3,3,3,3,5,3,4,1,1,1,1,2,1,1,2,2,3,2,3,2,4,3,4,-7,3,3,3,3,3,3,1,1,1,2,2,1,3,2,1,1,0,0,0,0,0,0,0,1,0,1,1,0,0,0,0,0,0,0,0,1,0,1,1,0,-8,-8,-8,-8,-8,-8,-8,-8,-8,-8,-8,-8,-8,0,1,0,0,1,0,1,0,0,0,0,0,2,0,0,0,1,0,0,0,1,1,-7,-7,-7,-7,-7,-7,-7,2,4,2,2,150000,20000,4,5,4,5,2,2,3,2,-7,2,2,2,1,1,1,1,1,1,1,1,1,4,4,1,2,1,0,0,0,0,0,0,0,0,NA,1,1,0,0,1,0,0,0,0,1,0,1,1,3,1,1,0,0,0,1,2,NA,2,-7,-7,3,1,2,-7,-7,-7,1,3,5,1993,32,2,-7,2,2,1,1,1,9,-7,-7,-7,-7,1,1,2,-7,2,2,2,2,2,2,2,3,3,1,2,-7,1,1,1,1,0,1,0,0,0,0,bas25_07022,3164.3433873,1,24510,Oldtown/Middle East,10,2,01:16:13,10,2,01:44:14,1,1,1,1,1,2,2,2,0,1
1,6,1,2,2,2,4,3,2,1,1,3,3,3,2,3,3,1,1,2,1,1,4,3,3,1,2,2,2,2,2,2,3,3,3,3,2,2,2,2,2,2,2,2,2,4,4,4,3,2,3,-7,4,3,3,3,3,3,3,1,1,1,5,1,1,2,1,2,1,0,1,0,0,0,0,0,1,0,1,0,0,0,1,0,0,0,0,0,1,0,0,0,0,0,0,1,0,1,0,0,1,0,1,1,0,1,0,0,1,1,0,0,1,1,0,0,0,0,2,-8,-8,-8,-8,-8,-8,-8,1,4,-7,-7,-7,-7,-7,-7,-7,1,1,5,1,300000,50000,3,2,4,4,3,3,3,2,-7,2,2,1,1,1,1,1,1,1,1,1,1,1,4,1,1,1,0,1,0,0,0,0,0,0,NA,0,0,0,0,0,0,0,0,0,0,1,5,5,2,1,1,0,0,0,1,2,NA,2,-7,-7,2,1,2,-7,-7,-7,2,7,1,1993,32,2,-7,2,2,1,1,1,9,-7,-7,-7,-7,2,2,-7,5,10,2,2,2,2,2,2,4,2,1,1,-7,3,5,3,5,1,0,1,0,1,0,bas25_07023,606.75963328,1,24510,Hampden/Remington,9,28,16:47:10,9,28,17:11:22,2,1,2,3,4,4,2,2,0,1
1,5,5,4,2,2,3,3,2,2,2,1,2,3,1,1,2,1,1,3,3,3,1,1,1,3,1,1,1,2,2,2,4,3,4,4,2,1,2,2,1,1,1,1,2,4,5,4,5,5,5,-7,3,3,3,3,3,3,3,1,1,2,1,2,3,2,1,1,1,1,0,0,0,1,0,1,0,0,0,0,0,1,0,0,0,1,0,0,0,0,0,0,0,0,1,0,0,0,0,0,1,0,1,1,0,0,1,0,1,0,0,0,0,0,0,0,0,1,4,0,0,1,0,0,0,0,2,-7,0,0,1,0,0,0,0,5,-7,-7,-7,250000,32000,4,3,4,5,1,1,2,1,-8,1,2,3,5,1,1,3,1,1,1,1,1,4,1,1,1,1,0,0,0,0,0,0,1,0,NA,0,1,1,0,0,1,0,0,0,0,0,2,1,1,1,0,0,1,0,1,2,NA,2,-7,-7,1,-7,2,-7,-7,-7,2,4,4,1951,74,2,-7,2,2,1,1,1,8,-7,-7,-7,-7,4,1,3,-7,3,2,2,2,2,2,2,3,2,1,1,-7,1,1,1,1,0,1,0,0,0,0,bas25_07031,772.63670258,2,24005,-7,9,9,08:55:08,9,9,09:25:46,2,2,2,1,2,3,2,5,0,1
45,4,4,2,3,2,3,3,4,3,2,4,4,4,3,2,2,1,1,3,1,2,2,3,2,2,2,3,3,2,1,1,3,1,2,3,1,1,1,1,1,1,1,2,1,4,3,3,4,4,4,3,-7,3,3,3,3,3,3,1,1,1,1,2,2,3,2,1,1,1,0,0,0,0,0,0,0,0,0,0,0,1,1,0,0,0,0,1,0,0,0,0,0,0,0,0,0,0,1,0,0,0,1,0,1,0,0,0,1,1,0,1,1,0,0,0,1,0,3,1,0,0,0,0,0,0,2,-7,0,0,1,0,0,0,1,5,-7,-7,-7,500000,40000,3,4,3,4,3,3,3,2,-7,2,2,2,1,1,1,1,1,1,1,1,1,3,3,1,1,1,0,0,0,0,0,0,0,0,NA,1,1,0,0,0,0,0,0,0,0,0,5,5,2,4,1,0,0,0,2,2,NA,2,-7,-7,3,1,2,-7,-7,-7,2,4,1,1950,75,1,-7,2,2,1,1,1,8,-7,-7,-7,-7,4,2,-7,4,9,2,2,2,2,2,2,4,2,1,1,-7,1,1,1,1,0,1,0,0,0,0,bas25_07040,1012.4380084,1,24510,Northwood,8,29,10:00:51,8,29,11:12:48,1,2,1,1,4,3,1,5,0,1
66,3,1,1,2,2,4,3,2,4,4,1,3,1,1,1,1,2,1,1,1,1,2,3,1,4,1,1,1,1,3,3,3,2,3,4,1,1,1,1,1,1,2,2,2,3,3,1,2,2,2,-7,3,3,3,3,3,3,3,1,2,1,1,1,1,2,1,1,1,1,1,1,1,1,0,0,1,0,0,0,0,1,1,1,1,1,0,0,0,0,0,0,0,-8,-8,-8,-8,-8,-8,0,1,0,0,0,1,0,0,0,1,1,0,0,0,1,0,0,0,0,1,-8,-8,-8,-8,-8,-8,-8,1,2,-7,-7,-7,-7,-7,-7,-7,5,-7,-7,-7,400000,30000,3,3,3,2,3,3,3,2,-7,2,2,2,1,1,1,1,1,1,1,1,1,1,2,1,1,1,0,0,0,0,0,0,0,0,NA,1,0,0,0,0,1,0,0,0,0,0,4,5,2,1,1,0,0,0,1,2,NA,2,-7,-7,3,2,2,-7,-7,-7,1,7,1,1958,67,2,-7,2,2,1,1,1,2,-7,-7,-7,-7,4,2,-7,2,7,2,2,2,1,1,2,2,4,1,1,-7,2,2,2,2,0,0,1,0,0,0,bas25_07042,479.24035832,2,24005,-7,9,5,10:15:50,9,5,10:43:10,2,2,2,2,3,4,2,5,0,1
28,3,1,1,1,1,3,3,2,1,3,1,3,2,1,3,4,1,1,2,2,1,1,3,2,2,2,1,1,2,3,3,2,3,1,2,1,1,1,1,1,1,1,2,2,5,3,1,5,5,5,4,-7,3,3,3,3,3,3,1,1,1,3,2,1,2,2,2,7,1,0,0,0,1,1,0,1,1,0,0,0,0,0,0,0,0,0,0,0,1,0,0,0,1,0,1,0,0,0,1,0,0,0,1,1,1,0,0,1,1,0,0,0,0,0,0,0,1,2,-8,-8,-8,-8,-8,-8,-8,3,-7,-7,-7,-7,-7,-7,-7,-7,5,-7,-7,-7,100000,50000,3,5,2,1,3,3,3,2,-7,2,2,1,1,1,1,1,1,2,1,1,1,1,2,1,1,1,0,1,0,0,0,0,0,0,NA,0,0,1,0,0,0,0,0,0,1,0,4,5,2,1,1,0,0,0,1,2,NA,1,1,-7,3,1,2,-7,-7,-7,1,4,1,1973,52,2,-7,2,2,1,1,1,2,-7,-7,-7,-7,3,2,-7,6,11,2,2,2,2,2,2,1,1,1,1,-7,2,2,2,2,0,0,1,0,0,0,bas25_07056,3420.8466376,2,24005,-7,8,28,13:35:32,8,28,13:55:19,2,2,1,2,4,3,2,4,0,1
10,6,2,2,2,2,3,3,2,5,3,4,4,3,2,2,5,1,4,2,2,1,3,4,5,5,2,1,3,2,4,3,3,3,2,3,1,1,1,1,1,1,1,1,2,5,4,5,5,5,5,-7,4,3,3,3,3,3,3,1,3,1,3,1,1,3,2,2,1,1,0,0,0,0,0,0,1,0,0,0,0,1,1,0,0,1,0,0,1,0,0,0,0,-8,-8,-8,-8,-8,-8,0,1,0,1,1,1,0,0,0,1,1,0,0,0,0,0,1,1,0,3,0,0,0,0,1,1,0,1,4,-7,-7,-7,-7,-7,-7,-7,1,2,4,2,350000,60000,3,5,3,2,3,3,3,2,-7,2,2,2,1,2,1,2,1,2,1,2,1,2,3,1,1,1,0,0,0,0,0,0,0,0,NA,1,0,0,0,0,0,0,0,0,0,1,4,4,2,1,1,1,0,0,1,2,NA,2,-7,-7,2,1,2,-7,-7,-7,2,6,5,1992,33,2,-7,2,2,1,1,1,4,-7,-7,4,-7,4,2,-7,2,7,2,2,2,2,2,2,3,3,1,1,-7,2,2,2,2,0,0,1,0,0,0,bas25_07065,753.7728321,1,24510,Canton,8,27,17:15:33,8,27,17:35:58,2,2,2,2,3,4,2,2,0,1
0,2,2,2,2,2,3,3,3,4,2,3,3,4,2,3,1,4,3,4,2,1,4,2,3,3,2,2,3,2,3,3,3,3,4,3,1,1,1,1,1,1,1,1,1,2,5,4,5,5,4,1,-7,3,2,2,2,2,2,2,4,2,3,2,1,3,2,3,1,0,0,0,0,0,0,0,1,0,0,0,0,0,0,0,0,0,0,0,1,0,0,0,0,0,1,1,1,0,0,0,1,0,0,0,0,0,0,0,1,1,0,0,1,0,1,1,0,0,3,0,0,0,0,1,0,0,1,3,-7,-7,-7,-7,-7,-7,-7,7,-7,-7,-7,300000,40000,3,2,3,3,2,2,2,1,2,1,1,1,2,3,2,2,3,1,1,3,1,2,2,1,1,1,0,0,0,0,0,0,0,0,NA,1,0,0,0,0,0,0,0,0,0,1,3,1,3,1,0,1,0,0,2,2,NA,2,-7,-7,3,1,1,3,0,0,2,3,5,2004,21,1,-7,2,2,1,1,1,9,-7,-7,-7,-7,3,1,1,-7,1,2,1,2,2,2,2,3,4,3,5,1,1,1,1,1,0,1,0,0,0,0,bas25_07079,2937.8491646,1,24510,Dorchester/Ashburton,9,4,11:38:15,9,4,12:03:09,2,1,1,1,1,2,1,1,5,2
20,4,2,2,3,2,3,3,4,4,-8,4,4,4,3,2,4,2,-8,2,1,-8,2,5,4,-8,2,1,3,3,3,3,3,3,-8,-8,1,2,1,1,1,2,1,2,2,4,3,4,3,3,3,4,-7,3,3,3,3,3,3,1,2,1,1,3,3,-8,2,1,1,1,0,0,0,0,0,0,1,0,0,0,0,1,0,0,0,0,0,0,1,0,0,0,0,-8,-8,-8,-8,-8,-8,-8,-8,-8,-8,-8,-8,-8,0,0,1,1,0,0,0,0,0,0,0,1,1,-8,-8,-8,-8,-8,-8,-8,1,4,-7,-7,-7,-7,-7,-7,-7,1,1,4,2,300000,60000,3,4,3,4,3,3,3,2,-7,2,2,1,1,1,1,1,1,2,1,1,1,2,3,1,1,1,0,0,0,0,0,0,0,0,NA,1,0,0,0,0,0,0,0,0,0,1,5,5,2,1,1,1,0,0,1,2,NA,2,-7,-7,2,1,2,-7,-7,-7,1,6,1,1981,44,1,-7,2,2,1,1,1,9,-7,-7,-7,-7,1,2,-7,6,11,2,2,2,2,2,2,3,2,1,1,-7,2,2,2,2,0,0,1,0,0,0,bas25_07084,302.28010588,1,24510,Canton,9,4,16:30:03,9,4,16:53:21,2,2,1,2,4,4,1,3,0,1
8,2,1,2,2,1,4,3,2,1,2,2,2,2,2,1,1,1,1,1,1,1,1,3,2,1,1,1,2,2,2,2,4,3,2,2,1,1,1,1,1,1,1,1,2,3,2,3,3,3,2,2,-7,3,3,3,3,3,3,1,1,1,2,1,1,2,1,1,2,0,0,0,0,1,0,0,1,1,0,0,0,0,0,0,0,1,0,0,1,1,0,0,0,-8,-8,-8,-8,-8,-8,0,0,0,0,1,0,0,0,1,0,1,0,0,0,0,0,1,0,0,1,-8,-8,-8,-8,-8,-8,-8,3,-7,-7,-7,-7,-7,-7,-7,-7,5,-7,-7,-7,500000,50000,3,4,4,5,3,3,3,2,-7,2,2,1,1,1,1,1,1,1,1,1,1,5,3,1,1,1,0,0,0,0,0,0,0,0,NA,1,1,0,0,0,0,0,0,0,0,0,5,5,2,4,1,0,0,0,2,2,NA,2,-7,-7,1,-7,2,-7,-7,-7,2,4,3,1948,77,1,-7,2,2,1,1,1,1,2,-7,-7,-7,2,2,-7,4,9,2,2,2,2,2,2,4,2,1,1,-7,2,2,2,2,0,0,1,0,0,0,bas25_07095,375.79774552,2,24005,-7,8,27,18:53:46,8,27,19:27:55,1,1,1,2,4,3,1,5,0,1
8,3,1,1,1,2,3,3,2,3,4,4,4,5,4,1,2,1,1,1,-8,2,1,1,1,1,1,1,1,2,2,2,2,2,2,2,2,2,2,2,1,1,1,1,2,3,3,3,-8,3,3,2,-7,3,3,3,3,3,3,1,5,2,1,2,3,1,1,1,1,1,0,0,0,0,0,0,0,0,0,0,0,1,0,0,0,0,0,0,0,0,0,0,0,-8,-8,-8,-8,-8,-8,-8,-8,-8,-8,-8,-8,-8,1,0,1,0,0,0,0,0,0,0,0,1,1,-8,-8,-8,-8,-8,-8,-8,1,-8,-7,-7,-7,-7,-7,-7,-7,5,-7,-7,-7,NA,NA,4,4,2,3,3,3,3,2,-7,2,2,1,1,1,1,1,1,1,1,1,1,3,3,2,1,1,0,0,0,0,0,0,0,0,NA,1,0,0,0,0,0,0,0,0,0,1,5,5,3,1,1,0,0,0,1,2,NA,2,-7,-7,1,-7,2,-7,-7,-7,1,6,2,1931,94,1,-7,2,2,1,3,3,4,-7,-7,4,-7,1,2,-7,2,7,2,2,2,-8,2,2,4,2,1,1,-7,2,2,2,2,0,0,1,0,0,0,bas25_07096,251.31503494,2,24005,-7,8,30,11:00:48,8,30,11:26:24,2,1,1,2,3,4,1,5,0,1
36,3,2,2,2,2,3,3,2,3,3,2,3,3,1,2,3,2,4,2,1,2,2,3,2,3,3,1,1,2,3,3,3,2,3,3,1,1,1,1,1,1,1,1,2,5,4,5,4,4,4,1,-7,3,3,3,3,3,3,1,1,1,2,2,2,3,1,1,1,1,0,0,0,0,0,0,0,0,0,0,0,1,0,0,0,0,0,0,1,1,0,0,0,-8,-8,-8,-8,-8,-8,-8,-8,-8,-8,-8,-8,-8,1,0,0,1,0,0,0,0,0,1,1,0,2,0,0,0,0,0,1,0,3,-7,-7,-7,-7,-7,-7,-7,-7,9,-7,-7,-7,500000,20000,3,4,4,5,3,3,3,2,-7,2,2,3,2,2,3,2,1,2,2,1,2,3,3,1,1,1,0,0,0,0,0,0,0,0,NA,1,1,0,0,0,0,0,0,0,0,0,5,5,2,1,1,0,0,0,1,2,NA,1,3,1,2,2,2,-7,-7,-7,1,7,1,1944,81,2,-7,2,2,1,1,1,8,-7,-7,-7,-7,6,2,-7,1,6,2,2,2,2,2,2,3,2,1,1,-7,1,1,1,1,0,1,0,0,0,0,bas25_07110,508.32722522,1,24510,Southwest Baltimore,9,2,12:39:33,9,2,13:55:57,1,2,1,1,3,4,2,5,0,1
1,5,1,2,2,2,4,3,2,2,3,1,3,2,3,3,2,2,2,2,2,2,2,2,3,3,3,1,2,2,3,3,4,3,3,3,2,1,1,1,1,1,1,2,1,5,5,4,5,5,5,-7,3,3,3,3,3,3,3,1,1,1,4,2,1,1,1,1,1,0,0,0,1,0,0,0,1,0,0,0,0,0,0,0,0,0,0,0,1,1,0,0,0,-8,-8,-8,-8,-8,-8,0,1,1,0,1,1,0,0,0,1,1,0,1,1,1,1,1,1,0,3,1,0,0,0,0,1,0,1,4,-7,-7,-7,-7,-7,-7,-7,2,2,3,2,300000,40000,4,4,4,5,3,3,3,2,-7,2,2,4,1,1,1,5,1,2,2,2,1,3,4,1,1,3,0,1,0,0,0,0,0,0,NA,0,0,0,0,0,0,0,0,1,0,0,5,5,1,1,1,1,0,0,1,2,NA,2,-7,-7,2,1,2,-7,-7,-7,2,7,5,1990,35,1,-7,2,2,1,1,1,8,-7,-7,-7,-7,8,2,-7,1,6,2,2,2,2,2,2,5,2,1,1,-7,2,2,2,2,0,0,1,0,0,0,bas25_07114,225.53533243,1,24510,Midtown,9,18,15:32:38,9,18,15:53:36,2,2,2,2,3,4,1,3,0,1
10,5,2,1,1,1,3,3,1,5,5,2,4,2,1,5,1,2,2,1,1,1,2,2,2,5,2,1,1,2,4,3,3,3,2,3,2,2,2,2,2,2,2,2,2,5,5,5,5,5,5,4,-7,3,3,3,3,3,3,1,1,1,1,1,1,2,2,1,2,0,0,0,0,1,0,0,1,1,0,0,0,0,0,0,0,0,0,0,0,1,0,0,0,0,1,0,0,0,1,-8,-8,-8,-8,-8,-8,-8,0,0,1,1,0,0,0,1,1,0,0,0,2,0,0,1,0,0,0,0,3,-7,-7,-7,-7,-7,-7,-7,-7,1,1,1,4,250000,50000,3,4,3,4,3,3,3,2,-7,2,2,1,1,1,1,1,1,1,1,1,1,2,2,1,1,5,0,0,0,0,0,0,0,0,NA,1,0,0,0,0,0,0,0,0,0,1,5,5,2,1,1,0,0,0,1,2,NA,2,-7,-7,2,1,1,0,1,1,2,6,1,1982,43,1,-7,2,2,1,1,1,1,1,-7,-7,-7,2,2,-7,5,10,2,2,2,2,2,2,3,3,1,1,-7,2,2,2,2,0,0,1,0,0,0,bas25_07121,361.63123863,1,24510,Mount Washington/Coldspring,8,31,09:25:54,8,31,09:47:29,1,1,1,2,4,4,1,3,0,1
5,2,1,1,2,2,4,3,2,3,3,1,3,2,1,2,1,2,1,2,1,2,1,2,1,2,1,6,-7,1,1,1,4,2,2,3,1,1,1,1,2,2,1,2,1,3,4,4,4,4,4,-7,3,3,3,3,3,3,3,1,1,1,1,1,1,2,1,1,1,0,1,0,0,0,0,1,0,0,1,0,0,0,1,0,0,0,0,0,0,1,0,0,0,0,0,0,0,0,1,0,1,1,0,0,0,1,1,0,1,0,0,0,1,0,0,0,0,0,1,-8,-8,-8,-8,-8,-8,-8,1,4,-7,-7,-7,-7,-7,-7,-7,1,2,4,4,400000,50000,3,3,4,5,3,3,3,2,-7,2,2,2,1,1,3,2,1,1,1,1,1,2,1,1,1,3,0,0,0,0,0,0,0,0,NA,1,0,1,0,0,0,0,0,0,0,0,5,5,2,1,1,1,0,0,1,2,NA,1,1,-7,2,1,2,-7,-7,-7,2,7,1,1989,36,1,-7,3,2,1,1,1,8,-7,-7,-7,-7,2,2,-7,3,8,2,2,2,2,2,2,5,2,1,1,-7,2,2,2,2,0,0,1,0,0,0,bas25_07126,272.00495709,1,24510,Cedonia/Frankford,9,23,08:33:12,9,23,08:51:47,1,2,2,2,4,4,1,3,0,1
7,5,1,2,2,2,3,3,2,3,3,4,3,3,3,2,4,2,2,1,1,1,2,2,2,2,3,1,1,2,3,3,3,2,2,2,2,2,2,2,1,2,2,2,2,4,4,3,3,3,3,4,-7,3,3,3,3,3,3,1,1,1,2,1,1,1,2,4,4,0,0,0,0,0,0,0,0,0,0,0,1,0,0,0,0,0,0,0,1,1,0,0,0,-8,-8,-8,-8,-8,-8,-8,-8,-8,-8,-8,-8,-8,1,0,0,1,0,0,0,0,0,0,0,1,1,-8,-8,-8,-8,-8,-8,-8,3,-7,-7,-7,-7,-7,-7,-7,-7,1,1,4,3,200000,60000,2,2,3,5,3,3,3,2,-7,2,2,1,1,1,1,1,1,1,1,1,1,3,2,1,1,1,0,0,0,0,0,0,0,0,NA,1,0,0,0,0,0,0,0,0,0,1,5,5,2,1,1,0,0,0,2,2,NA,2,-7,-7,2,1,1,1,0,0,2,6,1,1984,41,2,-7,1,2,1,1,1,9,-7,-7,-7,-7,1,2,-7,6,11,2,2,2,2,2,2,4,2,1,1,-7,2,2,2,2,0,0,1,0,0,0,bas25_07127,720.67907223,1,24510,Inner Harbor/Federal Hill,10,5,08:40:44,10,5,10:21:32,2,1,1,2,4,4,2,3,0,1
4,3,1,2,2,1,4,3,2,1,2,1,3,1,1,1,2,1,1,1,1,1,1,5,3,1,1,2,2,2,2,2,4,2,3,2,2,1,1,1,2,2,2,2,1,4,5,2,4,4,4,-7,4,3,3,3,3,3,3,1,-8,1,4,1,1,2,1,1,2,0,0,0,0,1,0,0,1,0,1,0,0,0,1,0,0,0,0,0,1,1,0,0,0,0,0,0,1,0,0,0,1,0,0,1,0,0,0,1,0,1,0,1,1,1,0,0,1,0,1,1,0,0,0,0,0,0,1,4,-7,-7,-7,-7,-7,-7,-7,1,3,2,4,200000,50000,4,4,4,5,3,3,3,2,-7,2,2,1,1,1,1,1,1,1,1,1,1,1,1,1,1,1,0,0,0,0,0,0,0,0,NA,1,0,1,0,0,0,0,0,0,0,0,5,5,2,1,0,1,0,0,1,2,NA,2,-7,-7,2,1,1,0,1,0,1,7,1,1984,41,2,-7,2,2,1,1,1,9,-7,-7,-7,-7,1,2,-7,4,9,2,2,2,2,2,2,5,3,1,1,-7,2,2,2,2,0,0,1,0,0,0,bas25_07147,393.93074976,2,24005,-7,8,27,19:42:25,8,27,20:45:47,1,2,2,2,4,4,2,3,0,1
9,2,2,2,2,2,3,3,3,3,3,3,4,4,3,3,2,2,2,4,2,4,3,3,3,2,2,4,4,3,4,4,4,5,5,3,1,1,1,1,1,1,1,1,1,5,5,5,5,5,5,4,-7,3,3,3,3,3,3,1,4,1,3,3,3,4,1,2,1,1,1,0,0,0,0,1,0,0,1,0,0,1,1,0,0,0,0,1,0,0,0,0,0,0,0,1,0,0,1,0,1,0,0,1,1,0,0,0,1,1,0,0,1,0,0,1,0,0,3,-8,-8,-8,-8,-8,-8,-8,3,-7,-7,-7,-7,-7,-7,-7,-7,4,-7,-7,-7,100000,20000,4,3,4,5,2,2,2,1,1,1,1,2,4,4,5,5,5,5,5,3,3,3,5,1,1,3,0,0,0,0,0,0,0,0,NA,1,0,1,0,0,1,0,0,1,1,0,5,5,3,3,0,1,0,0,1,2,NA,2,-7,-7,2,1,1,3,1,1,2,5,1,1990,35,1,-7,2,1,1,1,1,9,-7,-7,-7,-7,3,1,3,-7,3,2,2,2,2,2,2,5,4,1,1,-7,1,1,4,6,0,1,0,0,0,1,bas25_07158,355.7313349,1,24510,Greater Mondawmin,8,27,16:57:15,8,27,17:30:41,2,2,1,3,2,3,1,3,0,1
9,-8,1,1,1,2,3,3,2,-8,-8,1,3,1,1,1,1,1,1,1,1,1,1,-8,1,-8,1,-8,-8,2,3,3,4,3,3,-8,-8,-8,-8,-8,-8,-8,-8,-8,2,3,-8,-8,-8,-8,-8,-7,4,3,3,3,3,3,3,1,4,2,2,3,1,3,1,1,1,0,0,0,0,0,0,0,1,0,0,0,0,0,0,0,0,0,0,0,1,0,0,0,0,-8,-8,-8,-8,-8,-8,-8,-8,-8,-8,-8,-8,-8,0,0,1,1,0,0,0,0,0,0,0,1,1,-8,-8,-8,-8,-8,-8,-8,3,-7,-7,-7,-7,-7,-7,-7,-7,5,-7,-7,-7,NA,NA,3,-8,3,4,3,3,3,2,-7,2,2,1,1,1,1,1,1,1,1,1,1,2,2,1,1,1,0,0,0,0,0,0,0,0,NA,1,1,1,1,0,0,0,0,0,0,0,5,1,1,1,1,0,0,0,1,2,NA,2,-7,-7,1,-7,2,-7,-7,-7,1,6,2,1927,98,2,-7,2,2,1,1,1,9,-7,-7,-7,-7,3,2,-7,2,7,2,2,2,2,2,2,5,3,1,1,-7,2,2,2,2,0,0,1,0,0,0,bas25_07159,653.90369955,2,24005,-7,8,28,10:43:11,8,28,11:42:24,2,1,2,2,3,4,2,5,0,1
11,4,3,2,-8,2,3,-8,3,4,3,3,3,2,3,3,3,2,2,2,1,1,2,3,-8,3,2,4,3,3,3,4,3,4,-8,-8,-8,-8,-8,1,1,1,-8,1,2,4,3,-8,3,2,2,-7,2,3,3,-8,-8,-8,-8,1,3,1,1,3,3,2,1,1,1,0,0,0,1,1,0,1,0,0,0,0,0,0,0,0,0,0,0,0,0,1,0,0,0,-8,-8,-8,-8,-8,-8,-8,-8,-8,-8,-8,-8,-8,0,0,1,1,0,1,1,1,0,0,0,0,2,-8,-8,-8,-8,-8,-8,-8,1,2,-7,-7,-7,-7,-7,-7,-7,1,1,5,2,NA,30000,3,3,3,4,2,2,2,-8,-7,-8,-8,-8,3,3,2,4,2,2,2,-8,1,3,3,1,1,4,0,1,0,1,0,1,0,0,NA,0,0,1,0,0,0,0,0,1,1,0,3,2,2,1,1,0,0,0,1,2,NA,2,-7,-7,3,1,1,0,1,0,2,6,1,1977,48,2,-7,2,2,3,3,3,-8,-6,-7,-7,-7,1,2,-7,2,7,2,-8,-8,-8,2,2,3,-8,-8,-8,-7,2,2,2,2,0,0,1,0,0,0,bas25_07162,2121.3846449,2,24005,-7,8,30,12:19:06,8,30,12:42:19,1,1,2,2,3,4,2,3,0,1
21,2,1,2,2,1,4,4,2,5,5,2,3,2,3,3,3,1,1,3,3,3,2,3,2,5,2,1,1,1,3,4,3,4,4,4,1,1,1,1,2,1,2,1,2,3,2,2,4,4,4,4,-7,3,3,3,3,3,3,1,1,1,3,1,1,2,2,1,5,0,0,0,0,0,0,0,1,0,0,0,0,0,0,0,0,0,0,0,1,0,0,0,0,1,0,0,0,1,0,0,1,1,0,1,1,1,0,0,1,1,0,0,0,0,0,1,0,0,4,-8,-8,-8,-8,-8,-8,-8,2,-7,0,0,0,0,0,0,1,2,1,1,4,2000000,30000,3,2,3,2,3,2,3,1,3,1,2,2,1,1,2,2,1,1,1,1,1,3,1,1,1,3,0,1,0,1,0,1,0,0,NA,0,0,0,0,0,1,0,0,0,0,0,4,5,2,1,1,0,0,0,1,2,NA,2,-7,-7,2,1,2,-7,-7,-7,2,7,1,1964,61,1,-7,2,2,1,1,1,2,-7,-7,-7,-7,9,2,-7,3,8,2,2,2,2,2,2,2,1,1,1,-7,2,2,2,2,0,0,1,0,0,0,bas25_07163,626.66561888,2,24005,-7,8,29,09:36:23,8,29,10:11:13,2,2,1,2,4,4,1,4,0,1
45,3,2,2,3,2,3,4,3,1,3,3,2,2,2,2,1,3,1,2,1,3,2,1,1,1,1,2,1,2,3,2,4,4,3,3,2,2,2,1,1,1,1,1,2,4,4,3,4,3,4,2,-7,3,3,3,3,3,3,1,1,1,1,2,2,1,1,1,1,1,0,0,0,0,0,0,0,0,0,0,0,1,0,0,0,0,0,0,0,0,0,0,0,-8,-8,-8,-8,-8,-8,0,0,0,0,1,1,0,0,0,0,1,1,0,0,0,0,0,0,1,1,-8,-8,-8,-8,-8,-8,-8,2,-7,0,0,1,0,1,1,0,5,-7,-7,-7,2000000,12900,3,2,4,4,3,3,3,2,-7,2,2,1,3,1,4,2,1,1,1,1,2,5,2,1,1,5,0,0,0,1,0,0,0,0,NA,0,1,0,0,1,1,0,0,0,0,0,5,5,2,4,0,1,0,0,1,2,NA,2,-7,-7,3,2,2,-7,-7,-7,2,7,5,-8,-8,1,-7,2,2,1,1,1,1,1,-7,-7,-7,7,2,-7,5,10,2,2,2,2,2,2,4,2,1,1,-7,1,1,1,1,0,1,0,0,0,0,bas25_07164,549.29830346,1,24510,Dorchester/Ashburton,9,24,15:51:03,9,24,16:55:13,1,2,1,1,4,4,1,-8,0,1
26,3,1,1,1,2,3,3,3,3,2,3,3,3,3,3,2,1,1,2,1,1,1,1,3,2,1,3,3,2,4,4,2,4,3,3,2,2,2,2,2,2,2,2,2,5,3,3,3,2,3,1,-7,3,3,3,3,3,3,1,2,1,1,1,1,3,1,1,6,0,0,0,1,1,0,0,1,0,1,0,0,1,0,0,1,1,0,0,1,0,0,0,0,0,0,0,0,1,0,0,0,0,0,1,1,0,0,0,1,1,0,1,1,0,0,0,0,0,1,-8,-8,-8,-8,-8,-8,-8,1,4,-7,-7,-7,-7,-7,-7,-7,1,1,3,4,150000,75000,4,5,2,2,3,3,3,2,-7,2,2,2,1,1,5,2,1,1,1,1,1,3,2,1,1,1,0,0,0,0,0,0,0,0,NA,1,0,1,0,0,1,0,0,0,0,0,3,2,2,1,1,0,0,0,1,2,NA,2,-7,-7,2,1,2,-7,-7,-7,2,4,1,1962,63,1,-7,2,2,1,1,1,8,-7,-7,-7,-7,3,2,-7,6,11,2,2,2,2,2,2,3,1,1,1,-7,2,2,2,2,0,0,1,0,0,0,bas25_07166,1147.0630898,2,24005,-7,9,6,15:03:54,9,6,15:28:28,1,1,1,2,4,3,1,4,0,1
22,3,1,1,2,2,3,3,2,3,4,1,3,1,1,1,1,1,1,1,1,1,1,3,2,3,1,1,1,2,3,3,3,4,3,3,1,1,1,2,2,1,2,1,1,4,3,3,5,5,5,3,-7,3,3,3,3,3,3,1,1,1,2,2,1,2,1,1,2,1,0,0,0,0,0,0,0,0,0,0,0,0,0,0,0,0,0,0,1,0,0,0,0,0,1,0,0,0,1,0,0,0,1,0,0,0,0,1,1,0,0,1,0,0,0,0,0,0,1,0,0,0,0,1,0,0,2,-7,0,0,1,0,0,0,0,9,-7,-7,-7,NA,NA,2,2,2,2,3,3,3,2,-7,2,2,2,3,3,3,4,3,2,2,2,1,2,2,1,1,3,0,0,0,1,0,0,0,0,NA,0,1,0,0,0,0,0,0,0,0,0,4,5,2,1,1,0,0,0,1,2,NA,2,-7,-7,2,2,1,0,0,0,1,5,1,1962,63,2,-7,2,2,1,1,1,8,-7,-7,-7,-7,8,-8,-7,-7,-6,2,1,2,2,2,2,2,1,1,1,-7,2,2,2,2,0,0,1,0,0,0,bas25_07184,721.02482439,2,24005,-7,8,31,23:07:53,8,31,23:30:25,1,2,1,2,-6,3,2,4,0,1
30,6,1,2,1,2,3,3,2,2,2,1,2,2,1,1,2,1,3,3,1,3,1,1,4,1,2,2,2,3,4,4,4,3,2,4,1,1,1,1,1,1,1,1,2,5,5,5,5,5,5,4,-7,2,2,2,1,2,1,2,5,2,2,3,3,2,2,1,1,1,1,0,0,0,0,0,0,0,0,0,0,1,1,0,1,1,0,0,0,1,0,0,0,0,1,0,0,0,0,1,0,0,0,0,0,0,1,0,1,0,0,1,0,0,0,0,0,0,5,0,0,0,1,0,0,0,3,-7,-7,-7,-7,-7,-7,-7,-7,5,-7,-7,-7,100000,15000,3,4,4,5,1,2,1,1,2,1,1,4,5,5,5,5,5,1,1,1,1,3,3,1,1,3,0,0,1,0,1,0,1,0,NA,0,1,1,0,0,0,0,0,0,0,0,4,1,2,4,1,0,0,0,2,4,NA,2,-7,-7,-8,-7,2,-7,-7,-7,2,4,5,1947,78,2,-7,2,2,1,1,1,9,-7,-7,-7,-7,9,1,1,-7,1,2,2,2,2,2,2,1,2,1,1,-7,1,1,1,1,0,1,0,0,0,0,bas25_07195,520.75997269,1,24510,Southwest Baltimore,8,27,20:37:50,8,27,21:21:35,2,1,1,1,1,3,2,5,8,3
1,5,2,2,3,2,3,3,3,4,3,1,2,2,2,1,1,3,1,2,3,3,3,2,3,3,3,2,3,2,2,1,4,2,3,3,1,1,1,1,-8,1,-8,-8,1,2,3,2,3,4,3,5,-7,3,2,3,2,2,3,1,3,2,2,3,1,2,3,2,1,0,0,0,0,1,0,0,1,0,0,0,0,0,0,0,1,1,0,0,1,1,0,0,0,-8,-8,-8,-8,-8,-8,0,0,0,0,0,1,0,0,1,1,0,0,0,1,0,0,1,0,0,2,0,0,0,0,1,0,0,1,3,-7,-7,-7,-7,-7,-7,-7,4,-7,-7,-7,120000,35000,3,5,3,5,3,3,2,2,-7,1,2,3,5,5,5,5,4,2,2,3,1,4,4,1,1,1,-8,-8,-8,-8,-8,-8,-8,-8,NA,-8,0,0,0,1,0,0,0,1,1,0,5,5,1,1,1,0,0,0,2,2,NA,2,-7,-7,1,-7,2,-7,-7,-7,1,6,5,1998,27,1,-7,1,2,1,1,1,4,-7,-7,2,-7,6,1,4,-7,4,2,2,2,2,2,2,5,2,1,1,-7,2,2,2,2,0,0,1,0,0,0,bas25_07217,198.21653203,1,24510,Downtown/Seton Hill,9,20,13:39:13,9,20,14:04:14,1,2,1,2,2,4,1,2,3,2
6,1,2,2,1,2,4,3,2,4,5,2,3,2,1,1,2,1,2,1,1,1,2,2,2,2,2,1,2,3,4,4,4,3,4,4,1,1,1,1,1,1,1,1,2,3,3,3,3,3,3,-7,4,3,3,3,3,3,3,1,4,1,1,2,2,2,1,1,3,1,0,0,0,0,0,1,0,0,0,0,0,1,0,0,0,0,0,1,0,0,0,0,0,0,0,0,1,0,0,0,0,0,1,1,1,0,0,0,1,1,0,0,0,0,0,0,0,1,2,0,0,1,0,0,1,0,3,-7,-7,-7,-7,-7,-7,-7,-7,1,2,4,3,500000,50000,3,4,4,4,2,2,2,2,-7,2,2,3,3,2,2,2,3,2,3,1,1,2,3,2,1,2,0,1,0,0,0,1,0,0,NA,0,1,1,0,0,0,0,0,0,1,0,3,3,2,1,1,0,0,0,2,2,NA,1,1,-7,3,1,2,-7,-7,-7,2,6,1,1980,45,1,-7,2,2,1,1,1,8,-7,-7,-7,-7,2,2,-7,4,9,2,2,2,2,2,2,3,2,1,1,-7,1,1,1,1,0,1,0,0,0,0,bas25_07230,2177.7079373,2,24005,-7,8,28,14:24:46,8,28,14:46:15,1,1,2,1,4,4,1,3,0,1
7,2,2,2,3,2,3,3,3,3,4,3,3,3,2,2,2,1,1,2,2,2,1,4,3,3,3,3,3,3,4,4,4,3,3,3,2,1,2,1,2,2,1,2,1,3,3,3,3,3,3,-7,4,3,3,3,3,3,3,2,1,1,3,3,3,3,4,5,1,1,0,0,1,1,0,1,1,1,1,0,0,0,0,0,0,0,0,0,1,0,0,0,0,0,0,0,0,0,1,0,0,0,0,0,1,0,1,0,0,0,1,0,0,0,0,0,0,1,5,-8,-8,-8,-8,-8,-8,-8,3,-7,-7,-7,-7,-7,-7,-7,-7,1,3,5,1,7000000,20000,4,5,4,5,1,1,1,1,1,1,1,1,5,5,5,5,5,5,5,5,2,4,5,1,1,5,0,1,1,1,1,1,1,0,NA,0,0,0,0,1,0,0,0,1,1,0,3,3,3,2,1,0,0,0,2,2,NA,2,-7,-7,-8,-7,1,0,1,0,1,7,5,1987,38,1,-7,2,2,1,1,1,2,-7,-7,-7,-7,2,1,5,-7,5,2,2,2,2,2,2,3,2,1,1,-7,2,2,2,2,0,0,1,0,0,0,bas25_07231,313.65682314,2,24005,-7,8,28,16:38:42,8,28,17:00:24,1,2,2,2,2,4,1,3,0,1
16,2,4,3,4,2,3,2,4,5,5,5,5,5,5,1,4,1,2,4,2,3,2,2,5,4,2,4,3,3,4,4,4,5,4,-8,2,2,2,2,2,2,2,2,2,5,5,5,5,4,5,5,-7,3,3,3,3,1,3,1,5,2,3,2,3,3,3,1,1,1,0,0,0,1,0,0,1,0,0,0,0,0,0,0,0,0,0,0,1,0,0,0,0,-8,-8,-8,-8,-8,-8,0,0,0,0,0,1,0,1,0,1,0,0,0,0,0,0,0,0,1,1,0,1,0,0,0,0,0,3,-7,-7,-7,-7,-7,-7,-7,-7,5,-7,-7,-7,90000,50000,4,5,4,5,3,3,3,2,-7,2,2,1,1,1,1,1,3,1,1,2,4,5,5,1,2,1,0,1,1,0,0,0,0,0,NA,0,1,0,0,0,0,0,0,0,1,0,5,5,2,4,0,0,1,0,1,2,NA,2,-7,-7,1,-7,2,-7,-7,-7,1,3,2,1931,94,1,-7,2,2,1,1,1,4,-7,-7,3,-7,4,1,5,-7,5,2,2,2,2,2,2,3,2,2,3,-7,2,2,2,2,0,0,1,0,0,0,bas25_07237,269.94658179,1,24510,Cross-Country/Cheswolde,9,5,15:54:05,9,5,16:13:25,2,2,1,2,2,2,1,5,2,2
1,1,1,1,1,1,4,4,3,3,3,1,4,2,2,1,1,1,1,1,1,1,1,3,1,3,4,2,3,2,3,3,3,2,2,2,1,2,1,1,2,2,2,1,2,4,4,2,5,5,5,5,-7,2,3,3,1,1,2,1,4,2,1,2,3,1,1,1,1,0,0,0,0,0,0,0,0,0,0,0,1,0,0,0,0,1,0,0,1,1,1,0,0,-8,-8,-8,-8,-8,-8,-8,-8,-8,-8,-8,-8,-8,0,0,1,1,0,0,0,0,0,0,0,1,1,-8,-8,-8,-8,-8,-8,-8,3,-7,-7,-7,-7,-7,-7,-7,-7,6,-7,-7,-7,100000,20000,3,3,4,5,3,3,2,2,-7,2,2,2,1,2,2,3,2,2,2,1,1,2,2,2,2,1,0,1,0,1,0,1,0,1,higher AC bills,0,0,0,0,0,0,0,0,0,0,1,4,4,1,2,1,0,0,0,2,2,NA,2,-7,-7,2,2,2,-7,-7,-7,2,6,5,2001,24,1,-7,2,2,3,3,3,9,-7,-7,-7,-7,1,2,-7,1,6,2,2,2,2,2,2,3,4,3,5,2,3,4,3,4,0,0,0,0,1,0,bas25_07247,271.4769842,1,24510,Hampden/Remington,9,14,21:45:28,9,14,22:07:21,2,2,1,3,3,4,1,1,6,3
30,4,1,2,2,2,3,3,2,2,1,1,2,2,1,1,3,3,1,4,3,3,2,3,1,1,1,3,3,2,4,3,4,3,3,3,1,1,1,1,1,1,1,1,1,5,4,2,5,4,4,-7,3,3,2,3,3,3,3,1,4,1,5,3,3,3,1,1,1,1,0,0,1,1,0,0,0,0,0,0,0,1,0,0,1,1,0,0,0,0,0,0,0,0,0,0,0,1,0,0,0,0,0,1,1,0,0,0,1,1,0,0,1,0,0,1,0,0,5,1,0,0,0,0,0,0,3,-7,-7,-7,-7,-7,-7,-7,-7,2,3,2,4,290000,15000,4,5,3,5,2,2,3,1,2,1,2,4,4,3,5,5,5,4,4,2,2,4,2,1,1,5,0,0,1,1,0,0,0,1,"COPD,",0,1,1,0,0,1,0,1,0,1,0,3,5,1,1,0,1,0,0,1,2,NA,1,1,-7,1,-7,1,0,0,1,1,7,2,1953,72,1,-7,2,2,1,1,1,8,-7,-7,-7,-7,9,1,1,-7,1,1,1,2,2,2,2,1,2,1,1,-7,1,5,1,5,1,1,0,1,0,0,bas25_07251,99.783544375,1,24510,Greater Govans,8,27,19:04:16,9,4,19:16:47,1,2,2,1,1,4,1,5,1,1
0,2,1,2,2,2,3,2,2,3,1,1,3,1,2,2,1,1,1,3,3,3,2,2,2,2,2,1,2,4,-8,-8,-8,-8,-8,-8,-8,-8,-8,-8,-8,-8,-8,-8,-8,-8,-8,-8,4,3,4,-8,-7,2,2,1,1,3,1,2,2,2,1,2,2,2,1,1,1,0,0,0,0,0,0,0,0,0,0,0,1,0,0,0,0,0,0,0,0,0,0,0,1,0,1,0,1,0,0,-8,-8,-8,-8,-8,-8,-8,-8,-8,-8,-8,-8,0,0,0,0,0,0,1,4,-8,-8,-8,-8,-8,-8,-8,3,-7,-7,-7,-7,-7,-7,-7,-7,-8,-7,-7,-7,NA,NA,2,-8,2,-8,-8,1,2,2,-7,1,1,-8,4,4,4,1,5,3,3,1,1,3,3,2,2,4,0,0,0,0,0,0,0,0,NA,1,0,0,0,0,0,0,0,1,0,0,-8,-8,3,1,0,0,1,0,2,-8,NA,2,-7,-7,-8,-7,2,-7,-7,-7,2,2,5,2006,19,2,-7,5,2,1,1,1,2,-7,-7,-7,-7,9,-8,-7,-7,-6,2,2,2,2,2,2,-8,3,2,2,-7,1,1,1,1,0,1,0,0,0,0,bas25_07252,3489.186742,1,24510,Greater Govans,9,4,08:06:17,10,1,20:38:35,2,1,1,1,-6,1,2,1,8,3
4,3,5,3,3,4,3,3,4,4,5,4,4,4,3,4,3,3,3,5,5,4,5,5,4,4,3,6,-7,4,4,4,4,4,3,3,1,1,1,1,1,1,1,1,2,3,4,5,4,4,4,4,-7,1,1,1,1,1,2,2,5,2,3,2,2,3,5,1,-8,0,0,0,0,0,0,0,0,1,0,0,0,0,0,0,0,0,0,0,0,1,0,0,0,-8,-8,-8,-8,-8,-8,-8,-8,-8,-8,-8,-8,-8,-8,-8,-8,-8,-8,0,0,0,0,0,0,1,3,0,1,0,0,0,0,0,3,-7,-7,-7,-7,-7,-7,-7,-7,1,2,2,4,70000,3000,4,5,4,5,1,1,1,1,1,1,1,3,4,5,5,4,5,5,5,5,3,4,5,1,1,1,0,0,0,0,0,1,0,0,NA,0,0,0,0,0,0,0,0,1,1,0,3,3,1,3,1,0,0,0,1,2,NA,2,-7,-7,1,-7,1,1,1,1,1,4,5,1989,36,1,-7,2,2,1,1,1,8,-7,-7,-7,-7,6,1,4,-7,4,1,1,2,2,2,2,3,2,1,1,-7,1,1,1,1,0,1,0,0,0,0,bas25_07275,332.47222709,1,24510,The Waverlies,9,4,20:26:45,9,4,20:55:13,2,2,1,1,2,3,1,3,11,3
49,5,2,1,2,2,3,2,3,1,1,5,4,4,3,3,5,5,3,3,3,4,2,3,2,3,1,3,3,3,4,4,4,4,3,3,1,1,1,1,1,1,1,1,2,5,5,3,5,4,5,2,-7,3,3,3,3,3,3,1,1,1,3,2,2,2,1,1,1,1,0,0,0,1,0,1,0,0,0,0,0,1,0,0,0,1,0,1,0,0,0,0,0,0,1,0,0,0,0,0,0,0,0,0,1,1,0,0,1,0,1,0,1,0,0,0,0,0,2,-8,-8,-8,-8,-8,-8,-8,3,-7,-7,-7,-7,-7,-7,-7,-7,5,-7,-7,-7,100000,26000,4,5,4,5,2,3,3,2,-7,2,2,4,2,1,4,5,1,1,1,1,3,4,3,1,1,4,0,1,1,0,0,1,1,0,NA,0,1,1,0,1,0,1,0,1,1,0,3,4,2,4,1,1,0,0,1,2,NA,2,-7,-7,2,2,2,-7,-7,-7,1,5,2,1954,71,1,-7,2,2,1,1,1,8,-7,-7,-7,-7,3,1,2,-7,2,2,2,2,2,2,2,5,2,3,5,1,1,1,1,1,0,1,0,0,0,0,bas25_07290,589.80689336,1,24510,Allendale/Irvington/S. Hilton,9,7,18:43:14,10,1,12:25:22,2,1,1,1,1,3,1,5,0,1
4,5,1,2,2,2,4,4,2,3,3,2,3,2,1,1,2,1,1,1,2,1,1,2,2,4,2,2,2,2,2,2,3,3,3,3,2,1,1,1,2,2,1,2,1,4,5,3,3,3,3,-7,4,3,3,3,3,3,3,1,1,1,2,2,1,2,2,1,2,1,0,0,1,1,0,1,1,0,1,0,0,0,0,0,0,1,0,1,1,1,0,0,0,0,0,0,0,0,1,0,0,1,0,0,1,0,1,0,1,0,0,0,1,0,1,0,1,0,1,-8,-8,-8,-8,-8,-8,-8,1,4,-7,-7,-7,-7,-7,-7,-7,1,1,2,4,350000,50000,3,3,3,4,3,3,3,2,-7,2,2,2,1,1,1,2,1,1,1,1,1,2,3,2,2,2,0,0,0,1,0,1,0,0,NA,0,-8,-8,-8,-8,-8,-8,-8,-8,-8,-8,5,5,2,1,1,0,0,0,1,2,NA,1,2,3,2,1,1,1,0,0,2,7,1,1992,33,1,-7,2,2,1,1,1,2,-7,-7,-7,-7,8,2,-7,5,10,2,2,2,2,2,2,3,3,1,1,-7,2,2,2,2,0,0,1,0,0,0,bas25_07294,284.84538474,1,24510,Midtown,9,9,20:03:31,9,9,20:46:41,2,2,2,2,4,4,1,2,0,1
1,2,1,1,1,1,1,1,1,1,1,1,1,1,1,1,1,1,1,1,1,1,1,1,1,1,1,1,1,1,1,1,1,1,1,1,1,1,2,1,1,1,1,2,2,1,1,1,-8,1,2,-7,3,1,1,1,1,1,1,1,1,1,1,2,2,1,1,1,1,1,1,1,0,0,0,0,0,0,0,0,0,1,1,1,0,0,0,0,0,0,0,0,0,1,1,1,0,0,0,1,1,1,0,0,0,0,1,0,1,0,0,1,1,0,0,0,0,0,1,1,1,0,0,0,0,0,2,-7,1,1,0,0,0,0,0,1,1,1,1,NA,NA,1,1,1,1,1,1,1,1,1,1,1,1,4,2,3,2,2,1,1,2,1,1,1,1,1,1,1,1,0,0,0,0,0,0,NA,0,1,1,1,0,0,0,0,0,0,0,1,1,1,1,1,1,0,0,1,1,NA,1,1,-7,-8,-7,1,-8,-8,-8,1,1,5,-8,-8,1,-7,2,2,1,1,1,9,-7,-7,-7,-7,7,1,2,-7,2,1,1,1,1,1,1,1,2,1,2,-7,1,1,1,1,0,1,0,0,0,0,bas25_07304,637.96179625,1,24510,Harbor East/Little Italy,8,29,19:48:46,8,29,20:01:04,2,1,2,1,1,1,1,-8,12,3
14,6,5,4,4,4,1,1,5,5,3,5,5,5,5,5,3,3,3,4,4,4,5,3,5,5,4,5,5,3,3,3,3,1,3,3,1,1,1,1,1,1,1,1,2,3,5,3,5,5,5,5,-7,2,2,2,1,1,2,2,-8,-8,5,2,2,4,4,1,1,1,0,0,0,0,0,0,1,0,0,0,0,1,0,0,0,0,0,0,1,0,0,0,0,-8,-8,-8,-8,-8,-8,0,0,0,1,1,0,0,0,0,1,1,0,0,0,0,0,1,0,0,5,1,1,0,0,0,0,0,2,-7,0,0,0,0,0,1,0,8,-7,-7,-7,NA,NA,4,5,4,5,2,2,2,1,2,1,1,2,5,5,5,3,5,-8,-8,3,3,4,5,1,1,4,0,1,0,0,0,1,1,0,NA,0,1,0,0,1,1,0,0,1,1,0,3,3,2,4,0,1,0,0,1,2,NA,2,-7,-7,-8,-7,2,-7,-7,-7,1,3,3,1973,52,1,-7,2,2,1,1,1,8,-7,-7,-7,-7,-8,1,1,-7,1,1,1,2,2,2,2,-8,-8,3,-8,-7,1,1,1,1,0,1,0,0,0,0,bas25_07307,1227.4506221,1,24510,Sandtown-Winchester/Harlem Park,9,6,16:31:35,9,6,17:12:56,1,1,1,1,1,2,1,4,8,3
2,5,4,3,3,3,3,2,4,3,2,4,3,4,5,4,4,1,1,2,1,2,4,1,2,2,2,5,4,2,4,3,4,4,2,3,1,1,1,1,1,2,2,2,2,4,4,3,2,4,5,-7,5,3,3,3,3,3,3,1,1,1,2,2,1,4,4,2,1,0,1,0,0,0,0,1,1,1,1,0,0,0,0,0,0,1,0,0,1,1,0,0,0,-8,-8,-8,-8,-8,-8,0,1,0,0,0,0,0,0,0,1,0,0,0,0,0,0,0,0,1,3,-8,-8,-8,-8,-8,-8,-8,1,1,-7,-7,-7,-7,-7,-7,-7,4,-7,-7,-7,60000,40000,4,5,4,5,1,1,1,1,1,1,1,2,5,5,4,5,5,5,5,5,4,5,4,1,1,1,1,1,1,1,0,1,1,0,NA,0,1,0,0,1,1,0,1,1,1,0,3,5,1,3,0,1,0,0,2,2,NA,2,-7,-7,2,1,2,-7,-7,-7,1,4,5,1981,44,1,-7,2,2,1,1,1,9,-7,-7,-7,-7,1,1,5,-7,5,1,1,1,2,2,2,5,3,1,5,1,1,1,1,1,0,1,0,0,0,0,bas25_07310,677.65220033,1,24510,Southeastern,9,13,13:19:36,9,13,13:47:03,2,2,2,1,2,3,1,3,0,1
0,2,1,2,3,2,3,3,2,5,4,3,3,4,3,2,2,3,3,1,1,1,5,3,2,5,2,2,3,3,3,2,2,3,2,1,1,1,1,1,1,1,1,2,1,3,2,5,3,5,4,2,-7,1,1,1,2,2,2,1,3,2,1,3,3,2,1,1,7,0,0,0,0,0,0,0,0,0,0,0,1,0,0,0,0,0,0,1,0,1,1,0,0,1,0,0,0,0,0,0,0,1,0,0,0,0,1,0,0,0,0,1,1,0,0,0,0,0,1,-8,-8,-8,-8,-8,-8,-8,1,4,-7,-7,-7,-7,-7,-7,-7,5,-7,-7,-7,120000,10000,2,3,3,4,2,3,3,2,-7,2,2,3,1,1,1,1,2,1,2,1,1,3,3,1,2,2,0,0,0,0,0,1,1,0,NA,0,1,0,0,1,0,0,0,0,0,0,3,3,2,1,1,0,0,0,2,2,NA,2,-7,-7,3,2,1,0,1,1,1,4,1,1979,46,1,-7,2,2,1,1,1,9,-7,-7,-7,-7,1,1,3,-7,3,1,1,1,2,1,2,4,2,2,5,2,1,1,1,1,0,1,0,0,0,0,bas25_07349,927.76113087,1,24510,Belair-Edison,9,27,01:54:00,9,27,02:25:45,1,2,1,1,2,3,1,3,9,3
24,3,4,2,3,3,3,2,4,5,5,2,3,3,2,2,2,2,2,3,2,3,2,3,3,5,3,5,4,3,4,4,4,2,3,3,2,1,2,1,1,1,2,1,2,4,3,3,4,4,4,-7,4,3,3,3,3,2,3,1,1,1,4,2,2,4,3,1,3,0,0,0,1,0,0,0,0,0,0,0,0,1,0,0,1,1,1,1,0,0,0,0,0,0,0,0,0,0,1,1,1,0,1,1,0,0,0,0,1,0,1,1,1,1,1,0,1,0,5,0,0,0,0,0,1,0,1,1,-7,-7,-7,-7,-7,-7,-7,5,-7,-7,-7,1000000,40000,4,4,3,4,2,3,3,2,-7,2,2,3,4,2,3,4,-8,1,1,1,1,3,2,1,1,5,1,1,0,0,0,0,0,0,NA,0,1,1,0,0,0,1,0,0,0,0,3,3,2,1,1,0,0,0,1,2,NA,1,1,-7,3,1,1,0,0,0,2,5,1,1962,63,2,-7,2,2,1,1,1,1,6,-7,-7,-7,9,2,-7,5,10,2,2,2,2,2,2,2,3,1,1,-7,1,1,1,1,0,1,0,0,0,0,bas25_07393,3021.2038665,2,24005,-7,8,29,12:00:17,8,29,12:44:05,1,2,2,1,4,3,2,4,1,1
46,3,2,2,2,2,3,3,2,2,3,2,3,3,1,2,2,1,1,2,-8,-8,2,3,-8,2,2,1,1,2,3,3,3,-8,4,-8,-8,-8,-8,-8,-8,-8,-8,-8,2,4,3,-8,-8,-8,-8,-7,5,3,3,3,3,3,3,1,1,1,3,1,1,3,2,2,1,1,0,0,0,1,1,0,0,1,0,0,0,1,0,0,0,1,0,0,0,1,0,0,0,-8,-8,-8,-8,-8,-8,0,0,0,0,1,1,0,0,0,1,1,0,0,1,0,0,1,0,0,3,0,0,0,0,0,1,0,3,-7,-7,-7,-7,-7,-7,-7,-7,5,-7,-7,-7,400000,30000,3,4,3,4,3,3,3,2,-7,2,2,3,3,-8,2,4,2,-8,-8,-8,-8,3,3,1,1,1,0,0,0,0,0,0,0,0,NA,1,-8,-8,-8,-8,-8,-8,-8,-8,-8,-8,5,5,2,-8,1,0,0,0,1,2,NA,2,-7,-7,1,-7,1,0,0,1,2,6,2,1952,73,1,-7,2,2,1,1,1,8,-7,-7,-7,-7,4,1,-8,-7,-6,2,2,2,2,2,2,3,3,1,1,-7,2,2,2,2,0,0,1,0,0,0,bas25_07394,354.11739927,2,24005,-7,9,7,11:51:46,9,7,12:36:14,1,2,2,2,-6,4,1,5,0,1
19,5,1,1,2,2,4,3,2,1,1,1,3,2,2,2,3,1,2,1,1,1,1,3,3,1,3,1,2,2,3,2,3,2,2,3,2,2,2,2,2,2,2,2,2,3,5,4,4,5,5,3,-7,3,3,3,3,3,3,1,4,1,2,1,1,1,2,1,1,0,0,0,0,1,0,0,1,0,0,0,0,0,0,0,0,1,0,0,1,1,0,0,0,-8,-8,-8,-8,-8,-8,0,0,0,1,0,1,0,0,0,1,1,0,0,0,0,0,0,0,1,1,-8,-8,-8,-8,-8,-8,-8,1,4,-7,-7,-7,-7,-7,-7,-7,1,1,2,3,200000,40000,1,4,1,5,3,3,3,2,-7,2,2,1,1,1,1,1,1,1,1,1,1,1,1,1,1,2,0,0,0,0,0,0,0,0,NA,1,1,0,0,0,0,0,0,0,0,0,5,5,2,1,1,0,0,0,2,2,NA,2,-7,-7,2,1,1,0,1,1,2,7,1,1971,54,2,-7,2,2,1,1,1,2,-7,-7,-7,-7,4,2,-7,6,11,2,2,2,2,2,2,5,2,1,1,-7,2,2,2,2,0,0,1,0,0,0,bas25_07395,345.01383307,1,24510,Patterson Park North & East,8,27,18:22:02,8,27,18:44:17,2,2,1,2,4,4,2,4,0,1
5,5,2,2,2,3,3,2,3,4,4,2,2,4,2,2,2,5,3,5,5,5,2,4,4,3,2,1,2,2,3,2,4,2,3,3,1,1,2,1,2,2,2,2,2,3,5,3,5,5,5,1,-7,3,3,3,3,3,3,1,4,1,1,3,1,3,1,1,1,0,0,0,0,0,0,0,1,0,0,0,0,0,0,0,0,0,0,0,1,0,0,0,0,0,0,0,1,0,0,0,1,0,0,0,1,0,1,0,1,0,0,0,0,0,0,0,1,0,1,1,0,0,0,0,1,0,3,-7,-7,-7,-7,-7,-7,-7,-7,9,-7,-7,-7,100000,50000,3,3,4,5,3,3,3,2,-7,2,2,2,2,1,1,2,1,1,1,1,1,3,3,2,2,1,0,0,0,0,0,0,0,0,NA,1,0,0,0,0,0,0,0,1,1,0,5,5,2,1,1,0,0,0,2,2,NA,2,-7,-7,2,1,1,2,0,0,2,6,1,1997,28,1,-7,2,2,1,1,1,1,1,-7,-7,-7,9,1,5,-7,5,2,1,2,2,2,2,3,3,1,1,-7,2,2,2,2,0,0,1,0,0,0,bas25_07397,353.28921253,1,24510,Pigtown/Carroll Park,9,24,21:23:28,9,24,21:56:45,1,1,1,2,2,4,1,2,0,1
8,4,1,3,3,2,3,3,4,3,3,1,3,2,1,1,2,1,1,1,1,1,1,1,1,1,1,1,1,2,3,3,3,1,3,3,1,1,1,1,1,1,1,1,1,3,2,2,3,2,3,4,-7,2,3,3,2,2,3,1,1,1,1,3,3,3,1,1,1,1,0,0,0,0,0,0,0,0,0,0,0,1,0,0,0,0,0,0,0,0,0,0,0,-8,-8,-8,-8,-8,-8,-8,-8,-8,-8,-8,-8,-8,0,0,1,1,0,0,1,0,0,0,0,0,1,-8,-8,-8,-8,-8,-8,-8,1,2,-7,-7,-7,-7,-7,-7,-7,1,3,2,4,250000,50000,3,3,3,3,3,3,3,2,-7,2,2,1,1,1,1,1,1,2,2,1,2,3,2,1,1,1,0,0,0,0,0,0,0,0,NA,1,0,0,0,0,0,0,0,0,0,1,4,5,1,1,1,0,0,0,1,2,NA,2,-7,-7,3,1,2,-7,-7,-7,2,4,1,1982,43,1,-7,2,2,1,1,1,8,-7,-7,-7,-7,8,2,-7,4,9,2,2,2,2,2,2,3,2,1,1,-7,1,1,1,1,0,1,0,0,0,0,bas25_07400,2629.3711095,2,24005,-7,8,30,13:37:20,8,30,14:03:48,2,2,1,1,4,3,1,3,3,2
7,3,2,2,3,2,3,2,4,4,4,3,3,4,1,1,1,1,1,1,1,1,2,3,3,5,1,1,2,2,3,3,4,4,4,3,1,1,1,1,2,2,2,2,2,2,1,1,2,2,2,4,-7,3,3,3,3,3,3,1,1,1,4,2,1,2,1,1,2,0,0,0,1,1,0,0,0,0,0,0,0,0,1,0,1,1,0,0,0,1,0,0,0,0,0,0,0,1,1,0,1,0,1,1,1,0,0,1,0,1,0,1,1,1,1,1,1,0,4,1,0,0,0,0,0,0,1,2,-7,-7,-7,-7,-7,-7,-7,1,3,5,2,300000,80000,3,5,3,5,2,3,2,2,-7,2,2,2,4,4,5,3,2,1,3,2,1,2,3,1,1,3,0,1,0,0,0,1,0,0,NA,0,0,0,0,0,0,0,0,0,1,0,4,4,2,1,1,0,0,0,1,2,NA,2,-7,-7,2,1,1,1,1,0,1,7,1,1986,39,1,-7,2,2,1,1,1,9,-7,-7,-7,-7,1,2,-7,3,8,2,2,2,2,2,2,4,2,1,1,-7,2,2,2,2,0,0,1,0,0,0,bas25_07411,479.15877112,2,24005,-7,9,11,19:04:37,9,11,19:41:43,2,2,1,2,4,4,1,3,0,1
15,2,2,2,3,3,3,2,3,3,4,3,4,3,4,4,2,1,1,2,2,2,3,3,2,3,2,2,3,3,3,3,3,2,3,3,1,1,1,1,1,1,1,1,2,4,2,2,3,3,4,4,-7,3,3,3,3,3,3,1,1,1,2,1,1,2,2,2,1,1,0,0,0,0,0,0,0,0,0,0,0,0,0,0,0,0,0,1,0,1,0,0,0,-8,-8,-8,-8,-8,-8,0,0,0,0,0,0,1,0,0,0,1,0,0,0,0,0,0,0,1,1,0,1,0,0,0,0,0,3,-7,-7,-7,-7,-7,-7,-7,-7,4,-7,-7,-7,250000,75000,3,4,4,4,2,2,3,1,1,1,1,4,4,5,5,4,3,5,3,3,3,3,2,2,1,4,0,0,0,1,0,0,0,0,NA,0,0,0,0,0,0,0,0,0,0,1,3,5,2,3,1,0,0,0,2,2,NA,2,-7,-7,2,1,2,-7,-7,-7,2,3,5,1979,46,2,-7,2,2,1,1,1,9,-7,-7,-7,-7,1,1,4,-7,4,2,2,2,2,2,2,3,-8,1,4,1,2,2,2,2,0,0,1,0,0,0,bas25_07428,1717.193917,2,24005,-7,8,27,16:33:28,8,27,16:58:19,1,1,1,2,2,2,2,3,0,1
59,3,2,2,3,2,3,3,3,3,4,4,4,3,3,3,3,2,1,3,3,2,2,3,2,2,1,1,2,2,2,3,2,3,1,-8,1,1,1,1,1,1,1,1,2,4,4,3,4,4,4,-7,3,3,3,3,3,3,3,1,1,1,3,2,2,3,1,1,1,1,0,0,0,0,0,1,1,0,0,0,0,1,1,1,0,0,0,1,1,0,0,0,0,-8,-8,-8,-8,-8,-8,0,1,1,1,1,1,0,0,0,1,1,0,0,0,0,0,0,0,1,4,0,0,0,0,1,1,0,3,-7,-7,-7,-7,-7,-7,-7,-7,1,1,4,2,100000,60000,3,3,3,3,2,2,2,1,3,1,2,2,4,4,4,4,3,4,3,1,1,3,2,1,1,4,0,0,0,0,0,0,0,0,NA,1,1,0,0,0,1,0,0,0,0,0,5,4,2,1,0,0,0,1,1,2,NA,1,1,-7,2,2,2,-7,-7,-7,1,3,1,1964,61,1,-7,2,2,1,1,1,9,-7,-7,-7,-7,1,1,5,-7,5,2,2,2,2,2,2,2,1,1,1,-7,2,2,2,2,0,0,1,0,0,0,bas25_07437,1241.4157085,2,24005,-7,9,2,18:57:06,9,2,19:36:53,2,2,2,2,2,2,1,4,0,1
4,2,2,2,2,3,3,2,3,3,3,4,3,4,2,2,4,2,3,2,2,2,2,3,4,3,3,2,2,2,4,4,3,3,3,3,2,2,2,2,2,2,2,2,2,4,3,4,4,4,4,-7,4,3,3,3,3,3,3,1,1,1,1,3,1,3,2,1,1,0,0,0,0,0,0,0,0,0,0,0,1,0,0,0,0,0,0,0,0,0,0,0,1,-8,-8,-8,-8,-8,-8,-8,-8,-8,-8,-8,-8,-8,0,0,1,0,0,0,0,0,0,0,0,1,2,-8,-8,-8,-8,-8,-8,-8,2,-7,0,0,1,0,0,0,0,1,1,2,3,1000000,10000,2,3,1,1,3,3,3,2,-7,2,2,1,1,1,1,1,1,1,1,1,1,2,1,1,2,1,0,0,0,0,0,0,0,0,NA,1,0,0,0,0,0,0,0,0,0,1,4,4,1,1,1,0,0,0,1,2,NA,2,-7,-7,2,1,1,2,0,0,2,7,1,1999,26,2,-7,2,2,1,1,1,4,-7,-7,1,-7,9,2,-7,1,6,2,1,2,2,2,2,2,1,1,1,-7,2,2,2,2,0,0,1,0,0,0,bas25_07448,680.04296053,1,24510,Cross-Country/Cheswolde,8,27,22:05:06,8,27,22:46:21,1,2,2,2,3,4,2,2,0,1
1,3,2,1,1,2,3,3,2,2,2,2,2,3,2,3,3,2,2,2,2,1,1,5,3,3,3,1,1,2,3,3,4,3,3,3,1,1,1,1,1,1,2,2,2,4,4,4,3,3,3,-7,5,3,3,3,3,3,3,1,2,1,1,3,1,2,1,1,1,0,0,0,0,0,0,0,1,0,0,0,0,0,0,0,0,0,0,0,1,1,0,0,0,-8,-8,-8,-8,-8,-8,-8,-8,-8,-8,-8,-8,-8,0,0,1,1,0,0,1,0,0,0,0,0,3,-8,-8,-8,-8,-8,-8,-8,3,-7,-7,-7,-7,-7,-7,-7,-7,4,-7,-7,-7,150000,50000,3,3,4,5,3,3,2,1,3,2,2,3,3,3,3,4,2,2,2,1,2,3,4,2,1,1,0,0,0,0,0,0,0,0,NA,1,0,1,0,0,0,0,0,1,0,0,5,5,2,1,1,0,0,0,1,2,NA,2,-7,-7,2,1,2,-7,-7,-7,2,7,1,1965,60,2,-7,3,2,1,1,1,9,-7,-7,-7,-7,1,2,-7,3,8,2,2,2,2,2,2,5,2,1,1,-7,2,2,2,2,0,0,1,0,0,0,bas25_07471,388.35023618,1,24510,Fells Point,9,4,16:37:45,9,4,17:09:42,2,1,2,2,4,4,2,4,0,1
1,3,2,2,3,2,3,3,3,1,3,4,3,5,4,2,3,3,5,4,4,2,4,5,3,2,1,2,2,3,2,3,3,2,2,3,1,1,1,1,1,1,1,1,2,4,3,4,4,4,4,-7,3,2,1,2,1,1,1,1,4,1,2,3,3,4,3,4,2,0,1,0,1,0,0,1,1,1,0,0,0,0,0,0,0,0,0,1,1,1,0,0,0,0,1,0,1,0,0,0,1,1,1,0,1,1,0,0,1,0,1,0,0,0,0,0,0,1,3,-8,-8,-8,-8,-8,-8,-8,1,2,-7,-7,-7,-7,-7,-7,-7,1,4,5,1,100000,50000,3,2,3,2,2,2,1,1,2,1,2,3,4,2,3,3,5,4,5,3,3,3,4,2,2,4,1,1,0,0,0,0,0,0,NA,0,1,1,0,0,0,1,1,0,0,0,5,5,2,2,0,1,1,0,1,1,NA,2,-7,-7,2,2,1,0,0,0,2,6,5,2002,23,1,-7,1,2,3,3,3,5,-7,-7,-7,-7,1,1,4,-7,4,1,2,2,2,2,2,3,1,3,5,2,3,4,3,4,0,0,0,0,1,0,bas25_07495,176.63168934,1,24510,Downtown/Seton Hill,9,5,20:33:34,9,5,20:54:58,1,2,2,3,2,4,1,1,10,3
18,4,2,2,3,4,3,3,3,5,3,3,4,5,3,2,3,4,4,5,3,3,2,2,3,4,1,2,2,3,2,2,4,3,3,3,2,1,2,1,2,1,2,2,2,3,4,4,4,2,3,3,-7,2,3,2,2,3,3,1,1,1,3,3,1,2,2,1,2,0,0,0,1,1,0,0,1,0,0,0,0,0,0,0,0,0,0,0,1,0,0,0,0,0,1,0,0,0,1,0,0,1,0,0,1,0,0,0,1,1,0,0,0,0,0,1,1,0,3,1,1,0,0,0,0,0,1,2,-7,-7,-7,-7,-7,-7,-7,1,2,4,3,NA,NA,3,2,4,5,2,3,2,2,-7,2,2,3,4,3,4,3,2,3,3,1,2,4,4,1,1,1,0,0,0,1,0,1,1,0,NA,0,0,0,0,0,0,0,0,0,1,0,4,4,2,2,0,1,0,0,2,2,NA,2,-7,-7,2,1,1,0,0,1,2,7,1,-8,-8,1,-7,2,2,1,1,1,1,7,African Methodist Episcopal,-7,-7,7,2,-7,-8,-6,2,2,2,2,2,2,5,2,1,1,-7,1,1,1,1,0,1,0,0,0,0,bas25_07502,339.0232678,1,24510,Upton/Druid Heights,8,27,15:57:32,8,27,17:15:01,2,1,1,1,-6,4,1,-8,3,2
10,3,2,3,2,3,4,3,3,4,4,3,3,3,1,1,2,1,2,2,1,1,1,1,3,4,3,5,3,3,4,4,4,-8,3,4,-8,-8,-8,-8,-8,-8,-8,-8,2,-8,5,3,-8,5,5,-8,-7,3,3,3,3,3,3,1,-8,1,1,2,2,3,1,1,2,1,0,0,0,0,0,1,0,0,0,0,0,1,0,0,0,0,0,1,0,1,0,0,0,-8,-8,-8,-8,-8,-8,-8,-8,-8,-8,-8,-8,-8,-8,-8,-8,-8,-8,0,1,0,0,0,0,0,1,-8,-8,-8,-8,-8,-8,-8,2,-7,0,0,0,0,0,0,1,-8,-7,-7,-7,400000,50000,4,5,4,5,2,2,3,2,-7,2,2,1,1,1,2,1,1,4,1,1,1,3,3,1,1,4,0,1,0,0,0,1,0,0,NA,0,0,1,0,1,0,0,0,1,1,0,3,5,2,3,1,0,0,0,1,5,NA,2,-7,-7,-8,-7,1,1,0,0,2,3,-8,1987,38,1,-7,2,2,1,1,1,8,-7,-7,-7,-7,8,1,3,-7,3,-8,1,2,2,2,2,-8,2,1,1,-7,1,1,1,1,0,1,0,0,0,0,bas25_07522,1467.9859777,1,24510,Cedonia/Frankford,9,3,13:35:44,9,3,13:59:11,2,1,1,1,2,2,1,3,0,1
10,5,3,2,3,3,3,1,3,3,2,4,3,4,2,3,4,1,1,3,1,2,1,3,4,3,1,3,3,3,4,4,4,3,2,3,1,1,1,1,2,2,2,2,2,3,4,1,4,4,5,4,-7,3,3,3,2,1,3,1,3,2,1,2,2,3,1,1,1,1,1,0,1,1,0,1,0,1,0,0,0,0,1,0,1,1,0,1,1,0,0,0,0,-8,-8,-8,-8,-8,-8,-8,-8,-8,-8,-8,-8,-8,1,0,0,0,0,0,0,0,0,0,0,1,3,-8,-8,-8,-8,-8,-8,-8,1,2,-7,-7,-7,-7,-7,-7,-7,8,-7,-7,-7,More Money,8dollars h,4,3,4,3,3,2,3,2,-7,2,2,1,1,1,3,1,2,1,1,2,3,3,4,1,1,1,0,0,0,1,0,1,1,0,NA,0,1,0,0,1,0,1,0,1,0,0,4,5,1,1,1,0,0,0,1,4,NA,2,-7,-7,2,2,2,-7,-7,-7,1,3,5,1959,66,1,-7,2,2,1,1,1,8,-7,-7,-7,-7,1,1,1,-7,1,1,1,1,2,1,2,3,2,1,1,-7,1,1,1,1,0,1,0,0,0,0,bas25_07527,1356.3188661,1,24510,Orchard Ridge/Armistead,9,3,11:39:59,9,3,12:24:32,1,1,1,1,1,2,1,5,3,2
4,3,1,1,2,2,4,3,2,3,3,1,3,1,1,1,1,1,1,1,1,1,1,3,1,1,2,1,2,2,2,2,3,2,2,2,1,1,1,1,1,1,2,2,1,2,2,1,2,2,2,4,-7,3,3,3,3,3,3,1,1,1,3,1,1,2,1,1,3,0,0,0,0,0,0,0,1,0,0,0,0,-8,-8,-8,-8,-8,-8,-8,-8,-8,-8,-8,-8,0,0,0,1,0,0,-8,-8,-8,-8,-8,-8,-8,1,0,0,1,0,0,1,0,1,0,1,0,3,0,0,0,0,1,0,0,1,1,-7,-7,-7,-7,-7,-7,-7,1,4,3,2,250000,65000,3,4,4,5,3,3,3,2,-7,2,2,1,1,1,1,1,1,1,1,1,1,1,2,1,2,1,0,0,0,0,0,0,0,0,NA,1,-8,-8,-8,-8,-8,-8,-8,-8,-8,-8,5,5,2,1,1,0,0,0,2,2,NA,2,-7,-7,2,1,1,2,0,0,2,7,1,1989,36,1,-7,2,2,1,1,1,1,2,-7,-7,-7,7,2,-7,4,9,2,2,2,2,2,2,3,3,1,1,-7,2,2,2,2,0,0,1,0,0,0,bas25_07528,313.65682314,2,24005,-7,9,5,08:16:26,9,5,10:57:57,2,2,1,2,4,4,1,3,0,1
50,6,1,3,3,2,3,3,2,2,1,1,3,2,1,1,2,5,1,1,1,1,4,3,3,3,1,1,3,3,4,4,4,5,5,5,1,1,1,1,1,1,2,2,2,5,5,5,4,5,3,4,-7,1,1,1,1,1,1,2,5,2,5,2,1,5,1,1,6,1,1,0,1,1,1,1,1,0,0,0,0,1,1,1,1,1,1,1,0,1,0,0,0,0,0,0,0,0,1,1,1,1,1,1,1,1,0,0,1,0,1,0,0,0,0,0,0,1,5,1,0,0,0,0,1,0,1,1,-7,-7,-7,-7,-7,-7,-7,7,-7,-7,-7,600k,60k,4,5,4,5,2,-8,1,1,1,1,1,4,5,5,5,5,5,5,5,5,4,3,4,1,1,5,0,0,1,0,1,0,1,0,NA,0,1,1,0,0,0,0,0,0,1,0,1,1,2,4,0,1,0,0,1,5,NA,2,-7,-7,3,1,2,-7,-7,-7,2,4,1,1972,53,1,-7,2,2,1,1,1,9,-7,-7,-7,-7,1,1,5,-7,5,1,1,2,2,2,2,3,4,1,1,-7,-6,3,-6,3,-8,-8,-8,1,-8,0,bas25_07529,507.2069174,1,24510,Howard Park/West Arlington,8,27,12:07:56,8,27,12:39:45,2,1,1,-6,2,3,1,4,12,3
7,6,2,2,2,2,3,2,4,3,3,2,3,2,3,3,3,1,1,4,3,4,2,3,2,2,2,3,3,2,3,3,2,3,3,3,1,2,1,2,2,1,2,2,2,4,3,2,4,3,3,-7,5,3,3,3,3,1,2,2,3,1,3,2,3,3,1,1,1,0,0,0,0,0,0,1,0,0,0,0,0,0,0,0,0,0,0,1,0,0,0,0,0,0,1,0,0,0,0,0,1,0,0,0,0,0,0,0,1,0,0,1,1,0,0,0,0,0,1,1,0,0,0,0,0,0,1,2,-7,-7,-7,-7,-7,-7,-7,2,5,3,2,0,0,2,3,2,3,2,2,2,2,-7,2,2,3,2,2,2,3,1,2,2,1,2,3,3,2,1,1,0,0,0,0,0,0,0,0,NA,1,0,0,0,0,0,0,0,0,0,1,3,3,1,1,1,0,0,0,1,2,NA,2,-7,-7,4,1,2,-7,-7,-7,2,2,5,1980,45,1,-7,2,1,3,3,3,2,-7,-7,-7,-7,2,1,1,-7,1,2,1,2,2,2,2,3,4,3,5,2,2,2,4,6,0,0,1,0,0,1,bas25_07536,1883.3894378,2,24005,-7,9,6,08:44:03,9,6,09:26:14,2,1,2,3,1,1,1,3,3,2
19,3,2,2,3,2,3,2,3,3,3,2,3,3,2,2,2,2,2,2,2,2,4,4,2,3,1,1,1,2,3,3,4,3,3,3,1,1,1,1,1,1,2,1,2,3,3,3,3,3,3,-7,4,3,3,3,3,3,3,1,4,1,2,3,1,3,2,1,1,0,0,0,0,0,0,0,1,0,0,0,0,0,0,0,0,0,0,0,1,0,0,0,0,0,1,0,0,0,1,0,1,0,0,0,1,0,0,0,1,1,0,1,0,0,0,0,0,0,2,-8,-8,-8,-8,-8,-8,-8,3,-7,-7,-7,-7,-7,-7,-7,-7,5,-7,-7,-7,600000,40000,3,4,3,4,3,3,3,2,-7,2,2,2,1,1,1,2,1,2,1,1,1,3,2,1,1,1,0,0,0,0,0,0,0,0,NA,1,1,1,0,0,0,0,0,0,0,0,5,5,2,1,1,0,0,0,2,2,NA,2,-7,-7,2,2,2,-7,-7,-7,2,6,1,1953,72,1,-7,1,2,1,1,1,1,5,-7,-7,-7,3,2,-7,3,8,2,2,2,2,2,2,4,2,1,1,-7,2,2,2,2,0,0,1,0,0,0,bas25_07539,340.95225461,1,24510,Hampden/Remington,8,28,13:25:05,8,28,13:47:17,1,1,2,2,4,4,1,5,0,1
0,3,3,2,3,3,2,2,2,2,2,2,2,2,3,2,3,2,3,2,4,2,1,4,3,2,2,3,2,3,2,1,3,3,4,3,2,2,1,2,1,1,1,1,2,1,4,5,3,3,3,-7,2,2,2,2,2,2,2,2,3,2,2,2,2,2,4,3,2,0,1,1,0,1,0,0,0,0,0,0,0,0,0,1,1,0,0,1,0,0,0,0,0,0,0,1,1,0,0,0,0,0,1,0,1,0,-8,-8,-8,-8,-8,0,0,0,0,1,0,0,4,0,0,1,1,0,0,0,2,-7,0,1,0,0,0,0,0,2,3,3,4,200000,40000,3,2,2,3,1,2,2,1,2,2,2,3,5,3,4,5,4,4,5,3,2,2,3,2,1,1,0,0,1,0,1,0,0,0,NA,0,0,0,0,0,0,1,1,0,0,0,2,-8,2,2,0,0,0,1,2,1,NA,2,-7,-7,3,-8,2,-7,-7,-7,1,3,4,2003,22,2,-7,2,2,1,-8,2,8,-7,-7,-7,-7,6,-8,-7,-7,-6,2,2,1,1,1,1,4,3,3,3,-7,1,1,1,1,0,1,0,0,0,0,bas25_07540,3166.694997,1,24510,Dorchester/Ashburton,9,7,19:14:19,9,7,19:23:23,2,2,2,1,-6,2,2,1,6,3
13,3,2,4,3,3,3,2,4,4,1,3,3,3,3,2,2,1,2,2,2,2,4,5,3,3,3,3,2,3,4,3,4,4,3,3,1,1,1,2,1,1,1,1,2,3,4,2,4,4,4,-7,4,3,3,3,3,3,3,1,1,1,4,2,2,3,5,2,1,1,0,0,0,0,0,1,1,0,1,0,0,0,0,0,0,0,0,1,0,0,0,0,0,-8,-8,-8,-8,-8,-8,-8,-8,-8,-8,-8,-8,-8,0,0,1,0,0,-8,-8,-8,-8,-8,-8,-8,-8,1,0,0,0,1,0,0,1,1,-7,-7,-7,-7,-7,-7,-7,1,-8,2,4,NA,NA,4,3,3,3,3,3,3,2,-7,2,2,1,1,1,1,2,1,3,2,1,2,4,5,2,1,1,0,0,0,0,0,0,0,0,NA,1,0,0,0,0,0,0,0,0,0,1,2,3,1,2,1,0,0,0,2,2,NA,2,-7,-7,-8,-7,1,0,0,1,2,-8,-8,-8,-8,-8,-6,2,1,-8,-8,-8,8,-7,-7,-7,-7,3,-8,-7,-7,-6,1,1,2,1,2,2,-8,3,-8,-8,-7,-6,-6,4,6,-8,-8,-8,-8,-8,1,bas25_07561,196.80219483,1,24510,Glen-Fallstaff,10,2,18:24:06,10,2,18:55:01,2,1,2,3,-6,-8,-8,-8,0,1
0,3,1,2,2,3,3,3,3,3,3,3,3,1,1,1,1,1,1,1,1,1,1,1,1,1,1,2,1,3,3,4,4,2,3,3,1,1,1,1,1,1,1,1,1,2,3,2,3,4,3,-7,5,2,3,3,1,1,2,2,4,2,1,2,1,2,1,1,1,1,0,0,0,1,0,1,1,0,1,0,0,0,0,0,0,0,0,1,0,0,1,0,0,-8,-8,-8,-8,-8,-8,-8,-8,-8,-8,-8,-8,-8,1,0,0,1,0,0,1,0,0,0,0,0,1,-8,-8,-8,-8,-8,-8,-8,2,-7,1,1,0,1,0,0,1,3,3,4,2,500000,39000,2,3,4,4,2,2,1,1,2,1,1,2,3,3,4,2,5,4,3,3,3,3,3,1,1,1,0,1,0,1,0,1,1,0,NA,0,0,0,0,1,0,0,0,0,0,0,4,4,1,3,1,0,0,0,1,2,NA,2,-7,-7,2,2,2,-7,-7,-7,1,6,1,1993,32,1,-7,1,2,1,1,1,8,-7,-7,-7,-7,1,1,3,-7,3,2,1,2,2,2,2,3,2,1,1,-7,1,1,1,1,0,1,0,0,0,0,bas25_07562,1109.1966969,1,24510,Southwest Baltimore,8,30,22:22:44,8,30,22:40:01,1,2,2,1,2,4,1,2,6,3
57,6,2,2,2,2,3,3,2,3,3,4,2,4,3,4,3,4,3,4,3,4,2,-8,3,3,2,3,3,3,3,3,4,3,-8,-8,1,1,1,1,1,1,1,1,2,4,4,3,4,4,4,-7,4,3,3,3,3,3,3,1,3,1,3,3,2,-8,2,1,2,1,0,0,1,1,0,0,0,0,0,0,0,1,0,1,1,1,0,0,1,0,0,0,0,0,0,0,0,0,1,-8,-8,-8,-8,-8,-8,-8,0,0,1,0,1,1,1,1,1,1,0,0,5,1,0,0,1,0,0,0,1,2,-7,-7,-7,-7,-7,-7,-7,1,1,5,1,800000,25000,4,5,4,5,2,2,3,1,2,1,2,3,4,4,4,5,3,4,4,3,1,4,4,2,1,5,-8,-8,-8,-8,-8,-8,-8,-8,NA,-8,1,1,0,1,1,0,0,1,1,0,5,5,2,1,1,1,0,0,1,2,NA,1,1,-7,1,-7,2,-7,-7,-7,1,4,5,1964,61,1,-7,4,2,1,1,1,8,-7,-7,-7,-7,3,2,-7,1,6,2,2,2,2,2,2,4,3,1,1,-7,1,1,1,1,0,1,0,0,0,0,bas25_07567,271.48989587,1,24510,Dorchester/Ashburton,9,6,18:31:55,9,6,20:25:13,1,2,2,1,3,3,1,4,0,1
5,2,2,2,3,2,3,2,3,2,1,2,2,1,1,3,1,1,1,1,1,1,2,1,1,1,1,1,1,2,3,4,3,4,2,3,1,1,1,1,1,1,1,1,2,4,3,2,4,3,3,-7,4,3,3,3,3,3,3,1,1,1,1,2,2,1,1,1,1,0,0,0,0,0,0,0,0,0,0,0,1,0,0,0,0,1,0,0,0,0,0,0,0,0,0,0,1,0,0,-8,-8,-8,-8,-8,-8,-8,1,0,1,0,0,-8,-8,-8,-8,-8,-8,-8,1,-8,-8,-8,-8,-8,-8,-8,2,-7,-8,-8,-8,-8,-8,-8,-8,5,-7,-7,-7,NA,20000,2,3,3,2,3,3,3,2,-7,2,2,1,1,1,1,1,1,1,1,1,1,2,1,1,1,2,0,0,0,0,0,0,0,0,NA,1,0,1,0,0,0,1,0,0,0,0,5,5,2,1,1,0,0,0,2,2,NA,2,-7,-7,1,-7,2,-7,-7,-7,2,5,3,1952,73,2,-7,1,2,1,1,1,9,-7,-7,-7,-7,1,1,5,-7,5,2,2,2,2,2,2,3,2,1,1,-7,2,2,2,2,0,0,1,0,0,0,bas25_07580,743.15972081,2,24005,-7,9,17,16:25:33,9,17,16:42:49,1,2,2,2,2,3,2,5,0,1
30,3,2,2,2,2,4,3,3,3,2,2,3,2,1,2,4,2,2,2,1,2,1,3,2,2,1,2,2,2,3,3,3,3,3,3,1,1,1,1,2,1,2,-8,1,4,4,4,4,3,4,4,-7,3,3,3,3,3,3,1,2,1,1,3,3,3,2,1,1,1,0,0,1,1,0,0,0,0,0,0,0,1,1,0,0,1,0,0,0,0,0,0,0,0,0,0,0,0,1,-8,-8,-8,-8,-8,-8,-8,0,0,1,1,0,0,0,0,0,0,0,1,2,1,0,0,0,0,0,0,1,3,-7,-7,-7,-7,-7,-7,-7,1,1,4,3,200000,60000,3,4,3,4,3,3,3,2,-7,2,2,2,3,3,3,4,3,2,2,1,2,3,3,1,1,3,0,1,1,0,0,0,0,0,NA,0,0,0,0,1,0,0,0,0,0,0,5,5,2,1,0,1,0,0,1,2,NA,2,-7,-7,2,2,2,-7,-7,-7,1,6,1,1957,68,2,-7,2,2,1,1,1,9,-7,-7,-7,-7,1,2,-7,2,7,2,2,2,2,2,2,3,3,3,5,1,2,2,2,2,0,0,1,0,0,0,bas25_07592,413.87255681,1,24510,Hamilton Hills,8,31,16:49:25,9,1,09:17:05,1,2,1,2,3,4,2,5,0,1
1,4,2,2,3,2,3,3,3,4,3,2,3,2,1,1,1,2,1,2,1,1,2,1,1,3,2,4,3,2,3,3,3,3,3,3,2,1,1,1,2,2,2,1,2,2,5,3,3,4,3,1,-7,3,2,2,3,3,3,1,3,2,1,2,1,2,2,1,1,0,0,0,0,0,0,0,0,0,0,0,1,0,0,0,0,0,0,1,1,0,0,0,0,-8,-8,-8,-8,-8,-8,0,1,0,0,0,1,0,1,0,1,0,0,-8,-8,-8,-8,-8,-8,-8,1,-8,-8,-8,-8,-8,-8,-8,3,-7,-7,-7,-7,-7,-7,-7,-7,1,2,4,4,200000,20000,4,4,4,4,3,3,2,2,-7,1,1,3,2,2,2,2,1,3,2,1,1,1,1,2,1,1,0,0,0,0,0,1,0,0,NA,0,0,0,0,0,0,0,0,0,0,1,4,3,1,1,1,0,0,0,1,2,NA,2,-7,-7,2,2,2,-7,-7,-7,2,7,5,1997,28,2,-7,2,2,3,3,3,1,6,-7,-7,-7,8,1,5,-7,5,2,2,2,2,2,2,3,4,3,5,2,1,1,1,1,0,1,0,0,0,0,bas25_07600,974.02883035,1,24510,Oliver/Johnston Square,10,20,09:12:37,10,20,09:39:02,2,2,1,1,2,4,2,2,2,2
6,3,1,1,2,2,3,3,3,4,3,2,3,2,2,2,3,1,1,2,1,1,1,1,1,2,1,1,2,3,3,3,3,3,2,3,1,1,1,1,1,1,1,2,2,3,3,2,3,3,3,4,-7,3,3,3,3,3,3,1,1,1,2,2,1,2,2,2,2,0,0,0,0,0,0,0,0,0,0,0,1,0,1,1,1,1,0,1,0,1,0,0,0,-8,-8,-8,-8,-8,-8,0,0,0,0,0,1,0,0,0,0,1,1,0,0,0,0,0,0,1,2,-8,-8,-8,-8,-8,-8,-8,1,4,-7,-7,-7,-7,-7,-7,-7,1,2,2,3,500000,50000,3,3,3,4,3,3,3,2,-7,2,2,2,1,1,1,1,1,2,1,1,1,2,2,1,1,1,0,0,0,0,0,0,0,0,NA,1,0,0,0,0,0,1,0,0,0,0,5,5,2,1,1,1,0,0,1,2,NA,2,-7,-7,2,1,2,-7,-7,-7,1,7,1,1989,36,2,-7,1,2,1,1,1,1,6,-7,-7,-7,3,2,-7,5,10,2,2,2,2,2,2,4,2,1,1,-7,2,2,2,2,0,0,1,0,0,0,bas25_07610,363.31423687,1,24510,Canton,9,3,16:40:22,9,3,16:56:25,1,1,1,2,4,4,2,3,0,1
21,2,2,2,3,2,3,2,4,4,3,2,3,3,1,2,2,1,1,1,1,1,2,3,2,3,2,2,3,2,4,4,3,4,4,4,1,1,1,1,1,1,1,1,2,5,4,3,4,4,4,-7,4,3,3,3,3,3,3,1,1,1,1,1,1,2,1,1,1,1,0,0,0,0,0,0,0,0,0,0,0,1,0,0,0,0,0,0,0,0,0,0,0,0,1,0,0,0,0,-8,-8,-8,-8,-8,-8,-8,0,0,1,1,0,0,0,0,0,0,0,1,3,0,0,0,0,0,1,0,3,-7,-7,-7,-7,-7,-7,-7,-7,1,1,3,3,500000,50000,4,4,3,2,3,3,3,2,-7,2,2,2,1,1,2,-8,1,1,1,1,1,4,3,1,1,1,0,0,0,0,0,0,0,0,NA,1,1,1,1,0,0,0,0,0,0,0,3,3,2,1,1,0,0,0,1,2,NA,1,1,-7,2,2,2,-7,-7,-7,1,5,1,1965,60,2,-7,2,2,1,1,1,2,-7,-7,-7,-7,3,2,-7,4,9,2,2,2,2,2,2,2,3,1,1,-7,2,2,2,2,0,0,1,0,0,0,bas25_07617,1546.5353604,2,24005,-7,9,1,18:18:31,9,1,18:50:19,1,2,2,2,4,3,2,4,0,1
2,3,1,2,3,2,4,3,3,4,3,1,3,1,1,1,3,1,1,1,1,1,1,1,1,3,1,2,1,2,3,3,4,2,2,3,1,1,1,2,2,1,1,2,1,3,2,2,3,3,2,4,-7,3,3,3,3,3,3,1,1,1,3,2,1,2,1,2,1,0,0,0,0,0,0,0,1,0,0,0,0,0,0,0,0,0,0,0,1,0,0,0,0,0,0,1,0,0,0,-8,-8,-8,-8,-8,-8,-8,0,0,1,1,0,0,1,0,0,0,0,0,1,-8,-8,-8,-8,-8,-8,-8,3,-7,-7,-7,-7,-7,-7,-7,-7,1,1,5,3,500000,50000,3,5,4,5,3,3,3,2,-7,2,2,1,1,1,1,1,1,1,1,1,1,2,2,1,1,1,0,0,0,1,0,0,0,0,NA,0,0,0,0,0,0,0,0,0,0,1,5,5,1,1,1,0,0,0,2,2,NA,2,-7,-7,2,2,2,-7,-7,-7,2,6,5,1999,26,1,-7,2,2,1,1,1,8,-7,-7,-7,-7,4,2,-7,6,11,2,2,2,2,2,2,5,2,1,1,-7,1,1,1,1,0,1,0,0,0,0,bas25_07632,3908.3115444,2,24005,-7,9,30,20:11:09,9,30,20:29:34,2,2,1,1,4,4,1,2,0,1
6,2,1,2,3,2,3,3,2,3,4,1,3,1,1,1,1,1,1,1,1,1,1,3,1,2,1,1,1,2,2,2,2,2,3,3,1,1,1,1,2,2,2,2,2,2,3,2,2,2,2,4,-7,3,3,3,3,3,3,1,1,1,1,3,1,2,1,1,1,0,0,0,0,0,0,1,1,0,1,0,0,0,0,0,1,1,0,1,1,1,1,0,0,-8,-8,-8,-8,-8,-8,-8,-8,-8,-8,-8,-8,-8,1,0,0,1,0,0,0,0,1,0,1,0,1,0,0,1,0,0,0,0,3,-7,-7,-7,-7,-7,-7,-7,-7,1,1,2,2,250000,35000,2,3,3,3,3,3,3,2,-7,2,2,1,1,1,1,1,1,1,1,1,1,2,2,1,1,3,-8,-8,-8,-8,-8,-8,-8,-8,NA,-8,0,0,0,0,0,0,0,0,0,1,4,4,2,1,1,0,0,0,2,2,NA,2,-7,-7,1,-7,2,-7,-7,-7,2,6,5,1992,33,2,-7,-8,2,1,1,1,9,-7,-7,-7,-7,1,2,-7,3,8,2,2,2,2,2,2,2,1,1,1,-7,2,2,2,2,0,0,1,0,0,0,bas25_07644,1872.9486306,2,24005,-7,8,29,13:58:02,8,29,14:19:38,1,2,1,2,4,4,2,2,0,1
0,5,4,3,2,2,3,3,5,3,3,5,5,3,3,4,5,2,3,1,1,1,3,4,3,3,3,4,4,3,4,4,4,4,5,5,2,2,2,2,2,2,2,2,2,5,3,4,5,5,5,4,-7,1,2,2,-8,3,3,2,3,1,3,2,1,4,4,2,2,1,0,0,0,1,1,1,1,0,1,0,0,0,0,0,0,1,0,0,1,1,0,0,0,0,1,1,0,1,0,1,1,1,1,1,1,1,1,0,0,0,1,0,0,0,0,0,0,1,3,0,0,0,0,1,1,0,1,2,-7,-7,-7,-7,-7,-7,-7,9,-7,-7,-7,70000,35000,4,4,4,5,2,2,2,2,-7,1,1,4,4,5,5,3,5,5,5,5,1,3,3,1,1,4,1,1,0,1,1,1,1,1,Fatigue depressed lazy nauseous shaky,0,0,1,0,1,0,0,0,1,1,0,1,1,1,2,1,0,0,0,2,2,NA,2,-7,-7,2,2,2,0,2,1,1,4,1,1991,34,1,-7,2,2,1,1,1,9,-7,-7,-7,-7,1,1,2,-7,2,1,1,2,2,2,2,3,4,1,5,1,2,2,2,2,0,0,1,0,0,0,bas25_07660,641.79970956,1,24510,Cedonia/Frankford,8,27,19:20:20,8,27,19:46:54,2,2,1,2,1,3,1,2,4.800000000000001,2
25,4,1,2,2,-8,4,3,3,2,3,3,3,4,2,3,3,1,1,3,2,2,1,1,1,1,1,1,1,2,3,3,3,2,2,3,1,1,1,1,1,1,2,1,2,3,3,1,4,3,3,4,-7,3,3,3,3,3,3,1,1,1,1,3,3,3,1,1,1,1,0,0,0,0,0,0,0,0,0,0,0,1,0,0,0,1,0,0,1,0,0,0,0,0,1,0,0,0,0,0,0,0,0,1,0,0,0,0,1,1,0,0,1,0,1,0,0,0,2,0,0,0,0,1,0,0,1,3,-7,-7,-7,-7,-7,-7,-7,5,-7,-7,-7,$1 million,30000,2,3,3,-8,3,3,3,2,-7,2,2,2,1,1,1,2,1,1,1,1,1,3,1,1,1,1,0,0,0,1,0,0,0,0,NA,0,0,1,0,0,0,0,0,0,0,0,5,5,2,1,1,0,0,0,2,2,NA,2,-7,-7,1,-7,2,-7,-7,-7,2,4,5,1949,76,1,-7,2,2,1,1,1,2,-7,-7,-7,-7,3,1,5,-7,5,2,2,2,2,2,2,3,3,3,5,1,2,2,2,2,0,0,1,0,0,0,bas25_07673,568.22656792,2,24005,-7,9,14,11:19:07,9,14,12:01:06,1,1,1,2,2,3,1,5,0,1
9,1,1,1,2,1,3,3,3,4,5,1,3,1,1,1,1,1,1,1,1,1,1,3,1,5,1,3,3,3,4,4,4,3,3,3,1,1,1,1,2,2,2,2,2,4,2,2,4,4,4,3,-7,3,3,3,3,3,3,1,5,1,1,3,1,1,1,1,1,0,0,0,0,0,0,1,1,1,0,0,0,0,0,0,0,0,0,0,0,1,0,0,0,-8,-8,-8,-8,-8,-8,-8,-8,-8,-8,-8,-8,-8,1,0,1,0,0,0,0,0,0,0,1,0,1,-8,-8,-8,-8,-8,-8,-8,1,1,-7,-7,-7,-7,-7,-7,-7,1,1,1,4,400000,80000,3,4,4,5,3,3,3,2,-7,2,2,2,1,1,1,2,1,2,1,1,1,4,3,1,1,2,0,0,0,0,0,0,0,0,NA,1,1,0,0,0,1,0,0,0,0,0,5,5,2,1,1,0,0,0,2,2,NA,1,2,3,3,1,1,1,0,2,1,6,1,1982,43,1,-7,2,2,1,1,1,2,-7,-7,-7,-7,3,2,-7,5,10,2,2,2,2,2,2,3,2,1,1,-7,2,2,2,2,0,0,1,0,0,0,bas25_07691,2615.6099286,2,24005,-7,9,11,11:50:11,9,11,12:07:13,1,1,1,2,4,4,1,3,0,1
1,4,2,3,3,2,4,2,5,3,3,1,3,1,1,1,2,1,1,2,1,2,1,5,2,3,3,4,4,2,4,4,2,5,5,5,1,1,1,1,1,1,1,1,2,5,5,-8,5,5,5,4,-7,3,3,3,3,3,3,1,1,1,1,1,3,3,1,1,1,0,0,0,0,0,0,0,0,0,0,0,1,0,0,0,0,0,0,1,0,0,0,0,0,-8,-8,-8,-8,-8,-8,-8,-8,-8,-8,-8,-8,-8,1,0,1,0,0,-8,-8,-8,-8,-8,-8,-8,1,-8,-8,-8,-8,-8,-8,-8,2,-7,0,0,1,0,0,0,0,1,5,2,4,250000,60000,4,5,3,2,3,3,3,2,-7,2,2,2,1,1,1,1,1,3,1,1,2,3,3,1,1,1,0,0,0,0,0,0,0,0,NA,1,1,1,0,0,1,0,0,0,0,0,3,5,2,1,1,0,0,0,1,2,NA,2,-7,-7,2,2,2,-7,-7,-7,1,4,3,1968,57,2,-7,2,2,1,1,1,1,6,-7,-7,-7,1,2,-7,5,10,1,1,2,2,2,2,3,4,1,1,-7,2,2,2,2,0,0,1,0,0,0,bas25_07706,1546.5353604,2,24005,-7,9,21,10:12:22,9,21,10:43:54,1,2,1,2,4,3,2,4,0,1
2,2,2,4,2,4,2,2,4,4,3,3,3,3,1,2,3,2,2,4,3,3,4,4,3,2,2,6,-7,4,2,2,2,4,2,5,2,2,2,2,2,2,2,1,2,5,2,2,2,2,2,-7,1,2,3,2,1,1,1,2,1,2,2,2,2,3,2,2,1,0,0,0,0,0,0,0,0,0,0,0,1,0,0,0,0,0,0,0,1,0,0,0,0,1,1,1,0,0,0,0,1,0,1,0,1,0,1,0,0,0,1,0,0,1,0,1,0,0,3,0,0,0,0,0,1,0,1,4,-7,-7,-7,-7,-7,-7,-7,2,4,2,4,500000,10000,3,3,2,3,2,3,2,1,3,1,2,3,3,-8,1,4,5,5,3,2,1,3,5,2,1,4,0,1,0,1,0,0,0,0,NA,0,0,0,0,0,0,0,0,1,1,0,1,3,1,4,0,0,0,1,2,2,NA,2,-7,-7,2,2,1,0,0,0,2,7,3,2005,20,2,-7,1,1,1,2,2,3,-7,-7,-7,-7,1,1,1,-7,1,1,2,2,2,2,2,4,2,1,5,2,1,1,4,6,0,1,0,0,0,1,bas25_07720,600.49286734,1,24510,Greater Charles Village/Barclay,8,29,14:46:22,8,29,14:57:01,2,1,2,3,1,4,2,1,8,3
0,2,1,1,2,1,3,3,2,2,2,1,2,2,1,1,1,1,1,1,1,1,1,2,1,1,1,1,1,2,3,3,3,3,2,3,1,1,1,1,1,1,1,1,1,3,3,2,3,3,4,-7,4,3,3,3,3,3,3,1,1,1,1,2,1,2,1,2,1,1,1,0,0,0,0,0,0,0,1,0,0,1,1,1,1,0,0,0,0,0,1,0,0,-8,-8,-8,-8,-8,-8,-8,-8,-8,-8,-8,-8,-8,0,0,1,1,0,0,0,0,0,0,0,1,2,-8,-8,-8,-8,-8,-8,-8,3,-7,-7,-7,-7,-7,-7,-7,-7,4,-7,-7,-7,120000,30000,3,4,3,4,3,3,3,2,-7,2,2,2,2,1,1,2,1,1,1,1,1,3,2,1,1,1,-8,-8,-8,-8,-8,-8,-8,-8,NA,-8,1,0,0,0,0,0,0,0,0,0,5,5,2,1,1,0,0,0,1,2,NA,-8,-7,-7,2,1,2,-7,-7,-7,2,5,1,1960,65,2,-7,-8,-8,1,1,1,3,-7,-7,-7,-7,4,2,-7,-8,-6,2,-8,-8,2,2,2,3,3,1,1,-7,2,2,2,2,0,0,1,0,0,-8,bas25_07732,1849.6288377,2,24005,-7,8,30,11:01:41,8,30,11:36:32,2,2,2,2,-6,3,2,5,0,1
20,2,4,2,1,1,4,4,1,3,2,4,3,4,3,3,3,1,2,3,2,2,5,3,2,3,2,2,2,2,4,4,4,5,4,4,1,1,-8,1,1,1,1,1,2,5,5,3,5,5,5,3,-7,3,3,3,3,3,3,1,1,1,2,1,1,3,1,1,2,1,0,0,0,0,0,1,0,1,0,0,0,0,0,0,0,0,0,0,1,0,0,0,0,0,1,0,0,0,0,0,0,1,1,0,0,0,0,0,1,0,0,1,1,0,0,1,0,0,3,1,1,1,0,0,1,1,2,-7,0,0,0,0,0,1,0,1,4,2,4,100000,35000,4,5,4,5,2,2,1,1,1,1,1,3,5,5,5,5,2,5,5,3,3,2,4,1,1,1,0,1,0,0,0,0,0,0,NA,0,0,0,0,0,0,1,0,0,0,0,2,1,1,3,0,0,0,1,1,2,NA,2,-7,-7,1,-7,1,1,1,0,2,4,5,1979,46,2,-7,2,2,1,1,1,8,-7,-7,-7,-7,8,1,5,-7,5,2,2,2,2,2,2,3,3,1,5,1,1,5,1,5,1,1,1,1,0,0,bas25_07740,292.17397203,1,24510,Cherry Hill,9,15,19:24:17,9,15,20:46:06,2,2,1,1,2,3,2,3,0,1
5,4,1,1,2,2,3,2,1,1,2,1,2,1,1,1,2,1,2,1,1,1,2,1,1,1,1,1,2,1,3,3,3,3,2,3,2,1,1,1,1,1,1,1,2,4,4,5,2,2,2,-7,3,3,-8,3,3,3,3,2,3,1,2,3,3,2,1,1,1,1,1,0,0,1,0,1,0,1,0,0,0,1,1,0,0,1,0,1,0,0,0,0,0,0,0,0,1,0,0,1,0,0,1,1,0,0,0,0,1,1,0,0,1,1,1,1,0,0,4,0,0,0,0,1,0,0,2,-7,1,0,1,1,0,1,0,3,3,1,4,1000000000,1000,3,3,3,4,3,3,3,2,-7,2,2,1,2,1,2,2,1,1,1,1,1,3,1,1,1,1,0,0,0,1,1,0,0,0,NA,0,0,0,0,0,0,0,1,0,0,0,5,5,2,1,1,0,0,0,1,2,NA,1,2,1,1,-7,2,-7,-7,-7,2,4,3,1963,62,2,-7,2,2,1,1,1,8,-7,-7,-7,-7,6,2,-7,3,8,2,2,2,2,2,2,2,2,1,1,-7,1,1,1,1,0,1,0,0,0,0,bas25_07761,957.7470149,2,24005,-7,9,8,12:17:30,9,8,13:06:32,1,1,2,1,4,3,2,4,0,1
5,3,3,2,3,4,2,2,3,5,4,2,4,5,5,3,5,5,4,4,5,5,4,4,4,4,2,4,4,3,3,4,4,4,3,3,1,1,1,1,1,1,1,1,2,3,3,3,5,5,4,3,-7,2,1,2,2,2,2,1,3,2,4,2,2,3,5,4,4,1,1,0,1,1,0,1,0,0,0,0,0,0,0,0,0,0,0,1,1,1,0,0,0,0,1,0,0,1,0,0,1,0,1,0,0,1,0,0,1,0,1,1,0,0,1,1,0,0,5,0,1,0,0,0,1,0,2,-7,0,0,1,0,1,0,0,8,-7,-7,-7,4000,100,4,4,4,4,2,2,1,2,-7,2,2,2,2,2,2,1,3,3,1,2,1,4,5,1,1,3,1,0,1,0,1,0,1,0,NA,0,1,0,0,0,1,0,1,1,1,0,3,3,1,2,0,1,0,0,1,2,NA,2,-7,-7,2,2,1,3,2,1,1,1,5,1994,31,1,-7,2,2,1,1,1,8,-7,-7,-7,-7,1,2,-7,1,6,1,1,1,2,2,2,3,1,2,5,2,1,1,1,1,0,1,0,0,0,0,bas25_07762,1620.7451801,1,24510,Cherry Hill,8,28,22:37:19,8,29,02:27:15,2,1,1,1,3,1,1,2,7,3
7,3,1,2,2,2,3,3,3,-8,-8,1,3,1,1,1,2,2,1,1,1,1,1,3,3,3,3,1,1,-8,3,3,4,3,3,-8,1,1,1,1,2,1,2,2,1,3,4,3,3,-8,-8,2,-7,3,3,3,3,3,3,1,1,1,1,1,1,2,1,1,1,0,0,0,1,0,0,1,0,0,0,0,0,0,0,0,1,1,0,1,1,0,0,0,0,-8,-8,-8,-8,-8,-8,-8,-8,-8,-8,-8,-8,-8,-8,-8,-8,-8,-8,0,0,0,0,0,0,1,1,-8,-8,-8,-8,-8,-8,-8,1,2,-7,-7,-7,-7,-7,-7,-7,-8,-7,-7,-7,300000,30000,-8,-8,4,5,3,3,3,1,3,1,2,2,1,1,1,1,1,1,1,1,1,2,2,1,1,1,0,0,0,0,0,0,0,0,NA,1,-8,-8,-8,-8,-8,-8,-8,-8,-8,-8,5,5,2,1,1,0,0,0,2,2,NA,-8,-7,-7,1,-7,2,-7,-7,-7,1,3,5,1991,34,2,-7,2,2,1,1,1,9,-7,-7,-7,-7,1,1,1,-7,1,2,1,2,2,2,2,4,3,1,1,-7,2,2,2,2,0,0,1,0,0,0,bas25_07766,686.47575748,1,24510,Greater Govans,8,27,20:09:46,8,27,20:57:38,1,1,1,2,1,2,2,2,0,1
30,2,1,2,3,2,3,3,2,3,3,1,3,1,1,1,2,1,2,1,1,1,2,2,2,2,2,2,2,2,4,3,4,3,3,-8,1,1,1,2,2,2,2,2,2,2,2,3,2,1,1,-7,3,3,3,3,3,3,3,1,4,1,2,2,2,2,1,1,1,1,1,0,0,1,0,0,1,0,0,0,0,1,1,0,0,1,0,0,1,0,0,0,0,-8,-8,-8,-8,-8,-8,-8,-8,-8,-8,-8,-8,-8,1,0,1,0,0,0,0,0,0,0,0,1,5,-8,-8,-8,-8,-8,-8,-8,2,-7,0,0,1,0,0,0,0,5,-7,-7,-7,500000,29000,3,5,3,5,3,2,3,2,-7,2,2,2,2,2,2,2,2,2,1,1,1,-8,2,1,1,2,0,0,0,0,0,0,0,0,NA,1,1,0,0,0,0,0,0,0,0,0,5,5,2,1,1,0,0,0,1,2,NA,1,1,-7,3,1,1,2,0,0,2,7,1,1954,71,1,-7,2,2,1,1,1,1,1,-7,-7,-7,8,2,-7,3,8,2,2,2,2,2,2,3,2,1,1,-7,1,1,1,1,0,1,0,0,0,0,bas25_07790,933.23321784,2,24005,-7,10,8,14:21:24,10,8,15:51:54,2,2,2,1,4,4,1,5,0,1
38,4,2,2,2,2,3,3,3,3,2,4,3,4,3,3,-8,4,-8,4,4,4,2,4,4,3,1,4,4,3,3,3,4,3,4,4,2,1,1,1,1,1,1,1,2,2,4,3,4,4,4,-7,4,1,2,2,1,1,1,2,4,2,5,2,3,4,3,2,1,0,0,0,0,1,0,1,0,0,0,0,0,1,0,0,0,1,0,0,0,1,0,0,0,0,0,0,0,1,0,1,1,1,1,1,1,1,0,0,1,0,1,0,0,1,0,0,0,0,5,1,0,0,1,0,0,0,2,-7,0,0,1,0,0,0,0,8,-7,-7,-7,100000,50000,4,4,4,5,1,1,1,1,1,1,1,4,5,5,5,5,5,2,5,4,3,5,5,2,2,4,0,1,1,1,1,1,1,0,NA,0,0,0,0,0,0,0,0,1,1,0,4,5,2,2,0,1,0,0,2,2,NA,2,-7,-7,3,2,2,-7,-7,-7,1,3,1,1986,39,1,-7,2,2,1,1,1,-8,-6,-7,-7,-7,5,1,1,-7,1,2,1,2,1,1,2,5,4,1,1,-7,2,2,2,2,0,0,1,0,0,0,bas25_07796,926.64545897,1,24510,Hampden/Remington,9,1,00:51:16,9,1,01:29:51,1,2,2,2,1,2,1,3,10,3
3,3,2,2,4,4,3,1,5,5,5,3,3,5,5,2,4,3,2,3,3,5,2,5,2,5,2,2,2,3,3,3,3,3,3,3,2,1,1,2,2,2,2,2,2,5,3,3,4,4,5,-7,4,3,3,3,3,3,3,1,4,1,3,1,1,5,5,5,1,0,0,0,0,0,0,1,1,0,1,0,0,1,1,0,1,1,0,1,1,1,1,0,0,1,0,0,0,0,1,0,1,1,1,0,1,1,0,0,1,1,0,0,1,1,1,1,1,0,5,0,0,0,0,1,1,0,1,4,-7,-7,-7,-7,-7,-7,-7,2,1,5,1,250000,45000,3,4,4,4,3,3,2,2,-7,1,2,4,4,5,5,5,4,4,4,5,3,3,4,2,2,5,0,0,0,0,0,0,0,0,NA,1,0,0,0,0,0,0,0,0,1,0,5,5,1,1,0,0,1,0,2,2,NA,1,3,2,2,1,2,-7,-7,-7,2,5,5,2004,21,1,-7,2,2,1,1,1,1,1,-7,-7,-7,1,1,2,-7,2,2,2,2,2,2,2,2,4,1,2,-7,2,2,2,2,0,0,1,0,0,0,bas25_07805,2296.9483607,2,24005,-7,9,3,16:16:28,9,3,17:06:04,2,2,2,2,1,3,1,1,0,1
5,4,1,2,2,2,4,3,2,1,3,3,2,3,2,1,3,1,1,2,2,1,2,3,2,3,1,1,2,2,2,2,3,2,4,3,2,1,2,1,2,1,2,2,1,4,5,3,4,5,5,-7,4,3,3,3,3,3,3,1,4,1,2,1,1,1,1,1,7,0,1,0,0,0,0,0,1,1,0,0,0,0,1,0,0,0,0,0,1,1,0,0,0,0,0,0,1,1,0,0,0,0,1,1,1,0,0,0,1,1,0,0,0,1,1,1,1,0,2,-8,-8,-8,-8,-8,-8,-8,1,4,-7,-7,-7,-7,-7,-7,-7,1,2,5,1,350000,65000,4,5,3,5,3,3,3,2,-7,2,2,2,1,2,2,2,1,3,2,3,1,3,3,1,1,2,0,1,0,1,0,0,0,0,NA,0,0,0,0,0,0,0,0,1,0,0,5,5,2,2,0,1,0,0,1,2,NA,2,-7,-7,1,-7,2,-7,-7,-7,2,7,3,1963,62,1,-7,2,2,1,1,1,2,-7,-7,-7,-7,6,2,-7,3,8,2,1,2,2,2,2,4,2,1,1,-7,2,2,2,2,0,0,1,0,0,0,bas25_07806,91.902460691,1,24510,Hampden/Remington,9,2,17:28:21,9,2,18:03:18,2,1,2,2,4,4,1,4,0,1
9,3,1,1,1,1,4,4,3,3,2,1,3,1,1,1,1,1,1,1,1,1,1,3,2,2,2,2,2,1,4,2,4,4,-8,4,1,1,1,1,1,1,1,1,2,5,5,5,5,5,5,1,-7,3,3,3,3,3,3,1,1,1,1,2,2,1,1,1,1,1,1,0,0,0,0,0,0,0,0,0,0,1,1,1,1,0,1,1,1,1,0,0,0,-8,-8,-8,-8,-8,-8,1,0,0,0,0,0,0,-8,-8,-8,-8,-8,-8,-8,-8,-8,-8,-8,-8,1,-8,-8,-8,-8,-8,-8,-8,1,1,-7,-7,-7,-7,-7,-7,-7,2,5,4,1,"Ove100,000",40000,4,5,4,4,3,3,3,2,-7,2,2,1,2,2,2,2,2,1,1,1,1,3,2,1,2,1,-8,-8,-8,-8,-8,-8,-8,-8,NA,-8,-8,-8,-8,-8,-8,-8,-8,-8,-8,-8,5,1,1,1,0,1,0,0,1,2,NA,2,-7,-7,1,-7,2,-7,-7,-7,2,-8,3,1964,61,1,-7,2,-8,3,3,3,2,-7,-7,-7,-7,2,1,2,-7,2,2,2,2,2,2,2,-8,2,1,1,-7,-6,-6,-6,-6,-8,-8,-8,-8,-8,-8,bas25_07812,474.41263953,1,24510,Hamilton Hills,9,1,20:15:33,-9,-9,NA:NA:NA,2,1,1,-6,1,-8,1,4,0,1
24,2,1,2,2,1,3,3,2,2,3,2,3,2,2,2,1,1,1,1,1,1,1,3,3,1,1,1,2,2,2,2,2,2,2,3,1,1,1,1,1,1,1,1,2,3,3,2,3,3,3,4,-7,3,3,3,3,3,3,1,1,1,1,2,2,2,1,1,1,0,0,0,0,0,0,0,0,0,0,0,1,0,0,0,0,0,0,0,0,1,0,0,0,-8,-8,-8,-8,-8,-8,0,0,0,0,0,1,0,1,0,0,1,0,1,0,0,0,0,0,0,1,-8,-8,-8,-8,-8,-8,-8,2,-7,0,0,1,0,0,0,1,1,1,1,4,100000,40000,2,3,3,4,3,3,3,2,-7,2,2,1,1,1,1,1,1,1,1,1,1,2,1,1,1,3,0,0,0,0,0,0,0,0,NA,1,0,1,0,0,0,1,0,0,0,0,5,5,2,4,1,0,0,0,1,2,NA,1,1,-7,1,-7,2,-7,-7,-7,2,6,1,1963,62,1,-7,2,2,3,3,3,1,3,-7,-7,-7,9,2,-7,4,9,2,2,2,2,2,2,2,1,1,3,-7,3,4,3,4,0,0,0,0,1,0,bas25_07819,267.22588447,2,24005,-7,10,2,10:40:49,10,2,11:30:58,1,2,1,3,4,4,1,4,0,1
40,2,3,-8,3,-8,3,2,4,4,3,3,4,3,-8,-8,4,2,1,3,2,2,2,3,3,4,2,5,4,3,4,4,3,4,3,4,-8,-8,-8,-8,-8,-8,-8,-8,2,5,3,1,5,4,5,-7,4,3,3,3,3,3,3,-8,1,1,2,1,1,3,1,2,1,0,0,0,0,0,0,0,0,0,0,0,1,0,0,0,0,0,0,0,1,0,0,0,0,-8,-8,-8,-8,-8,-8,-8,-8,-8,-8,-8,-8,-8,0,0,1,1,0,0,0,0,0,0,0,1,2,-8,-8,-8,-8,-8,-8,-8,3,-7,-7,-7,-7,-7,-7,-7,-7,1,1,3,2,NA,NA,4,4,3,3,3,3,3,2,-7,2,2,-8,1,1,1,1,1,1,1,1,1,4,4,2,2,4,0,1,0,1,0,0,0,0,NA,0,0,0,0,0,0,0,0,1,0,0,3,4,2,4,-8,-8,-8,-8,2,2,NA,-8,-7,-7,-8,-7,2,-7,-7,-7,2,-8,-8,-8,-8,-8,-6,-8,-8,-8,-8,-8,-8,-6,-7,-7,-7,-8,-8,-7,-7,-6,2,2,2,2,2,2,-8,4,-8,1,-7,-6,-6,-6,-6,-8,-8,-8,-8,-8,-8,bas25_07835,563.03607839,2,24005,-7,8,28,13:40:43,8,28,14:04:29,2,2,2,-6,-6,-8,-8,-8,0,1
20,4,2,2,3,2,3,2,4,5,4,3,4,3,2,2,3,1,3,3,2,1,2,4,2,4,1,4,3,2,3,3,4,2,4,3,2,1,1,1,2,2,2,2,1,3,2,3,4,3,3,-7,1,2,2,2,3,2,3,1,3,1,1,3,3,2,1,1,2,1,1,0,0,0,0,0,0,0,1,0,0,1,1,0,0,1,0,0,1,0,1,0,0,0,1,0,0,0,0,-8,-8,-8,-8,-8,-8,-8,1,0,1,0,0,0,1,0,1,0,0,0,2,1,0,0,0,0,0,0,1,4,-7,-7,-7,-7,-7,-7,-7,9,-7,-7,-7,300000,20000,4,3,4,5,3,3,2,1,3,1,1,2,1,1,2,2,3,3,2,4,3,2,3,1,1,3,0,1,0,0,0,0,0,0,NA,0,1,0,0,0,1,0,0,0,0,0,1,2,2,4,1,1,0,0,1,2,NA,2,-7,-7,1,-7,2,-7,-7,-7,2,7,5,1961,64,1,-7,2,2,1,1,1,4,-7,-7,2,-7,3,1,3,-7,3,2,1,2,2,2,2,3,4,1,1,-7,2,2,2,2,0,0,1,0,0,0,bas25_07842,198.86774037,2,24005,-7,8,27,22:10:20,8,27,22:36:03,2,2,2,2,2,4,1,4,4,2
2,2,2,2,3,3,3,2,4,4,3,2,3,3,2,2,2,1,1,1,1,1,4,4,3,4,3,6,-7,3,4,4,4,4,3,4,1,1,1,1,1,1,2,1,2,3,1,1,4,2,2,-7,4,3,3,3,3,3,3,2,3,1,2,3,3,2,2,2,4,0,0,0,0,0,0,0,1,0,0,0,0,0,0,0,0,0,0,0,0,1,0,0,0,-8,-8,-8,-8,-8,-8,0,0,0,0,0,1,0,0,0,1,0,1,0,1,0,0,0,0,0,2,-8,-8,-8,-8,-8,-8,-8,1,3,-7,-7,-7,-7,-7,-7,-7,7,-7,-7,-7,1000000,36000,4,5,4,5,2,3,2,1,2,1,1,3,3,2,5,2,3,1,1,2,3,3,4,1,1,2,0,1,1,0,0,0,0,0,NA,0,0,0,0,1,0,0,0,1,1,0,4,2,1,1,1,0,0,0,1,2,NA,1,1,-7,3,1,1,3,1,2,2,2,1,1986,39,1,-7,3,2,1,1,1,9,-7,-7,-7,-7,1,1,2,-7,2,1,1,1,2,2,1,3,2,1,5,1,1,1,1,1,0,1,0,0,0,0,bas25_07843,2782.1766826,2,24005,-7,9,5,16:22:55,9,5,16:56:18,1,2,2,1,1,1,1,3,0,1
2,1,1,1,1,1,3,2,1,3,2,1,3,1,1,1,1,1,1,1,1,1,1,3,1,2,1,1,1,2,4,2,4,4,-8,-8,2,1,2,1,2,2,2,2,-8,4,4,-8,4,4,4,-7,4,3,3,3,3,3,3,1,1,1,1,3,1,1,1,1,2,0,0,0,0,0,0,0,1,0,0,0,0,0,0,0,0,0,0,1,1,1,0,0,0,0,0,0,1,0,0,-8,-8,-8,-8,-8,-8,-8,1,0,1,0,0,0,0,0,0,0,0,1,2,-8,-8,-8,-8,-8,-8,-8,1,4,-7,-7,-7,-7,-7,-7,-7,1,1,1,3,1000000,100000,3,3,4,3,3,3,3,2,-7,2,2,2,1,1,1,1,1,3,2,1,1,4,3,2,2,1,0,0,0,0,0,0,0,0,NA,1,0,0,0,0,0,1,0,0,0,0,5,4,2,1,1,0,0,0,1,2,NA,2,-7,-7,4,1,1,2,0,0,2,7,1,1987,38,1,-7,2,2,3,3,3,9,-7,-7,-7,-7,1,2,-7,6,11,2,2,2,2,2,2,4,2,1,1,-7,2,2,2,2,0,0,1,0,0,0,bas25_07872,621.936793,2,24005,-7,9,1,08:14:12,9,1,08:34:41,1,1,2,2,4,4,1,3,0,1
11,3,2,2,3,2,4,3,3,2,3,1,4,1,1,3,2,1,1,2,1,1,1,2,2,1,2,2,1,3,3,3,4,3,2,3,2,1,1,1,2,1,2,2,2,3,1,2,3,2,2,-7,4,3,3,3,3,3,3,1,1,1,2,2,1,3,1,2,2,1,0,0,0,1,0,0,0,0,0,0,0,1,1,0,0,1,0,0,0,1,0,0,0,-8,-8,-8,-8,-8,-8,0,1,1,1,0,0,0,0,1,0,1,0,0,0,0,0,0,1,0,2,-8,-8,-8,-8,-8,-8,-8,1,3,-7,-7,-7,-7,-7,-7,-7,1,2,4,2,500000,50000,4,4,2,2,3,3,3,2,-7,2,2,2,1,3,2,4,1,2,1,3,1,2,3,1,1,3,0,1,1,1,0,0,0,0,NA,0,1,1,0,0,1,0,0,0,0,0,5,5,2,1,1,1,0,0,2,2,NA,2,-7,-7,3,1,2,-7,-7,-7,2,7,1,1969,56,2,-7,2,2,1,1,1,9,-7,-7,-7,-7,1,2,-7,6,11,2,2,2,2,2,2,4,2,1,1,-7,2,2,2,2,0,0,1,0,0,0,bas25_07876,725.85998483,2,24005,-7,8,31,11:14:08,8,31,11:33:39,1,1,2,2,4,4,2,4,0,1
27,3,1,1,2,2,3,4,2,5,3,1,3,3,2,1,3,2,1,3,1,3,1,4,2,5,1,6,-7,2,3,3,4,4,4,3,2,2,2,2,2,2,2,2,2,5,5,3,5,5,5,4,-7,3,3,3,3,3,3,1,1,1,1,3,1,2,1,1,2,1,0,0,0,0,0,0,0,0,0,0,0,1,0,0,0,0,0,0,0,0,0,0,0,-8,-8,-8,-8,-8,-8,0,0,0,0,1,0,0,0,0,1,1,0,1,0,0,0,1,0,0,1,-8,-8,-8,-8,-8,-8,-8,2,-7,0,0,1,0,0,0,0,5,-7,-7,-7,1500000,40000,3,5,4,5,3,3,3,2,-7,2,2,1,1,1,2,1,1,1,1,1,1,2,3,1,1,1,0,0,0,0,0,0,0,0,NA,1,0,1,0,0,1,0,0,0,0,0,5,5,2,4,1,0,1,0,2,2,NA,1,1,-7,2,2,2,-7,-7,-7,2,6,1,1959,66,1,-7,2,2,1,1,1,9,-7,-7,-7,-7,3,2,-7,2,7,2,2,2,2,2,2,4,2,1,1,-7,1,1,1,1,0,1,0,0,0,0,bas25_07881,398.06896215,1,24510,Beechfield/Ten Hills/West Hills,10,16,11:43:37,10,16,12:21:10,2,1,1,1,3,4,1,5,0,1
44,3,1,2,2,2,3,-8,3,3,3,3,3,5,3,3,4,3,3,3,3,3,2,2,3,2,2,-8,-8,2,3,3,3,3,2,-8,1,1,1,1,1,1,1,1,2,5,4,3,4,4,3,4,-7,3,3,3,3,3,3,1,1,2,1,2,3,3,1,1,-8,1,0,0,0,1,0,0,0,0,1,0,0,1,0,0,1,0,0,0,0,0,1,0,0,0,0,0,0,0,1,0,1,0,1,0,0,0,0,0,1,1,0,0,0,0,0,0,0,1,2,-8,-8,-8,-8,-8,-8,-8,-8,-7,-7,-7,-7,-7,-7,-7,-7,5,-7,-7,-7,NA,NA,3,3,3,3,3,3,3,-8,-7,2,2,2,2,3,3,3,3,2,2,2,1,3,1,2,2,1,0,0,0,0,0,0,0,0,NA,1,0,0,0,0,0,0,0,0,0,1,3,4,2,1,0,0,0,1,1,1,NA,-8,-7,-7,1,-7,-8,-7,-7,-7,2,4,3,-8,-8,1,-7,4,2,1,1,1,9,-7,-7,-7,-7,1,-8,-7,-7,-6,2,2,2,2,2,2,5,3,1,-8,-7,1,1,1,1,0,1,0,0,0,0,bas25_07884,202.96298249,1,24510,Midway/Coldstream,8,28,15:39:00,10,14,14:39:21,2,1,1,1,-6,3,1,-8,0,1
0,3,2,2,3,2,2,3,3,2,3,2,3,3,3,3,3,3,2,2,1,1,2,2,3,2,2,2,2,2,3,3,3,3,3,3,1,1,1,1,1,1,2,2,2,3,3,3,3,3,3,-7,5,2,2,2,2,2,2,1,5,2,2,2,3,3,1,1,1,0,0,0,0,0,0,1,1,0,0,0,0,0,0,0,0,0,0,1,1,0,0,0,0,0,0,0,0,1,0,0,0,1,0,0,0,0,0,0,1,0,1,1,0,0,0,1,0,0,1,-8,-8,-8,-8,-8,-8,-8,3,-7,-7,-7,-7,-7,-7,-7,-7,8,-7,-7,-7,NA,NA,3,3,3,3,2,2,2,1,1,2,1,3,3,3,3,3,3,3,3,3,2,4,4,1,2,5,0,0,0,0,0,0,1,0,NA,0,0,0,0,0,0,0,0,0,0,1,3,3,1,3,1,0,0,0,2,5,NA,2,-7,-7,3,2,2,-7,-7,-7,2,3,5,2005,20,2,-7,2,2,1,1,1,9,-7,-7,-7,-7,1,1,1,-7,1,1,2,2,2,2,2,3,3,2,5,2,1,1,1,1,0,1,0,0,0,0,bas25_07886,3161.6000408,1,24510,Upton/Druid Heights,9,5,16:23:06,10,1,18:45:42,1,2,2,1,1,2,2,1,6,3
1,2,2,3,4,2,4,3,3,4,2,4,3,4,3,1,2,2,1,2,2,2,3,3,2,3,1,2,1,2,3,3,3,3,4,3,1,2,1,2,2,1,2,2,1,4,5,3,5,5,4,-7,4,3,3,3,3,3,3,1,1,1,1,3,1,2,2,1,1,0,0,0,0,0,0,0,1,0,0,0,0,0,0,0,0,0,0,0,1,0,0,0,0,-8,-8,-8,-8,-8,-8,0,0,0,0,0,1,1,1,0,1,0,0,1,1,1,1,1,1,0,3,-8,-8,-8,-8,-8,-8,-8,1,2,-7,-7,-7,-7,-7,-7,-7,1,2,3,3,100000,32000,4,4,4,5,3,3,3,2,-7,2,2,2,1,1,1,1,1,2,1,4,1,2,3,2,1,1,0,0,0,0,0,0,0,0,NA,1,0,0,0,0,0,0,0,0,0,1,5,5,1,1,1,0,0,0,1,2,NA,2,-7,-7,2,1,2,-7,-7,-7,2,7,5,2001,24,2,-7,2,2,1,3,3,9,-7,-7,-7,-7,1,1,4,-7,4,2,2,2,2,2,2,3,3,1,1,-7,3,4,3,4,0,0,0,0,1,0,bas25_07890,294.27418181,1,24510,Oldtown/Middle East,9,2,19:37:36,9,2,19:52:46,2,1,2,3,2,4,2,1,0,1
14,2,4,3,3,4,2,1,3,3,2,4,4,3,3,4,4,3,4,4,4,4,4,2,3,3,3,3,3,3,4,4,4,3,2,3,1,1,1,1,1,1,1,1,2,3,3,3,3,4,3,-7,5,2,2,2,2,2,2,2,3,2,3,1,3,3,1,1,1,1,0,0,0,0,0,0,0,0,0,0,0,1,0,0,0,0,0,0,0,0,0,0,0,0,0,0,0,0,1,0,0,0,0,0,1,0,1,0,0,0,1,0,0,0,0,0,0,1,4,0,0,0,0,0,1,0,3,-7,-7,-7,-7,-7,-7,-7,-7,8,-7,-7,-7,100000,1045,4,4,3,4,2,2,2,1,2,1,1,3,3,3,3,3,3,3,3,3,1,3,4,1,1,4,0,0,0,0,0,1,0,0,NA,0,0,0,0,1,0,0,0,0,0,0,3,3,3,3,1,0,0,0,2,4,NA,2,-7,-7,1,-7,2,-7,-7,-7,2,2,4,1966,59,1,-7,2,2,1,1,1,9,-7,-7,-7,-7,4,1,1,-7,1,2,2,2,2,2,2,3,2,1,1,-7,1,1,1,1,0,1,0,0,0,0,bas25_07906,478.07936134,1,24510,Penn North/Reservoir Hill,9,1,18:20:37,9,1,19:12:18,2,2,2,1,1,1,1,4,6,3
75,2,1,1,1,1,3,4,2,4,5,5,5,5,4,4,5,1,4,4,1,3,2,5,5,4,2,1,2,3,4,4,3,5,5,5,1,1,1,1,2,1,2,2,2,5,5,5,5,5,5,4,-7,3,3,3,3,3,3,1,1,1,1,1,3,3,1,1,1,1,0,0,0,0,0,0,0,0,0,0,0,1,0,0,0,0,0,0,0,0,0,0,0,0,0,1,0,0,0,0,1,0,1,0,1,0,0,0,1,1,0,0,0,0,0,0,0,1,1,-8,-8,-8,-8,-8,-8,-8,1,4,-7,-7,-7,-7,-7,-7,-7,5,-7,-7,-7,75000,25000,4,5,1,1,3,3,3,2,-7,2,2,1,1,1,1,1,1,1,1,1,1,4,1,1,1,1,0,0,0,0,0,0,0,0,NA,1,1,0,0,0,0,0,0,0,0,0,5,5,2,4,0,0,0,1,1,2,NA,1,1,-7,2,2,2,-7,-7,-7,1,3,1,1948,77,2,-7,2,2,3,3,3,2,-7,-7,-7,-7,7,1,5,-7,5,2,2,2,2,2,2,2,1,1,1,-7,2,2,2,2,0,0,1,0,0,0,bas25_07907,795.44271315,1,24510,Highlandtown,8,28,16:51:37,8,28,17:20:54,1,2,1,2,2,2,2,5,0,1
58,4,2,1,2,2,3,3,2,4,4,1,3,2,1,2,2,1,1,2,1,2,2,1,1,3,1,4,4,2,3,3,4,3,4,3,1,1,1,1,2,2,1,2,2,5,3,2,3,3,4,-7,3,3,3,3,3,3,3,1,3,1,3,1,1,3,1,1,1,0,0,0,0,1,0,0,0,0,0,0,0,0,0,0,0,0,0,0,0,1,0,0,0,0,0,0,0,1,0,0,0,0,1,1,0,0,0,0,1,1,0,0,1,0,0,1,0,0,2,-8,-8,-8,-8,-8,-8,-8,1,3,-7,-7,-7,-7,-7,-7,-7,8,-7,-7,-7,300000,30000,3,5,4,5,1,1,2,1,2,1,2,4,4,3,5,5,2,3,2,1,1,3,3,1,1,1,0,0,0,0,0,0,0,0,NA,1,1,0,0,1,0,0,0,0,1,0,5,4,2,1,1,0,1,0,1,2,NA,2,-7,-7,1,-7,2,-7,-7,-7,1,6,5,1962,63,1,-7,2,2,1,1,1,8,-7,-7,-7,-7,7,1,3,-7,3,2,1,2,2,1,2,4,2,1,1,-7,1,1,1,1,0,1,0,0,0,0,bas25_07910,770.01316406,2,24005,-7,8,29,17:42:21,8,29,18:44:21,2,2,2,1,2,4,1,4,0,1
2,2,4,2,3,3,2,2,4,3,4,2,3,4,3,4,3,2,3,4,2,4,5,2,4,2,2,5,4,3,4,4,4,3,4,1,1,1,1,1,1,1,1,1,2,4,3,4,5,5,5,4,-7,2,2,2,1,2,1,2,4,2,3,2,2,3,5,1,6,0,0,0,0,1,0,0,0,0,0,0,0,0,0,0,1,0,0,0,1,0,0,0,0,1,0,0,0,0,0,0,0,0,0,0,1,0,0,0,1,0,0,0,0,0,0,0,0,1,4,-8,-8,-8,-8,-8,-8,-8,2,-7,0,0,0,0,0,0,1,4,-7,-7,-7,17000,17,3,4,4,4,1,1,1,1,1,1,1,4,2,2,4,3,4,4,5,5,3,1,1,2,1,3,0,0,0,0,0,0,1,0,NA,0,0,0,0,0,0,0,0,0,0,1,5,1,1,3,1,0,0,0,1,5,NA,2,-7,-7,2,1,1,4,1,2,2,3,5,1976,49,1,-7,2,2,1,1,1,9,-7,-7,-7,-7,1,1,1,-7,1,1,1,1,1,1,1,3,1,1,3,-7,1,1,1,1,0,1,0,0,0,0,bas25_07930,1225.9554211,1,24510,Greater Govans,8,27,11:55:18,8,27,13:58:21,2,1,1,1,1,2,1,3,8,3
3,1,2,3,3,3,3,3,3,4,2,2,3,3,4,2,4,2,2,3,2,1,2,4,3,2,2,2,2,2,4,4,4,4,2,3,1,1,1,1,1,1,1,1,2,3,3,3,5,5,5,-7,2,3,3,3,3,3,3,1,1,1,3,2,1,3,3,1,2,0,0,0,0,0,0,1,1,1,1,0,0,0,1,0,0,1,0,1,1,1,0,0,0,-8,-8,-8,-8,-8,-8,0,0,1,0,0,0,0,1,0,1,0,0,0,1,0,0,1,1,0,2,0,0,0,0,1,1,0,1,4,-7,-7,-7,-7,-7,-7,-7,1,-8,5,4,100000,1200,3,3,4,5,2,1,1,2,-7,2,1,2,1,4,1,4,1,5,3,1,1,4,4,1,1,2,0,0,0,0,0,1,0,0,NA,0,0,0,0,0,0,1,0,0,0,0,4,5,1,2,1,0,0,0,1,2,NA,2,-7,-7,1,-7,2,-7,-7,-7,2,5,5,1996,29,1,-7,2,2,1,1,1,9,-7,-7,-7,-7,1,1,2,-7,2,2,2,2,2,2,2,5,2,1,1,-7,1,1,1,1,0,1,0,0,0,0,bas25_07933,644.94564724,1,24510,Cedonia/Frankford,8,29,19:59:07,8,29,20:38:37,1,1,2,1,1,3,1,2,0,1
13,2,1,1,2,1,3,3,2,2,3,1,3,2,2,2,2,1,1,1,1,1,1,4,1,1,1,1,2,2,2,2,3,2,3,3,2,1,2,1,2,2,1,2,1,2,3,2,3,3,3,-7,4,3,3,3,3,3,3,1,2,1,1,1,1,2,1,1,1,1,1,1,1,1,0,1,1,1,0,0,0,0,0,0,0,0,0,0,1,1,0,0,0,0,0,0,1,0,1,0,0,0,0,1,0,0,0,0,1,1,0,1,0,0,1,0,1,0,1,-8,-8,-8,-8,-8,-8,-8,1,4,-7,-7,-7,-7,-7,-7,-7,1,4,5,1,250000,80000,3,4,3,5,3,3,3,2,-7,2,2,2,2,1,1,2,1,1,1,1,1,2,2,1,1,1,0,0,0,0,0,0,0,0,NA,1,1,0,0,0,0,0,0,0,0,0,5,5,2,1,1,0,0,0,1,2,NA,2,-7,-7,2,1,1,0,1,1,2,7,1,1978,47,1,-7,2,2,3,3,3,9,-7,-7,-7,-7,1,2,-7,4,9,2,2,2,2,2,2,5,2,1,1,-7,2,2,2,2,0,0,1,0,0,0,bas25_07934,569.50830092,2,24005,-7,9,4,20:24:49,9,4,20:47:51,1,2,2,2,4,4,1,3,0,1
1,2,2,3,4,2,3,2,3,3,3,1,-8,1,1,2,2,1,2,-8,-8,-8,4,1,3,3,2,6,-7,3,2,2,4,3,3,3,2,1,2,2,2,2,2,2,1,3,2,3,3,-8,-8,4,-7,3,3,3,3,3,3,1,2,1,2,3,1,3,2,1,1,0,1,0,1,1,0,0,0,0,0,0,0,0,1,0,1,1,0,0,0,0,0,0,0,-8,-8,-8,-8,-8,-8,0,1,1,1,1,1,1,0,0,1,1,0,-8,-8,-8,-8,-8,-8,-8,2,-8,-8,-8,-8,-8,-8,-8,3,-7,-7,-7,-7,-7,-7,-7,-7,6,-7,-7,-7,200000,30000,3,3,3,4,3,3,3,2,-7,1,2,3,2,3,3,4,2,3,2,1,1,3,4,2,1,3,0,1,0,1,0,1,0,0,NA,0,0,0,0,1,0,0,0,1,1,0,5,5,1,1,1,0,0,0,1,2,NA,2,-7,-7,4,1,2,-7,-7,-7,2,6,1,2001,24,2,-7,1,2,1,1,1,9,-7,-7,-7,-7,4,1,1,-7,1,2,2,2,2,2,2,4,2,1,1,-7,2,2,2,2,0,0,1,0,0,0,bas25_07938,6008.1650483,2,24005,-7,9,4,18:06:15,9,4,18:26:15,1,2,1,2,1,4,2,1,0,1
1,2,1,1,2,1,4,3,2,4,3,1,1,1,1,1,1,1,1,1,1,1,1,1,1,3,1,3,3,3,4,4,4,4,2,1,1,1,1,1,1,1,2,2,2,5,3,2,5,5,5,-7,4,3,3,3,3,3,3,1,1,1,1,2,1,1,1,1,2,0,0,0,0,0,0,1,1,1,0,0,0,0,0,0,0,0,0,1,0,1,1,0,0,0,0,0,1,0,0,0,1,0,0,0,0,0,1,0,1,0,0,1,1,0,1,0,0,0,1,0,0,1,0,0,0,0,1,4,-7,-7,-7,-7,-7,-7,-7,1,5,3,4,1000000,50000,2,1,2,2,3,3,3,2,-7,2,2,2,2,2,2,2,1,3,2,2,3,2,1,1,1,2,1,1,0,1,0,1,0,0,NA,0,0,1,0,0,0,0,0,0,0,0,1,1,1,1,1,0,0,0,1,2,NA,2,-7,-7,1,-7,1,1,1,0,2,6,5,1995,30,2,-7,2,2,3,2,1,2,-7,-7,-7,-7,2,1,2,-7,2,2,1,2,2,2,2,3,3,1,1,-7,1,1,1,1,0,1,0,0,0,0,bas25_07943,1866.7051951,2,24005,-7,10,2,10:46:42,10,2,11:16:34,1,1,2,1,1,4,2,2,0,1
12,3,1,2,2,1,4,2,2,2,2,1,2,2,1,2,1,2,3,1,2,2,2,4,3,2,1,1,1,2,3,3,4,2,2,3,1,1,1,1,1,1,2,2,1,3,5,3,3,4,3,4,-7,3,3,3,3,3,2,1,3,1,3,3,1,3,2,1,4,0,0,0,0,0,0,1,1,0,0,0,0,0,0,0,0,0,0,0,0,1,0,0,0,0,0,0,1,0,0,0,1,0,0,0,0,0,0,0,1,1,0,0,1,0,0,0,1,0,1,0,0,0,0,0,1,0,1,2,-7,-7,-7,-7,-7,-7,-7,1,2,3,3,500000,50000,3,2,4,5,3,3,3,2,-7,2,2,2,3,2,3,2,2,1,1,1,1,4,3,1,1,1,0,0,0,0,0,0,0,0,NA,1,0,0,0,0,1,0,0,1,1,0,5,5,2,1,0,1,0,0,1,2,NA,2,-7,-7,1,-7,2,-7,-7,-7,1,7,5,1982,43,1,-7,4,2,1,3,1,4,-7,-7,3,-7,4,2,-7,2,7,2,2,2,2,2,2,4,2,1,1,-7,2,2,2,2,0,0,1,0,0,0,bas25_07944,122.34328355,1,24510,Hamilton Hills,9,6,21:37:38,9,6,21:56:08,1,1,1,2,3,4,1,3,1,1
21,4,2,3,2,2,3,2,2,3,1,3,4,3,2,1,5,1,3,4,2,4,1,3,4,3,2,3,3,2,4,3,4,4,1,4,2,1,2,1,1,1,1,1,2,5,2,4,5,4,5,-7,1,3,3,3,3,3,3,1,1,1,2,1,1,2,2,1,1,1,1,0,0,0,0,0,1,0,0,0,0,1,1,0,0,0,0,1,0,0,0,0,0,-8,-8,-8,-8,-8,-8,0,0,0,0,0,1,1,0,0,1,0,0,0,0,0,0,0,1,0,3,-8,-8,-8,-8,-8,-8,-8,2,-7,1,0,1,0,0,0,0,5,-7,-7,-7,2 hundred,25,3,3,3,5,3,3,3,2,-7,2,2,4,2,2,1,5,1,1,1,2,1,4,3,1,1,-8,0,0,0,0,0,0,0,0,NA,1,0,1,0,0,1,0,0,0,0,0,5,5,2,1,0,1,0,0,2,2,NA,1,2,1,3,1,1,0,0,1,2,3,1,1952,73,2,-7,-8,2,1,-8,1,-8,-6,-7,-7,-7,7,1,5,-7,5,2,2,2,2,2,-8,2,3,1,1,-7,2,2,2,2,0,0,1,0,0,0,bas25_07967,1376.6264873,1,24510,Greater Rosemont,9,20,09:18:49,9,20,10:01:41,1,1,2,2,2,2,2,5,0,1
4,5,1,2,2,2,4,3,3,2,4,1,3,2,1,1,1,1,2,2,1,1,1,3,3,2,2,2,1,3,4,4,3,4,4,5,2,2,2,2,2,2,2,2,2,4,3,4,3,3,3,-7,3,3,3,3,3,3,3,1,1,1,1,2,1,2,1,1,2,0,0,0,0,0,0,0,0,0,0,0,1,0,0,0,0,0,0,0,0,0,0,0,1,-8,-8,-8,-8,-8,-8,-8,-8,-8,-8,-8,-8,-8,0,0,1,1,0,0,0,0,0,0,0,1,1,-8,-8,-8,-8,-8,-8,-8,3,-7,-7,-7,-7,-7,-7,-7,-7,5,-7,-7,-7,300000,35000,4,5,2,2,3,3,3,2,-7,2,2,1,1,1,1,1,1,1,1,1,1,1,1,1,1,1,0,0,0,0,0,0,0,0,NA,1,0,0,0,0,0,0,0,0,0,1,3,2,2,1,1,0,0,0,2,2,NA,2,-7,-7,2,2,2,-7,-7,-7,2,7,1,1954,71,2,-7,2,2,1,1,1,1,3,-7,-7,-7,4,2,-7,6,11,2,2,2,2,2,2,1,1,3,1,-7,2,2,2,2,0,0,1,0,0,0,bas25_07976,747.23184512,2,24005,-7,9,3,16:40:33,9,3,17:13:33,1,2,2,2,4,4,2,5,0,1
10,3,4,2,3,-8,3,3,2,4,5,2,3,2,2,3,5,5,4,5,5,5,2,4,4,4,2,2,2,3,4,4,4,5,2,3,1,1,1,1,1,1,1,1,2,5,5,5,5,5,5,5,-7,2,2,3,2,1,1,1,3,2,5,2,2,4,3,3,6,1,0,0,0,0,0,1,0,1,1,0,0,1,1,1,1,0,0,1,0,1,1,0,0,1,1,0,0,1,0,1,1,1,1,0,1,0,0,0,1,0,1,1,1,1,0,1,1,0,3,0,1,1,0,1,0,0,1,4,-7,-7,-7,-7,-7,-7,-7,1,3,2,3,100000,100000,4,5,4,4,1,2,2,1,2,1,1,3,5,5,5,5,5,4,2,2,3,4,3,1,1,1,0,0,0,0,0,1,0,0,NA,0,1,0,0,0,0,0,0,0,0,0,5,5,2,2,1,0,0,0,2,2,NA,2,-7,-7,1,-7,2,-7,-7,-7,1,1,3,1963,62,1,-7,2,2,1,1,1,8,-7,-7,-7,-7,6,1,4,-7,4,1,1,1,1,1,1,3,3,1,1,-7,1,1,1,1,0,1,0,0,0,0,bas25_07978,433.75226365,1,24510,Upton/Druid Heights,10,4,13:13:51,10,4,14:15:19,1,1,1,1,2,1,1,4,7,3
11,4,1,1,1,1,4,4,2,3,5,2,3,1,1,1,1,1,-8,1,1,1,2,1,2,4,-8,2,1,3,3,3,3,2,-8,-8,1,1,1,1,1,2,2,2,2,3,4,4,4,4,4,-7,4,3,3,3,3,3,3,1,4,1,2,2,1,3,1,1,1,0,0,0,0,1,0,0,0,0,0,0,0,0,0,0,0,1,0,1,1,0,0,0,0,-8,-8,-8,-8,-8,-8,1,1,0,0,0,0,0,0,0,1,1,0,0,1,0,0,0,0,0,2,0,0,1,0,0,0,0,2,-7,0,0,0,0,0,0,1,1,4,4,3,250000,75000,3,4,4,5,3,3,3,2,-7,2,2,2,1,1,1,1,1,1,1,1,2,3,3,1,1,1,-8,-8,-8,-8,-8,-8,-8,-8,NA,-8,0,0,0,0,1,0,0,0,0,0,1,1,1,2,1,0,0,0,1,2,NA,2,-7,-7,2,1,1,0,1,0,2,7,1,1983,42,1,-7,2,2,1,1,1,8,-7,-7,-7,-7,4,2,-7,-8,-6,2,2,2,2,2,2,3,3,1,1,-7,3,5,3,5,1,0,0,0,0,0,bas25_07981,249.30906706,1,24510,Glen-Fallstaff,8,27,20:46:36,8,27,21:01:38,2,1,2,3,-6,4,1,3,0,1
2,3,1,3,4,3,3,3,4,2,3,4,5,1,1,1,3,1,2,5,1,3,4,3,5,3,3,4,4,3,3,3,4,4,5,5,2,2,2,2,2,2,2,2,2,5,2,5,5,4,5,1,-7,3,3,3,3,3,3,1,4,1,4,2,1,2,4,1,1,0,0,0,0,0,0,0,0,0,0,0,1,0,0,0,0,0,0,0,0,0,0,0,1,-8,-8,-8,-8,-8,-8,0,1,0,0,0,1,0,1,0,0,1,0,0,0,1,0,0,0,0,1,0,0,1,0,0,1,0,1,4,-7,-7,-7,-7,-7,-7,-7,4,-7,-7,-7,150000,70000,4,5,4,5,3,3,3,2,-7,2,2,1,1,2,1,5,1,2,1,4,1,2,5,2,1,1,0,0,0,1,0,0,0,0,NA,0,0,0,0,0,0,0,0,1,1,0,5,5,1,2,1,0,0,0,2,2,NA,2,-7,-7,1,-7,2,-7,-7,-7,1,6,5,1993,32,3,-7,4,2,1,1,1,4,-7,-7,2,-7,4,1,1,-7,1,2,1,2,2,2,2,4,2,1,1,-7,2,2,2,2,0,0,1,0,0,0,bas25_07984,282.9003618,1,24510,Cross-Country/Cheswolde,8,31,16:00:25,8,31,16:23:42,2,1,1,2,1,4,-8,2,0,1
17,1,1,2,1,2,4,3,3,3,3,1,3,2,1,1,1,1,1,2,1,1,1,1,3,3,1,3,3,3,4,4,4,1,4,3,1,1,1,1,1,1,1,1,2,5,5,3,5,3,5,3,-7,2,3,2,3,3,3,1,3,2,2,3,3,3,1,1,1,1,0,0,0,0,0,0,0,0,0,0,0,1,0,0,0,0,0,0,0,0,0,0,0,0,0,0,0,0,1,1,0,1,0,1,0,0,1,0,1,0,0,0,0,1,0,1,0,0,1,0,0,0,0,1,0,0,1,1,-7,-7,-7,-7,-7,-7,-7,5,-7,-7,-7,"100.000,00",11844,3,4,4,5,1,1,2,1,2,1,2,3,5,5,5,2,3,3,3,1,3,4,3,1,1,5,0,0,0,0,0,0,1,1,"I am 77 years old, and I recently discovered that",0,1,0,0,0,0,0,0,0,0,0,3,1,1,1,1,0,0,0,1,2,NA,2,-7,-7,1,-7,2,-7,-7,-7,1,4,3,1948,77,1,-7,2,2,1,1,1,8,-7,-7,-7,-7,2,1,1,-7,1,1,1,1,1,1,1,4,2,1,1,-7,1,1,1,1,0,1,0,0,0,0,bas25_07985,283.78889177,1,24510,Greater Govans,9,2,22:35:44,9,2,23:57:55,2,2,1,1,1,3,1,5,2,2
29,4,1,1,2,2,3,3,2,3,3,1,3,2,1,3,1,2,2,1,1,1,4,5,2,3,1,1,1,2,4,2,3,3,3,3,1,1,1,1,1,1,1,1,2,3,5,3,4,3,4,-7,4,3,2,3,2,3,3,1,4,1,2,3,1,2,1,2,2,0,1,0,0,0,0,0,0,0,0,0,0,0,1,0,0,0,0,0,0,0,0,0,0,0,0,0,0,1,1,0,1,0,0,1,1,0,0,1,1,0,0,0,0,1,0,0,1,0,2,0,0,0,0,1,0,0,3,-7,-7,-7,-7,-7,-7,-7,-7,1,4,5,1,300000,50000,3,4,4,5,3,3,3,2,-7,2,2,1,4,4,5,3,2,1,1,3,1,1,2,1,1,1,0,0,0,0,0,0,0,0,NA,1,0,0,0,0,0,0,0,0,1,0,5,5,2,1,1,0,0,0,1,2,NA,2,-7,-7,1,-7,2,-7,-7,-7,1,6,3,1962,63,1,-7,2,2,1,1,1,1,5,-7,-7,-7,4,2,-7,4,9,2,2,2,2,2,2,4,2,1,1,-7,2,2,2,2,0,0,1,0,0,0,bas25_07997,136.58999717,1,24510,North Baltimore/Guilford/Homeland,9,4,12:34:41,9,4,13:02:59,1,1,2,2,4,4,1,4,2,2
8,3,2,2,2,2,3,2,3,3,3,2,2,2,1,2,1,1,1,3,2,1,2,1,1,2,1,2,1,2,3,3,4,3,3,3,2,1,2,1,2,2,2,2,1,2,2,2,3,4,4,4,-7,3,3,3,3,3,3,1,4,1,5,3,2,5,5,1,1,0,0,0,0,0,0,0,1,0,0,0,0,0,0,0,0,0,0,0,1,1,0,0,0,0,0,0,1,0,0,-8,-8,-8,-8,-8,-8,-8,0,0,1,1,0,0,1,0,1,0,1,0,3,0,0,1,0,0,0,0,1,4,-7,-7,-7,-7,-7,-7,-7,1,1,4,4,200000,60000,4,4,3,5,2,3,3,1,1,2,2,4,5,3,5,4,4,3,2,1,1,2,5,2,2,5,0,0,0,1,1,0,1,0,NA,0,0,0,0,0,0,0,0,1,1,0,5,5,2,1,1,1,0,0,1,2,NA,2,-7,-7,2,1,2,-7,-7,-7,1,4,5,1987,38,2,-7,1,2,1,1,1,2,-7,-7,-7,-7,1,1,3,-7,3,2,2,2,2,2,2,5,3,1,1,-7,2,2,2,2,0,0,1,0,0,0,bas25_08013,1906.8547447,2,24005,-7,9,5,08:26:26,9,5,09:12:46,2,1,1,2,2,3,2,3,0,1
9,3,1,2,3,2,4,3,3,2,4,2,3,2,2,2,3,1,1,2,1,1,1,1,2,2,2,1,2,2,3,2,4,2,2,2,1,1,1,1,2,1,2,2,2,3,1,4,2,3,3,-7,3,3,2,3,1,3,3,1,4,1,4,2,1,2,2,2,1,0,0,0,0,0,0,0,1,0,0,0,0,0,0,0,0,0,0,1,1,1,0,0,0,0,0,0,1,0,0,0,0,0,1,0,1,0,1,0,0,1,0,0,1,0,1,1,1,0,1,-8,-8,-8,-8,-8,-8,-8,3,-7,-7,-7,-7,-7,-7,-7,-7,2,4,4,2,100000,20000,3,3,4,5,1,1,2,2,-7,2,2,2,5,4,4,3,4,4,3,4,3,3,4,1,1,2,0,0,1,0,0,1,0,0,NA,0,0,0,0,1,1,0,0,0,0,0,5,5,1,3,1,0,0,0,1,2,NA,2,-7,-7,3,1,2,-7,-7,-7,1,6,5,2001,24,1,-7,3,2,1,1,1,9,-7,-7,-7,-7,1,2,-7,1,6,2,1,1,2,2,2,4,2,1,1,-7,1,1,1,1,0,1,0,0,0,0,bas25_08017,5770.075944,2,24005,-7,9,4,13:25:17,9,4,13:44:22,1,2,2,1,3,4,1,1,3,2
2,6,1,1,2,2,3,3,3,3,2,1,3,2,1,1,2,2,2,2,2,2,2,4,4,2,1,1,1,2,3,3,4,3,3,3,1,1,1,1,1,1,1,2,2,3,4,4,3,3,3,4,-7,3,3,3,3,3,3,1,2,1,2,3,1,2,2,2,1,0,0,0,0,1,0,0,1,0,0,0,0,0,0,0,0,1,0,0,1,1,0,0,0,1,0,0,0,0,1,0,1,0,1,1,1,1,0,0,1,1,0,0,1,1,0,1,1,0,2,1,1,0,0,0,0,0,3,-7,-7,-7,-7,-7,-7,-7,-7,1,2,4,1,150000,50000,3,4,4,5,3,3,3,2,-7,2,2,3,3,4,4,4,3,2,2,2,1,2,3,2,2,3,0,0,0,0,0,0,0,0,NA,1,0,0,0,0,0,0,0,1,1,0,5,5,1,1,1,0,0,0,2,2,NA,2,-7,-7,3,1,2,-7,-7,-7,2,6,5,1998,27,1,-7,1,2,1,1,3,9,-7,-7,-7,-7,1,1,4,-7,4,2,2,2,2,2,2,5,4,1,1,-7,2,2,2,2,0,0,1,0,0,0,bas25_08038,849.99388959,1,24510,Hampden/Remington,9,5,15:09:21,9,5,15:33:21,1,2,1,2,2,4,1,2,0,1
0,6,1,1,1,2,2,2,2,2,4,2,3,4,2,1,4,1,1,4,3,3,1,1,1,2,1,2,3,2,2,3,3,2,2,2,1,1,1,1,1,1,1,1,2,4,1,1,4,4,3,5,-7,3,3,3,3,3,3,1,4,1,1,3,3,3,1,1,1,1,0,0,0,0,0,1,0,0,0,0,0,0,0,0,0,0,0,0,0,0,0,0,1,0,0,0,0,1,0,0,0,0,0,1,1,1,1,0,0,0,1,0,0,0,0,0,0,1,1,-8,-8,-8,-8,-8,-8,-8,3,-7,-7,-7,-7,-7,-7,-7,-7,5,-7,-7,-7,200000,"Under $50,",4,4,4,4,2,2,2,1,2,2,2,2,3,1,1,3,1,3,3,4,1,4,1,1,1,4,0,1,0,1,0,1,0,0,NA,0,1,1,0,0,1,0,0,0,0,0,4,5,1,1,1,0,0,0,1,4,NA,2,-7,-7,1,-7,2,-7,-7,-7,-8,3,3,1953,72,1,-7,2,2,1,1,1,8,-7,-7,-7,-7,7,1,1,-7,1,1,1,1,2,2,2,-8,-8,3,5,2,2,2,2,2,0,0,1,0,0,0,bas25_08049,510.76805874,2,24005,-7,10,2,13:36:44,10,2,14:10:08,1,2,1,2,1,2,1,5,0,1
8,4,2,-8,3,3,2,-8,4,2,2,3,2,2,2,2,3,3,4,3,-8,-8,4,3,3,2,2,4,4,3,4,3,4,2,-8,-8,-8,-8,-8,-8,-8,-8,-8,-8,2,3,4,4,-8,3,-8,-7,5,3,3,3,3,3,3,1,-8,1,4,3,2,3,3,1,1,0,0,0,0,0,0,0,1,0,0,1,0,0,0,0,0,1,0,0,1,0,0,0,0,-8,-8,-8,-8,-8,-8,0,1,0,0,0,0,0,-8,-8,-8,-8,-8,0,0,1,0,0,0,0,3,1,0,0,0,0,0,0,2,-7,0,1,0,1,0,0,0,3,5,3,4,NA,15000,3,2,-8,4,-8,2,2,1,2,-8,2,4,3,1,4,5,3,1,1,1,2,4,3,2,1,4,0,0,0,0,0,0,0,0,NA,1,0,0,0,0,1,0,0,0,0,0,3,5,2,1,0,1,0,0,1,5,NA,2,-7,-7,4,1,1,-8,2,0,2,3,4,1976,49,1,-7,2,1,3,3,3,-8,-6,-7,-7,-7,8,1,2,-7,2,-8,2,2,2,2,2,-8,-8,-8,-8,-7,-6,-6,4,6,-8,-8,-8,-8,-8,1,bas25_08051,1277.2889522,1,24510,Edmondson Village,9,8,20:29:56,9,8,21:18:35,1,1,2,3,1,2,1,3,0,1
3,3,1,1,1,1,4,4,1,4,4,1,3,1,1,1,1,1,1,1,1,1,1,3,3,4,1,1,1,3,4,4,4,4,4,-8,1,2,1,1,2,2,2,1,2,3,3,5,3,3,4,-7,3,3,3,3,3,3,3,1,1,1,1,1,1,2,1,1,1,1,0,0,0,0,1,1,0,1,1,0,0,1,0,0,0,1,0,1,1,1,0,0,0,-8,-8,-8,-8,-8,-8,0,1,0,0,1,0,0,1,0,0,1,0,0,0,0,0,0,0,1,1,-8,-8,-8,-8,-8,-8,-8,3,-7,-7,-7,-7,-7,-7,-7,-7,6,-7,-7,-7,100000,25000,3,2,3,2,3,3,3,2,-7,2,2,1,1,1,1,1,1,1,1,1,1,2,2,1,1,1,0,0,0,0,0,0,0,0,NA,1,0,0,0,1,0,0,0,0,0,0,3,5,2,1,1,0,0,0,2,2,NA,2,-7,-7,1,-7,2,-7,-7,-7,2,6,1,1951,74,1,-7,2,2,1,1,1,4,-7,-7,2,-7,3,2,-7,6,11,2,2,2,2,2,2,3,1,-8,1,-7,2,2,2,2,0,0,1,0,0,0,bas25_08053,380.64308291,2,24005,-7,8,28,21:15:50,8,28,21:46:40,1,2,2,2,4,4,1,5,0,1
1,3,2,2,3,3,3,3,3,4,3,3,3,3,3,1,2,1,1,3,2,2,2,4,2,3,2,2,1,2,2,2,4,3,3,3,1,1,1,1,2,1,2,2,2,2,3,1,2,3,2,-7,4,3,3,3,2,2,3,1,3,2,1,3,1,2,2,1,1,0,0,0,0,0,0,0,1,0,0,0,0,0,0,0,0,0,0,0,1,1,0,0,0,-8,-8,-8,-8,-8,-8,0,0,0,0,0,1,0,1,0,0,1,0,0,1,0,0,0,0,0,1,-8,-8,-8,-8,-8,-8,-8,3,-7,-7,-7,-7,-7,-7,-7,-7,6,-7,-7,-7,100000,30000,4,4,4,5,3,3,2,1,2,2,2,2,3,3,3,2,3,3,2,1,1,4,3,1,1,4,0,1,0,1,0,0,0,0,NA,0,0,1,0,0,0,0,0,1,1,0,5,5,1,1,1,0,0,0,2,2,NA,2,-7,-7,1,-7,2,-7,-7,-7,1,7,5,1998,27,2,-7,4,2,1,1,1,4,-7,-7,3,-7,2,1,1,-7,1,2,2,2,2,2,2,5,4,1,1,-7,2,2,2,2,0,0,1,0,0,0,bas25_08063,238.23892697,1,24510,Downtown/Seton Hill,9,1,22:16:22,9,1,22:35:30,1,2,2,2,1,4,2,2,2,2
49,5,1,1,1,1,4,3,2,2,2,1,3,2,2,2,2,1,1,1,1,1,1,2,1,1,1,2,3,2,3,2,3,2,3,3,1,1,-8,-8,-8,-8,-8,1,2,3,2,2,3,3,3,-7,4,3,3,2,2,2,3,1,4,1,2,1,1,2,1,1,4,0,0,0,0,0,0,0,0,0,0,0,1,1,1,1,1,0,0,0,0,0,0,0,0,-8,-8,-8,-8,-8,-8,-8,-8,-8,-8,-8,-8,-8,0,0,1,1,0,0,0,1,0,0,1,0,2,-8,-8,-8,-8,-8,-8,-8,1,3,-7,-7,-7,-7,-7,-7,-7,5,-7,-7,-7,"$900,000.?","? $80,000.",3,4,3,4,3,3,3,2,-7,2,2,2,1,1,1,1,3,1,1,3,1,2,3,1,1,2,0,1,0,0,0,0,0,0,NA,0,1,0,0,1,0,0,0,0,1,0,5,3,2,1,1,0,0,0,1,5,NA,2,-7,-7,1,-7,2,-7,-7,-7,2,7,2,1939,86,1,-7,2,2,1,1,1,1,2,-7,-7,-7,4,2,-7,-8,-6,2,2,2,2,2,2,4,2,1,1,-7,2,2,2,2,0,0,1,0,0,0,bas25_08067,150.1331434,2,24005,-7,9,6,14:40:22,9,6,16:58:14,2,2,2,2,-6,4,1,5,3,2
-8,4,3,2,3,2,3,2,4,1,1,2,3,2,1,1,2,1,1,1,1,1,2,2,1,1,1,2,3,3,3,2,2,3,3,3,1,1,1,1,1,1,1,1,2,5,5,5,5,5,5,-7,5,3,3,3,3,3,3,1,4,1,2,2,2,3,1,1,1,0,1,0,0,0,0,0,0,0,0,0,0,1,1,0,1,0,0,0,0,0,0,0,0,0,0,0,0,0,1,0,0,1,0,0,0,0,0,0,1,1,0,0,0,0,0,0,0,1,2,-8,-8,-8,-8,-8,-8,-8,3,-7,-7,-7,-7,-7,-7,-7,-7,5,-7,-7,-7,Depends o.,# of fami?,4,5,4,5,3,3,3,2,-7,2,2,1,3,3,2,2,2,1,1,1,1,1,1,2,1,1,0,0,0,0,0,0,0,0,NA,1,1,0,0,0,0,0,0,0,0,0,5,5,1,1,0,1,0,0,1,2,NA,2,-7,-7,2,1,1,0,1,0,2,6,3,1962,63,2,-7,2,2,3,3,3,-8,-6,-7,-7,-7,1,1,3,-7,3,2,2,2,1,2,2,1,2,1,1,-7,1,1,1,1,0,1,0,0,0,0,bas25_08082,805.14664688,1,24510,Brooklyn/Curtis Bay/Hawkins Point,10,16,16:22:28,10,16,17:54:53,2,2,2,1,2,4,2,4,0,1
16,4,3,1,1,2,3,3,4,2,4,2,3,2,2,2,2,1,1,2,2,2,2,3,1,3,1,2,2,3,3,3,3,4,2,3,1,1,1,1,1,1,1,1,2,2,1,1,2,2,2,2,-7,3,3,3,3,3,3,1,1,1,2,2,2,2,4,2,1,0,0,0,0,1,0,0,0,0,1,0,0,1,1,1,1,1,0,0,1,0,0,0,0,0,0,0,1,0,0,0,0,0,0,1,0,0,0,0,1,0,0,0,0,0,0,0,0,1,2,0,0,1,0,0,0,0,3,-7,-7,-7,-7,-7,-7,-7,-7,1,1,3,3,100000,10000,4,4,4,4,2,2,1,1,1,1,2,3,3,2,1,1,2,4,2,2,2,3,4,2,2,1,0,0,0,0,0,0,0,0,NA,1,0,0,0,0,0,0,0,0,0,1,3,5,1,3,0,1,0,0,1,2,NA,2,-7,-7,2,1,2,-7,-7,-7,2,3,5,1985,40,1,-7,2,2,1,1,1,2,-7,-7,-7,-7,3,1,2,-7,2,2,2,2,2,2,2,3,3,1,1,-7,2,2,2,2,0,0,1,0,0,0,bas25_08085,1381.5054647,2,24005,-7,9,4,18:11:19,9,4,18:49:10,2,2,1,2,1,2,1,3,0,1
18,4,5,1,1,1,4,4,1,1,3,1,3,1,1,2,1,1,1,1,1,1,1,3,1,1,1,1,1,2,3,3,2,3,3,3,1,1,1,1,1,1,1,1,2,4,2,1,4,4,4,-7,4,3,3,3,3,3,3,1,1,1,1,1,1,2,1,1,2,1,1,0,0,1,0,0,0,0,0,0,0,1,1,0,0,1,0,0,0,0,0,0,0,-8,-8,-8,-8,-8,-8,-8,-8,-8,-8,-8,-8,-8,0,0,1,1,0,1,0,0,1,0,0,0,1,-8,-8,-8,-8,-8,-8,-8,2,-7,0,0,1,0,0,0,1,2,5,3,4,500000,35000,3,3,2,1,3,3,3,2,-7,2,2,1,1,1,1,1,1,1,-8,1,1,2,1,1,1,1,0,0,0,0,0,0,0,0,NA,1,1,1,0,0,0,0,0,0,0,0,4,5,2,4,1,0,0,0,1,2,NA,1,1,-7,2,2,2,-7,-7,-7,2,7,1,1946,79,2,-7,2,2,1,1,1,2,-7,-7,-7,-7,8,2,-7,3,8,2,2,2,2,2,2,2,1,1,1,-7,2,2,2,2,0,0,1,0,0,0,bas25_08093,441.18473025,2,24005,-7,8,28,13:37:52,8,28,14:20:19,2,1,2,2,4,4,2,5,0,1
40,3,4,2,3,3,3,2,3,5,5,4,4,4,3,4,4,1,1,2,1,2,2,2,3,5,2,4,4,2,2,4,2,5,3,3,1,2,2,-8,2,2,2,2,2,5,4,3,5,5,5,-7,5,3,3,3,3,3,3,1,3,1,2,2,2,3,3,3,1,1,1,0,0,1,0,0,1,0,0,0,0,0,0,0,0,0,0,0,1,1,0,0,0,0,0,0,0,0,1,0,0,1,0,1,0,0,0,0,1,1,0,0,0,0,0,0,0,1,1,-8,-8,-8,-8,-8,-8,-8,2,-7,0,0,1,0,0,1,0,1,2,5,4,NA,25000,2,3,2,1,3,3,3,2,-7,2,2,1,1,1,1,1,1,1,1,1,1,2,1,1,2,1,0,0,0,0,0,0,0,0,NA,1,0,0,0,0,0,0,0,0,0,1,2,2,2,1,1,0,0,0,1,2,NA,2,-7,-7,1,-7,2,-7,-7,-7,2,4,3,1958,67,1,-7,2,2,1,1,1,2,-7,-7,-7,-7,6,2,-7,3,8,2,2,2,2,2,2,2,1,1,1,-7,2,2,2,2,0,0,1,0,0,0,bas25_08106,388.40819947,2,24005,-7,9,18,18:24:45,9,18,18:59:53,2,1,2,2,4,3,1,5,0,1
12,2,2,2,2,2,4,3,3,3,3,1,3,1,1,2,2,1,5,1,1,1,3,3,2,3,2,2,3,2,2,2,4,3,4,3,2,1,1,1,2,1,2,2,2,4,5,5,5,5,4,4,-7,3,3,3,3,3,3,1,1,1,1,1,1,1,1,1,1,1,1,0,1,1,0,1,0,0,0,0,0,1,1,0,1,1,0,1,1,1,0,0,0,0,0,0,0,1,0,0,0,0,0,1,1,0,0,0,1,1,0,1,0,0,0,0,0,0,2,-8,-8,-8,-8,-8,-8,-8,1,4,-7,-7,-7,-7,-7,-7,-7,1,1,5,3,100000,32000,3,4,3,4,3,3,3,2,-7,2,2,2,1,1,2,2,1,1,1,1,1,3,4,2,2,1,0,0,0,1,0,0,0,1,Worried about high electrical bills from AC usage.,0,1,0,0,1,0,0,0,0,0,0,5,5,2,1,1,0,0,0,1,2,NA,2,-7,-7,2,2,2,-7,-7,-7,2,6,1,1978,47,2,-7,2,2,1,1,1,2,-7,-7,-7,-7,2,2,-7,2,7,2,2,2,2,2,2,5,2,1,1,-7,2,2,2,2,0,0,1,0,0,0,bas25_08107,625.59653477,1,24510,Beechfield/Ten Hills/West Hills,9,4,17:35:39,9,4,17:58:11,1,1,1,2,3,4,2,3,0,1
45,2,1,2,2,2,3,3,2,2,4,1,3,1,1,2,3,1,1,1,1,1,1,3,1,2,1,2,4,2,3,3,3,3,3,3,1,1,1,1,1,1,1,2,2,3,2,2,3,3,3,-7,4,3,3,3,3,2,2,1,4,1,2,2,1,2,2,2,2,1,0,0,0,0,0,0,0,0,0,0,0,0,0,0,0,0,0,1,0,0,0,0,0,-8,-8,-8,-8,-8,-8,0,0,1,1,0,0,0,0,0,1,1,0,0,0,0,0,0,0,1,1,1,0,0,0,0,0,0,2,-7,0,0,0,0,0,0,1,2,1,4,2,125000,40000,4,5,3,5,2,2,3,2,-7,2,2,1,2,2,2,2,2,3,1,1,1,3,4,1,1,4,0,0,0,0,0,0,0,0,NA,1,0,1,0,0,0,1,0,1,1,0,5,5,2,4,1,0,0,0,2,4,NA,1,2,3,1,-7,2,-7,-7,-7,1,5,4,1946,79,2,-7,2,2,1,1,1,9,-7,-7,-7,-7,1,1,3,-7,3,2,2,2,2,2,2,2,1,1,1,-7,2,2,2,2,0,0,1,0,0,0,bas25_08110,328.68440467,2,24005,-7,9,17,10:35:18,9,17,10:57:13,2,2,2,2,2,3,2,5,2,2
38,5,1,1,2,2,4,3,2,3,3,1,3,1,1,2,2,2,1,1,1,2,1,3,1,2,1,2,2,2,1,2,4,2,2,2,2,1,2,1,2,2,1,2,1,4,3,2,3,4,4,3,-7,3,3,3,3,3,3,1,1,1,1,1,1,2,1,1,2,1,0,0,1,0,0,1,1,1,0,0,0,1,1,1,1,1,0,1,1,1,0,0,0,-8,-8,-8,-8,-8,-8,-8,-8,-8,-8,-8,-8,-8,0,0,1,1,0,0,0,0,1,0,0,0,2,1,0,0,0,0,0,0,1,4,-7,-7,-7,-7,-7,-7,-7,5,-7,-7,-7,NA,NA,3,4,4,5,3,3,3,2,-7,2,2,1,3,3,3,3,3,1,1,1,1,3,3,1,1,1,0,0,0,0,0,0,0,0,NA,1,1,0,0,0,0,1,0,0,0,0,5,5,2,4,0,1,0,0,2,2,NA,2,-7,-7,1,-7,2,-7,-7,-7,1,7,5,1959,66,1,-7,2,2,1,1,1,1,1,-7,-7,-7,1,1,5,-7,5,2,2,2,2,2,2,4,2,1,1,-7,2,2,2,2,0,0,1,0,0,0,bas25_08117,78.312384449,1,24510,Hamilton Hills,8,27,16:40:53,8,27,17:01:31,2,1,1,2,2,4,1,5,0,1
5,6,2,2,3,2,3,3,2,3,1,2,2,3,1,2,2,2,1,2,1,1,2,1,1,1,1,1,2,2,2,2,2,2,2,3,1,1,1,1,1,2,1,2,2,3,3,1,3,4,3,2,-7,2,3,3,2,2,3,1,2,2,2,2,2,3,1,2,1,1,1,0,0,0,0,0,0,0,0,0,0,0,1,0,0,0,0,1,0,0,0,0,0,0,0,1,0,0,0,-8,-8,-8,-8,-8,-8,-8,1,0,1,0,0,0,0,0,0,0,0,1,1,-8,-8,-8,-8,-8,-8,-8,1,1,-7,-7,-7,-7,-7,-7,-7,7,-7,-7,-7,200000,"10, 000",3,4,3,3,1,1,1,1,1,1,1,2,4,2,2,2,3,1,2,1,1,3,3,1,1,1,0,1,0,1,0,0,0,0,NA,0,0,0,0,0,0,0,0,0,0,1,4,4,1,1,0,1,0,0,2,4,NA,2,-7,-7,1,-7,2,-7,-7,-7,1,3,5,1988,37,2,-7,2,2,1,1,1,1,1,-7,-7,-7,4,1,1,-7,1,2,1,1,1,2,2,4,2,1,3,-7,1,1,1,1,0,1,0,0,0,0,bas25_08119,961.60335653,1,24510,Greater Govans,8,30,14:42:30,8,30,15:22:54,1,2,1,1,1,2,2,3,3,2
10,2,2,3,3,3,3,3,4,4,3,3,3,4,2,5,2,2,3,4,3,4,4,3,3,3,2,2,2,2,3,2,3,3,1,3,1,1,1,1,1,1,1,2,2,4,4,3,5,3,5,5,-7,2,2,2,2,2,2,2,3,2,4,2,2,3,2,1,1,0,0,0,0,1,0,0,0,0,1,0,0,0,0,0,0,1,0,0,1,0,0,0,0,1,0,0,0,0,1,0,0,1,0,0,0,0,0,0,1,1,0,0,1,0,1,1,1,0,5,1,0,0,0,0,1,0,3,-7,-7,-7,-7,-7,-7,-7,-7,5,-7,-7,-7,400000,10000,4,5,4,5,2,2,2,1,1,1,1,4,5,5,5,5,5,5,5,3,3,3,3,2,2,1,0,0,0,0,0,0,0,0,NA,1,0,0,0,0,0,0,0,0,0,1,5,3,3,3,0,0,0,1,1,4,NA,2,-7,-7,1,-7,1,1,0,0,2,4,5,1958,67,1,-7,2,2,1,3,1,7,-7,-7,-7,-7,7,1,1,-7,1,1,2,2,2,2,2,4,3,1,1,-7,1,1,1,1,0,1,0,0,0,0,bas25_08121,203.44134642,1,24510,Oliver/Johnston Square,9,21,16:14:55,9,21,17:28:03,2,1,1,1,1,3,1,5,6,3
47,3,2,2,3,2,3,2,3,3,4,4,4,3,3,3,3,1,3,3,2,2,2,2,2,4,2,4,4,3,3,3,3,4,4,3,1,1,1,1,1,1,1,2,2,5,3,3,4,4,4,-7,4,2,2,2,2,1,2,1,4,1,3,1,1,3,1,1,2,1,0,0,1,1,0,0,0,0,0,0,0,1,0,0,1,1,0,0,0,0,0,0,0,0,0,0,0,0,1,0,1,0,1,1,1,0,0,0,1,1,0,0,0,0,1,1,0,0,2,0,0,1,0,0,0,0,2,-7,0,0,0,0,1,0,0,5,-7,-7,-7,500000,50000,3,5,3,5,3,3,2,2,-7,2,2,2,3,1,2,3,3,1,1,1,1,4,2,1,1,3,0,1,0,1,0,0,0,0,NA,0,0,0,0,0,0,0,0,0,0,1,1,2,2,4,1,0,0,0,2,2,NA,2,-7,-7,1,-7,2,-7,-7,-7,1,6,5,1948,77,1,-7,2,2,1,1,1,1,6,-7,-7,-7,8,2,-7,3,8,2,2,2,2,2,2,2,4,1,1,-7,2,2,2,2,0,0,1,0,0,0,bas25_08124,436.94194021,2,24005,-7,8,29,00:00:10,8,29,00:37:47,1,1,2,2,4,4,1,5,7,3
3,3,1,2,2,2,3,3,2,3,2,2,3,3,2,1,3,2,2,2,2,2,2,2,2,2,2,2,2,2,2,3,3,3,2,2,1,1,1,1,1,1,1,1,2,2,2,2,2,2,2,-7,3,3,3,3,3,3,3,1,1,1,3,2,2,2,1,1,1,1,1,1,0,1,0,1,0,0,0,0,0,1,1,0,1,0,0,0,0,0,0,0,0,0,0,0,1,0,0,0,0,0,1,1,0,0,1,0,1,0,0,0,0,0,0,0,0,1,3,0,0,0,0,1,1,0,1,2,-7,-7,-7,-7,-7,-7,-7,5,-7,-7,-7,150000,15000,2,1,2,2,3,3,3,2,-7,2,2,2,3,3,3,3,3,2,1,2,1,3,3,1,1,1,0,0,0,0,0,0,0,0,NA,1,1,0,0,0,0,0,0,0,0,0,4,4,1,1,1,0,0,0,1,4,NA,2,-7,-7,1,-7,2,-7,-7,-7,1,5,5,1954,71,2,-7,2,2,1,1,1,1,2,-7,-7,-7,6,1,3,-7,3,2,2,1,2,2,2,2,2,1,1,-7,1,1,1,1,0,1,0,0,0,0,bas25_08134,464.31619476,2,24005,-7,9,5,12:25:51,9,5,13:22:07,2,1,2,1,2,3,2,5,0,1
63,3,2,2,2,2,3,3,3,2,2,2,2,2,3,2,3,4,2,4,2,4,1,2,2,2,1,2,2,2,3,3,3,3,2,2,1,1,1,1,1,1,1,1,2,4,4,4,5,4,5,3,-7,3,3,3,3,3,3,1,4,1,2,2,2,3,3,2,2,1,1,1,1,0,1,0,1,1,1,0,0,1,1,1,0,1,0,0,1,0,0,0,0,-8,-8,-8,-8,-8,-8,0,0,1,0,0,0,0,1,0,1,0,0,0,0,0,0,1,0,0,5,0,0,0,0,1,0,0,1,4,-7,-7,-7,-7,-7,-7,-7,5,-7,-7,-7,75,21000,3,2,2,3,2,3,3,2,-7,2,2,2,3,3,3,3,3,1,1,3,1,2,2,1,1,2,0,0,0,0,0,0,0,0,NA,1,0,0,0,0,0,0,0,0,0,1,1,1,3,4,0,1,0,0,1,2,NA,2,-7,-7,-8,-7,-8,-7,-7,-7,2,3,5,1959,66,2,-7,2,2,1,1,1,1,1,-7,-7,-7,4,1,4,-7,4,2,2,2,2,2,2,2,2,1,1,-7,1,1,1,1,0,1,0,0,0,0,bas25_08138,735.29547805,1,24510,Midway/Coldstream,8,28,16:09:45,-9,-9,NA:NA:NA,2,1,1,1,2,2,2,5,0,1
17,5,1,1,2,2,3,3,3,2,3,1,3,2,1,2,2,1,2,2,2,2,4,4,4,2,4,2,2,2,3,3,4,4,3,4,2,1,1,1,2,2,2,2,1,3,3,4,3,4,4,4,-7,3,3,3,3,3,3,1,2,1,3,1,1,3,2,1,1,0,1,0,1,0,0,1,1,0,0,0,0,0,1,1,1,0,0,1,0,0,0,0,0,-8,-8,-8,-8,-8,-8,0,1,1,1,1,1,1,0,0,1,1,0,0,0,1,0,1,0,0,2,0,0,0,0,0,1,0,3,-7,-7,-7,-7,-7,-7,-7,-7,4,-7,-7,-7,200000,40000,4,4,4,5,3,3,3,2,-7,2,2,3,1,1,2,2,1,1,1,2,1,2,4,1,1,1,0,0,0,1,0,1,0,0,NA,0,0,0,0,0,1,0,0,1,1,0,5,5,2,1,1,1,0,0,1,2,NA,2,-7,-7,2,2,2,-7,-7,-7,2,7,1,1970,55,1,-7,2,2,1,1,1,9,-7,-7,-7,-7,2,2,-7,5,10,2,2,2,2,2,2,5,2,1,1,-7,2,2,2,2,0,0,1,0,0,0,bas25_08145,183.80492138,1,24510,Hampden/Remington,9,7,12:34:42,9,7,12:52:10,2,1,1,2,4,4,1,4,0,1
25,2,3,3,3,3,3,2,4,4,3,5,4,4,3,4,4,2,5,3,2,2,5,3,5,3,5,3,4,3,4,3,4,4,4,3,1,1,1,1,2,1,2,1,2,5,4,5,4,3,3,2,-7,3,3,3,3,3,3,1,3,1,3,2,2,3,2,1,2,0,0,0,0,0,0,0,1,0,0,1,0,0,0,0,0,0,0,0,0,1,0,0,0,0,0,0,1,0,0,0,0,0,0,0,1,0,1,0,1,0,0,0,1,0,1,0,1,0,3,0,0,1,0,0,1,0,2,-7,0,0,1,1,0,0,0,1,3,2,3,500000,50000,4,4,4,5,3,3,3,2,-7,2,2,2,2,2,2,1,1,1,1,1,2,2,4,1,1,4,0,1,0,0,0,1,0,0,NA,0,0,0,0,0,0,0,0,0,0,1,5,5,2,1,1,0,0,0,2,2,NA,2,-7,-7,1,-7,2,-7,-7,-7,2,7,5,1970,55,2,-7,4,2,1,1,1,8,-7,-7,-7,-7,5,2,-7,4,9,2,2,2,2,2,2,2,1,1,1,-7,1,1,1,1,0,1,0,0,0,0,bas25_08150,234.45346545,1,24510,Poppleton/The Terraces/Hollins Market,8,27,15:52:37,8,27,16:18:06,1,2,1,1,4,4,2,4,0,1
2,5,2,1,2,1,4,3,3,5,5,2,4,2,2,2,1,2,1,1,1,1,2,4,2,5,2,2,4,3,4,4,4,4,2,3,2,1,2,1,2,1,2,2,2,5,4,5,5,5,5,4,-7,3,1,1,2,3,3,2,4,1,2,1,1,3,2,1,6,1,0,0,1,1,0,0,1,0,1,0,0,1,0,1,1,1,0,1,1,1,1,0,0,0,1,1,0,0,1,0,0,0,0,0,1,0,0,0,1,1,0,1,1,0,0,0,0,0,1,0,0,0,0,1,0,0,3,-7,-7,-7,-7,-7,-7,-7,-7,1,1,5,1,300000,70000,4,5,4,5,1,1,1,1,1,1,1,4,5,5,5,4,5,5,5,5,1,2,3,2,2,2,1,1,0,1,0,1,0,1,Headaches,0,0,0,0,0,0,0,0,0,0,1,4,4,2,3,1,0,0,0,1,2,NA,2,-7,-7,2,1,2,-7,-7,-7,1,6,1,2000,25,1,-7,2,2,1,1,1,9,-7,-7,-7,-7,1,2,-7,4,9,2,2,2,2,2,2,3,3,1,4,1,2,2,2,2,0,0,1,0,0,0,bas25_08152,3910.2591712,2,24005,-7,8,27,15:00:53,8,27,15:22:40,2,2,1,2,4,4,1,2,5,2
5,2,3,2,2,2,3,2,3,3,3,3,3,3,2,2,1,3,2,2,1,2,2,1,3,3,2,2,2,2,4,3,4,4,2,3,-8,-8,-8,-8,-8,-8,-8,-8,2,5,5,3,4,4,4,-7,4,3,3,3,3,3,3,1,3,1,1,2,2,2,1,1,1,1,0,0,0,0,0,0,1,0,0,0,0,1,0,0,0,0,0,0,1,0,0,0,0,0,1,0,0,0,0,0,1,0,0,0,0,0,0,0,0,1,0,0,0,0,0,0,0,1,1,-8,-8,-8,-8,-8,-8,-8,2,-7,1,0,1,0,0,0,0,1,1,4,3,80000,49000,4,5,4,4,3,3,3,2,-7,2,2,1,1,1,1,1,1,1,1,1,2,3,3,2,2,1,-8,-8,-8,-8,-8,-8,-8,-8,NA,-8,1,0,0,0,0,0,0,0,0,0,2,2,1,1,0,1,0,0,1,2,NA,2,-7,-7,1,-7,2,-7,-7,-7,2,3,3,1974,51,2,-7,2,2,1,1,1,9,-7,-7,-7,-7,1,1,4,-7,4,2,2,2,2,2,2,3,2,1,3,-7,1,1,1,1,0,1,0,0,0,0,bas25_08166,961.78116328,1,24510,Greater Rosemont,8,27,19:07:53,8,27,21:56:44,2,2,2,1,2,2,2,4,0,1
8,2,1,2,2,2,3,3,3,2,2,2,3,3,1,1,1,1,1,1,1,1,2,2,2,2,2,2,2,2,1,1,3,1,3,3,1,1,1,1,1,1,1,2,2,2,3,2,3,3,3,1,-7,3,3,3,3,3,3,1,1,1,1,1,1,2,1,1,1,1,0,0,0,0,0,0,0,1,0,0,0,1,0,0,0,0,0,0,1,1,0,0,0,-8,-8,-8,-8,-8,-8,0,0,0,0,0,1,0,0,0,1,1,0,0,0,0,0,0,0,1,1,0,0,1,0,1,0,0,3,-7,-7,-7,-7,-7,-7,-7,-7,5,-7,-7,-7,100000,40000,3,3,3,4,3,3,3,2,-7,2,2,2,1,1,1,2,1,1,1,1,1,3,3,1,1,1,0,0,0,0,0,0,0,0,NA,1,0,1,0,0,0,0,0,1,1,0,4,4,2,1,1,0,0,0,2,2,NA,2,-7,-7,1,-7,2,-7,-7,-7,2,7,3,1960,65,1,-7,2,2,1,1,1,9,-7,-7,-7,-7,2,1,4,-7,4,2,2,2,2,2,2,3,2,1,1,-7,2,2,2,2,0,0,1,0,0,0,bas25_08181,94.322601892,1,24510,Greater Roland Park/Poplar Hill,8,28,15:30:42,8,28,16:02:59,1,1,1,2,2,4,1,5,0,1
2,2,3,3,3,3,2,2,3,3,4,4,4,5,4,5,4,4,4,4,2,4,5,3,3,4,4,5,5,3,4,4,4,5,2,2,2,2,2,2,2,2,2,2,2,5,5,5,5,5,5,-7,2,1,1,1,1,1,1,1,1,2,5,3,3,5,5,2,1,1,1,0,1,0,0,1,0,0,0,0,0,0,0,0,1,0,1,1,1,1,0,0,0,0,0,0,0,0,1,0,0,1,0,0,0,0,0,0,0,0,1,0,1,0,0,0,0,0,5,0,0,0,1,1,0,0,2,-7,0,0,0,0,0,0,1,7,-7,-7,-7,2000,0,4,5,4,5,1,1,1,1,1,1,1,3,-8,5,5,5,5,5,5,5,3,3,3,1,1,3,0,1,0,0,0,0,0,0,NA,0,0,0,0,0,0,0,0,1,1,0,5,2,1,4,1,0,0,0,2,5,NA,2,-7,-7,1,-7,1,1,0,0,1,3,5,1996,29,1,-7,2,2,1,1,3,9,-7,-7,-7,-7,1,1,1,-7,1,1,1,2,1,1,2,1,4,1,5,1,1,1,1,1,0,1,0,0,0,0,bas25_08184,892.61797615,1,24510,Midway/Coldstream,8,27,19:13:07,8,27,19:26:45,2,2,2,1,1,2,1,2,12,3
24,6,1,1,1,1,4,4,1,2,3,1,3,2,1,1,1,2,2,1,1,1,1,3,1,3,1,1,2,2,2,2,4,2,4,4,1,1,1,1,2,2,2,2,1,4,4,3,4,4,4,3,-7,3,3,3,3,3,3,1,1,1,2,1,1,1,1,1,1,0,0,0,0,0,0,0,1,1,0,0,0,0,0,0,0,0,0,0,1,1,0,0,0,0,0,0,0,0,1,0,1,0,1,1,1,0,0,1,1,0,0,0,0,0,1,1,0,0,2,0,0,1,0,0,0,0,2,-7,0,0,1,0,0,0,1,1,1,4,4,100000000,30000,4,3,4,5,3,3,3,2,-7,2,2,1,2,2,2,2,1,1,1,1,1,2,2,1,1,1,0,0,0,1,0,0,0,0,NA,0,0,0,0,0,0,0,0,1,0,0,5,5,2,1,0,0,1,0,1,2,NA,2,-7,-7,1,-7,2,-7,-7,-7,2,6,5,1958,67,1,-7,1,2,1,1,1,9,-7,-7,-7,-7,1,2,-7,2,7,2,2,2,1,2,2,4,2,1,1,-7,2,2,2,2,0,0,1,0,0,0,bas25_08186,147.12442346,1,24510,Greater Lauraville,8,28,11:00:07,8,28,11:25:14,1,2,1,2,3,4,1,5,0,1
3,4,1,1,1,1,3,4,1,3,2,1,1,1,1,1,1,1,1,1,1,1,1,1,1,1,1,1,1,2,1,2,3,1,2,2,1,1,1,1,1,1,1,1,2,2,3,5,5,5,5,1,-7,3,3,3,3,3,3,1,1,1,1,3,1,2,1,1,2,0,0,0,0,1,0,0,0,0,0,0,0,0,0,0,0,0,0,1,0,1,0,0,0,0,1,0,0,0,0,0,1,0,0,0,0,0,0,1,1,0,0,1,1,0,1,0,0,0,1,0,0,1,0,0,0,0,1,2,-7,-7,-7,-7,-7,-7,-7,1,1,2,3,200000,40000,2,1,3,4,3,3,3,2,-7,2,2,2,1,1,1,1,1,1,1,1,1,2,1,1,1,1,0,1,0,0,0,0,0,0,NA,0,0,0,0,0,0,0,0,0,0,1,4,5,2,1,1,0,0,0,2,2,NA,2,-7,-7,2,2,1,0,1,1,2,6,1,1986,39,2,-7,2,2,3,3,3,6,-7,-7,-7,-7,5,2,-7,2,7,2,2,2,2,2,2,4,2,1,1,-7,3,4,3,4,0,0,0,0,1,0,bas25_08188,1219.928459,2,24005,-7,9,20,05:02:31,9,20,05:23:45,2,1,1,3,3,4,2,3,0,1
-8,2,1,2,2,2,2,1,2,3,4,2,3,4,3,2,3,3,3,3,3,3,2,2,3,3,2,2,2,2,3,3,4,2,1,2,1,1,1,1,1,1,1,1,1,4,4,4,4,4,4,-7,3,3,3,2,2,2,3,1,3,2,2,3,2,2,3,1,1,1,0,0,0,0,0,0,1,0,0,0,0,1,0,0,0,0,0,0,1,0,0,0,0,0,0,0,0,0,1,0,0,0,0,0,0,1,1,0,1,0,0,0,1,0,0,0,0,0,3,0,0,0,0,1,0,0,2,-7,0,0,0,0,1,0,0,5,-7,-7,-7,125000,2500,3,3,4,5,3,3,3,2,-7,2,2,1,4,1,2,2,2,1,1,1,1,3,3,2,1,1,0,0,0,0,0,0,0,0,NA,1,1,1,0,0,1,0,0,0,0,0,1,1,2,1,0,1,0,0,2,2,NA,2,-7,-7,1,-7,2,-7,-7,-7,2,2,5,1949,76,1,-7,2,2,1,-8,1,8,-7,-7,-7,-7,4,1,1,-7,1,1,1,2,1,2,2,3,2,1,1,-7,1,1,1,1,0,1,0,0,0,0,bas25_08189,518.99802325,1,24510,Pimlico/Arlington/Hilltop,9,4,16:28:07,9,18,16:15:56,2,1,2,1,1,1,1,5,3,2
35,2,1,1,2,2,3,3,3,1,1,2,1,2,2,2,2,1,1,1,1,1,1,1,1,1,1,1,1,3,3,3,3,5,1,1,1,1,1,1,1,1,1,1,2,4,3,1,3,3,3,3,-7,3,3,3,3,3,3,1,1,1,1,2,2,3,1,1,1,1,1,0,0,1,0,0,0,0,0,0,0,1,1,0,0,1,0,0,0,0,0,0,0,0,1,0,0,0,0,0,0,0,0,1,0,0,1,0,1,0,0,1,0,0,0,1,1,0,2,-8,-8,-8,-8,-8,-8,-8,2,-7,0,0,1,0,0,0,1,5,-7,-7,-7,500000,25000,2,1,4,5,3,3,3,2,-7,2,2,2,2,1,2,2,1,1,1,1,1,3,2,1,1,1,0,0,0,0,0,0,0,0,NA,1,1,1,0,0,0,0,0,0,0,0,4,5,2,1,0,1,0,0,2,1,NA,2,-7,-7,2,1,2,-7,-7,-7,1,3,1,1951,74,1,-7,2,2,1,1,1,8,-7,-7,-7,-7,8,2,-7,-8,-6,-8,2,2,2,2,2,1,-8,1,1,-7,1,1,1,1,0,1,0,0,0,0,bas25_08197,938.68869603,1,24510,Loch Raven,8,27,17:50:58,8,27,19:37:33,1,2,1,1,-6,2,1,5,0,1
17,2,4,1,2,2,3,3,2,3,3,2,2,2,2,2,2,2,2,2,2,2,2,4,2,3,1,1,2,2,3,3,4,2,4,3,1,1,1,1,2,1,2,2,2,3,3,3,4,4,3,3,-7,3,3,3,3,3,3,1,4,1,4,3,1,2,3,4,1,1,0,0,0,0,0,0,1,0,0,1,0,1,0,0,0,0,0,0,1,1,0,0,0,1,0,1,0,1,0,1,1,1,1,1,1,1,0,1,0,1,0,1,0,1,0,0,0,0,5,-8,-8,-8,-8,-8,-8,-8,2,-7,1,1,1,0,0,0,1,1,1,4,3,200000,50000,3,4,4,5,2,3,3,1,3,1,2,2,2,5,2,1,1,2,2,2,1,2,3,1,1,1,0,0,0,1,0,0,0,0,NA,0,0,0,0,1,0,0,0,0,0,0,2,2,2,1,1,0,0,0,1,2,NA,2,-7,-7,1,-7,2,-7,-7,-7,2,6,5,1968,57,1,-7,2,2,1,1,1,9,-7,-7,-7,-7,2,1,4,-7,4,2,2,2,2,2,2,5,2,1,1,-7,3,5,3,5,1,0,1,1,0,0,bas25_08204,119.71014161,1,24510,Patterson Park North & East,9,3,20:33:39,9,3,21:27:21,2,2,1,3,2,4,1,4,0,1
32,3,1,2,3,2,3,-8,3,2,3,2,3,2,-8,1,2,3,1,3,-8,3,2,1,3,1,1,6,-7,2,2,2,2,2,1,-8,1,1,1,1,2,2,1,2,2,4,4,1,4,3,4,2,-7,3,3,3,3,3,3,1,-8,2,1,2,3,2,1,1,1,1,0,0,0,1,0,0,0,0,0,0,0,1,0,0,0,1,0,0,0,0,1,0,0,-8,-8,-8,-8,-8,-8,-8,-8,-8,-8,-8,-8,-8,1,0,0,1,0,0,0,0,0,0,0,1,1,-8,-8,-8,-8,-8,-8,-8,2,-7,0,0,1,0,1,0,0,5,-7,-7,-7,NA,NA,2,2,3,3,3,3,3,2,-7,2,2,1,1,1,2,2,1,-8,-8,1,1,3,2,1,1,1,0,0,0,1,0,0,0,0,NA,0,1,0,0,0,0,0,0,0,0,0,5,5,2,4,1,0,1,0,1,2,NA,2,-7,-7,1,-7,2,-7,-7,-7,2,4,5,1948,77,1,-7,2,2,1,1,1,2,-7,-7,-7,-7,8,1,4,-7,4,2,2,2,2,2,2,3,2,1,1,-7,1,1,1,1,0,1,0,0,0,0,bas25_08215,251.34264323,1,24510,Upton/Druid Heights,8,27,13:41:37,8,27,14:29:19,2,1,1,1,2,3,1,5,0,1
2,5,2,1,2,2,4,4,1,4,3,3,3,3,1,1,1,5,5,5,3,5,2,5,5,5,5,2,2,2,4,4,4,5,1,3,1,1,1,1,2,1,2,1,1,5,5,5,5,5,5,5,-7,3,3,3,3,3,3,1,5,2,5,2,2,5,5,5,1,0,0,0,0,0,0,0,0,0,0,0,1,0,0,0,0,0,0,0,0,0,0,0,1,0,1,0,0,0,0,0,0,0,0,0,1,0,1,0,1,0,0,1,0,0,0,1,0,0,5,0,0,0,0,1,0,0,3,-7,-7,-7,-7,-7,-7,-7,-7,8,-7,-7,-7,100.000.00,2000,4,5,4,5,3,3,3,2,-7,2,2,4,5,5,5,5,5,5,1,1,1,1,1,1,1,1,0,0,0,0,0,0,0,1,None,0,0,0,0,0,0,0,0,0,0,1,1,1,1,1,1,0,1,0,2,4,NA,2,-7,-7,1,-7,2,-7,-7,-7,1,5,5,-8,-8,2,-7,5,2,1,1,1,7,-7,-7,-7,-7,-8,-8,-7,-7,-6,-8,-8,-8,-8,-8,-8,-8,-8,1,5,1,-6,-6,-6,-6,0,0,0,0,0,0,bas25_08225,362.12639272,1,24510,Southwest Baltimore,9,4,11:32:35,9,10,14:40:49,2,1,1,-6,-6,3,2,-8,0,1
17,5,2,2,2,2,3,3,3,5,4,3,3,4,1,1,1,1,1,-8,2,-8,4,2,3,4,1,1,1,3,4,4,4,4,2,4,2,1,2,2,2,2,2,2,1,4,4,1,4,4,5,5,-7,3,3,3,3,3,3,1,1,1,5,2,2,3,1,1,1,1,0,0,0,0,0,0,1,0,0,0,0,1,0,0,0,1,0,0,1,0,0,0,0,0,0,0,1,0,0,0,0,0,0,0,0,1,1,0,1,0,0,0,0,0,0,1,1,0,5,0,0,0,0,0,1,0,1,1,-7,-7,-7,-7,-7,-7,-7,5,-7,-7,-7,100000,15000,3,4,4,4,3,3,3,2,-7,2,2,2,1,1,1,1,-8,1,1,1,1,3,1,1,1,1,0,0,0,0,0,0,0,0,NA,1,1,1,1,0,0,1,0,0,0,0,2,3,1,1,1,0,0,0,2,2,NA,2,-7,-7,1,-7,2,-7,-7,-7,1,4,2,1941,84,1,-7,2,2,1,1,1,7,-7,-7,-7,-7,9,1,1,-7,1,1,1,1,1,2,2,3,3,1,1,-7,1,5,1,5,1,1,0,0,1,0,bas25_08231,166.10823363,1,24510,Howard Park/West Arlington,9,22,09:35:25,9,22,10:28:35,2,1,1,1,1,3,1,5,0,1
10,4,2,2,2,2,3,3,4,4,4,2,4,4,2,2,4,3,1,3,1,2,1,1,1,3,1,1,1,3,4,4,4,3,3,4,1,1,1,1,2,2,2,2,1,5,3,1,3,2,3,3,-7,3,3,3,3,3,3,1,1,1,1,2,1,2,1,1,1,1,0,0,1,1,0,0,1,1,0,0,0,1,0,0,0,1,0,0,0,1,0,0,0,0,1,1,0,0,0,1,1,0,0,0,1,0,1,0,1,0,0,0,0,0,0,1,0,0,3,-8,-8,-8,-8,-8,-8,-8,3,-7,-7,-7,-7,-7,-7,-7,-7,5,-7,-7,-7,300000,50000,2,4,4,5,3,3,3,2,-7,2,2,3,1,1,1,2,-8,1,1,1,1,4,3,1,1,1,0,0,0,0,0,0,0,0,NA,1,1,1,1,0,0,0,0,0,0,0,4,5,2,1,1,0,0,0,2,2,NA,2,-7,-7,2,2,2,-7,-7,-7,1,7,1,1944,81,1,-7,2,2,1,1,1,1,1,-7,-7,-7,4,1,4,-7,4,2,2,2,2,2,2,4,2,1,1,-7,1,1,1,1,0,1,0,0,0,0,bas25_08234,571.79604073,2,24005,-7,9,12,09:01:59,9,14,14:18:40,1,2,1,1,2,4,1,5,0,1
1,4,1,2,2,2,3,3,3,4,3,1,3,2,2,1,2,2,1,2,1,2,3,3,2,3,1,1,2,2,1,2,3,2,3,3,2,1,2,1,2,2,2,2,1,3,4,2,3,3,3,-7,4,3,3,3,3,3,3,1,2,1,2,3,1,3,2,2,1,0,0,0,1,0,0,0,1,0,0,0,0,0,0,0,1,0,0,0,1,0,0,0,0,0,0,1,1,0,0,0,1,0,0,0,1,1,1,0,0,1,0,0,0,0,0,0,0,1,2,0,0,0,0,0,1,0,3,-7,-7,-7,-7,-7,-7,-7,-7,1,4,5,1,150000,50000,2,4,4,5,3,3,3,2,-7,2,2,2,2,2,2,3,2,2,1,1,1,2,3,1,1,4,0,1,0,1,0,1,0,0,NA,0,0,0,0,1,0,0,0,1,1,0,5,5,1,1,1,0,0,0,2,2,NA,2,-7,-7,2,1,2,-7,-7,-7,2,6,5,1996,29,1,-7,2,2,1,1,1,3,-7,-7,-7,-7,4,2,-7,1,6,2,2,2,2,2,2,3,3,1,1,-7,2,2,2,2,0,0,1,0,0,0,bas25_08238,444.41238352,1,24510,Inner Harbor/Federal Hill,9,20,10:48:45,9,20,11:05:48,2,2,2,2,3,4,1,2,0,1
60,4,2,2,2,2,3,3,4,3,3,4,4,3,2,3,2,1,2,2,1,1,2,4,2,2,2,6,-7,2,3,3,4,3,3,3,2,2,2,2,2,2,2,2,2,3,2,2,3,3,3,4,-7,2,2,2,2,2,2,1,4,2,2,2,1,2,2,1,2,1,1,0,0,0,0,0,0,0,0,0,0,1,1,0,0,0,0,0,0,0,0,0,0,-8,-8,-8,-8,-8,-8,-8,-8,-8,-8,-8,-8,-8,0,0,1,1,0,1,0,0,0,0,1,0,1,1,0,0,0,0,0,0,3,-7,-7,-7,-7,-7,-7,-7,-7,5,-7,-7,-7,350000,35000,3,5,4,5,3,3,3,2,-7,2,2,2,1,1,2,2,2,1,1,4,1,5,3,1,1,2,0,1,0,0,0,0,0,0,NA,0,1,1,1,0,0,0,0,0,0,0,5,5,2,4,1,0,0,0,1,2,NA,2,-7,-7,1,-7,2,-7,-7,-7,1,4,2,1923,102,2,-7,2,2,1,3,3,3,-7,-7,-7,-7,1,2,-7,1,6,2,2,2,2,2,2,2,1,1,1,-7,2,2,2,2,0,0,1,0,0,0,bas25_08240,704.99938013,2,24005,-7,8,30,10:45:43,8,30,11:14:18,1,1,1,2,3,3,2,5,6,3
3,3,2,2,3,2,3,3,4,5,3,4,4,3,2,3,3,2,2,3,3,3,2,3,2,4,3,1,2,2,4,4,4,2,2,4,1,1,1,1,2,2,2,2,2,4,5,2,5,4,5,5,-7,3,3,3,3,3,2,1,1,1,3,2,3,3,3,2,1,0,0,0,0,0,0,0,0,0,0,0,1,0,0,0,0,1,1,1,1,1,0,0,0,0,1,0,0,0,0,0,1,0,1,1,1,1,0,0,1,1,0,1,0,1,1,1,1,0,5,0,0,0,1,0,0,0,3,-7,-7,-7,-7,-7,-7,-7,-7,1,3,4,3,175000,25000,4,4,3,5,3,3,2,2,-7,1,2,2,3,4,3,2,3,1,1,1,1,3,3,2,2,1,0,0,0,1,1,1,0,0,NA,0,0,1,0,0,0,0,0,1,1,0,3,3,1,2,0,1,0,0,1,2,NA,1,3,1,2,1,2,-7,-7,-7,2,6,5,1995,30,1,-7,3,2,1,1,1,9,-7,-7,-7,-7,1,2,-7,2,7,2,2,2,2,2,2,3,3,1,1,-7,3,5,3,5,1,0,1,0,1,0,bas25_08246,670.74282595,1,24510,Greektown/Bayview,9,8,17:04:48,9,8,17:34:09,2,1,1,3,3,4,1,2,1,1
10,2,1,2,2,3,3,2,1,2,1,3,2,3,1,2,4,2,4,3,1,2,1,1,3,1,1,1,1,3,4,4,3,3,2,2,1,1,1,1,1,1,1,1,2,4,4,4,4,4,3,3,-7,2,2,2,2,2,2,2,3,2,1,2,2,2,1,1,3,1,1,0,1,1,1,1,1,1,1,1,0,1,1,1,1,1,1,1,1,1,1,1,0,0,1,0,0,0,0,0,0,1,1,0,1,1,0,0,0,1,1,1,0,1,1,1,1,0,2,0,0,0,0,1,1,0,1,2,-7,-7,-7,-7,-7,-7,-7,8,-7,-7,-7,200000,200,3,3,3,4,2,2,2,2,-7,2,2,2,5,5,5,5,5,1,1,1,1,3,3,1,1,3,0,1,1,1,1,1,1,0,NA,0,1,1,0,1,1,0,0,0,1,0,3,4,1,1,1,0,0,0,1,2,NA,2,-7,-7,1,-7,2,-7,-7,-7,1,2,5,1962,63,2,-7,2,2,1,1,1,8,-7,-7,-7,-7,9,1,1,-7,1,1,1,1,1,1,2,3,2,1,1,-7,1,1,1,1,0,1,0,0,0,0,bas25_08255,808.99919922,1,24510,Allendale/Irvington/S. Hilton,8,27,23:21:12,8,30,15:26:40,2,2,1,1,1,1,2,4,6,3
1,2,1,2,2,2,3,2,2,3,3,1,3,2,2,1,2,1,1,1,1,1,2,3,1,3,1,1,1,3,3,3,3,3,2,2,1,1,1,1,1,1,1,1,1,4,4,4,4,4,4,-7,4,3,3,3,3,3,3,1,2,1,2,1,1,2,3,1,1,0,0,0,0,0,0,0,1,0,1,0,0,0,0,0,0,0,0,0,1,1,0,0,0,0,0,0,1,0,0,0,0,0,0,0,0,1,0,0,1,1,0,0,0,0,0,1,0,0,2,0,0,0,0,1,1,0,1,4,-7,-7,-7,-7,-7,-7,-7,1,2,2,4,500000,50000,3,3,3,3,3,3,3,2,-7,2,2,1,1,1,1,1,1,1,1,1,1,2,2,2,2,1,0,0,0,0,0,0,0,0,NA,1,0,0,0,0,0,0,0,0,0,1,5,3,1,1,1,0,0,0,1,2,NA,2,-7,-7,2,1,2,-7,-7,-7,2,7,5,1996,29,2,-7,2,2,3,3,3,3,-7,-7,-7,-7,4,2,-7,2,7,2,2,2,2,2,2,3,4,3,5,2,2,2,2,2,0,0,1,0,0,0,bas25_08260,604.38968577,1,24510,Fells Point,9,2,16:10:05,9,2,16:42:48,1,1,2,2,3,4,2,2,0,1
6,6,4,2,3,3,3,2,5,4,3,4,3,4,3,2,5,4,4,5,5,5,5,3,4,3,2,2,2,2,3,3,4,3,3,3,1,1,1,1,1,1,1,1,2,5,5,4,5,5,5,4,-7,3,3,3,3,3,3,1,1,1,3,2,2,4,2,2,1,0,0,0,0,0,0,0,0,0,1,0,0,0,0,0,0,0,0,0,0,1,0,0,0,1,0,1,1,0,0,1,1,1,1,1,1,1,0,0,1,1,0,0,0,1,1,1,1,0,4,0,0,1,0,1,0,0,3,-7,-7,-7,-7,-7,-7,-7,-7,2,1,4,2,200000,50000,3,4,3,3,2,3,2,2,-7,2,2,3,1,2,5,2,1,5,3,4,3,2,4,2,2,3,0,0,0,0,0,0,0,0,NA,1,0,0,0,0,0,0,0,0,0,1,2,1,2,3,1,0,0,0,1,2,NA,2,-7,-7,1,-7,1,1,0,0,2,6,4,1978,47,1,-7,2,1,1,3,3,9,-7,-7,-7,-7,1,1,4,-7,4,2,1,2,2,2,2,4,3,1,1,-7,3,5,4,6,1,0,0,0,0,1,bas25_08261,207.44283911,1,24510,Highlandtown,10,14,12:27:25,10,14,13:05:26,2,2,1,3,2,4,1,3,0,1
1,2,1,1,1,1,3,3,1,1,1,1,1,1,1,1,1,1,1,1,1,1,1,1,1,1,1,1,1,1,4,4,4,5,5,3,2,2,2,2,2,2,2,2,1,4,4,1,4,4,4,2,-7,1,1,1,1,1,2,2,1,2,2,2,3,1,1,1,1,1,1,1,0,0,0,1,0,0,1,0,0,0,0,0,0,0,0,0,0,0,0,0,1,0,0,0,1,0,0,0,0,0,1,0,0,0,1,0,0,0,0,0,0,0,0,0,0,1,1,0,0,0,0,1,0,0,3,-7,-7,-7,-7,-7,-7,-7,-7,4,-7,-7,-7,0,0,1,1,1,1,1,1,2,2,-7,2,2,1,1,1,1,1,1,1,1,1,1,3,3,1,1,1,0,0,0,0,0,0,0,0,NA,1,0,0,0,0,0,0,0,0,0,1,5,5,3,1,1,0,0,0,2,5,NA,2,-7,-7,1,-7,2,-7,-7,-7,2,3,5,1991,34,1,-7,2,2,1,1,1,2,-7,-7,-7,-7,3,1,1,-7,1,2,2,2,2,2,2,1,1,1,1,-7,2,2,2,2,0,0,1,0,0,0,bas25_08265,1872.1892672,2,24005,-7,8,27,17:08:09,-9,-9,NA:NA:NA,2,2,1,2,1,2,1,2,11,3
17,4,1,1,2,1,4,2,2,3,3,1,3,1,1,1,1,1,1,1,1,1,1,3,1,3,1,2,2,2,3,3,4,3,3,-8,-8,1,-8,-8,-8,1,-8,-8,1,3,1,1,3,2,3,3,-7,3,3,3,3,3,3,1,1,1,1,2,2,2,1,1,1,1,0,0,0,1,0,0,0,0,0,0,0,1,0,0,0,1,0,0,0,0,0,0,0,0,0,0,1,0,0,-8,-8,-8,-8,-8,-8,-8,1,0,1,0,0,0,0,0,0,0,0,1,1,0,0,1,0,0,0,0,1,4,-7,-7,-7,-7,-7,-7,-7,1,4,5,1,NA,NA,3,5,3,5,3,3,3,2,-7,2,2,1,1,1,1,1,1,1,1,2,1,2,2,1,1,1,0,0,0,0,0,0,0,0,NA,1,1,1,0,0,1,0,0,0,0,0,5,5,2,1,1,1,0,0,2,2,NA,-8,-7,-7,2,1,2,-7,-7,-7,2,6,3,1950,75,2,-7,2,2,3,1,1,9,-7,-7,-7,-7,1,2,-7,5,10,2,2,2,2,2,2,3,-8,1,1,-7,1,1,1,1,0,1,0,0,0,0,bas25_08266,1319.7316542,2,24005,-7,10,1,19:21:41,10,1,19:57:15,2,2,1,1,4,4,2,5,0,1
50,2,2,3,3,-8,3,3,3,3,3,2,3,2,2,1,2,1,1,3,3,3,1,2,2,2,2,4,4,3,3,3,4,4,4,4,1,1,1,1,1,1,1,1,2,4,3,2,5,5,5,-7,5,3,3,3,3,2,2,2,3,1,1,2,3,3,1,1,1,1,0,0,0,0,0,0,0,0,0,0,0,1,0,0,0,0,0,0,0,0,0,0,0,-8,-8,-8,-8,-8,-8,-8,-8,-8,-8,-8,-8,-8,0,0,1,1,0,0,0,0,1,0,0,0,1,1,0,0,0,0,0,0,2,-7,0,0,0,0,0,0,1,5,-7,-7,-7,100000,30000,4,5,4,5,1,1,1,1,1,1,1,4,5,5,5,5,5,1,1,1,1,4,3,1,1,5,0,0,0,1,0,0,0,0,NA,0,1,1,1,0,0,1,0,0,0,0,1,5,2,4,0,1,0,0,1,2,NA,2,-7,-7,3,1,2,-7,-7,-7,1,3,3,1951,74,1,-7,2,2,1,1,1,8,-7,-7,-7,-7,1,1,2,-7,2,1,1,2,2,2,2,-8,2,1,1,-7,1,1,1,1,0,1,0,0,0,0,bas25_08272,1552.4949569,1,24510,Greater Rosemont,9,22,10:33:42,9,22,11:11:24,2,1,2,1,1,2,1,5,2,2
0,3,1,2,2,2,3,3,2,4,4,3,3,4,2,1,3,3,3,5,4,4,3,3,3,3,3,3,3,2,2,2,4,3,3,3,1,1,1,1,1,2,2,2,2,5,5,5,5,5,5,5,-7,3,3,3,3,3,3,1,4,1,3,2,2,3,3,2,2,0,0,0,0,0,0,0,1,0,0,0,0,0,0,0,0,0,0,0,1,0,0,0,0,0,1,0,0,0,0,0,0,0,0,1,1,1,0,0,0,1,1,0,0,0,0,0,0,1,4,-8,-8,-8,-8,-8,-8,-8,3,-7,-7,-7,-7,-7,-7,-7,-7,1,1,4,3,200000,30,3,4,3,5,3,3,3,2,-7,2,2,2,1,1,1,4,1,2,2,1,1,2,2,1,1,1,0,0,0,0,0,0,0,0,NA,1,0,0,0,0,1,0,0,0,0,0,5,5,1,1,1,0,0,0,1,2,NA,2,-7,-7,1,-7,2,-7,-7,-7,2,7,3,1972,53,1,-7,2,2,1,1,1,8,-7,-7,-7,-7,6,2,-7,3,8,2,2,2,2,2,2,3,2,1,1,-7,1,1,1,1,0,1,0,0,0,0,bas25_08288,189.51844609,1,24510,Downtown/Seton Hill,9,11,08:37:34,9,11,09:07:39,2,2,1,1,4,4,1,4,0,1
50,5,1,1,1,2,3,3,2,4,3,2,3,2,1,1,1,1,1,1,1,1,1,2,3,3,2,1,2,2,3,3,4,3,2,3,2,1,1,1,2,2,1,2,2,3,1,1,2,1,1,1,-7,3,3,3,3,3,3,1,1,1,2,2,2,3,1,1,1,0,0,0,0,0,0,0,0,0,0,0,1,0,1,0,0,0,0,0,0,0,0,0,0,0,0,1,0,0,0,0,0,0,0,1,0,0,0,0,1,0,1,0,0,0,0,0,0,1,2,0,0,0,0,1,0,0,2,-7,0,0,0,0,0,0,1,1,2,3,3,500000,20000,4,4,4,4,3,3,3,2,-7,2,2,2,1,1,3,3,2,1,1,2,1,2,1,2,1,1,0,0,0,0,0,0,0,0,NA,1,1,0,0,0,0,0,0,0,0,0,4,4,2,1,1,0,0,0,1,2,NA,2,-7,-7,3,2,2,-7,-7,-7,2,5,5,1970,55,2,-7,2,2,1,1,1,1,7,Protestant,-7,-7,6,2,-7,1,6,2,2,2,2,2,2,3,2,1,1,-7,1,1,1,1,0,1,0,0,0,0,bas25_08292,3021.2038665,2,24005,-7,9,4,19:09:29,9,5,08:32:22,2,2,1,1,3,3,2,4,0,1
30,6,1,2,2,2,3,3,2,2,2,1,3,1,2,1,2,1,1,1,1,1,1,1,1,1,1,1,1,3,2,2,4,2,4,3,1,1,1,1,1,1,1,1,2,2,1,1,2,1,2,2,-7,3,3,3,3,3,3,1,-8,1,2,2,2,2,1,1,1,1,0,0,0,1,0,0,0,0,0,0,0,1,0,0,0,0,0,0,0,0,0,0,0,-8,-8,-8,-8,-8,-8,-8,-8,-8,-8,-8,-8,-8,-8,-8,-8,-8,-8,-8,-8,-8,-8,-8,-8,-8,1,-8,-8,-8,-8,-8,-8,-8,1,-8,-7,-7,-7,-7,-7,-7,-7,5,-7,-7,-7,NA,NA,3,4,3,5,3,3,3,2,-7,2,2,1,3,1,1,1,1,3,1,1,1,2,2,1,1,1,0,0,0,0,0,0,0,0,NA,1,1,0,0,0,1,0,0,0,1,0,5,5,1,2,1,0,0,0,2,2,NA,2,-7,-7,1,-7,1,2,2,0,1,7,3,1958,67,1,-7,2,2,1,1,1,8,-7,-7,-7,-7,6,1,-8,-7,-6,-8,1,-8,2,-8,2,5,2,1,1,-7,1,1,1,1,0,1,0,0,0,0,bas25_08303,359.00785473,2,24005,-7,9,25,12:34:55,9,25,13:08:42,2,2,1,1,-6,4,1,5,0,1
24,2,1,1,2,2,3,2,2,2,3,2,4,2,1,2,2,1,1,1,1,1,1,3,3,1,1,1,1,2,3,3,3,3,2,2,1,1,1,1,2,1,2,1,2,5,4,3,4,4,4,2,-7,3,3,-8,3,3,3,1,4,1,1,2,1,2,1,1,2,0,0,0,0,1,0,0,0,0,1,0,0,0,0,0,0,0,0,0,0,1,0,0,0,-8,-8,-8,-8,-8,-8,-8,-8,-8,-8,-8,-8,-8,0,0,1,1,0,0,0,0,1,0,0,0,2,-8,-8,-8,-8,-8,-8,-8,3,-7,-7,-7,-7,-7,-7,-7,-7,5,-7,-7,-7,500000,40000,2,2,2,2,3,3,3,2,-7,2,2,1,1,1,1,1,1,1,1,1,1,2,2,1,1,1,-8,-8,-8,-8,-8,-8,-8,-8,NA,-8,0,1,0,0,0,0,0,0,0,0,5,4,2,1,1,0,0,0,1,2,NA,2,-7,-7,1,-7,1,0,0,1,2,6,5,1959,66,2,-7,2,2,1,1,1,4,-7,-7,5,I'm not religous,1,2,-7,6,11,2,-8,2,2,2,2,3,3,1,1,-7,-6,-6,-6,-6,-8,-8,-8,-8,-8,0,bas25_08309,1241.6392492,2,24005,-7,9,2,13:00:59,9,2,13:30:36,2,2,1,-6,4,4,2,5,0,1
20,1,2,2,2,2,4,3,2,3,3,2,2,3,2,2,1,1,2,2,2,2,2,2,3,3,3,3,3,2,4,4,4,5,5,3,-8,-8,-8,-8,-8,-8,-8,-8,2,5,5,5,5,4,4,3,-7,3,3,3,3,3,3,1,3,-8,3,2,2,3,2,1,2,1,0,0,0,0,0,0,0,0,0,0,0,1,0,0,0,0,0,0,0,0,0,0,0,0,0,0,0,0,1,0,0,0,0,0,1,0,1,0,0,1,0,0,0,0,0,0,0,1,1,-8,-8,-8,-8,-8,-8,-8,3,-7,-7,-7,-7,-7,-7,-7,-7,1,1,3,4,100000,20000,3,3,2,4,3,3,3,2,-7,2,2,1,3,3,3,3,3,2,2,-8,-8,2,2,1,1,3,0,0,0,0,0,0,0,0,NA,1,0,1,0,0,0,0,0,0,0,0,3,5,2,1,-8,-8,-8,-8,-8,-8,NA,2,-7,-7,1,-7,2,-7,-7,-7,2,3,5,1964,61,1,-7,2,2,1,1,1,8,-7,-7,-7,-7,2,1,3,-7,3,2,2,2,2,2,2,-8,-8,-8,-8,-7,1,1,1,1,0,1,0,0,0,0,bas25_08351,586.43272452,1,24510,Cedonia/Frankford,8,29,10:45:40,8,29,11:33:45,1,1,1,1,2,2,1,4,0,1
8,4,1,1,1,1,3,3,2,3,2,1,2,1,1,1,2,1,1,1,1,1,1,1,1,3,1,1,1,2,2,2,4,2,2,2,2,2,2,1,1,2,1,2,2,5,5,2,4,4,5,-7,2,3,3,3,3,3,3,1,4,1,1,1,1,3,1,1,1,0,0,0,0,1,0,0,1,0,0,0,0,0,0,0,0,1,0,0,1,0,0,0,0,-8,-8,-8,-8,-8,-8,-8,-8,-8,-8,-8,-8,-8,0,1,1,0,0,0,0,0,0,0,0,1,1,-8,-8,-8,-8,-8,-8,-8,1,3,-7,-7,-7,-7,-7,-7,-7,5,-7,-7,-7,90000,35000,3,2,3,4,3,3,3,2,-7,2,2,1,1,1,1,1,1,1,1,1,1,3,3,1,1,1,0,1,0,0,0,0,0,0,NA,0,1,0,0,0,0,0,0,0,0,0,5,5,2,1,1,0,0,0,1,2,NA,2,-7,-7,1,-7,2,-7,-7,-7,2,7,2,1950,75,2,-7,2,2,3,1,1,9,-7,-7,-7,-7,1,2,-7,2,7,2,2,2,2,2,2,5,2,1,1,-7,2,2,2,2,0,0,1,0,0,0,bas25_08352,172.28243267,1,24510,North Baltimore/Guilford/Homeland,9,11,06:55:09,9,11,07:17:21,1,1,2,2,3,4,2,5,0,1
2,3,1,1,2,2,4,2,2,2,3,1,1,1,1,1,1,1,1,1,1,1,1,1,1,1,1,1,1,3,4,4,4,5,2,-8,1,1,2,1,1,1,1,1,2,1,1,2,2,2,2,4,-7,3,3,3,3,3,3,2,1,2,1,3,3,2,1,1,2,0,0,0,0,0,0,0,0,0,0,0,1,0,0,0,0,0,0,1,0,0,0,0,0,-8,-8,-8,-8,-8,-8,-8,-8,-8,-8,-8,-8,-8,-8,-8,-8,-8,-8,0,1,0,0,0,0,0,1,-8,-8,-8,-8,-8,-8,-8,3,-7,-7,-7,-7,-7,-7,-7,-7,1,3,2,3,127000,12000,4,3,4,5,1,1,2,2,-7,1,1,3,4,4,5,5,5,4,4,3,3,4,2,2,1,1,0,0,0,0,0,0,0,0,NA,1,1,0,0,0,1,0,0,0,0,0,4,4,1,2,1,0,0,0,1,5,NA,2,-7,-7,3,1,1,0,1,0,1,5,1,1984,41,1,-7,2,1,1,3,3,2,-7,-7,-7,-7,4,1,5,-7,5,2,2,2,2,2,2,3,2,1,3,-7,1,1,4,6,0,1,0,0,0,1,bas25_08357,1190.6465676,2,24005,-7,10,1,21:58:34,10,1,23:07:02,1,2,1,3,2,3,1,3,0,1
14,3,1,2,2,2,3,3,2,3,2,2,3,2,2,2,1,1,1,1,1,1,2,2,2,2,1,2,2,2,2,2,3,2,2,2,1,1,1,1,1,2,1,2,2,5,5,2,4,4,4,2,-7,3,3,3,3,3,3,1,4,1,2,3,1,2,1,1,1,1,0,0,0,0,0,0,0,0,0,0,0,1,1,0,0,0,0,0,0,1,0,0,0,-8,-8,-8,-8,-8,-8,0,0,0,0,0,1,0,1,0,1,0,0,0,1,0,0,0,1,0,2,0,0,0,1,0,0,0,1,2,-7,-7,-7,-7,-7,-7,-7,1,1,2,3,100000,40000,3,2,3,4,2,3,3,2,-7,2,2,2,2,2,2,2,2,2,1,1,2,3,2,1,1,1,0,0,0,0,0,0,0,0,NA,1,1,1,0,0,0,0,0,0,0,0,5,5,1,1,0,1,0,0,1,2,NA,2,-7,-7,2,1,2,-7,-7,-7,2,5,1,1968,57,1,-7,1,2,1,1,1,1,6,-7,-7,-7,3,2,-7,3,8,2,2,2,2,2,2,3,2,1,1,-7,1,1,1,1,0,1,0,0,0,0,bas25_08361,609.4869089,1,24510,Dorchester/Ashburton,8,28,21:11:51,8,28,22:05:52,1,1,1,1,4,3,1,4,0,1
5,3,1,1,1,1,4,3,1,4,3,2,3,2,1,2,2,2,2,2,1,1,1,4,2,4,2,3,3,3,2,2,4,3,4,5,1,1,1,1,2,2,2,2,1,3,3,3,5,5,5,5,-7,3,3,3,3,3,3,1,4,1,3,3,2,3,1,1,1,0,0,0,0,0,0,0,1,1,0,0,0,0,0,0,0,1,0,0,1,1,0,0,0,-8,-8,-8,-8,-8,-8,-8,-8,-8,-8,-8,-8,-8,0,0,1,1,0,0,0,0,0,0,0,1,2,0,0,0,0,0,1,0,1,3,-7,-7,-7,-7,-7,-7,-7,1,-8,5,3,350000,65000,4,4,4,5,3,3,3,2,-7,2,2,2,2,2,2,2,2,1,1,3,2,2,2,2,2,4,0,1,0,0,0,0,0,1,I have thermal dusregulation due to autism,0,0,0,0,0,0,0,0,1,0,0,5,5,2,1,1,0,0,0,2,3,5G cellular,1,3,3,2,1,2,-7,-7,-7,1,6,1,1969,56,2,-7,1,2,1,1,1,8,-7,-7,-7,-7,6,2,-7,4,9,2,2,2,2,2,2,5,3,1,1,-7,2,2,2,2,0,0,1,0,0,0,bas25_08363,428.22673737,1,24510,Greater Charles Village/Barclay,8,27,16:52:41,8,28,07:05:32,1,2,1,2,4,4,2,4,0,1
0,4,2,2,1,2,3,2,3,5,2,1,2,2,2,2,1,1,1,1,1,1,1,4,2,5,3,1,1,1,2,2,3,2,2,3,2,2,2,2,2,2,2,2,2,2,3,2,3,4,2,-7,4,3,3,2,2,3,3,1,2,1,2,3,1,3,3,1,1,1,0,1,1,1,0,1,0,0,0,0,0,0,0,0,0,0,0,1,1,1,0,0,0,-8,-8,-8,-8,-8,-8,0,1,1,0,1,0,0,0,0,1,1,0,0,1,1,0,1,1,0,2,-8,-8,-8,-8,-8,-8,-8,3,-7,-7,-7,-7,-7,-7,-7,-7,1,1,4,1,400000,50000,3,3,3,4,3,3,3,2,-7,2,2,1,1,1,2,1,1,1,1,1,1,3,1,1,2,1,0,1,0,1,0,1,0,0,NA,0,0,0,0,0,0,0,0,0,0,1,5,5,2,1,1,0,0,0,1,2,NA,2,-7,-7,2,1,2,-7,-7,-7,2,7,5,1998,27,2,-7,2,2,1,1,1,2,-7,-7,-7,-7,1,2,-7,5,10,2,2,2,2,2,2,4,2,1,1,-7,2,2,2,2,0,0,1,0,0,0,bas25_08372,489.11594657,1,24510,Patterson Park North & East,10,9,20:22:35,10,9,20:43:55,2,2,2,2,4,4,2,2,2,2
5,5,2,2,3,2,3,3,3,4,3,2,2,2,2,2,2,2,2,2,2,2,2,2,3,3,3,2,2,2,3,2,3,3,3,3,1,1,1,1,2,2,2,2,2,4,5,4,5,5,4,-7,4,3,3,3,3,3,3,1,1,1,3,1,1,3,2,2,1,1,1,1,1,1,0,0,0,0,1,0,0,1,1,1,1,1,0,0,0,0,0,0,0,-8,-8,-8,-8,-8,-8,1,0,1,1,1,0,1,0,0,1,1,0,0,1,1,1,0,1,0,2,-8,-8,-8,-8,-8,-8,-8,3,-7,-7,-7,-7,-7,-7,-7,-7,1,1,3,1,300000,25000,3,4,2,4,3,3,3,2,-7,2,2,2,1,2,1,2,2,1,1,3,3,2,4,2,2,1,0,1,0,1,0,0,0,0,NA,0,0,0,0,0,0,0,0,1,1,0,1,1,1,2,1,0,0,0,1,2,NA,2,-7,-7,1,-7,2,-7,-7,-7,2,6,5,1978,47,2,-7,2,2,1,1,1,9,-7,-7,-7,-7,6,2,-7,1,6,2,2,2,2,2,2,4,2,1,1,-7,2,2,2,2,0,0,1,0,0,0,bas25_08375,297.98251369,1,24510,Midtown,8,28,22:41:11,8,28,23:26:47,1,1,2,2,3,4,2,3,0,1
34,3,1,2,2,2,3,3,2,4,4,3,4,3,3,2,2,1,2,2,2,2,1,3,1,3,2,2,2,3,3,3,3,1,3,3,1,1,1,1,1,1,1,1,2,5,4,4,5,5,5,5,-7,2,2,2,2,1,1,1,4,1,2,2,2,3,2,2,3,1,0,0,0,0,0,0,0,1,0,0,0,1,0,0,0,0,0,0,0,0,0,0,0,-8,-8,-8,-8,-8,-8,1,1,1,1,1,1,1,1,0,1,0,0,1,1,0,1,0,0,0,3,-8,-8,-8,-8,-8,-8,-8,2,-7,1,1,1,1,1,1,1,1,3,3,4,100000,500,3,2,3,2,1,2,2,1,2,2,2,3,3,3,3,4,3,3,3,1,2,4,3,1,1,4,0,1,0,0,0,0,0,0,NA,0,1,0,0,0,0,0,0,0,0,0,3,5,2,2,1,0,0,0,1,2,NA,2,-7,-7,1,-7,2,-7,-7,-7,1,5,3,1968,57,1,-7,2,2,1,1,1,-8,-6,-7,-7,-7,8,1,4,-7,4,2,1,2,2,2,2,3,2,1,1,-7,1,1,1,1,0,1,0,0,0,0,bas25_08387,295.69117935,1,24510,Greater Lauraville,8,28,10:17:58,8,28,11:09:32,2,1,1,1,2,3,1,4,8,3
4,2,1,2,2,2,3,3,3,3,3,2,3,3,2,2,2,2,2,2,2,2,2,2,2,2,2,2,2,2,2,2,2,2,3,3,1,1,1,1,1,1,1,2,1,3,3,2,3,3,3,-7,4,3,3,3,3,3,3,1,2,1,2,2,2,2,2,1,1,1,0,1,0,1,0,0,0,0,0,0,0,1,1,1,1,1,0,0,0,0,0,0,0,-8,-8,-8,-8,-8,-8,-8,-8,-8,-8,-8,-8,-8,1,0,1,0,0,-8,-8,-8,-8,-8,-8,-8,2,-8,-8,-8,-8,-8,-8,-8,3,-7,-7,-7,-7,-7,-7,-7,-7,5,-7,-7,-7,150000,25000,3,3,2,3,3,3,3,2,-7,2,2,1,1,1,1,1,1,1,1,1,1,2,2,1,1,1,0,0,0,0,0,0,0,0,NA,1,0,1,0,0,0,0,0,0,0,0,5,5,1,1,1,0,0,0,2,4,NA,2,-7,-7,1,-7,2,-7,-7,-7,2,6,2,1948,77,2,-7,2,2,1,1,1,2,-7,-7,-7,-7,8,2,-7,3,8,2,2,2,2,2,2,3,2,1,1,-7,2,2,2,2,0,0,1,0,0,0,bas25_08393,345.83822322,2,24005,-7,9,5,10:45:20,9,5,11:25:37,2,1,2,2,4,4,2,5,0,1
1,4,1,2,3,2,3,3,3,4,3,2,3,3,2,1,1,1,2,3,2,2,4,2,2,3,2,3,3,2,2,3,4,2,3,4,2,2,2,2,1,1,2,2,2,4,5,2,5,5,5,4,-7,3,3,3,3,3,3,1,1,1,4,1,1,4,1,2,1,0,0,1,0,1,0,0,1,0,0,0,0,0,0,0,0,0,0,1,1,0,0,0,0,-8,-8,-8,-8,-8,-8,0,1,1,1,1,1,0,0,0,1,1,0,0,1,0,0,1,1,0,2,-8,-8,-8,-8,-8,-8,-8,1,4,-7,-7,-7,-7,-7,-7,-7,1,3,2,4,100000,50000,3,2,3,4,3,3,3,2,-7,2,2,1,1,1,1,1,1,1,1,1,1,1,2,1,1,1,0,0,0,0,0,0,0,0,NA,1,0,0,0,0,0,0,0,1,1,0,5,5,1,1,1,0,0,0,1,2,NA,2,-7,-7,2,1,2,-7,-7,-7,2,7,1,1997,28,1,-7,2,2,1,1,1,3,-7,-7,-7,-7,5,2,-7,4,9,2,2,2,2,2,2,5,3,1,1,-7,2,2,2,2,0,0,1,0,0,0,bas25_08397,319.73479621,1,24510,Midtown,9,7,08:31:38,9,7,09:04:30,1,2,1,2,4,4,1,2,0,1
6,3,2,1,1,1,3,3,3,4,2,1,2,2,1,2,2,3,2,2,2,2,2,4,4,4,2,5,4,2,2,2,4,3,3,3,1,1,1,1,1,1,1,1,1,4,5,2,3,2,3,-7,4,3,3,3,3,3,3,1,1,1,2,1,1,2,1,1,1,1,1,1,0,1,0,1,1,1,0,0,0,1,1,0,0,0,0,0,1,1,0,0,0,-8,-8,-8,-8,-8,-8,0,1,1,0,0,0,0,1,0,0,1,0,1,1,0,0,0,0,0,2,-8,-8,-8,-8,-8,-8,-8,1,4,-7,-7,-7,-7,-7,-7,-7,1,2,1,3,120000,40000,2,4,3,5,3,3,3,2,-7,2,2,1,1,1,1,1,1,1,1,1,1,1,2,1,1,1,0,0,0,0,0,0,0,0,NA,1,0,1,0,0,0,0,0,0,0,0,5,5,2,1,1,0,0,0,1,2,NA,2,-7,-7,2,1,2,-7,-7,-7,2,7,1,1973,52,2,-7,1,2,1,1,1,1,6,-7,-7,-7,2,2,-7,6,11,2,2,2,2,2,2,4,2,1,1,-7,2,2,2,2,0,0,1,0,0,0,bas25_08399,379.36283336,1,24510,Greater Charles Village/Barclay,8,27,15:58:32,8,27,16:25:45,2,2,2,2,4,4,2,4,0,1
3,2,3,3,3,2,3,2,4,4,3,4,3,2,1,1,1,1,1,1,1,1,2,2,3,4,1,6,-7,2,3,3,3,2,2,5,1,1,1,1,1,1,1,2,1,4,3,3,4,4,4,2,-7,3,3,3,3,3,3,1,1,1,1,2,2,2,1,1,1,0,0,0,1,0,0,0,1,0,0,0,0,0,0,0,1,1,0,0,1,0,0,0,0,-8,-8,-8,-8,-8,-8,-8,-8,-8,-8,-8,-8,-8,1,0,1,0,0,0,0,0,0,0,1,0,5,-8,-8,-8,-8,-8,-8,-8,3,-7,-7,-7,-7,-7,-7,-7,-7,1,1,1,4,80000,30000,3,2,4,4,3,2,2,2,-7,2,2,1,2,2,2,1,2,3,1,1,2,2,3,1,1,3,0,0,0,0,0,0,0,0,NA,1,0,0,0,0,0,0,0,1,1,0,3,3,1,3,1,0,0,0,2,2,NA,2,-7,-7,3,1,1,0,1,1,1,5,1,1985,40,2,-7,2,2,1,1,1,1,-8,-8,-7,-7,2,2,-7,2,7,2,2,2,2,2,2,3,2,1,3,-7,1,1,1,1,0,1,0,0,0,0,bas25_08401,1854.9521966,1,24510,Loch Raven,8,27,14:38:08,8,27,14:52:50,2,1,1,1,3,3,2,3,0,1
5,4,2,1,2,2,3,3,3,-8,-8,1,-8,-8,-8,-8,3,3,-8,3,3,-8,2,3,2,-8,1,-8,-8,2,2,2,3,3,-8,-8,1,1,1,1,1,1,1,1,1,4,4,3,4,4,4,4,-7,3,3,-8,-8,-8,-8,-8,-8,2,3,-8,3,2,-8,-8,1,1,0,1,1,1,0,0,0,0,0,0,0,1,1,1,0,1,0,0,0,0,0,0,0,-8,-8,-8,-8,-8,-8,1,1,0,1,1,1,1,0,0,1,1,0,0,0,0,0,1,0,0,4,-8,-8,-8,-8,-8,-8,-8,3,-7,-7,-7,-7,-7,-7,-7,-7,5,-7,-7,-7,NA,NA,3,4,3,4,-8,-8,-8,-8,-7,-8,-8,-8,1,1,1,1,1,1,1,2,4,-8,-8,-8,-8,-8,-8,-8,-8,-8,-8,-8,-8,-8,NA,-8,1,0,0,0,0,0,0,0,0,0,5,5,3,4,1,0,0,0,1,2,NA,2,-7,-7,1,-7,2,-7,-7,-7,2,7,3,1949,76,1,-7,2,2,1,1,1,4,-7,-7,3,-7,2,1,-8,-7,-6,2,2,2,2,2,2,4,2,1,1,-7,2,2,2,2,0,0,1,0,0,0,bas25_08403,231.70109906,2,24005,-7,9,4,19:27:21,9,4,19:53:43,1,2,1,2,-6,4,1,5,0,1
5,3,2,2,3,2,3,3,2,3,2,2,2,2,1,1,3,1,1,3,3,4,3,3,2,2,1,2,2,3,2,2,2,3,3,3,1,1,1,1,1,1,1,1,2,5,4,2,4,4,4,-7,3,3,3,3,3,3,3,1,1,2,1,2,2,3,2,1,1,1,1,0,1,1,0,1,0,0,0,0,0,1,1,0,0,0,0,1,0,0,0,0,0,-8,-8,-8,-8,-8,-8,0,0,0,1,0,0,0,0,0,1,0,1,0,0,0,0,0,0,1,1,-8,-8,-8,-8,-8,-8,-8,3,-7,-7,-7,-7,-7,-7,-7,-7,1,3,3,1,100000,25000,4,5,4,5,1,1,2,1,1,1,1,1,2,2,2,2,2,1,4,2,2,4,4,1,1,1,0,0,0,0,0,0,0,0,NA,1,0,0,0,0,0,0,0,0,0,1,3,3,1,3,0,1,0,0,2,2,NA,2,-7,-7,2,1,1,0,3,0,2,3,1,1991,34,1,-7,2,2,1,1,1,8,-7,-7,-7,-7,3,1,3,-7,3,2,2,2,2,2,2,3,1,1,1,-7,1,1,1,1,0,1,0,0,0,0,bas25_08406,1737.3812678,1,24510,Greater Govans,9,2,20:38:44,9,2,20:56:06,2,2,2,1,2,2,1,2,0,1
6,4,1,1,2,2,3,3,3,3,2,2,3,2,2,2,2,2,2,2,2,3,3,1,3,1,3,1,2,2,2,2,4,3,3,3,2,1,1,1,1,1,1,1,1,4,4,4,3,3,4,3,-7,3,3,3,3,3,3,1,1,1,1,3,3,2,1,1,2,0,0,0,0,1,0,0,0,1,0,0,0,1,0,0,1,0,0,0,0,1,0,0,0,-8,-8,-8,-8,-8,-8,-8,-8,-8,-8,-8,-8,-8,0,0,1,1,0,0,1,0,0,0,0,0,2,-8,-8,-8,-8,-8,-8,-8,3,-7,-7,-7,-7,-7,-7,-7,-7,1,1,4,3,500000,40000,4,3,4,5,2,3,3,2,-7,1,2,2,3,4,4,2,2,4,3,3,3,2,2,2,1,2,0,0,0,0,0,0,0,0,NA,1,1,1,0,0,0,0,0,0,0,0,5,4,3,3,0,1,0,0,2,2,NA,2,-7,-7,2,1,2,-7,-7,-7,2,3,1,1959,66,1,-7,2,2,1,1,1,9,-7,-7,-7,-7,1,2,-7,5,10,2,2,2,2,2,2,4,3,-8,5,1,1,1,1,1,0,1,0,0,0,0,bas25_08407,990.35684862,1,24510,Forest Park/Walbrook,10,13,18:53:57,10,13,19:15:30,2,2,1,1,4,2,1,5,0,1
20,5,1,2,2,2,3,3,2,3,3,2,3,2,2,2,3,2,2,3,3,2,1,2,2,2,1,1,2,2,2,2,4,3,3,3,2,1,2,1,2,2,2,2,1,4,4,3,4,4,4,4,-7,3,2,2,3,3,3,1,3,1,3,2,1,3,2,1,1,0,1,0,1,0,0,1,1,1,0,0,0,0,1,1,1,1,0,1,1,1,1,0,0,1,0,1,0,1,0,1,1,1,1,1,1,1,0,0,1,1,0,1,1,1,1,1,1,0,4,-8,-8,-8,-8,-8,-8,-8,1,4,-7,-7,-7,-7,-7,-7,-7,1,2,5,1,200000,50000,3,3,4,5,3,3,3,2,-7,2,2,1,1,2,1,1,1,2,1,1,1,2,3,1,1,2,0,0,0,1,1,0,0,0,NA,0,0,0,0,1,0,0,0,1,1,0,5,5,1,1,1,0,0,0,2,2,NA,2,-7,-7,1,-7,2,-7,-7,-7,2,6,5,1972,53,1,-7,2,2,1,1,1,4,-7,-7,4,-7,1,2,-7,2,7,2,2,2,2,2,2,5,2,1,1,-7,2,2,2,2,0,0,1,0,0,0,bas25_08422,167.20577016,1,24510,Midtown,9,22,10:17:41,9,22,10:44:29,2,1,1,2,3,4,1,4,2,2
6,3,2,2,2,2,3,3,3,3,3,4,2,3,3,2,3,4,4,3,1,3,2,3,4,3,4,3,3,3,3,4,4,3,2,3,1,1,1,1,1,1,2,1,2,3,4,4,4,4,4,4,-7,3,3,3,3,3,3,1,1,1,3,2,2,3,2,1,1,1,0,0,0,0,0,0,0,0,0,0,0,1,0,0,0,0,0,0,0,0,0,0,0,0,0,0,0,0,1,0,0,1,1,1,1,0,1,0,1,0,0,0,0,0,0,0,0,1,4,0,0,0,0,1,1,0,3,-7,-7,-7,-7,-7,-7,-7,-7,1,3,4,3,150000,75000,3,3,4,4,2,2,2,1,2,1,1,2,3,3,3,3,3,1,1,1,1,4,3,1,1,4,1,1,0,0,0,0,0,0,NA,0,1,0,0,0,1,0,0,0,0,0,3,3,2,1,0,0,0,1,1,4,NA,2,-7,-7,2,1,2,-7,-7,-7,2,5,1,1980,45,2,-7,2,2,1,1,1,9,-7,-7,-7,-7,1,1,5,-7,5,2,2,2,2,2,2,2,1,1,1,-7,1,1,1,1,0,1,0,0,0,0,bas25_08433,1101.6934,1,24510,Loch Raven,8,27,17:10:24,8,27,17:31:10,2,1,1,1,2,3,2,3,0,1
19,6,1,2,2,2,3,3,3,2,2,1,3,1,1,2,1,2,1,1,1,1,2,3,3,2,3,1,1,2,3,3,3,2,2,3,1,1,1,1,2,2,2,2,2,3,2,3,4,3,3,-7,3,3,3,3,3,2,3,1,4,1,1,2,1,2,1,1,5,0,1,0,0,1,0,0,1,0,0,0,0,0,0,0,0,1,0,0,1,0,0,0,0,0,1,0,0,0,1,0,0,0,0,1,0,0,1,0,1,0,0,0,1,0,1,0,1,0,4,1,0,0,0,0,0,0,1,2,-7,-7,-7,-7,-7,-7,-7,1,2,3,4,500000,25000,3,4,3,3,3,3,3,2,-7,2,2,1,1,1,1,1,1,1,1,1,1,4,4,1,1,1,0,0,0,1,0,0,0,0,NA,0,0,1,0,0,0,0,0,0,0,0,4,5,2,4,1,0,0,0,1,2,NA,2,3,-7,2,1,2,-7,-7,-7,2,7,1,1970,55,1,-7,2,2,3,3,3,1,4,-7,-7,-7,7,2,-7,3,8,2,2,2,2,2,2,3,3,1,1,-7,3,4,3,4,0,0,0,0,1,0,bas25_08472,312.50045967,2,24005,-7,9,1,21:17:49,9,1,22:20:29,2,2,2,3,4,4,1,4,1,1
3,3,3,3,3,2,4,1,3,2,3,2,3,3,1,2,2,4,2,5,2,2,4,3,3,3,2,1,2,3,4,4,4,3,2,3,1,1,1,1,2,2,2,2,2,5,4,3,4,5,3,4,-7,3,3,3,3,3,3,1,1,1,1,3,1,2,1,1,1,0,0,0,0,0,0,0,0,0,0,0,1,0,0,0,0,0,0,0,0,0,0,0,1,-8,-8,-8,-8,-8,-8,0,1,0,0,0,0,0,0,0,1,1,0,0,0,0,0,0,0,1,4,-8,-8,-8,-8,-8,-8,-8,3,-7,-7,-7,-7,-7,-7,-7,-7,1,1,4,2,1000000,60000,4,4,4,5,3,3,3,2,-7,2,2,3,1,4,4,4,1,3,3,2,1,3,4,2,2,1,0,0,0,0,0,0,0,0,NA,1,-8,-8,-8,-8,-8,-8,-8,-8,-8,-8,5,5,2,1,1,0,0,0,2,2,NA,2,-7,-7,2,1,2,-7,-7,-7,2,6,1,-8,-8,2,-7,2,2,1,1,1,-8,-6,-7,-7,-7,3,2,-7,-8,-6,2,2,2,2,2,2,-8,3,1,1,-7,2,2,2,2,0,0,1,0,0,0,bas25_08481,509.69757917,1,24510,Hampden/Remington,8,27,18:10:16,8,27,18:47:33,1,2,1,2,-6,4,2,-8,0,1
3,2,4,3,1,2,2,2,4,3,3,1,3,3,1,2,1,1,1,1,1,1,1,5,3,3,3,6,-7,2,2,2,3,1,-8,-8,1,1,1,1,1,1,1,1,2,3,-8,-8,-8,-8,-8,3,-7,3,3,3,2,3,3,1,1,1,1,2,1,2,1,4,7,0,0,0,0,0,0,0,0,0,0,0,1,0,0,0,0,1,0,0,0,1,0,0,0,-8,-8,-8,-8,-8,-8,0,1,0,0,1,0,0,0,0,1,1,0,1,1,0,0,1,1,0,1,-8,-8,-8,-8,-8,-8,-8,1,3,-7,-7,-7,-7,-7,-7,-7,1,2,4,3,100000,20000,4,3,4,4,3,3,3,2,-7,2,2,2,2,1,1,1,2,3,1,1,1,3,3,1,1,2,0,0,0,0,0,0,0,0,NA,1,0,0,0,0,0,0,0,0,1,0,5,5,2,1,1,0,0,0,1,2,NA,1,1,-7,2,1,1,2,0,1,2,7,1,1989,36,1,-7,2,2,3,3,3,9,-7,-7,-7,-7,1,2,-7,4,9,2,2,2,2,2,2,4,4,3,5,2,2,2,2,2,0,0,1,0,0,0,bas25_08483,409.68508605,2,24005,-7,9,4,09:18:48,9,4,09:48:33,2,2,1,2,4,4,1,3,1,1
25,2,-8,2,-8,2,3,2,3,2,2,3,2,4,3,1,4,4,3,4,3,4,2,3,2,1,1,1,1,3,3,3,2,4,1,2,1,2,1,1,2,2,2,2,1,4,5,3,4,3,3,2,-7,3,3,3,3,3,3,1,1,1,3,2,2,4,5,3,4,0,0,0,0,0,0,0,0,0,0,0,1,0,0,0,0,0,0,1,0,0,0,0,0,0,1,0,0,0,0,0,1,0,1,1,0,0,0,0,0,1,1,0,0,1,0,1,0,0,2,1,0,0,0,0,0,0,3,-7,-7,-7,-7,-7,-7,-7,-7,1,3,1,4,200000,25000,3,3,2,2,3,3,3,2,-7,2,2,1,1,1,1,1,1,3,1,1,1,2,2,1,2,1,0,0,0,0,0,0,0,0,NA,1,0,0,0,0,0,1,0,0,0,0,3,3,2,2,0,1,0,0,2,2,NA,2,-7,-7,3,1,1,0,0,0,2,3,1,1960,65,1,-7,2,2,1,1,1,8,-7,-7,-7,-7,6,2,-7,3,8,2,2,2,2,2,2,3,2,1,1,-7,1,1,1,1,0,1,0,0,0,0,bas25_08491,1332.1641975,1,24510,Patterson Park North & East,10,1,15:17:47,10,1,16:26:02,1,1,1,1,4,2,1,5,0,1
46,3,1,1,2,2,4,3,3,4,2,2,3,2,2,2,2,1,1,3,2,2,1,2,1,3,1,1,1,1,3,2,4,2,3,3,1,1,1,1,2,2,2,2,2,2,4,2,5,4,4,4,-7,3,3,3,3,3,3,1,1,1,1,2,1,2,1,3,1,0,1,0,1,1,0,0,0,0,0,0,0,0,1,0,1,1,0,0,0,1,0,0,0,-8,-8,-8,-8,-8,-8,0,0,0,0,0,1,0,0,1,1,0,0,0,0,0,0,1,1,0,3,1,0,0,0,0,0,0,3,-7,-7,-7,-7,-7,-7,-7,-7,2,2,4,1,100000,35000,3,3,2,3,3,3,3,2,-7,2,2,1,2,2,3,3,2,3,2,1,1,3,2,1,1,1,0,1,0,1,0,0,0,0,NA,0,1,1,0,0,1,0,0,1,0,0,5,5,2,1,0,1,0,0,1,2,NA,2,-7,-7,1,-7,2,-7,-7,-7,1,7,2,1951,74,1,-7,2,2,1,3,3,1,3,-7,-7,-7,8,1,4,-7,4,2,2,2,2,2,2,4,2,1,1,-7,2,2,2,2,0,0,1,0,0,0,bas25_08528,96.444260719,1,24510,Hampden/Remington,9,26,18:05:43,9,26,20:41:02,2,1,1,2,2,4,1,5,0,1
33,3,5,4,4,4,1,1,5,5,5,5,5,5,5,5,5,5,5,4,5,5,5,3,5,5,5,6,-7,2,4,4,3,5,2,5,2,2,2,2,2,2,2,2,2,5,5,5,5,5,5,4,-7,1,1,1,1,1,1,1,3,1,3,2,2,4,5,3,7,1,0,1,0,0,0,0,0,0,0,0,0,1,1,1,1,0,0,1,0,1,0,0,0,0,1,0,1,0,0,1,1,0,0,0,0,0,0,0,1,0,1,1,1,0,0,0,0,0,4,1,0,0,0,0,1,0,1,4,-7,-7,-7,-7,-7,-7,-7,4,-7,-7,-7,1000000000,35000,4,5,4,5,1,1,1,1,1,1,1,4,5,5,5,5,5,3,5,5,3,4,5,1,1,2,1,1,0,1,1,1,0,0,NA,0,0,0,0,0,0,0,0,1,1,0,5,5,1,3,1,0,0,0,1,2,NA,2,-7,-7,2,2,1,2,0,2,2,3,5,1992,33,1,-7,2,2,1,1,1,8,-7,-7,-7,-7,3,1,2,-7,2,1,1,1,2,2,2,3,3,1,1,-7,1,1,1,1,0,1,0,0,0,0,bas25_08541,1737.4960093,1,24510,Midway/Coldstream,10,6,16:47:04,10,6,17:10:28,1,2,1,1,1,2,1,2,12,3
6,6,4,2,2,2,4,-8,2,3,4,4,5,3,3,3,4,1,1,2,1,1,2,3,3,3,2,3,3,4,3,3,4,3,4,-8,-8,-8,-8,-8,-8,-8,-8,-8,1,3,2,2,2,2,2,-7,3,3,3,3,3,3,3,1,4,1,3,2,1,3,4,3,2,1,0,0,0,0,0,1,0,0,0,0,0,1,0,0,0,0,0,1,0,0,0,0,0,0,0,0,1,0,1,1,1,1,1,1,1,1,0,0,1,1,0,0,0,0,0,0,0,1,3,0,0,1,0,1,1,0,3,-7,-7,-7,-7,-7,-7,-7,-7,8,-7,-7,-7,500000,50000,3,5,4,5,3,3,3,2,-7,2,2,3,5,5,5,5,3,3,1,1,1,5,3,1,1,1,-8,-8,-8,-8,-8,-8,-8,-8,NA,-8,0,0,0,0,0,0,0,1,1,0,5,5,2,1,1,1,1,0,2,2,NA,2,-7,-7,2,1,2,-7,-7,-7,1,4,3,1969,56,1,-7,2,2,1,1,1,1,2,-7,-7,-7,5,2,-7,3,8,2,2,2,2,2,2,4,2,1,1,-7,2,2,2,2,0,0,1,0,0,0,bas25_08555,551.30202819,2,24005,-7,8,27,17:58:00,8,27,18:21:40,1,1,2,2,4,3,1,4,0,1
23,3,2,1,2,1,4,3,1,5,4,3,4,2,2,2,2,1,3,2,1,4,2,3,2,5,1,1,3,2,2,2,4,2,4,4,2,2,1,1,1,1,1,2,2,4,5,4,5,5,5,-7,4,3,3,3,3,3,3,1,1,1,1,2,3,3,1,1,2,0,0,0,0,0,0,0,0,0,0,0,1,0,0,0,0,0,0,0,1,0,0,0,0,0,0,1,0,0,0,0,0,1,0,1,0,0,0,0,1,1,0,0,0,0,0,0,0,1,3,-8,-8,-8,-8,-8,-8,-8,1,2,-7,-7,-7,-7,-7,-7,-7,1,5,4,3,250000,50000,4,4,4,5,3,3,3,2,-7,2,2,2,1,2,2,2,1,1,1,1,1,2,3,1,1,1,0,0,0,0,0,0,0,0,NA,1,1,1,0,0,1,0,0,1,0,0,1,4,2,1,0,1,0,0,2,2,NA,1,1,-7,5,1,2,-7,-7,-7,2,6,1,1967,58,1,-7,2,2,1,1,1,9,-7,-7,-7,-7,1,1,5,-7,5,2,2,2,2,2,2,5,2,1,1,-7,2,2,2,2,0,0,1,0,0,0,bas25_08557,571.80411111,1,24510,Beechfield/Ten Hills/West Hills,9,23,13:55:36,-9,-9,NA:NA:NA,2,2,2,2,2,4,1,4,0,1
27,5,1,2,3,2,3,3,2,3,3,1,3,2,1,2,2,1,1,1,1,1,2,2,1,3,1,2,1,2,2,2,3,3,2,2,1,1,1,1,2,1,2,2,1,2,1,1,2,2,2,3,-7,3,3,3,3,3,3,1,1,1,2,3,2,2,1,1,2,1,1,1,1,0,0,0,1,0,1,0,0,1,1,1,1,0,0,1,1,1,1,0,0,0,0,0,1,0,0,0,0,0,0,0,1,0,1,0,1,0,0,0,0,0,0,0,0,1,1,1,0,0,0,0,0,0,2,-7,0,0,1,0,0,0,1,5,-7,-7,-7,500000,25000,2,3,3,4,3,3,3,2,-7,2,2,1,2,1,2,1,2,2,1,1,2,2,2,1,2,1,0,0,0,0,0,0,0,0,NA,1,0,0,0,0,0,0,0,0,0,1,1,1,2,2,1,0,0,0,1,2,NA,2,-7,-7,1,-7,1,0,0,1,2,5,5,1956,69,1,-7,2,2,1,1,1,9,-7,-7,-7,-7,2,2,5,2,7,2,2,2,2,2,2,4,2,1,1,-7,1,1,1,1,0,1,0,0,0,0,bas25_08558,1106.1334652,2,24005,-7,9,20,16:11:13,9,24,15:13:24,1,2,1,1,3,3,1,5,0,1
4,4,3,2,2,2,3,3,2,5,5,5,5,3,3,2,5,2,5,2,1,2,3,5,5,5,3,4,4,2,3,3,3,3,2,3,1,1,1,1,1,1,1,1,2,5,2,5,2,2,2,4,-7,3,3,3,3,3,3,1,4,1,2,1,1,3,3,3,1,0,0,0,1,1,0,0,1,0,0,0,0,0,0,0,0,1,0,0,0,0,0,0,0,-8,-8,-8,-8,-8,-8,0,0,1,0,1,1,0,0,1,0,0,1,0,0,0,0,0,0,1,3,0,0,0,0,0,1,0,1,4,-7,-7,-7,-7,-7,-7,-7,1,1,4,3,250000,50000,4,5,4,5,3,3,3,2,-7,2,2,2,1,1,1,1,1,1,1,1,1,3,3,1,2,1,0,0,0,0,0,0,0,0,NA,1,0,0,0,0,0,0,0,0,0,1,5,3,2,1,1,1,0,0,2,2,NA,1,1,-7,4,1,2,-7,-7,-7,2,6,5,1999,26,2,-7,2,2,1,1,1,4,-7,-7,4,-7,1,2,-7,2,7,2,2,2,2,2,2,2,1,1,5,1,2,2,2,2,0,0,1,0,0,0,bas25_08567,2043.370977,1,24510,Inner Harbor/Federal Hill,8,27,22:18:08,8,27,22:32:50,1,1,1,2,3,4,2,2,0,1
2,4,1,3,4,2,3,3,3,4,3,2,3,3,2,3,1,2,1,1,2,2,2,5,3,3,3,5,4,2,3,3,3,3,4,3,2,2,2,2,2,2,2,2,2,4,5,3,5,5,5,-7,4,3,3,3,3,3,3,1,1,1,1,3,3,3,2,1,1,0,0,0,0,0,0,0,1,0,0,0,0,0,0,0,0,0,0,0,1,0,0,0,0,-8,-8,-8,-8,-8,-8,-8,-8,-8,-8,-8,-8,-8,0,0,1,1,0,0,0,0,0,0,0,1,2,-8,-8,-8,-8,-8,-8,-8,3,-7,-7,-7,-7,-7,-7,-7,-7,1,1,4,4,300000,80000,4,4,4,5,3,-8,3,2,-7,2,2,1,1,1,1,1,1,1,1,1,1,2,3,1,1,1,0,0,0,0,0,0,0,0,NA,1,0,0,0,0,0,0,0,0,1,0,5,5,1,1,1,0,0,0,1,2,NA,2,-7,-7,2,1,2,-7,-7,-7,2,7,5,2000,25,1,-7,2,2,1,1,1,2,-7,-7,-7,-7,4,1,4,-7,4,2,2,2,2,2,2,3,2,1,1,-7,2,2,2,2,0,0,1,0,0,0,bas25_08575,322.77310276,1,24510,Greater Charles Village/Barclay,10,3,15:50:15,10,3,16:04:20,1,1,2,2,2,4,1,2,0,1
29,2,1,2,2,1,4,3,2,3,-8,1,3,1,1,2,1,1,1,1,1,1,1,-8,3,2,1,2,2,2,2,2,4,3,3,-8,1,1,1,1,1,1,2,1,2,3,2,3,2,2,2,-7,3,3,3,3,3,3,3,1,1,1,1,1,1,3,1,1,3,0,0,0,1,0,0,0,1,1,0,0,0,0,0,0,0,0,0,0,1,1,0,0,0,0,0,0,1,0,0,0,0,0,1,1,1,0,0,0,1,0,1,1,0,0,1,1,0,0,3,-8,-8,-8,-8,-8,-8,-8,3,-7,-7,-7,-7,-7,-7,-7,-7,2,2,4,4,NA,NA,3,4,3,5,3,3,3,2,-7,2,2,1,1,1,1,1,1,1,1,1,1,2,2,1,1,1,0,0,0,0,0,0,0,0,NA,1,1,0,0,0,0,0,0,0,0,0,5,5,2,1,1,0,0,0,1,2,NA,2,-7,-7,2,1,2,-7,-7,-7,2,7,1,1961,64,1,-7,2,2,1,1,1,4,-7,-7,2,-7,4,2,-7,6,11,2,2,2,2,2,2,4,2,1,1,-7,2,2,2,2,0,0,1,0,0,0,bas25_08580,626.66561888,2,24005,-7,8,31,19:55:45,8,31,20:44:53,2,2,2,2,4,4,1,4,0,1
11,1,1,1,1,1,4,3,2,2,3,1,3,2,1,1,1,1,1,1,1,1,1,2,2,1,1,2,2,1,1,4,4,1,3,2,1,1,1,1,1,1,1,1,1,1,1,1,1,1,1,1,-7,1,3,3,3,3,1,2,1,2,1,2,3,1,1,1,1,1,1,0,0,0,0,0,0,0,0,0,0,0,1,0,0,0,0,0,0,0,0,0,0,0,1,0,0,0,0,1,0,0,0,0,0,0,0,0,1,0,0,0,1,0,0,0,0,0,1,0,0,0,1,0,0,0,2,-7,1,0,0,0,0,0,0,1,1,1,4,100,50,4,4,4,1,2,3,3,2,-7,2,2,4,1,3,3,3,3,2,2,2,1,2,5,2,2,1,1,0,0,0,0,0,0,0,NA,0,1,0,0,0,0,0,0,0,0,0,1,3,1,1,0,1,0,0,2,1,NA,1,1,-7,2,2,2,-7,-7,-7,1,3,1,1984,41,1,-7,1,2,1,1,1,9,-7,-7,-7,-7,1,1,4,-7,4,2,2,2,1,1,1,2,2,1,2,-7,1,1,1,1,0,1,0,0,0,0,bas25_08582,1964.8105262,2,24005,-7,9,19,10:30:52,9,19,10:48:11,1,2,1,1,2,2,1,3,4,2
2,2,1,2,2,2,4,2,3,3,3,1,3,1,1,1,1,1,1,1,1,1,1,3,1,2,1,2,2,3,3,3,3,2,1,2,1,1,1,1,1,1,1,2,2,3,2,2,3,3,3,-7,4,3,3,3,3,3,3,1,2,1,4,2,2,2,1,1,1,0,0,0,0,0,0,0,0,0,0,0,1,0,0,0,0,1,0,0,0,1,0,0,0,0,1,0,0,0,0,1,1,1,0,1,0,1,0,0,1,0,1,1,1,0,0,0,1,0,3,-8,-8,-8,-8,-8,-8,-8,2,-7,0,0,0,0,0,0,1,1,5,2,3,5000000,30000,3,4,4,5,3,3,3,2,-7,2,2,1,1,1,1,1,1,2,2,3,1,2,3,1,1,1,0,0,0,0,0,0,0,0,NA,1,0,0,0,1,0,0,0,0,0,0,4,5,1,1,1,0,0,0,1,2,NA,2,-7,-7,3,2,1,1,0,0,2,7,4,1989,36,1,-7,2,2,1,3,3,2,-7,-7,-7,-7,4,2,-7,3,8,2,2,2,2,2,2,3,2,1,1,-7,1,1,1,1,0,1,0,0,0,0,bas25_08584,720.08055521000006,2,24005,-7,8,27,19:50:56,8,27,20:28:01,1,2,2,1,4,4,1,3,0,1
5,2,2,2,2,2,3,3,3,3,2,2,2,2,2,2,1,1,1,1,1,1,2,2,1,2,2,2,2,3,4,4,4,3,2,3,1,1,1,1,1,1,1,2,2,2,2,2,2,2,5,-7,3,3,3,3,3,3,3,1,1,1,1,2,2,2,1,1,1,0,0,0,0,0,0,0,0,0,0,0,1,0,0,0,0,0,0,0,1,0,0,0,0,0,1,1,1,0,0,0,1,0,0,0,1,0,1,0,0,1,0,0,0,1,0,0,0,0,1,0,0,1,0,0,0,0,2,-7,0,0,0,0,1,0,0,1,3,5,2,250000,50000,4,2,4,5,1,1,1,1,3,1,1,3,4,4,4,4,4,5,4,4,2,2,4,1,1,1,1,0,0,0,1,1,1,0,NA,0,-8,-8,-8,-8,-8,-8,-8,-8,-8,-8,2,4,1,2,1,0,0,0,2,5,NA,2,-7,-7,1,-7,1,2,1,0,2,7,3,1996,29,1,-7,2,2,1,3,3,8,-7,-7,-7,-7,6,1,5,-7,5,2,2,2,2,2,2,3,2,1,3,-7,1,1,1,1,0,1,0,0,0,0,bas25_08585,1544.8170304,2,24005,-7,9,1,12:39:40,9,1,13:05:44,1,2,2,1,2,4,1,2,0,1
0,4,2,2,2,2,3,-8,3,2,-8,3,-8,3,2,1,2,2,1,3,3,3,2,2,2,3,1,-8,-8,3,3,3,4,3,-8,-8,1,1,1,1,1,1,1,-8,1,5,5,4,5,5,5,3,-7,3,3,3,3,3,3,1,1,1,1,3,3,2,1,1,1,0,0,0,0,0,0,0,0,0,0,0,1,0,0,0,0,0,0,0,0,1,0,0,0,-8,-8,-8,-8,-8,-8,0,1,0,0,0,0,0,1,0,1,0,0,1,1,1,1,1,0,0,1,1,0,0,0,0,0,0,1,4,-7,-7,-7,-7,-7,-7,-7,3,3,2,4,200000,80000,4,3,3,3,3,3,3,2,-7,2,2,1,1,1,1,1,1,1,1,1,1,2,1,1,1,1,0,0,0,0,0,0,0,0,NA,1,-8,-8,-8,-8,-8,-8,-8,-8,-8,-8,5,5,2,1,0,0,0,1,1,4,NA,2,-7,-7,1,-7,2,-7,-7,-7,2,7,1,-8,-8,2,-7,2,2,3,3,3,-8,-6,-7,-7,-7,-8,2,-7,6,11,2,2,2,2,2,2,4,-8,1,1,-7,1,1,1,1,0,1,0,0,0,0,bas25_08586,296.97100947,1,24510,Belair-Edison,8,29,10:05:48,8,29,11:03:44,2,1,1,1,4,4,2,-8,0,1
1,3,2,1,1,2,4,4,1,4,3,2,2,2,1,1,3,3,1,2,1,-8,4,5,3,2,2,1,2,2,4,3,4,4,3,3,1,1,1,1,1,1,2,1,2,3,4,2,3,5,5,-7,3,3,3,3,3,3,3,1,1,1,2,2,1,4,2,2,1,0,0,0,0,0,0,0,1,0,0,0,0,1,1,0,0,1,0,0,0,1,0,0,0,1,0,0,0,0,0,0,0,1,0,0,0,0,0,0,1,0,0,0,0,1,0,0,0,0,5,1,0,0,0,0,0,0,1,3,-7,-7,-7,-7,-7,-7,-7,6,-7,-7,-7,250000,50000,3,2,4,5,1,2,2,1,1,1,1,3,3,3,3,3,3,1,2,1,3,3,4,1,1,4,0,1,1,1,0,0,1,0,NA,0,0,0,0,0,0,0,0,1,1,0,4,1,1,2,0,1,0,0,1,2,NA,2,-7,-7,1,-7,1,1,1,0,1,4,3,1999,26,1,-7,1,2,1,1,1,9,-7,-7,-7,-7,1,1,2,-7,2,1,1,2,2,2,2,5,3,2,3,-7,1,1,1,1,0,1,0,0,0,0,bas25_08599,478.27922597,1,24510,Chinquapin Park/Belvedere,9,18,19:35:34,9,18,20:09:15,2,1,2,1,1,3,1,2,0,1
0,2,2,3,3,3,3,2,5,5,4,4,4,4,3,3,3,2,3,4,3,3,4,3,4,4,3,3,3,2,4,4,3,4,3,4,1,1,1,1,1,1,1,2,2,5,4,3,5,5,5,-7,4,3,3,3,3,3,3,1,2,1,3,2,2,4,2,1,1,1,0,0,0,0,0,0,0,0,0,0,0,1,0,0,0,0,0,0,0,0,0,0,0,-8,-8,-8,-8,-8,-8,0,0,0,1,0,0,0,0,0,1,1,0,0,0,0,0,0,0,1,2,0,0,0,0,0,1,0,2,-7,0,0,1,1,0,0,0,5,-7,-7,-7,500000,50000,4,5,3,3,2,3,3,2,-7,1,2,3,2,2,4,4,1,3,3,2,1,4,3,1,1,1,0,0,0,0,0,0,0,0,NA,1,1,0,0,0,0,0,0,0,0,0,3,3,1,1,1,0,0,0,1,2,NA,2,-7,-7,4,1,2,-7,-7,-7,1,7,3,1963,62,1,-7,2,1,1,1,1,8,-7,-7,-7,-7,8,1,3,-7,3,2,2,2,2,1,2,1,4,1,1,-7,2,2,4,6,0,0,1,0,0,1,bas25_08609,792.29329196,2,24005,-7,9,1,11:30:00,9,1,11:54:09,1,1,2,3,2,4,1,4,0,1
14,5,1,1,2,1,4,4,2,1,2,1,3,2,1,2,2,1,1,1,1,1,1,4,2,1,1,1,2,1,2,2,3,2,3,3,1,1,1,1,1,1,1,2,2,3,3,2,4,4,4,-7,3,3,3,3,3,3,3,1,1,1,2,1,1,1,1,1,2,0,0,0,1,0,0,0,0,0,0,0,0,0,0,0,0,0,0,1,0,1,0,0,0,-8,-8,-8,-8,-8,-8,-8,-8,-8,-8,-8,-8,-8,1,0,1,0,0,1,0,0,0,0,0,0,2,1,0,0,1,0,1,0,3,-7,-7,-7,-7,-7,-7,-7,-7,1,2,3,3,250000,40000,2,3,2,4,3,3,3,2,-7,2,2,1,1,1,1,1,1,1,1,1,1,2,1,1,2,1,0,0,0,0,0,0,0,0,NA,1,0,0,0,0,0,0,0,0,0,1,5,5,2,1,1,0,0,0,1,2,NA,2,-7,-7,2,1,1,0,1,1,2,7,1,1978,47,1,-7,2,2,1,1,1,9,-7,-7,-7,-7,1,2,-7,6,11,2,2,2,2,2,2,4,2,1,1,-7,2,2,2,2,0,0,1,0,0,0,bas25_08610,258.56879849,1,24510,Greater Roland Park/Poplar Hill,9,18,08:36:32,9,18,08:55:33,1,1,2,2,4,4,1,3,0,1
15,1,1,2,2,2,3,3,5,1,4,1,3,1,1,1,1,1,-8,-8,-8,-8,-8,2,4,4,1,1,1,3,3,3,3,3,3,3,2,1,2,2,2,2,2,2,2,5,5,5,5,3,5,4,-7,3,3,3,3,3,3,1,5,1,1,3,1,2,1,2,2,0,0,0,0,0,0,0,0,0,0,0,1,0,0,0,0,0,0,0,0,0,0,0,1,-8,-8,-8,-8,-8,-8,0,1,0,0,1,0,0,0,0,1,1,0,-8,-8,-8,-8,-8,-8,-8,2,-8,-8,-8,-8,-8,-8,-8,1,3,-7,-7,-7,-7,-7,-7,-7,1,1,5,2,500000,50000,4,5,4,5,3,3,3,2,-7,2,2,2,2,1,4,3,2,2,1,1,1,2,2,1,1,1,0,0,0,0,0,0,0,0,NA,1,0,0,0,0,0,0,0,0,0,1,4,5,2,1,1,0,0,0,1,2,NA,1,1,-7,4,1,1,0,0,1,2,7,1,1970,55,2,-7,2,2,1,1,1,2,-7,-7,-7,-7,1,2,-7,5,10,2,2,2,2,2,2,3,3,1,1,-7,2,2,2,2,0,0,1,0,0,0,bas25_08621,1639.1794142,2,24005,-7,8,29,08:14:52,8,29,08:30:38,1,2,1,2,4,4,2,4,0,1
9,2,1,2,3,2,3,3,3,3,3,2,4,2,1,2,3,1,1,1,2,2,1,3,2,3,3,3,3,2,3,3,4,3,3,3,1,1,1,1,1,1,1,1,2,3,2,2,3,3,4,-7,2,3,3,3,3,3,3,1,1,1,2,3,2,3,2,1,7,0,0,0,0,1,0,0,1,0,0,0,0,0,0,0,0,1,0,0,1,0,0,0,0,0,0,0,0,0,1,-8,-8,-8,-8,-8,-8,-8,1,0,1,0,0,0,0,0,0,0,0,1,2,-8,-8,-8,-8,-8,-8,-8,2,-7,0,0,1,0,0,0,1,1,1,4,3,200000,60000,3,5,4,5,3,3,3,2,-7,2,2,3,-8,-8,4,3,1,2,2,1,3,2,3,1,1,3,0,0,0,0,0,0,0,0,NA,1,1,0,0,0,0,0,0,0,0,0,4,4,2,1,1,0,0,0,1,2,NA,1,1,-7,2,1,2,-7,-7,-7,2,7,1,1970,55,1,-7,2,2,1,1,1,8,-7,-7,-7,-7,6,2,-7,5,10,2,2,2,2,2,2,5,2,1,1,-7,-6,-6,-6,-6,-8,-8,-8,-8,-8,0,bas25_08638,388.61690166,2,24005,-7,8,28,18:38:00,8,28,19:07:39,2,1,2,-6,4,4,1,4,0,1
3,4,2,2,2,2,3,3,3,5,3,4,5,3,3,3,3,1,2,1,2,2,2,2,4,4,2,2,2,2,3,3,4,4,4,4,1,1,1,1,1,1,2,1,2,5,5,5,5,5,5,-7,4,3,3,3,3,3,3,1,1,1,3,2,2,2,5,2,1,1,0,0,0,1,0,0,1,0,0,0,0,0,0,0,0,0,0,0,0,1,0,0,0,0,0,0,0,0,1,0,0,0,1,1,1,1,0,0,1,1,0,0,1,0,0,1,1,0,2,-8,-8,-8,-8,-8,-8,-8,1,4,-7,-7,-7,-7,-7,-7,-7,1,1,5,3,600000,30000,4,5,4,5,2,2,2,2,-7,2,2,3,5,5,5,5,3,2,4,2,2,4,2,1,1,5,0,0,0,1,0,1,1,0,NA,0,0,0,0,1,1,0,0,0,0,0,5,5,1,1,1,0,0,0,1,2,NA,2,-7,-7,1,-7,2,-7,-7,-7,2,6,2,1967,58,1,-7,2,2,1,1,1,2,-7,-7,-7,-7,4,1,2,-7,2,1,1,2,2,2,2,4,2,1,1,-7,2,2,2,2,0,0,1,0,0,0,bas25_08639,573.90926058,2,24005,-7,10,2,21:48:57,10,2,22:14:28,2,2,2,2,1,4,1,4,0,1
7,3,2,1,2,2,3,3,2,4,3,3,4,3,3,3,3,1,1,1,2,1,2,1,1,2,2,2,2,2,3,3,3,2,2,-8,2,2,2,2,2,2,2,2,2,5,5,3,5,5,5,-7,3,3,3,3,3,-8,3,1,1,1,1,1,1,3,2,2,1,0,0,0,0,0,0,0,0,0,0,0,1,0,0,0,0,1,0,0,0,1,0,0,0,0,1,0,1,0,0,-8,-8,-8,-8,-8,-8,-8,1,0,1,0,0,0,1,0,1,0,0,0,1,1,0,0,0,0,0,0,1,2,-7,-7,-7,-7,-7,-7,-7,1,1,4,3,400000,80000,3,4,3,4,3,3,3,2,-7,2,2,2,1,1,1,3,1,1,-8,1,1,2,2,1,1,2,0,1,0,0,0,0,0,0,NA,0,-8,-8,-8,-8,-8,-8,-8,-8,-8,-8,4,4,3,1,1,0,0,0,2,2,NA,2,-7,-7,2,1,1,2,2,1,2,7,1,1987,38,2,-7,2,2,1,3,3,4,-7,-7,1,-7,9,2,-7,4,9,2,1,2,2,2,2,2,1,1,1,-7,2,2,2,2,0,0,1,0,0,0,bas25_08657,427.34666584,1,24510,Cross-Country/Cheswolde,9,19,09:10:46,9,19,09:29:55,1,2,2,2,4,4,2,3,0,1
14,5,4,3,4,4,3,3,5,5,3,3,2,4,3,4,2,3,3,5,5,5,1,3,2,5,1,2,3,3,3,3,4,5,5,5,1,1,1,1,1,1,1,2,1,5,5,1,5,5,5,-7,4,3,3,3,3,3,3,1,1,1,4,2,2,4,3,3,2,1,0,0,0,1,0,1,1,0,0,0,0,1,0,0,0,0,0,1,0,0,0,0,0,-8,-8,-8,-8,-8,-8,1,1,1,1,1,1,1,0,0,1,1,0,0,0,0,0,0,0,1,1,-8,-8,-8,-8,-8,-8,-8,1,2,-7,-7,-7,-7,-7,-7,-7,1,3,4,2,150000,50000,3,4,3,4,3,3,3,2,-7,2,2,2,1,1,2,2,1,2,1,1,2,2,2,1,1,3,0,0,0,1,0,1,0,0,NA,0,0,0,0,0,0,1,0,0,0,0,5,5,2,1,0,1,0,0,1,2,NA,2,-7,-7,2,1,1,1,0,0,2,5,1,1972,53,1,-7,2,2,1,1,1,2,-7,-7,-7,-7,1,-8,-7,-7,-6,1,1,2,2,2,2,3,3,1,1,-7,2,2,2,2,0,0,1,0,0,0,bas25_08660,250.65413496,1,24510,Brooklyn/Curtis Bay/Hawkins Point,8,28,13:30:28,8,28,14:02:26,2,1,2,2,-6,3,1,4,0,1
4,2,1,1,1,1,4,1,3,1,1,1,1,1,1,1,2,1,1,1,1,1,1,1,1,1,1,1,1,1,2,2,2,2,2,2,1,1,1,1,1,1,2,1,2,3,2,2,4,4,4,-7,3,3,3,3,3,3,3,1,1,1,1,3,1,2,1,2,1,0,0,0,1,0,0,0,1,0,0,0,0,0,0,0,0,1,0,0,1,0,0,0,0,0,0,1,0,0,0,0,0,0,0,1,0,0,0,0,1,0,1,0,0,0,0,0,0,1,1,-8,-8,-8,-8,-8,-8,-8,3,-7,-7,-7,-7,-7,-7,-7,-7,4,-7,-7,-7,150000,30000,4,5,4,5,2,2,2,2,-7,2,2,4,4,4,4,4,2,3,2,3,1,2,1,1,1,3,0,0,1,1,0,0,1,0,NA,0,1,0,0,1,0,0,0,1,1,0,5,5,1,1,1,0,0,0,1,2,NA,2,-7,-7,1,-7,2,-7,-7,-7,2,5,5,1987,38,2,-7,2,2,1,1,1,2,-7,-7,-7,-7,1,1,1,-7,1,1,2,2,2,2,2,2,4,3,5,1,1,5,1,5,1,1,1,0,0,0,bas25_08663,630.8398866,2,24005,-7,9,18,21:13:51,9,18,21:32:00,2,2,2,1,1,3,2,3,0,1
30,6,2,2,2,2,3,3,2,2,2,1,3,3,3,1,3,4,3,3,1,3,2,3,2,3,2,3,3,2,3,3,4,1,3,4,1,1,1,1,1,1,1,1,2,5,4,3,5,4,5,4,-7,3,3,3,3,3,3,1,1,1,3,2,2,3,1,1,1,1,0,0,0,1,0,0,0,0,0,0,0,1,1,0,0,0,0,0,0,0,0,0,0,-8,-8,-8,-8,-8,-8,-8,-8,-8,-8,-8,-8,-8,-8,-8,-8,-8,-8,0,0,0,0,1,0,0,4,-8,-8,-8,-8,-8,-8,-8,1,2,-7,-7,-7,-7,-7,-7,-7,5,-7,-7,-7,250000,40000,4,5,4,5,3,3,3,2,-7,2,2,2,3,3,3,3,1,1,1,1,1,1,1,1,1,1,0,0,0,0,0,0,0,0,NA,1,-8,-8,-8,-8,-8,-8,-8,-8,-8,-8,5,5,2,1,0,1,0,0,1,2,NA,2,-7,-7,1,-7,2,-7,-7,-7,2,6,5,1948,77,2,-7,2,2,1,1,1,8,-7,-7,-7,-7,9,-8,-7,-7,-6,2,2,2,2,2,2,3,2,1,1,-7,-6,-6,-6,-6,-8,-8,-8,-8,-8,0,bas25_08665,207.79648871,1,24510,Allendale/Irvington/S. Hilton,10,7,10:33:37,10,7,11:19:45,2,2,1,-6,-6,4,2,5,0,1
3,2,1,1,1,1,4,4,1,2,1,1,3,1,1,1,2,1,1,1,1,1,1,4,1,2,1,2,2,2,2,2,2,3,2,2,1,1,1,1,1,2,1,2,2,2,1,5,1,1,1,3,-7,2,3,3,3,3,3,1,4,2,2,3,2,2,4,4,1,1,1,0,0,1,0,0,1,0,1,0,0,1,1,0,0,1,0,0,0,1,0,0,0,0,0,1,0,0,0,0,0,0,1,1,0,0,1,0,1,0,0,0,0,0,0,0,0,1,1,1,0,0,1,0,0,0,3,-7,-7,-7,-7,-7,-7,-7,-7,1,1,2,3,NA,NA,3,4,3,4,2,3,3,2,-7,2,2,2,2,2,2,2,2,2,2,1,1,2,1,1,1,3,0,1,1,1,0,0,0,0,NA,0,0,0,0,0,0,1,0,0,0,0,5,5,3,1,1,0,0,0,1,2,NA,-8,-7,-7,1,-7,2,-7,-7,-7,1,3,1,-8,-8,1,-7,2,2,-8,-8,-8,2,-7,-7,-7,-7,4,-8,-7,-7,-6,2,2,2,2,2,2,-8,-8,-8,5,-8,1,1,1,1,0,1,0,0,0,0,bas25_08673,810.19963445,2,24005,-7,9,6,12:05:35,9,6,12:47:04,2,2,1,1,-6,2,1,-8,1,1
20,4,1,2,2,2,3,2,2,3,3,1,3,2,1,1,1,1,1,1,1,1,1,1,1,3,1,1,1,2,4,4,1,5,2,-8,1,1,1,1,1,1,1,1,2,5,3,1,5,5,5,5,-7,3,3,3,3,3,3,1,1,1,1,2,3,1,1,5,1,1,0,0,0,0,0,0,0,0,0,0,0,1,0,0,0,0,0,0,0,0,0,0,0,-8,-8,-8,-8,-8,-8,-8,-8,-8,-8,-8,-8,-8,0,0,1,1,0,0,0,0,0,0,0,1,1,-8,-8,-8,-8,-8,-8,-8,2,-7,-8,-8,-8,-8,-8,-8,-8,1,1,2,4,1000000000,25000,2,4,2,2,3,3,3,2,-7,2,2,2,1,1,1,1,1,1,1,1,1,2,2,1,1,1,0,0,0,0,0,0,0,0,NA,1,0,0,0,0,1,0,0,0,0,0,1,1,1,1,1,0,0,0,1,2,NA,2,-7,-7,1,-7,2,-7,-7,-7,2,6,5,1968,57,1,-7,2,2,1,1,1,8,-7,-7,-7,-7,8,2,-7,2,7,2,2,2,2,2,2,1,1,1,1,-7,1,1,1,1,0,1,0,0,0,0,bas25_08674,677.01702424,2,24005,-7,9,1,16:25:40,9,1,16:59:24,1,1,1,1,3,4,1,4,0,1
3,4,2,2,3,2,3,3,4,4,3,2,2,3,2,2,2,1,1,2,1,2,2,2,2,3,2,2,2,3,3,3,4,2,2,3,2,2,2,2,2,2,2,2,2,4,4,3,5,4,5,3,-7,3,3,3,3,3,3,1,4,1,2,2,1,3,1,1,1,1,0,1,1,1,0,0,1,1,0,0,0,1,0,0,1,1,0,0,1,1,0,0,0,0,0,0,0,0,1,1,1,1,0,1,1,0,0,0,1,1,0,1,1,1,1,1,1,0,2,0,0,0,0,1,0,0,1,3,-7,-7,-7,-7,-7,-7,-7,1,3,4,3,500000,15000,3,3,4,5,3,1,3,2,-7,2,2,2,3,3,4,3,3,3,2,3,1,3,4,1,1,3,0,0,0,0,0,0,0,0,NA,1,1,0,0,0,0,0,0,0,0,0,5,5,2,1,1,0,0,0,2,2,NA,2,-7,-7,3,1,2,-7,-7,-7,2,7,1,1975,50,1,-7,2,2,1,3,3,9,-7,-7,-7,-7,2,2,-7,4,9,2,-8,2,2,2,2,4,2,1,1,-7,1,1,1,1,0,1,0,0,0,0,bas25_08676,748.80143944,1,24510,Greater Lauraville,8,30,15:48:23,9,10,19:52:14,1,2,1,1,4,4,1,4,0,1
0,4,1,1,1,1,3,1,5,5,5,1,3,1,1,1,1,1,1,1,1,1,1,1,1,5,1,6,-7,3,3,2,3,2,3,4,1,1,1,1,1,1,1,1,2,1,1,1,1,5,4,5,-7,1,1,1,1,1,1,2,5,2,1,3,3,1,1,1,7,0,0,0,0,0,0,0,0,0,0,0,1,0,0,0,1,0,0,0,0,0,0,0,0,0,0,0,1,0,0,0,0,0,0,1,0,0,0,0,0,1,0,0,1,0,0,0,0,0,1,-8,-8,-8,-8,-8,-8,-8,1,4,-7,-7,-7,-7,-7,-7,-7,9,-7,-7,-7,1.2,35000,3,3,3,5,1,1,1,2,-7,2,2,2,5,5,5,1,5,3,4,4,3,4,5,1,2,1,1,0,0,0,1,0,0,1,Isolation from having Children with special needs,0,0,0,0,0,0,0,0,1,1,0,2,3,1,3,1,0,0,0,1,2,NA,2,-7,-7,2,2,1,0,2,0,1,4,3,1972,53,1,-7,2,2,1,1,1,8,-7,-7,-7,-7,2,1,3,-7,3,1,1,1,1,2,1,3,1,2,1,-7,1,1,1,1,0,1,0,0,0,0,bas25_08685,711.68422531,1,24510,Glen-Fallstaff,9,22,20:03:57,9,22,20:24:37,2,2,1,1,2,3,1,4,12,3
30,2,5,4,4,4,1,1,5,5,5,3,3,5,3,3,5,3,-8,-8,-8,-8,5,-8,5,5,-8,2,4,4,4,4,4,-8,-8,-8,-8,-8,-8,-8,-8,-8,-8,-8,2,5,5,-8,-8,-8,-8,4,-7,-8,-8,-8,-8,-8,-8,-8,-8,-8,5,1,1,5,4,-8,-8,0,0,0,0,0,0,0,0,0,0,0,1,0,0,0,0,0,0,0,0,1,0,0,0,1,1,1,1,0,0,0,0,1,0,0,0,0,0,0,0,1,1,0,0,0,0,0,0,1,5,-8,-8,-8,-8,-8,-8,-8,2,-7,0,0,1,0,1,0,1,-8,-7,-7,-7,NA,NA,4,5,4,5,-8,-8,-8,-8,-7,-8,-8,-8,-8,-8,-8,-8,-8,-8,-8,-8,-8,4,4,1,-8,-8,-8,-8,-8,-8,-8,-8,-8,-8,NA,-8,-8,-8,-8,-8,-8,-8,-8,-8,-8,-8,5,5,-8,-8,-8,-8,-8,-8,-8,-8,NA,-8,-7,-7,-8,-7,-8,-7,-7,-7,-8,-8,-8,-8,-8,-8,-6,-8,-8,-8,-8,-8,-8,-6,-7,-7,-7,-8,-8,-7,-7,-6,-8,-8,-8,-8,-8,-8,-8,-8,-8,-8,-7,-6,-6,-6,-6,-8,-8,-8,-8,-8,-8,bas25_08697,77.816429848,1,24510,Belair-Edison,10,2,12:22:21,10,2,12:33:21,1,1,1,-6,-6,-8,-8,-8,-8,-6
11,4,1,2,2,2,3,3,2,2,2,1,2,1,1,2,2,1,1,2,1,1,2,3,1,1,1,3,2,2,3,3,3,3,3,3,2,1,2,1,2,2,2,2,2,3,3,2,2,2,3,-7,3,3,3,3,3,3,3,1,2,1,1,2,1,2,1,1,1,1,0,0,0,0,0,0,0,0,0,0,0,1,0,0,0,0,0,0,1,1,0,0,0,0,0,0,0,0,1,0,0,0,0,0,1,0,0,0,1,1,0,0,0,0,0,1,1,0,2,0,0,1,0,0,0,0,2,-7,1,1,1,1,0,0,1,1,1,5,1,500000,50000,2,3,2,3,3,3,3,2,-7,2,2,1,1,1,1,-8,1,1,1,1,1,2,3,1,1,2,0,0,0,0,0,0,0,0,NA,1,1,0,0,0,0,0,0,0,1,0,5,5,2,4,1,0,0,0,1,2,NA,2,-7,-7,2,2,2,-7,-7,-7,2,6,3,1963,62,1,-7,2,2,1,1,1,2,-7,-7,-7,-7,7,2,-7,5,10,2,2,2,2,2,2,2,1,1,1,-7,2,2,2,2,0,0,1,0,0,0,bas25_08707,1414.2427488,2,24005,-7,9,3,20:55:35,9,3,21:25:37,1,2,2,2,4,4,1,4,0,1
1,2,3,2,2,3,3,3,2,3,3,3,3,3,1,1,1,1,1,1,1,1,3,3,3,3,3,3,3,2,3,3,3,3,3,3,1,1,1,1,1,1,1,1,2,3,3,3,3,3,3,5,-7,2,2,2,2,2,2,1,3,2,1,2,2,3,1,1,1,0,0,0,0,0,0,0,0,0,0,0,1,0,0,0,0,0,0,0,0,0,0,0,1,0,0,0,0,0,1,0,0,1,0,0,0,0,0,0,0,0,1,0,1,0,0,0,1,0,1,-8,-8,-8,-8,-8,-8,-8,1,4,-7,-7,-7,-7,-7,-7,-7,5,-7,-7,-7,1000000000,0,3,3,3,3,2,2,2,1,2,1,1,3,3,3,3,3,3,3,1,3,3,4,4,1,1,1,0,0,0,0,0,0,0,0,NA,1,0,0,0,0,0,0,0,0,0,1,3,3,1,4,0,1,0,0,1,5,NA,2,-7,-7,1,-7,2,-7,-7,-7,1,3,5,1994,31,2,-7,2,2,1,1,1,9,-7,-7,-7,-7,1,1,1,-7,1,1,1,2,1,1,1,3,2,1,5,1,1,5,1,5,1,1,0,1,0,0,bas25_08708,909.17264289,1,24510,Greater Rosemont,8,29,17:00:23,8,29,17:24:18,2,2,1,1,1,2,2,2,6,3
4,4,2,2,3,2,3,3,4,2,3,1,3,2,2,2,1,1,1,2,1,2,1,2,2,1,1,6,-7,3,3,3,4,2,3,2,1,1,1,1,2,2,1,2,1,5,3,2,5,5,5,-7,5,3,3,3,3,3,3,1,4,1,1,3,-8,1,1,1,1,1,0,0,0,0,0,0,1,0,1,0,0,1,0,0,1,0,0,0,1,1,0,0,0,-8,-8,-8,-8,-8,-8,0,0,0,0,0,1,0,0,0,1,1,0,0,0,0,0,0,0,1,2,-8,-8,-8,-8,-8,-8,-8,3,-7,-7,-7,-7,-7,-7,-7,-7,5,-7,-7,-7,1000000,30000,3,5,4,5,3,3,3,2,-7,2,2,2,2,2,4,4,2,1,2,1,1,4,4,1,1,2,0,0,0,0,0,0,0,0,NA,1,1,1,0,1,1,1,1,1,1,0,5,5,2,1,1,0,0,0,2,2,NA,2,-7,-7,2,1,1,0,0,1,1,7,5,1949,76,1,-7,2,2,1,1,1,1,1,-7,-7,-7,2,2,-7,1,6,2,2,2,2,2,2,3,2,1,1,-7,1,1,1,1,0,1,0,0,0,0,bas25_08716,475.68713027,2,24005,-7,9,6,17:55:47,9,6,19:00:53,2,2,2,1,3,4,1,5,0,1
18,3,2,2,2,2,3,3,4,4,3,2,3,3,1,3,2,3,3,3,2,1,2,1,2,2,2,2,2,2,3,2,2,3,3,3,1,1,1,1,1,1,2,1,2,3,4,2,4,4,4,2,-7,3,3,3,3,3,3,1,1,1,2,2,1,2,1,1,1,0,0,0,0,0,0,0,1,0,0,0,0,0,0,0,0,0,0,0,0,0,0,0,1,0,0,0,0,0,1,0,0,0,0,1,0,0,0,0,1,0,0,0,0,0,0,0,1,0,2,1,0,0,0,0,0,0,1,2,-7,-7,-7,-7,-7,-7,-7,5,-7,-7,-7,85000,25000,3,3,3,3,2,2,2,1,1,1,1,2,3,4,4,4,4,3,3,3,3,4,4,1,1,2,0,1,0,1,0,1,1,0,NA,0,1,0,0,0,1,0,0,0,0,0,1,1,1,3,0,1,0,0,1,5,NA,2,-7,-7,3,1,2,-7,-7,-7,1,4,4,1958,67,1,-7,2,2,1,1,1,8,-7,-7,-7,-7,3,1,3,-7,3,1,1,2,1,2,2,3,2,1,1,-7,1,1,1,1,0,1,0,0,0,0,bas25_08725,912.23296731,1,24510,Southern Park Heights,9,25,15:19:13,9,25,16:00:40,2,2,1,1,2,3,1,5,0,1
19,3,1,1,1,1,4,3,1,1,3,1,3,2,1,2,1,1,1,1,1,1,1,4,2,1,1,2,2,2,2,2,4,2,2,2,2,2,1,2,1,1,1,2,2,4,4,3,3,4,2,3,-7,3,3,3,3,3,3,1,1,1,1,2,1,1,1,1,1,1,1,0,0,0,0,0,0,0,0,0,0,0,0,0,0,0,0,0,0,1,0,0,0,0,0,0,0,0,1,-8,-8,-8,-8,-8,-8,-8,0,0,1,1,0,0,0,0,0,0,1,0,1,0,0,1,0,0,0,0,1,4,-7,-7,-7,-7,-7,-7,-7,1,5,4,4,200000,30000,2,3,3,5,3,3,3,2,-7,2,2,2,1,1,1,2,1,2,2,1,1,1,1,1,1,1,0,0,0,0,0,0,0,0,NA,1,0,0,1,0,0,0,0,0,1,0,5,5,2,1,1,0,0,0,1,2,NA,2,-7,-7,2,2,2,-7,-7,-7,2,7,1,1966,59,2,-7,2,2,1,1,1,4,-7,-7,2,-7,5,2,-7,6,11,2,2,2,2,2,2,4,2,1,1,-7,2,2,2,2,0,0,1,0,0,0,bas25_08730,328.33844914,1,24510,North Baltimore/Guilford/Homeland,10,5,13:42:32,10,5,14:12:44,1,1,1,2,4,4,2,4,0,1
40,2,1,3,3,2,3,3,4,3,3,1,3,1,1,1,1,1,1,1,1,1,1,1,3,2,1,2,2,1,3,3,4,3,4,5,1,1,1,1,1,1,2,1,2,2,1,1,3,2,2,3,-7,3,3,3,3,3,3,1,1,1,2,2,3,2,2,1,2,1,0,0,0,0,0,0,1,0,0,0,0,1,0,0,0,0,0,0,1,0,0,0,0,0,0,0,1,0,0,0,1,0,0,1,1,0,0,0,1,1,0,1,0,0,0,0,1,0,3,-8,-8,-8,-8,-8,-8,-8,1,4,-7,-7,-7,-7,-7,-7,-7,1,3,1,4,60000,20000,4,4,4,4,3,3,3,2,-7,2,2,3,4,4,4,5,2,2,2,1,1,1,1,1,1,1,0,0,0,0,0,0,0,0,NA,1,0,0,0,0,0,0,0,0,0,1,5,5,-8,1,1,0,0,0,2,2,NA,2,-7,-7,-8,-7,1,-8,-8,0,2,7,1,-8,-8,2,-7,2,2,-8,-8,-8,8,-7,-7,-7,-7,8,2,-7,-8,-6,2,2,2,2,2,2,3,4,1,1,-7,1,1,1,1,0,1,0,0,0,0,bas25_08733,584.78677336,2,24005,-7,10,9,18:07:30,10,9,18:45:37,2,1,1,1,-6,4,2,-8,0,1
8,2,2,2,1,2,3,2,3,5,5,2,4,3,4,1,3,3,2,3,2,3,1,3,2,4,1,3,2,2,4,4,2,3,2,3,1,1,1,1,1,1,1,1,2,5,5,4,5,5,5,-7,5,3,2,3,3,3,3,1,5,1,3,1,3,2,2,2,1,0,0,0,0,1,1,1,0,0,0,0,0,0,0,0,0,1,1,1,0,0,0,0,0,0,0,0,1,0,0,0,0,0,1,0,1,0,0,0,1,0,1,1,0,0,0,0,0,0,5,0,0,0,0,0,1,0,2,-7,0,0,1,0,0,0,0,1,2,4,3,120000,30000,3,4,3,1,1,1,2,1,2,1,2,3,3,3,5,4,3,5,3,4,3,2,1,1,1,2,0,1,0,1,0,0,1,0,NA,0,0,0,0,0,0,1,0,0,0,0,3,2,2,3,1,0,0,0,1,2,NA,2,-7,-7,2,1,1,3,1,2,2,5,1,1964,61,2,-7,2,2,3,3,3,2,-7,-7,-7,-7,3,1,4,-7,4,2,1,2,2,2,2,1,1,1,1,-7,3,4,3,4,0,0,0,0,1,0,bas25_08753,848.71196631,2,24005,-7,9,12,09:27:07,9,12,09:58:23,2,1,2,3,2,3,2,4,1,1
15,2,2,2,2,2,3,3,3,3,4,2,3,2,1,2,2,1,1,1,1,1,1,1,1,2,1,2,2,2,2,2,2,2,2,-8,-8,-8,-8,-8,-8,-8,-8,-8,2,4,2,1,3,-8,-8,3,-7,3,3,3,-8,3,3,1,1,1,1,1,2,3,1,1,1,1,0,0,0,1,0,0,0,0,0,0,0,1,0,0,0,1,0,0,0,0,0,0,0,-8,-8,-8,-8,-8,-8,-8,-8,-8,-8,-8,-8,-8,0,0,1,1,0,0,0,0,0,0,0,1,1,-8,-8,-8,-8,-8,-8,-8,2,-7,0,0,0,0,0,0,1,1,3,4,4,NA,NA,3,4,3,3,3,3,3,2,-7,2,2,2,1,1,1,1,1,1,-8,1,1,3,3,1,1,1,0,0,0,0,0,0,0,0,NA,1,0,1,0,0,0,0,0,0,0,0,4,5,2,4,1,1,0,0,1,2,NA,1,1,-7,3,1,1,0,0,1,1,3,1,1964,61,2,-7,2,2,1,1,1,1,2,-7,-7,-7,2,2,-7,1,6,2,1,2,2,2,2,2,1,1,1,-7,2,2,2,2,0,0,1,0,0,0,bas25_08756,2258.8240549,2,24005,-7,10,8,16:56:21,10,8,18:03:46,2,1,1,2,3,2,2,4,0,1
15,2,1,2,4,2,3,3,1,5,3,4,3,3,1,1,2,1,3,4,2,3,2,2,3,3,2,5,4,2,3,4,4,5,3,5,2,1,2,2,2,2,2,1,2,4,4,4,-8,3,5,4,-7,3,3,3,3,3,3,1,4,1,1,2,2,2,1,1,1,0,0,0,0,0,0,0,0,0,0,0,1,0,0,0,0,0,0,0,0,0,0,0,1,0,0,0,1,0,0,0,0,0,0,0,1,0,1,0,0,1,0,0,0,0,0,1,0,0,1,1,0,0,0,0,0,0,2,-7,0,0,0,0,0,0,1,1,3,5,4,250000,60000,4,3,3,3,2,2,1,1,1,1,1,3,1,1,1,1,1,3,2,2,3,4,1,2,2,1,0,0,0,0,0,0,0,0,NA,1,0,0,0,0,0,0,0,0,0,1,1,2,2,2,1,0,0,0,2,5,NA,1,1,-7,1,-7,1,1,0,0,2,5,4,1990,35,2,-7,2,2,1,1,1,2,-7,-7,-7,-7,1,2,-7,1,6,2,2,2,2,2,2,1,3,3,5,2,2,2,2,2,0,0,1,0,0,0,bas25_08786,259.00631246,1,24510,Hamilton Hills,8,28,23:16:24,8,28,23:41:14,2,2,1,2,3,3,2,3,0,1
9,4,3,2,3,3,3,2,4,5,4,4,3,3,3,3,4,1,3,3,2,3,5,4,5,5,4,3,3,3,4,4,4,5,4,4,1,1,1,1,1,1,2,1,2,5,5,5,5,5,5,-7,4,3,3,3,3,3,3,1,1,1,3,2,2,3,4,1,1,0,1,0,0,1,0,1,0,0,0,0,0,1,0,0,0,0,0,0,0,0,0,0,0,0,0,0,0,0,1,0,0,0,0,0,1,1,1,0,0,1,0,0,0,0,0,0,0,1,3,0,0,0,0,0,1,0,3,-7,-7,-7,-7,-7,-7,-7,-7,1,1,1,2,250000,60000,4,5,3,4,3,3,3,2,-7,2,2,1,1,1,1,1,1,2,1,1,2,1,1,1,1,1,0,0,0,0,0,0,0,0,NA,1,0,0,0,0,0,0,0,0,0,1,1,1,1,1,1,0,0,0,1,2,NA,2,-7,-7,2,1,1,0,0,1,1,6,1,1976,49,2,-7,1,2,1,1,1,2,-7,-7,-7,-7,4,2,-7,4,9,2,2,2,2,2,2,1,1,1,1,-7,2,2,2,2,0,0,1,0,0,0,bas25_08788,807.69843916,1,24510,Greektown/Bayview,8,28,05:33:14,8,28,06:01:13,2,2,2,2,4,4,2,3,0,1
5,4,1,2,3,2,4,3,3,3,3,1,3,2,3,1,1,1,1,1,1,1,5,5,1,2,1,1,1,2,3,3,4,3,5,5,1,1,1,1,1,1,1,1,2,3,5,5,4,5,5,-7,4,3,3,3,3,3,3,1,1,1,1,3,3,1,1,1,1,0,0,0,0,1,0,0,0,0,0,0,0,1,1,1,1,1,1,1,1,1,1,1,0,-8,-8,-8,-8,-8,-8,0,0,0,0,1,0,0,1,0,1,0,0,0,1,0,0,0,0,0,1,-8,-8,-8,-8,-8,-8,-8,1,4,-7,-7,-7,-7,-7,-7,-7,1,1,5,1,100k,50k,4,5,4,5,3,2,3,2,-7,2,2,4,5,5,5,5,1,1,1,1,1,3,4,1,1,2,0,0,0,1,0,0,0,0,NA,0,1,0,0,0,0,0,0,0,1,0,5,5,1,1,0,0,1,0,1,2,NA,2,-7,-7,2,1,2,-7,-7,-7,1,6,1,1985,40,2,-7,1,2,1,1,1,9,-7,-7,-7,-7,1,1,5,-7,5,2,2,2,2,2,2,5,3,1,1,-7,2,2,2,2,0,0,1,0,0,0,bas25_08794,807.69843916,1,24510,Greektown/Bayview,8,27,19:35:22,8,27,19:56:53,2,2,2,2,2,4,2,3,0,1
3,2,1,1,2,1,4,4,2,2,4,1,3,1,1,1,1,1,1,1,1,1,2,3,1,2,1,1,1,3,3,4,4,2,3,3,1,1,1,1,2,1,1,2,2,4,3,3,4,5,4,4,-7,3,3,3,3,3,3,1,1,1,1,3,3,1,1,1,2,0,0,0,0,1,0,0,1,1,0,0,0,-8,-8,-8,-8,-8,-8,-8,-8,-8,-8,-8,-8,-8,-8,-8,-8,-8,-8,0,0,0,0,1,0,0,1,0,1,0,0,0,0,0,0,0,0,1,2,-8,-8,-8,-8,-8,-8,-8,2,-7,1,0,0,0,0,0,1,1,1,4,3,450000,65000,2,2,2,4,3,3,3,2,-7,2,2,2,1,1,1,1,1,1,1,1,1,2,1,1,1,1,0,0,0,0,0,0,0,0,NA,1,0,1,0,0,0,0,0,0,0,0,5,2,2,1,1,0,0,0,2,2,NA,1,1,-7,2,2,1,2,0,0,2,6,1,1995,30,2,-7,2,2,1,1,1,2,-7,-7,-7,-7,8,2,-7,5,10,2,2,2,2,2,2,2,1,1,1,-7,2,2,2,2,0,0,1,0,0,0,bas25_08804,3905.4332432,2,24005,-7,8,29,08:12:59,8,29,08:35:24,1,2,1,2,4,4,2,2,0,1
24,3,1,2,2,2,3,3,1,2,2,1,3,1,1,2,2,1,1,2,1,2,1,1,2,1,1,2,2,2,3,3,3,3,2,2,1,1,1,1,1,1,2,1,2,4,2,1,3,2,4,-7,4,3,3,3,3,3,3,1,3,1,1,3,3,2,1,1,1,1,1,0,0,0,0,1,0,0,1,0,0,1,0,0,0,0,0,1,0,1,1,0,0,0,0,0,1,0,0,0,1,0,1,1,1,0,0,0,1,0,1,1,1,1,0,0,0,0,1,0,0,0,0,1,0,0,2,-7,0,0,0,0,0,0,1,1,3,2,3,200000,40000,3,2,2,2,3,3,3,2,-7,2,2,1,1,1,2,1,1,3,2,2,2,2,2,2,1,1,0,0,0,0,0,0,0,0,NA,1,0,0,0,0,0,0,1,0,0,0,3,5,2,2,0,0,1,0,2,2,NA,1,1,-7,1,-7,2,-7,-7,-7,2,6,5,1970,55,2,-7,2,2,1,1,1,1,2,-7,-7,-7,3,2,-7,1,6,2,2,2,2,2,2,2,3,1,1,-7,1,1,1,1,0,1,0,0,0,0,bas25_08813,841.5236461,2,24005,-7,9,9,09:46:34,9,9,10:25:36,1,1,2,1,3,4,2,4,0,1
17,5,1,1,2,2,4,4,1,3,2,1,2,2,1,2,2,3,1,2,1,2,1,1,1,2,1,1,2,2,2,2,4,2,2,3,2,1,2,1,2,2,1,2,1,2,5,4,4,3,4,-7,2,3,3,3,3,3,3,1,4,1,2,1,1,2,2,1,1,0,1,0,0,0,0,1,1,0,0,1,0,0,1,0,0,0,0,0,1,1,0,0,0,1,0,0,0,0,1,0,0,1,1,0,0,0,0,1,0,1,0,0,0,1,0,1,1,0,2,-8,-8,-8,-8,-8,-8,-8,1,4,-7,-7,-7,-7,-7,-7,-7,1,2,2,2,100000,50000,2,2,3,5,3,3,3,2,-7,2,2,1,1,1,1,1,1,1,1,1,1,2,1,1,1,4,0,1,0,1,1,1,1,0,NA,0,0,0,0,0,1,0,0,0,0,0,5,5,2,1,0,1,0,0,1,2,NA,2,-7,-7,4,1,1,0,0,1,2,7,1,1969,56,1,-7,2,2,1,1,1,9,-7,-7,-7,-7,2,2,-7,3,8,2,2,2,1,2,2,5,2,1,1,-7,2,2,2,2,0,0,1,0,0,0,bas25_08818,310.33919006,1,24510,Greater Lauraville,8,27,19:51:33,8,27,20:20:46,2,1,2,2,4,4,1,4,0,1
30,2,2,2,3,2,3,3,3,3,4,1,4,1,1,2,1,1,1,1,1,1,1,3,2,2,1,1,1,2,3,3,4,1,2,3,-8,-8,-8,-8,-8,-8,-8,-8,2,3,2,2,4,4,4,2,-7,3,3,3,3,3,3,1,1,1,2,2,2,3,1,1,6,0,0,0,0,1,0,0,0,0,0,0,0,0,0,0,0,1,0,0,0,0,0,0,0,0,0,0,0,1,0,0,0,0,0,1,0,0,1,0,1,0,0,0,0,0,0,0,0,1,1,-8,-8,-8,-8,-8,-8,-8,2,-7,0,0,0,0,0,0,1,5,-7,-7,-7,400000,30000,3,4,3,4,3,3,3,2,-7,2,2,1,1,1,1,1,1,1,1,1,1,2,2,1,1,2,0,0,0,0,0,0,0,1,I don't go out when it's extremely hot.,0,0,0,0,0,1,0,0,0,0,0,5,5,2,1,1,0,0,0,1,2,NA,1,1,-7,2,2,2,-7,-7,-7,2,7,1,1958,67,2,-7,1,2,1,1,1,9,-7,-7,-7,-7,1,2,-7,3,8,2,2,2,1,2,2,3,2,1,1,-7,2,2,2,2,0,0,1,0,0,0,bas25_08819,719.43203366,2,24005,-7,8,31,06:23:39,8,31,06:55:49,2,2,1,2,4,4,2,5,0,1
20,3,4,3,3,4,2,1,3,4,3,5,5,5,3,3,5,1,3,5,4,5,2,2,5,3,1,2,4,3,3,3,4,3,2,3,2,1,2,1,1,1,1,1,1,5,5,3,5,5,5,-7,4,2,2,2,1,2,3,1,4,2,5,1,1,3,2,1,1,1,1,0,1,0,0,0,1,0,1,0,0,1,1,1,1,1,0,0,1,1,1,0,0,0,0,1,1,0,0,0,0,1,1,1,0,0,0,0,1,1,0,1,0,1,1,1,1,0,4,1,0,0,1,0,0,0,3,-7,-7,-7,-7,-7,-7,-7,-7,5,-7,-7,-7,200000,10000,4,5,4,5,3,2,3,2,-7,2,2,1,4,3,5,3,3,1,1,1,2,3,3,1,1,4,0,1,0,1,0,0,0,0,NA,0,1,1,0,0,1,0,0,0,1,0,5,5,2,1,1,0,0,0,1,2,NA,2,-7,-7,2,2,2,-7,-7,-7,2,6,3,1955,70,1,-7,2,2,1,1,1,8,-7,-7,-7,-7,3,1,2,-7,2,1,1,2,2,2,1,3,2,1,1,-7,1,1,1,1,0,1,0,0,0,0,bas25_08828,679.63011796,1,24510,Cedonia/Frankford,8,27,19:10:08,8,27,19:37:06,1,2,2,1,1,4,1,5,6,3
29,5,2,2,2,1,4,3,2,3,3,2,3,2,1,3,2,1,1,2,1,2,1,3,2,3,1,2,1,2,3,3,3,3,3,3,1,2,2,2,2,2,2,2,2,5,5,2,4,3,4,4,-7,3,3,3,3,3,3,1,4,1,2,3,1,2,1,1,2,0,0,0,0,0,0,0,0,0,0,0,1,1,1,0,1,0,0,1,0,1,1,0,0,-8,-8,-8,-8,-8,-8,1,1,1,0,1,0,0,0,0,1,1,0,1,1,0,0,0,1,0,2,0,0,0,1,0,0,0,1,2,-7,-7,-7,-7,-7,-7,-7,1,1,5,2,500000,30000,3,4,3,4,3,3,3,2,-7,2,2,2,1,1,2,2,1,-8,-8,2,1,2,1,1,1,1,0,0,0,0,0,0,0,0,NA,1,0,1,0,0,0,0,0,0,0,0,5,4,2,-8,1,0,0,0,2,2,NA,-8,-7,-7,2,1,2,-7,-7,-7,2,7,1,1969,56,2,-7,-8,-8,1,-8,-8,9,-7,-7,-7,-7,2,-8,-7,-7,-6,2,2,2,2,2,2,3,3,1,1,-7,-6,-6,-6,-6,-8,-8,-8,-8,-8,-8,bas25_08842,659.89576013,1,24510,North Baltimore/Guilford/Homeland,9,3,07:42:19,9,3,08:21:53,1,1,1,-6,-6,4,2,4,0,1
30,3,2,2,2,2,3,3,1,3,1,2,3,2,1,1,1,2,5,1,1,1,1,1,3,1,1,4,3,2,3,3,3,3,4,4,2,1,1,1,1,1,1,2,2,3,3,5,3,2,2,-7,2,3,3,3,3,3,3,1,4,1,1,2,2,2,1,1,6,1,1,0,0,0,0,0,0,0,0,0,0,1,1,0,0,0,0,0,0,0,0,0,0,-8,-8,-8,-8,-8,-8,0,0,0,1,1,1,0,0,0,1,1,0,0,0,0,0,0,0,1,1,-8,-8,-8,-8,-8,-8,-8,3,-7,-7,-7,-7,-7,-7,-7,-7,1,1,4,3,2000000,10000,4,5,4,5,3,2,3,2,-7,2,2,2,1,1,1,1,1,1,1,1,1,2,2,1,1,1,0,0,0,0,0,0,0,0,NA,1,0,0,0,0,0,0,0,0,0,1,3,3,2,1,1,0,0,0,2,4,NA,2,-7,-7,1,-7,2,-7,-7,-7,2,7,3,1965,60,2,-7,2,2,1,1,1,9,-7,-7,-7,-7,1,2,-7,2,7,2,2,2,2,2,2,3,3,1,1,-7,1,1,1,1,0,1,0,0,0,0,bas25_08854,446.24224809,2,24005,-7,9,18,13:35:44,9,18,14:27:25,2,2,2,1,3,4,2,4,0,1
3,2,2,1,2,1,2,2,2,3,4,3,4,4,3,2,3,2,1,2,1,2,2,2,2,3,2,3,2,3,4,4,4,1,1,3,2,2,1,1,1,1,2,1,2,5,4,3,4,4,3,3,-7,3,2,2,2,2,2,2,1,2,3,2,2,3,1,1,1,1,0,0,1,1,0,0,0,0,0,0,0,1,0,0,0,0,0,0,0,0,0,0,0,1,0,0,0,0,0,0,1,0,0,0,1,0,0,0,1,0,1,1,0,0,0,0,0,0,2,-8,-8,-8,-8,-8,-8,-8,2,-7,0,0,0,0,1,0,0,8,-7,-7,-7,NA,NA,3,3,3,3,1,1,1,1,1,1,1,1,5,5,4,3,5,4,4,4,3,5,4,2,2,1,0,0,0,0,0,0,0,0,NA,1,0,0,0,0,0,0,0,0,0,1,1,1,1,2,0,1,0,0,1,2,NA,2,-7,-7,1,-7,2,-7,-7,-7,1,2,5,1989,36,2,-7,2,2,1,1,1,9,-7,-7,-7,-7,1,1,1,-7,1,1,1,1,1,1,2,4,3,1,5,2,1,1,1,1,0,1,0,0,0,0,bas25_08887,961.78116328,1,24510,Greater Rosemont,10,1,14:04:04,10,1,14:24:27,1,1,1,1,1,1,2,3,5,2
3,5,2,1,2,2,4,3,3,4,3,1,3,2,1,2,3,2,2,2,1,1,2,4,3,3,2,1,1,2,3,3,3,3,4,3,1,1,1,1,2,1,2,2,1,2,5,4,3,4,3,4,-7,1,1,1,2,2,2,1,4,1,2,1,1,2,2,1,1,0,0,0,1,0,0,0,1,1,0,0,0,0,0,0,0,0,0,0,0,1,0,0,0,-8,-8,-8,-8,-8,-8,0,1,1,1,1,0,0,0,0,1,1,0,0,0,0,0,0,0,1,3,0,0,0,0,1,1,0,3,-7,-7,-7,-7,-7,-7,-7,-7,8,-7,-7,-7,150000,60000,3,3,4,5,3,1,2,1,2,1,1,4,3,5,5,5,4,3,3,4,1,4,4,1,1,4,1,1,1,1,1,1,1,0,NA,0,0,1,0,0,0,0,0,1,1,0,5,5,2,1,1,0,0,0,1,2,NA,2,-7,-7,2,1,2,-7,-7,-7,1,7,1,1981,44,1,-7,3,2,1,1,1,9,-7,-7,-7,-7,1,2,-7,1,6,2,2,2,2,2,2,5,2,1,1,-7,2,2,2,2,0,0,1,0,0,0,bas25_08888,272.74561006,1,24510,Fells Point,8,30,10:22:53,8,30,10:40:36,2,2,1,2,3,4,1,3,9,3
30,5,2,2,-8,2,3,3,3,3,4,2,3,2,2,2,2,1,1,1,2,1,1,3,2,2,1,2,2,1,3,3,4,3,2,3,1,1,1,1,1,1,1,1,2,4,2,3,3,4,4,-7,3,3,3,3,3,3,2,1,3,1,2,1,1,1,1,1,3,1,0,0,1,1,0,0,0,0,0,0,0,1,0,0,1,1,0,0,0,0,0,0,0,0,0,0,1,0,0,1,1,1,0,1,1,1,0,0,1,1,0,0,0,0,1,0,0,0,2,1,0,1,0,0,0,0,3,-7,-7,-7,-7,-7,-7,-7,-7,7,-7,-7,-7,250000,60000,3,4,4,5,3,3,3,2,-7,2,2,3,3,3,5,5,2,3,2,2,2,3,3,1,1,1,0,0,0,0,0,0,0,0,NA,1,1,0,0,0,0,0,0,0,0,0,5,5,2,2,0,0,0,1,-8,2,NA,1,2,2,4,1,1,-8,-8,1,1,7,1,-8,-8,1,-7,2,2,1,1,1,-8,-6,-7,-7,-7,-8,-8,-7,-7,-6,2,2,2,2,2,2,3,3,1,1,-7,1,1,1,1,0,1,0,0,0,0,bas25_08890,1682.7818005,2,24005,-7,9,6,20:13:38,9,6,20:55:44,1,1,2,1,-6,4,1,-8,1,1
4,4,2,2,4,2,4,3,4,4,2,-8,4,3,3,3,3,1,1,3,1,3,1,1,2,2,1,4,2,3,3,3,3,1,1,2,1,1,1,1,1,1,1,1,2,5,2,1,5,2,5,-7,3,3,3,3,3,3,3,2,1,1,3,2,2,2,2,1,1,0,0,0,0,0,0,0,0,0,0,0,1,1,1,0,1,0,0,1,1,0,0,0,0,0,0,0,0,0,1,1,1,1,1,1,1,1,0,0,1,0,1,0,1,0,0,0,1,0,3,0,0,0,1,1,0,0,2,-7,0,0,1,1,0,0,0,9,5,3,-7,700000,"30,000k",3,2,3,2,2,2,3,2,-7,1,2,4,2,2,2,5,1,5,5,4,3,1,1,2,1,1,0,0,0,0,0,0,0,0,NA,1,0,0,0,0,0,0,0,0,0,1,2,2,2,3,1,0,0,0,1,2,NA,2,-7,-7,1,-7,1,1,0,1,2,4,5,1980,45,1,-7,2,2,3,3,3,1,6,-7,-7,-7,1,1,2,-7,2,2,1,2,2,2,2,1,3,1,1,-7,1,1,1,1,0,1,0,0,0,0,bas25_08893,949.41460307,2,24005,-7,9,4,16:44:12,9,6,23:28:15,1,2,2,1,1,3,1,3,0,1
2,3,1,2,2,2,4,3,3,3,3,1,3,3,2,1,1,4,1,3,1,2,3,3,3,3,3,5,4,2,3,3,4,5,3,3,2,1,1,1,1,1,1,1,2,5,5,2,5,5,5,5,-7,3,3,3,3,3,3,1,1,1,1,3,3,3,1,1,1,0,0,0,0,0,0,0,0,0,0,0,1,0,0,0,0,0,0,0,1,0,0,0,0,0,0,0,0,0,1,0,0,0,1,0,1,1,0,1,1,0,0,0,0,0,0,0,0,1,1,1,0,0,0,0,0,0,2,-7,1,0,1,0,0,0,1,1,1,4,4,150000,40000,3,4,4,5,1,2,2,2,-7,1,2,3,2,1,2,5,2,1,1,1,3,3,3,1,1,4,0,0,0,0,0,0,0,0,NA,1,1,1,0,0,1,0,0,1,1,0,3,3,2,4,0,0,0,1,2,2,NA,2,-7,-7,1,-7,2,-7,-7,-7,2,5,5,1969,56,1,-7,2,2,1,1,1,8,-7,-7,-7,-7,1,1,4,-7,4,2,2,2,2,2,2,2,2,1,1,-7,1,1,1,1,0,1,0,0,0,0,bas25_08898,272.29199246,1,24510,Greater Rosemont,9,3,09:55:43,9,3,10:30:34,2,1,1,1,2,3,1,4,0,1
3,3,1,1,1,2,3,3,1,3,2,2,3,2,2,2,2,2,2,3,2,2,1,1,2,2,2,1,1,2,2,2,4,2,2,2,1,2,1,2,1,2,2,2,2,3,3,3,4,5,4,4,-7,3,3,3,3,3,3,1,1,1,3,3,1,3,2,2,1,1,0,1,1,1,0,0,1,0,0,0,0,1,1,1,1,1,1,1,1,1,1,0,0,1,0,0,0,1,0,0,0,1,0,1,0,1,1,0,1,0,0,1,1,1,1,1,1,0,2,-8,-8,-8,-8,-8,-8,-8,1,4,-7,-7,-7,-7,-7,-7,-7,1,1,2,3,1000000,30000,3,3,4,5,3,3,3,2,-7,2,2,2,2,2,2,2,2,1,1,1,1,3,3,1,1,4,0,1,0,0,0,1,0,0,NA,0,0,0,0,0,0,0,0,0,1,0,5,5,2,1,1,0,0,0,2,2,NA,2,-7,-7,2,1,2,-7,-7,-7,2,7,1,1983,42,1,-7,2,2,1,1,1,2,-7,-7,-7,-7,3,2,-7,4,9,2,2,2,2,2,2,4,3,1,1,-7,2,2,2,2,0,0,1,0,0,0,bas25_08904,242.11711532,1,24510,Inner Harbor/Federal Hill,8,27,14:52:53,8,27,15:11:06,1,2,1,2,4,4,1,3,0,1
2,3,2,1,2,2,3,2,3,5,5,5,4,4,4,4,5,1,5,4,1,1,2,4,4,5,5,4,2,3,4,4,4,5,4,5,1,1,1,1,2,2,2,2,2,5,4,5,5,4,5,-7,5,3,3,3,3,3,3,1,1,1,3,1,1,3,2,1,1,0,0,0,0,0,0,0,1,0,0,0,0,0,0,0,0,1,0,1,1,0,0,0,0,0,1,0,0,0,0,0,1,0,1,1,1,1,0,0,1,0,1,0,1,0,1,1,0,0,4,-8,-8,-8,-8,-8,-8,-8,2,-7,0,0,1,1,0,0,1,1,4,5,2,300000,40000,4,5,4,5,3,3,3,2,-7,2,2,1,2,2,2,2,1,1,1,1,1,2,4,1,1,5,0,1,1,0,1,1,1,1,nausea,0,0,0,0,0,0,0,0,1,1,0,1,1,2,4,1,0,0,0,1,2,NA,2,-7,-7,-8,-7,-8,-7,-7,-7,1,6,-8,-8,-8,-8,-6,-8,-8,1,1,1,9,-7,-7,-7,-7,4,2,-7,-8,-6,2,2,2,2,-8,2,-8,-8,1,1,-7,1,1,1,1,0,1,0,0,0,-8,bas25_08906,793.34749365,2,24005,-7,9,2,09:12:03,9,2,10:03:21,2,2,2,1,-6,4,-8,-8,0,1
10,5,2,2,2,2,3,3,3,3,3,3,3,3,2,2,2,1,1,2,1,1,1,2,2,2,1,2,2,2,2,2,2,3,2,3,1,1,1,1,1,1,1,1,2,2,2,2,2,2,3,3,-7,3,3,3,3,3,3,1,3,1,2,2,2,2,2,1,1,1,1,0,0,0,0,0,0,0,0,0,0,1,1,0,0,0,0,0,0,0,0,0,0,0,0,0,0,1,0,0,0,0,0,1,0,0,0,0,1,1,0,0,0,0,0,0,0,1,1,1,0,0,0,0,0,0,2,-7,0,0,1,1,1,1,0,5,-7,-7,-7,500000,15000,3,2,2,2,3,3,3,2,-7,2,2,2,1,1,1,1,1,1,1,1,1,3,2,1,1,1,0,0,0,0,0,0,0,0,NA,1,1,0,0,0,0,0,0,0,0,0,4,4,2,1,1,0,0,0,2,5,NA,2,-7,-7,2,1,2,-7,-7,-7,2,5,1,1958,67,2,-7,2,2,1,1,1,2,-7,-7,-7,-7,7,1,2,-7,2,2,2,2,-8,2,2,3,4,1,1,-7,2,2,2,2,0,0,1,0,0,0,bas25_08908,1316.2208442,2,24005,-7,8,30,18:30:20,8,30,19:13:06,2,1,1,2,1,3,2,5,0,1
0,4,4,2,3,4,3,1,3,5,5,5,4,5,4,5,5,5,3,5,5,5,4,5,3,5,3,2,3,2,4,4,4,4,5,5,2,2,2,1,2,2,2,2,1,5,5,4,5,5,5,4,-7,3,3,3,3,3,3,1,3,1,5,2,2,5,4,3,6,1,1,0,1,1,0,0,1,0,1,0,0,1,1,1,1,1,1,1,1,1,1,0,0,1,1,0,1,1,1,1,1,0,0,0,1,0,0,0,1,0,1,1,1,0,0,0,0,0,4,0,0,1,0,0,0,0,1,4,-7,-7,-7,-7,-7,-7,-7,6,-7,-7,-7,120000,30000,3,3,4,4,3,3,3,2,-7,2,2,1,1,1,1,1,1,1,2,1,2,2,2,1,1,1,0,0,0,0,0,0,0,0,NA,1,0,1,0,1,0,0,0,0,1,0,3,3,2,2,1,0,0,0,2,2,NA,1,1,-7,2,1,2,-7,-7,-7,2,4,1,1997,28,1,-7,2,2,1,1,1,1,6,-7,-7,-7,6,2,-7,1,6,2,1,2,2,2,2,3,3,1,4,1,1,1,1,1,0,1,0,0,0,0,bas25_08911,710.0418914,1,24510,Pigtown/Carroll Park,9,9,11:45:23,9,9,12:21:07,2,1,1,1,3,3,1,2,0,1
9,4,1,2,3,1,4,3,2,3,2,1,3,2,1,1,2,2,1,2,2,2,2,3,5,3,3,4,3,2,3,3,4,3,4,4,2,1,2,2,2,1,2,2,1,2,3,2,2,4,3,-7,5,3,2,3,2,3,3,1,2,1,3,1,1,2,2,2,1,0,0,0,0,0,0,0,0,0,0,0,1,0,0,0,0,0,0,0,0,1,0,0,0,0,1,0,0,0,1,0,1,1,1,0,1,0,0,0,1,1,0,0,0,0,1,0,1,0,3,0,0,0,0,1,1,0,1,3,-7,-7,-7,-7,-7,-7,-7,1,2,5,3,500000,75000,3,4,4,5,3,3,3,2,-7,2,2,2,3,2,1,3,1,2,1,1,1,3,3,1,1,3,0,1,0,1,0,1,0,0,NA,0,0,0,0,0,0,0,0,1,1,0,5,5,2,1,0,1,0,0,1,2,NA,2,-7,-7,2,2,2,-7,-7,-7,2,7,5,1981,44,1,-7,2,2,1,1,1,9,-7,-7,-7,-7,2,2,-7,2,7,2,2,2,2,2,-8,5,4,1,1,-7,2,2,2,2,0,0,1,0,0,0,bas25_08913,202.83425797,1,24510,Greater Charles Village/Barclay,8,27,20:44:13,8,27,21:34:04,2,2,2,2,3,4,1,3,2,2
19,2,2,2,3,2,4,3,3,4,3,2,3,3,2,3,2,3,1,3,2,3,2,2,3,3,2,2,2,2,2,2,3,2,3,2,2,1,1,1,2,1,1,2,1,4,3,2,5,4,5,4,-7,3,3,3,3,3,3,1,2,1,3,1,1,3,1,2,1,0,0,0,0,0,1,0,1,0,0,0,0,0,0,0,0,0,0,0,0,1,0,0,0,0,0,0,0,1,1,0,0,0,0,1,1,0,0,0,1,1,0,0,0,0,0,0,0,1,3,0,0,0,0,0,1,0,3,-7,-7,-7,-7,-7,-7,-7,-7,1,2,2,4,500000,40000,2,3,2,4,3,3,3,2,-7,2,2,2,1,1,1,1,1,1,1,1,1,1,1,1,1,3,0,0,0,0,0,0,0,0,NA,1,0,0,0,0,0,0,0,0,0,1,5,5,2,4,1,0,0,0,1,2,NA,2,-7,-7,2,1,2,-7,-7,-7,2,7,1,1971,54,1,-7,2,2,1,1,1,2,-7,-7,-7,-7,3,2,-7,5,10,2,2,2,2,2,2,4,2,1,1,-7,2,2,2,2,0,0,1,0,0,0,bas25_08922,196.03524401,1,24510,Hamilton Hills,8,31,22:13:03,8,31,22:38:34,1,2,1,2,4,4,1,4,0,1
8,5,2,1,2,2,3,3,2,4,2,3,4,3,3,2,5,2,3,2,1,1,1,2,3,2,2,1,1,3,4,4,4,3,3,3,-8,1,1,-8,1,1,-8,1,2,5,3,4,3,3,3,4,-7,3,3,3,3,3,3,1,4,1,1,2,1,3,1,2,1,1,1,0,0,0,0,0,1,0,0,0,0,1,1,0,0,0,0,0,1,0,0,0,0,0,1,0,0,0,0,1,0,1,0,0,0,1,0,0,1,1,0,0,0,1,0,0,0,0,1,-8,-8,-8,-8,-8,-8,-8,1,3,-7,-7,-7,-7,-7,-7,-7,1,1,4,3,500000,25000,3,4,4,4,3,3,3,2,-7,2,2,2,1,1,1,2,1,1,1,1,1,2,2,2,2,2,0,0,0,0,0,0,0,0,NA,1,0,0,0,0,0,0,0,0,0,1,5,5,2,1,1,0,0,0,1,2,NA,1,3,1,3,1,2,-7,-7,-7,2,6,5,1990,35,2,-7,2,2,1,1,1,2,-7,-7,-7,-7,2,2,-7,3,8,2,2,2,2,2,2,3,1,1,1,-7,2,2,2,2,0,0,1,0,0,0,bas25_08928,767.35165686,1,24510,Patterson Park North & East,9,6,10:21:41,9,6,10:48:58,1,1,1,2,4,4,2,3,0,1
1,2,1,1,2,2,3,3,2,1,3,1,3,1,1,2,2,1,1,1,2,1,1,5,1,1,1,1,1,2,3,2,4,3,2,2,1,1,1,1,1,1,1,1,2,4,1,1,3,4,3,-7,4,3,3,3,3,3,3,1,1,1,4,3,2,2,2,1,1,0,0,0,0,1,0,0,0,0,0,0,0,0,0,0,0,0,0,0,1,0,0,0,0,0,0,0,0,0,1,0,1,0,0,0,1,0,0,0,1,0,1,0,0,0,0,1,1,0,1,1,0,0,0,0,0,0,1,4,-7,-7,-7,-7,-7,-7,-7,1,5,2,4,350000,50000,3,3,3,5,3,3,3,2,-7,2,2,4,2,1,5,5,1,3,2,1,3,2,1,1,2,1,0,1,0,0,0,0,0,0,NA,0,0,0,0,0,0,0,0,0,0,1,3,2,2,1,1,0,0,0,1,2,NA,2,-7,-7,2,1,1,1,0,0,2,6,1,1992,33,2,-7,2,1,1,2,1,8,-7,-7,-7,-7,8,1,5,-7,5,2,2,2,2,2,2,4,3,1,1,-7,1,1,4,6,0,1,0,0,0,1,bas25_08948,1946.1463388,2,24005,-7,8,28,18:57:16,8,28,19:50:29,1,2,2,3,2,4,2,2,0,1
6,3,1,1,1,1,3,4,2,3,3,1,3,1,1,1,2,1,1,1,1,1,2,1,1,2,1,1,1,1,2,2,2,2,3,3,1,1,1,1,1,1,1,2,2,3,3,2,3,3,3,2,-7,3,3,3,3,3,3,1,4,1,2,3,3,2,1,1,1,0,0,0,0,1,0,0,1,0,0,0,0,0,0,0,0,1,0,0,1,0,0,0,0,-8,-8,-8,-8,-8,-8,0,1,0,1,1,1,0,0,0,1,1,0,0,0,0,0,0,1,0,3,-8,-8,-8,-8,-8,-8,-8,3,-7,-7,-7,-7,-7,-7,-7,-7,1,4,5,1,150000,30000,3,4,4,5,3,3,3,2,-7,2,2,1,3,3,3,3,3,1,1,2,1,2,3,1,2,1,0,0,0,0,0,0,0,0,NA,1,0,0,0,0,0,0,0,0,0,1,5,5,1,1,1,0,0,0,2,2,NA,2,-7,-7,1,-7,2,-7,-7,-7,2,7,5,1982,43,1,-7,2,2,1,1,1,9,-7,-7,-7,-7,2,2,-7,4,9,2,2,2,2,2,2,4,2,1,1,-7,2,2,2,2,0,0,1,0,0,0,bas25_08950,129.11644782,1,24510,Hampden/Remington,9,6,11:40:20,9,6,11:53:26,2,2,1,2,4,4,1,3,0,1
40,2,2,2,2,2,3,3,3,3,3,3,4,3,3,3,2,1,2,2,1,2,2,1,2,3,1,5,5,2,4,2,4,4,2,-8,1,1,1,1,1,1,1,2,2,5,3,4,4,3,5,4,-7,3,3,2,2,2,2,2,1,1,2,2,3,2,1,1,1,1,0,0,0,1,0,0,0,1,1,0,0,1,0,0,0,1,0,0,0,1,1,0,0,-8,-8,-8,-8,-8,-8,0,0,0,0,0,1,0,0,0,1,1,0,0,1,0,0,0,0,0,2,-8,-8,-8,-8,-8,-8,-8,1,4,-7,-7,-7,-7,-7,-7,-7,5,-7,-7,-7,375000,55000,3,4,4,5,2,2,2,1,2,1,1,3,4,4,5,5,5,1,1,1,3,4,3,1,1,1,0,0,0,0,0,0,0,0,NA,1,1,1,1,0,0,1,0,0,0,0,5,5,2,4,1,0,0,0,1,2,NA,2,-7,-7,2,2,2,-7,-7,-7,1,5,1,1937,88,2,-7,2,2,1,1,1,2,-7,-7,-7,-7,1,-8,-7,-7,-6,2,2,2,2,2,2,3,2,1,2,-7,1,1,1,1,0,1,0,0,0,0,bas25_08951,1436.953687,2,24005,-7,10,8,15:12:15,10,12,16:37:51,2,1,1,1,-6,3,2,5,4,2
7,5,3,2,3,2,3,2,2,2,2,2,3,1,1,1,1,1,1,1,1,1,1,3,2,3,1,5,4,4,3,3,3,4,2,3,1,1,1,1,1,1,1,1,2,1,1,1,1,1,1,3,-7,2,2,2,2,1,2,1,2,2,1,2,2,3,1,1,1,0,0,0,0,0,0,0,0,0,0,0,1,0,0,0,0,0,0,0,0,0,0,0,1,0,0,0,1,0,0,0,1,1,1,0,0,0,1,0,0,0,0,0,0,0,0,0,0,1,1,0,0,0,0,1,0,0,3,-7,-7,-7,-7,-7,-7,-7,-7,1,2,3,3,70000,24000,3,3,3,2,2,2,2,2,-7,1,1,3,3,3,3,3,3,3,3,3,3,1,1,1,1,4,0,0,0,0,0,0,0,0,NA,1,0,0,0,0,0,0,0,0,0,1,3,3,1,3,1,0,0,0,2,2,NA,2,-7,-7,2,1,2,-7,-7,-7,2,4,5,1996,29,2,-7,2,2,3,3,3,8,-7,-7,-7,-7,4,1,2,-7,2,1,1,2,2,2,2,3,3,1,4,1,1,1,1,1,0,1,0,0,0,0,bas25_08965,3913.7706713,2,24005,-7,9,5,18:00:11,9,5,18:33:54,1,1,1,1,1,3,2,2,7,3
26,3,1,1,1,1,3,3,2,2,3,1,3,1,1,2,1,1,1,1,1,1,1,4,1,1,1,6,-7,3,2,2,4,3,1,2,2,1,1,1,1,1,2,1,2,3,2,1,3,3,3,4,-7,3,3,3,3,2,3,1,1,1,1,2,1,3,1,1,1,0,0,0,0,0,0,0,1,0,0,0,0,1,1,1,1,1,0,0,1,1,0,0,0,-8,-8,-8,-8,-8,-8,0,0,0,1,1,1,0,0,0,1,0,0,0,0,0,0,0,0,1,2,-8,-8,-8,-8,-8,-8,-8,3,-7,-7,-7,-7,-7,-7,-7,-7,5,-7,-7,-7,1000000,"60-70,000",3,4,3,4,3,3,3,2,-7,2,2,1,1,1,1,1,1,1,1,1,1,4,3,1,1,1,0,0,0,0,0,0,0,0,NA,1,1,1,0,0,0,1,0,1,1,0,5,1,2,1,1,0,0,0,2,2,NA,2,-7,-7,2,1,2,-7,-7,-7,1,7,1,1940,85,1,-7,2,2,1,1,1,4,-7,-7,2,-7,7,2,-7,6,11,2,2,2,2,2,2,3,2,1,1,-7,2,2,2,2,0,0,1,0,0,0,bas25_08982,571.34015058,2,24005,-7,9,2,17:55:18,9,2,18:45:37,1,2,1,2,4,4,1,5,1,1
0,2,2,3,2,4,1,1,5,3,4,3,4,5,5,5,5,5,5,5,5,5,5,5,5,4,3,4,3,2,2,4,4,5,5,5,2,2,2,2,2,2,2,2,2,4,5,5,5,5,5,-7,1,3,2,2,3,3,2,2,1,2,5,2,3,4,5,4,7,1,0,0,0,0,0,0,0,0,0,0,0,1,0,0,0,0,0,0,0,0,0,0,0,1,0,0,0,0,0,0,0,0,1,0,0,0,0,0,0,1,0,0,0,1,0,0,0,0,5,0,0,0,0,0,0,1,1,2,-7,-7,-7,-7,-7,-7,-7,4,-7,-7,-7,100000,10000,4,5,4,5,2,2,2,2,-7,2,2,4,3,3,1,1,1,4,4,4,3,5,5,2,2,5,0,0,0,1,0,0,0,0,NA,0,0,0,0,0,0,0,0,0,0,1,1,1,1,3,0,0,0,1,1,4,NA,2,-7,-7,1,-7,1,0,2,0,2,3,5,1993,32,2,-7,2,2,1,1,1,9,-7,-7,-7,-7,1,1,1,-7,1,2,2,2,2,2,2,3,4,1,1,-7,1,1,1,1,0,1,0,0,0,0,bas25_08999,963.5585505,1,24510,Southwest Baltimore,9,4,15:22:50,9,4,15:33:50,2,2,2,1,1,2,2,2,3,2
1,3,1,1,2,1,4,4,1,2,3,1,3,1,1,1,1,1,1,1,2,1,1,2,3,2,1,1,1,1,2,2,4,3,3,3,1,1,1,1,1,1,1,1,1,2,4,4,4,5,4,-7,4,3,3,3,3,3,3,1,1,1,4,3,1,2,2,1,1,0,0,0,1,0,0,0,1,0,1,0,0,0,0,0,1,0,0,0,1,1,0,0,0,0,1,0,0,0,0,0,1,1,1,1,1,0,0,0,1,1,0,0,1,0,0,1,1,0,2,-8,-8,-8,-8,-8,-8,-8,1,4,-7,-7,-7,-7,-7,-7,-7,9,-7,-7,-7,150000,30000,4,3,4,4,3,3,3,2,-7,2,2,2,1,1,1,1,1,1,1,1,1,2,3,1,1,1,0,0,0,1,0,1,1,0,NA,0,0,0,0,1,0,0,0,1,1,0,5,5,1,1,0,1,0,0,1,2,NA,2,-7,-7,2,1,2,-7,-7,-7,2,6,5,1999,26,1,-7,3,2,1,1,1,8,-7,-7,-7,-7,1,1,3,-7,3,2,2,2,2,2,2,5,2,1,1,-7,2,2,2,2,0,0,1,0,0,0,bas25_09001,478.5904244,1,24510,Greater Charles Village/Barclay,8,27,21:39:48,8,27,22:07:39,2,2,2,2,2,4,1,2,0,1
3,2,1,1,3,2,4,3,3,4,3,2,3,2,1,1,2,2,1,1,1,1,2,4,3,3,2,1,1,2,3,3,3,3,2,3,2,2,2,2,2,2,2,2,2,5,3,4,4,4,4,4,-7,3,3,3,3,3,3,1,1,1,1,3,1,1,1,1,1,0,0,0,0,0,0,0,0,0,0,0,1,0,0,0,0,0,0,0,0,0,0,0,1,0,1,0,0,0,1,-8,-8,-8,-8,-8,-8,-8,0,0,1,1,0,0,0,0,0,0,0,1,2,-8,-8,-8,-8,-8,-8,-8,3,-7,-7,-7,-7,-7,-7,-7,-7,1,4,4,3,400000,40000,3,3,3,3,3,3,3,2,-7,2,2,2,1,1,1,2,1,1,1,1,1,2,2,1,2,1,0,0,0,1,0,0,0,0,NA,0,0,0,0,0,0,0,0,0,1,0,4,4,1,1,1,0,0,0,1,2,NA,2,-7,-7,1,-7,2,-7,-7,-7,2,7,5,1982,43,2,-7,2,2,1,1,1,2,-7,-7,-7,-7,4,2,-7,4,9,2,2,2,2,2,2,2,1,3,1,-7,2,2,2,2,0,0,1,0,0,0,bas25_09002,391.85426959,2,24005,-7,9,1,19:33:35,9,1,20:08:48,2,2,1,2,4,4,2,3,0,1
6,3,2,2,3,2,3,3,4,4,3,2,3,2,1,2,4,1,1,1,1,1,4,3,2,3,2,2,2,2,3,3,3,1,2,3,1,1,1,1,1,1,-8,-8,1,4,4,2,3,4,4,-7,4,3,3,3,3,3,3,1,1,1,1,3,1,2,1,1,1,1,0,0,0,0,0,0,0,0,0,0,0,1,0,0,0,0,0,0,0,0,0,0,0,-8,-8,-8,-8,-8,-8,0,0,0,0,0,1,0,0,0,1,1,0,0,1,0,0,1,0,0,2,-8,-8,-8,-8,-8,-8,-8,3,-7,-7,-7,-7,-7,-7,-7,-7,8,-7,-7,-7,5 million,25k,3,4,3,4,2,2,2,2,-7,2,2,3,2,2,4,4,2,3,2,1,2,4,4,2,1,1,0,1,0,1,0,0,0,0,NA,0,1,1,0,0,0,1,0,1,0,0,5,4,2,2,1,0,0,0,1,2,NA,2,-7,-7,2,1,2,-7,-7,-7,1,4,5,1975,50,2,-7,2,2,1,1,1,9,-7,-7,-7,-7,1,1,3,-7,3,1,2,2,2,2,2,4,3,1,1,-7,1,1,1,1,0,1,0,0,0,0,bas25_09014,1055.7088732,1,24510,The Waverlies,9,1,12:01:46,9,1,12:54:21,1,1,2,1,2,3,2,4,0,1
5,5,4,2,3,4,3,2,3,5,5,5,5,5,5,3,5,2,4,5,2,5,2,2,4,5,2,1,1,3,4,4,2,4,3,4,1,1,1,1,1,1,2,2,2,5,5,5,5,5,5,-7,4,3,3,3,3,3,3,1,1,1,1,2,2,1,1,1,2,0,0,0,0,0,0,0,0,0,0,0,1,0,0,0,0,0,0,1,1,1,0,0,0,-8,-8,-8,-8,-8,-8,0,0,0,0,1,0,0,1,0,0,1,0,1,1,0,0,1,0,0,3,-8,-8,-8,-8,-8,-8,-8,1,2,-7,-7,-7,-7,-7,-7,-7,1,2,4,4,50000,25000,3,4,2,2,3,3,3,2,-7,2,2,1,1,1,1,1,1,1,1,1,1,1,1,1,1,1,0,0,0,0,0,0,0,0,NA,1,0,0,0,0,0,0,0,0,0,1,4,2,2,1,1,1,0,0,1,2,NA,1,1,-7,2,1,2,-7,-7,-7,2,7,1,1988,37,1,-7,2,1,3,3,3,1,6,-7,-7,-7,8,2,-7,5,10,2,2,2,2,2,2,2,1,3,5,2,-6,-6,4,6,-8,-8,-8,-8,-8,1,bas25_09026,202.1007786,1,24510,Patterson Park North & East,10,1,19:19:47,10,1,19:57:08,1,2,2,3,4,4,1,3,0,1
29,3,2,2,3,-8,4,2,3,3,-8,2,3,-8,2,2,1,1,1,-8,-8,-8,1,3,1,3,1,6,-7,3,2,2,4,3,3,-8,1,2,1,2,1,2,1,2,2,3,3,1,4,4,4,4,-7,3,3,3,3,3,3,1,1,1,2,1,1,3,1,2,1,0,0,0,1,1,0,0,1,0,0,0,0,0,0,0,0,1,0,0,1,1,0,0,0,-8,-8,-8,-8,-8,-8,0,0,0,0,1,1,0,0,0,1,1,0,0,0,0,1,1,1,0,2,-8,-8,-8,-8,-8,-8,-8,2,-7,-8,-8,-8,-8,-8,-8,-8,5,-7,-7,-7,300000,35000,3,5,3,5,3,3,3,2,-7,2,2,2,1,2,2,2,1,1,1,1,1,3,3,1,1,1,0,0,0,0,0,0,0,0,NA,1,0,1,0,0,1,0,0,0,0,0,5,5,2,1,0,1,1,0,1,2,NA,2,-7,-7,2,2,2,-7,-7,-7,1,4,3,1949,76,1,-7,2,2,1,1,1,9,-7,-7,-7,-7,1,1,5,-7,5,2,2,2,2,2,2,4,2,1,1,-7,2,2,2,2,0,0,1,0,0,0,bas25_09027,1028.4591867,2,24005,-7,9,4,17:29:08,9,4,18:04:25,2,1,1,2,2,3,1,5,0,1
5,2,2,2,2,2,3,3,3,2,4,2,3,1,1,1,1,1,1,1,1,1,1,1,1,1,1,1,1,1,4,4,4,5,2,2,1,1,1,1,2,1,2,1,2,2,1,1,2,2,2,-7,4,3,3,3,2,3,3,1,1,1,1,2,2,1,1,1,2,0,0,0,0,0,0,0,0,0,0,0,1,0,0,0,0,0,0,0,0,1,0,0,0,-8,-8,-8,-8,-8,-8,1,0,0,0,0,0,0,0,1,1,0,0,0,1,0,0,0,0,0,1,-8,-8,-8,-8,-8,-8,-8,3,-7,-7,-7,-7,-7,-7,-7,-7,1,1,3,2,400000,65000,3,4,4,5,2,2,-8,2,-7,2,2,4,3,3,4,4,4,5,3,3,2,3,3,1,1,4,0,0,0,0,1,1,0,0,NA,0,0,0,0,0,0,0,0,0,0,1,4,4,2,3,1,0,0,0,1,5,NA,2,-7,-7,2,2,1,1,0,1,2,4,4,1980,45,1,-7,2,2,1,1,1,1,1,-7,-7,-7,8,2,-7,5,10,2,2,2,2,2,2,3,3,1,1,-7,1,1,1,1,0,1,0,0,0,0,bas25_09031,2063.4371847,2,24005,-7,9,18,22:13:45,9,18,22:32:23,2,1,2,1,4,3,1,3,1,1
22,3,1,2,3,2,3,3,3,2,3,1,3,2,1,2,3,2,2,3,2,3,1,2,2,2,1,1,2,2,4,4,4,1,2,2,1,1,1,1,1,1,1,2,1,4,4,4,4,4,4,-7,4,3,3,3,3,3,3,1,1,1,1,2,1,2,1,2,1,1,1,0,0,0,0,0,0,0,0,0,0,1,1,0,0,0,0,0,0,0,0,0,0,0,0,1,0,0,0,0,1,0,1,0,1,0,0,0,1,1,0,1,0,0,0,0,0,0,2,-8,-8,-8,-8,-8,-8,-8,2,-7,0,0,1,0,0,0,0,5,-7,-7,-7,85000,60000,2,5,4,5,3,3,3,2,-7,2,2,2,1,1,1,4,1,1,2,1,1,3,2,1,1,1,0,0,0,0,0,0,0,0,NA,1,1,1,0,0,0,1,0,0,0,0,5,5,2,1,1,0,0,0,2,2,NA,2,-7,-7,2,2,1,1,0,0,1,3,1,1950,75,2,-7,2,2,1,1,1,1,3,-7,-7,-7,5,2,-7,2,7,2,2,2,2,2,2,2,3,1,1,-7,2,2,2,2,0,0,1,0,0,0,bas25_09037,1269.7565459,2,24005,-7,9,5,20:23:50,9,5,21:06:54,2,1,2,2,3,2,2,5,0,1
51,3,1,2,2,2,4,4,3,3,3,3,3,3,2,2,2,1,2,1,1,1,2,2,3,3,2,1,1,2,3,3,3,3,3,3,1,1,1,1,1,1,1,2,1,5,5,5,5,5,5,2,-7,3,3,3,3,3,3,1,1,1,3,2,3,3,1,1,1,1,0,0,0,0,0,0,0,0,0,0,0,1,0,0,0,0,0,0,0,0,0,0,0,-8,-8,-8,-8,-8,-8,1,0,1,0,1,0,1,1,0,1,0,0,0,0,0,0,0,0,1,2,-8,-8,-8,-8,-8,-8,-8,2,-7,0,0,1,0,0,0,0,1,3,3,2,90000,25000,4,5,4,5,3,3,3,2,-7,2,2,1,3,1,2,2,2,1,1,1,1,3,2,1,1,1,0,0,0,0,0,0,0,0,NA,1,0,0,0,0,0,0,0,0,0,1,5,5,2,1,0,1,0,0,1,2,NA,2,-7,-7,2,2,2,-7,-7,-7,2,4,5,1967,58,1,-7,2,2,1,1,1,8,-7,-7,-7,-7,3,2,-7,1,6,2,2,2,2,2,2,4,2,1,1,-7,1,1,1,1,0,1,0,0,0,0,bas25_09061,542.42939803,1,24510,Edmondson Village,8,29,14:22:31,8,29,14:47:09,1,2,1,1,3,3,1,4,0,1
0,4,5,2,3,2,3,2,3,3,3,4,3,3,2,1,3,5,3,5,5,5,3,3,3,3,3,5,4,2,2,2,4,3,2,3,1,1,1,1,1,2,1,2,2,4,5,4,5,5,5,-7,5,3,3,3,3,3,3,1,4,2,3,3,3,3,1,1,1,0,0,0,0,0,0,0,0,0,0,0,1,1,1,0,0,1,0,0,1,1,0,0,0,-8,-8,-8,-8,-8,-8,-8,-8,-8,-8,-8,-8,-8,0,0,1,1,0,1,1,0,0,0,1,0,3,-8,-8,-8,-8,-8,-8,-8,3,-7,-7,-7,-7,-7,-7,-7,-7,1,1,5,1,500000,50000,4,3,3,5,3,3,3,2,-7,2,2,2,4,4,4,4,4,3,1,1,1,3,3,1,1,1,0,0,0,0,0,0,0,0,NA,1,0,0,0,0,0,0,0,0,0,1,5,5,1,1,1,0,0,0,1,2,NA,2,-7,-7,1,-7,2,-7,-7,-7,2,6,5,1983,42,2,-7,1,2,1,1,1,8,-7,-7,-7,-7,2,2,-7,1,6,2,2,2,2,2,2,4,3,1,1,-7,1,1,1,1,0,1,0,0,0,0,bas25_09067,500.79233571,1,24510,Downtown/Seton Hill,10,4,12:13:37,10,4,12:31:27,1,1,2,1,3,4,2,3,0,1
6,3,3,3,2,3,1,1,3,2,2,4,4,3,3,3,2,4,2,4,4,4,2,3,4,3,3,2,4,3,2,4,2,3,4,5,1,1,1,2,1,1,1,2,2,1,4,3,3,4,4,1,-7,2,2,2,2,2,2,2,5,1,4,2,2,3,4,3,4,1,0,0,1,0,0,1,0,1,0,0,0,0,0,0,1,0,0,0,0,1,0,0,0,0,1,0,1,0,0,0,1,0,0,1,0,1,0,0,1,0,0,0,0,1,0,0,0,0,3,0,1,0,0,0,0,0,3,-7,-7,-7,-7,-7,-7,-7,-7,4,-7,-7,-7,100000,230,3,3,2,3,2,2,2,2,-7,2,2,3,1,3,4,3,3,4,3,3,4,2,5,2,1,3,0,1,1,1,0,0,0,0,NA,0,0,0,1,1,1,0,0,0,0,0,4,3,3,3,0,0,1,0,1,1,NA,1,2,2,2,1,2,-7,-7,-7,1,4,3,1995,30,1,-7,3,2,2,2,-8,6,-7,-7,-7,-7,5,1,3,-7,3,2,1,2,1,1,1,3,2,1,2,-7,1,1,1,1,0,1,0,0,0,0,bas25_09094,1090.9557679,1,24510,Hampden/Remington,10,4,15:08:58,10,4,15:26:51,2,2,1,1,2,3,1,2,6,3
2,2,1,1,2,2,3,3,2,2,3,2,3,2,1,1,1,1,1,1,1,1,1,2,2,2,1,2,3,1,2,2,2,2,2,2,1,1,1,1,1,1,1,2,2,4,4,4,5,5,5,-7,4,3,3,3,3,3,3,1,2,2,3,2,-8,2,1,1,1,1,0,0,0,0,0,0,0,0,0,0,0,1,0,0,0,0,0,0,0,0,0,0,0,0,1,0,0,0,0,0,0,0,0,1,1,0,1,0,1,0,0,0,0,0,0,0,0,1,4,0,0,0,1,0,0,0,1,4,-7,-7,-7,-7,-7,-7,-7,1,1,2,4,1000000,30000,2,2,2,3,3,2,3,2,-7,2,2,2,5,5,2,2,2,2,1,1,1,2,2,1,1,1,0,1,0,1,0,0,0,0,NA,0,1,0,0,1,0,0,0,0,0,0,1,1,1,2,1,0,0,0,1,4,NA,2,-7,-7,1,-7,2,-7,-7,-7,2,3,3,1954,71,2,-7,2,2,1,1,1,1,1,-7,-7,-7,7,1,3,-7,3,1,2,2,1,2,2,1,4,1,4,2,1,1,1,1,0,1,0,0,0,0,bas25_09097,909.37860854,1,24510,Midtown,8,30,01:27:57,8,30,01:57:06,2,2,2,1,2,2,2,5,0,1
30,4,2,2,2,2,3,2,4,3,2,4,4,4,4,3,4,5,4,5,5,5,3,3,-8,2,2,3,3,3,3,3,3,5,5,5,1,1,1,1,1,1,1,2,2,5,4,5,5,5,5,-7,5,2,3,3,1,1,2,2,4,1,3,2,3,3,2,3,1,1,0,0,1,1,0,0,0,0,1,0,0,1,0,0,1,1,0,0,0,0,1,0,0,0,1,1,0,0,0,0,0,0,0,0,0,1,-8,-8,-8,-8,-8,0,0,0,0,0,0,1,5,1,0,0,0,0,0,0,3,-7,-7,-7,-7,-7,-7,-7,-7,5,-7,-7,-7,NA,NA,4,4,4,4,2,2,2,2,-7,2,2,3,5,5,5,5,4,5,4,4,1,3,3,1,1,4,0,1,0,0,0,0,1,0,NA,0,0,0,0,0,0,0,0,0,0,1,4,5,1,1,0,0,1,0,1,2,NA,2,-7,-7,2,2,2,-7,-7,-7,2,6,1,1948,77,2,-7,-8,2,3,3,3,3,-7,-7,-7,-7,8,1,4,-7,4,2,1,2,1,2,2,3,1,1,1,-7,2,2,2,2,0,0,1,0,0,0,bas25_09100,529.11344494,1,24510,Glen-Fallstaff,8,28,10:36:11,8,30,17:29:54,1,1,2,2,2,4,2,5,6,3
12,4,1,2,2,2,3,3,3,3,2,2,3,3,2,2,2,2,3,2,2,2,2,4,3,2,3,1,1,2,3,3,4,3,2,3,2,1,1,1,2,1,2,2,1,3,3,3,2,3,3,-7,4,3,3,3,3,3,3,1,1,1,2,3,3,2,2,2,1,0,0,0,0,1,0,0,1,0,0,0,0,0,0,0,0,1,0,0,1,0,0,0,0,1,0,0,0,0,0,0,0,0,0,1,1,1,0,0,1,1,0,0,0,1,0,0,0,0,2,-8,-8,-8,-8,-8,-8,-8,1,3,-7,-7,-7,-7,-7,-7,-7,1,1,2,3,400000,50000,2,3,4,5,3,3,3,2,-7,2,2,1,1,1,1,1,1,1,1,1,1,2,3,1,1,3,0,0,0,1,0,0,0,0,NA,0,0,0,0,0,0,0,0,0,1,0,5,5,2,1,1,1,0,0,2,2,NA,2,-7,-7,2,1,2,-7,-7,-7,2,7,1,1990,35,2,-7,1,2,1,1,1,9,-7,-7,-7,-7,1,2,-7,5,10,2,2,2,2,2,2,5,2,1,1,-7,2,2,2,2,0,0,1,0,0,0,bas25_09115,363.05263931,1,24510,Highlandtown,8,29,12:39:00,8,29,12:59:31,2,2,2,2,4,4,2,3,0,1
12,5,1,1,1,1,4,4,1,1,3,2,4,1,1,2,3,1,1,1,1,1,1,1,1,1,1,4,2,2,4,4,3,2,3,3,1,1,1,1,1,1,1,2,2,5,2,1,3,4,2,4,-7,3,3,3,3,3,3,1,1,1,1,1,1,3,1,1,6,0,0,0,0,0,0,0,0,0,0,0,1,0,0,0,0,0,0,0,0,0,0,0,1,-8,-8,-8,-8,-8,-8,-8,-8,-8,-8,-8,-8,-8,1,0,0,1,0,0,0,0,0,0,0,1,1,-8,-8,-8,-8,-8,-8,-8,2,-7,0,0,1,0,0,0,0,1,1,4,2,500000,50000,3,4,3,2,3,3,3,2,-7,2,2,2,1,1,1,1,1,2,2,1,1,2,1,1,1,1,0,0,0,0,0,0,0,0,NA,1,0,0,0,0,0,0,0,0,0,1,5,5,2,1,1,0,0,0,2,2,NA,1,1,-7,2,1,1,1,2,0,2,6,1,1985,40,2,-7,2,2,1,3,1,9,-7,-7,-7,-7,1,2,-7,4,9,2,2,2,2,2,2,3,3,1,1,-7,2,2,2,2,0,0,1,0,0,0,bas25_09116,1329.3632672,2,24005,-7,10,3,11:03:19,10,3,11:28:17,1,1,1,2,4,4,2,3,0,1
14,3,4,3,3,3,3,2,4,3,3,4,4,3,3,3,4,1,3,4,4,4,5,3,3,2,2,2,2,2,3,3,3,3,2,3,2,1,1,1,2,1,2,1,2,4,3,4,5,5,4,4,-7,2,2,3,1,2,2,1,4,2,5,1,1,4,2,1,1,1,1,0,0,1,0,0,0,0,0,0,0,1,1,0,1,1,0,0,0,1,0,0,0,-8,-8,-8,-8,-8,-8,0,1,1,1,1,1,0,1,0,0,1,0,0,0,0,1,0,0,0,5,1,0,0,0,0,0,0,1,1,-7,-7,-7,-7,-7,-7,-7,4,-7,-7,-7,90000,27000,3,3,3,4,2,3,2,2,-7,2,2,3,3,4,5,3,4,1,1,4,3,2,3,1,1,4,0,1,0,1,0,0,0,0,NA,0,0,0,0,0,0,0,0,0,1,0,4,3,2,1,0,1,0,0,1,4,NA,2,-7,-7,4,2,2,-7,-7,-7,1,6,5,1951,74,2,-7,3,2,1,1,1,1,6,-7,-7,-7,5,1,4,-7,4,1,1,2,2,2,2,4,2,1,1,-7,2,2,2,2,0,0,1,0,0,0,bas25_09131,749.06571917,1,24510,Brooklyn/Curtis Bay/Hawkins Point,8,27,13:57:27,8,27,16:26:40,1,2,1,2,2,4,2,5,6,3
30,4,1,2,3,2,3,2,4,3,3,3,3,3,4,5,5,3,3,4,1,1,2,2,2,2,1,1,2,2,3,3,4,3,4,3,1,1,1,1,2,1,2,1,2,5,5,5,5,5,4,-7,5,2,3,3,2,1,2,1,4,2,3,2,2,3,1,1,2,0,0,0,0,0,0,0,0,1,0,0,0,1,0,0,0,0,0,1,0,1,0,0,0,0,1,0,0,0,0,0,0,1,0,0,1,1,1,0,0,1,0,1,1,0,0,1,0,0,2,1,0,0,1,1,1,0,3,-7,-7,-7,-7,-7,-7,-7,-7,2,5,5,4,100000,30000,3,4,3,4,2,1,2,1,2,1,1,2,4,4,4,4,4,3,1,2,2,3,3,1,1,4,0,0,0,0,0,0,0,0,NA,1,1,1,0,1,1,0,1,1,1,0,5,5,3,3,0,1,0,0,1,5,NA,2,-7,-7,2,1,1,2,0,0,1,4,1,1950,75,1,-7,2,2,1,1,1,8,-7,-7,-7,-7,7,1,4,-7,4,2,2,2,2,2,2,3,2,1,1,-7,1,1,1,1,0,1,0,0,0,0,bas25_09136,609.18165637,1,24510,Northwood,9,4,12:01:29,9,4,12:47:42,2,2,2,1,2,3,1,5,5,2
3,4,3,1,2,2,3,2,2,2,2,2,2,2,1,2,2,2,2,3,3,3,2,2,2,2,2,3,2,3,3,3,3,3,5,3,1,1,1,1,1,2,1,1,2,4,3,3,4,4,4,5,-7,3,3,3,3,3,3,2,1,1,3,2,3,2,4,1,2,1,1,0,1,1,0,1,0,0,0,0,0,1,1,0,1,1,1,1,1,0,0,0,0,0,0,0,1,0,0,0,0,0,1,0,0,1,0,0,1,1,0,0,0,0,0,0,0,1,2,1,0,1,0,1,1,0,2,-7,0,0,0,0,1,0,1,4,-7,-7,-7,80000,30000,4,4,4,3,2,2,2,1,2,1,1,4,3,3,3,3,3,3,3,1,3,3,3,2,2,2,0,0,0,0,0,0,0,0,NA,1,0,0,0,1,0,0,0,0,0,0,3,3,1,2,1,0,0,0,1,2,NA,2,-7,-7,2,1,1,1,3,0,2,3,5,1988,37,1,-7,1,2,1,1,1,8,-7,-7,-7,-7,6,1,2,-7,2,2,1,2,2,2,2,3,1,1,1,-7,1,1,1,1,0,1,0,0,0,0,bas25_09140,1900.0797346,2,24005,-7,8,27,13:56:00,8,27,14:25:00,2,2,1,1,1,2,1,3,0,1
11,3,2,2,2,2,3,3,2,3,3,2,3,3,2,2,2,1,1,1,1,2,4,4,2,2,1,2,2,3,3,4,2,3,2,-8,1,2,2,2,2,1,1,1,2,5,2,4,4,4,5,-7,4,3,3,3,3,3,3,1,3,1,2,2,1,2,1,1,1,0,0,0,0,1,0,0,1,1,0,0,0,0,0,0,0,0,1,0,1,1,0,0,0,-8,-8,-8,-8,-8,-8,1,1,1,1,0,0,0,0,1,0,1,0,0,1,1,0,1,0,0,2,-8,-8,-8,-8,-8,-8,-8,3,-7,-7,-7,-7,-7,-7,-7,-7,1,1,3,2,200000,NA,3,4,3,5,2,2,3,2,-7,2,2,2,2,2,2,3,3,3,2,2,1,4,4,1,1,3,0,0,0,1,1,0,0,0,NA,0,-8,-8,-8,-8,-8,-8,-8,-8,-8,-8,4,5,2,1,1,0,0,0,1,2,NA,-8,-7,-7,-8,-7,1,-8,-8,-8,2,7,1,-8,-8,-8,-6,2,-8,-8,-8,-8,-8,-6,-7,-7,-7,-8,-8,-7,-7,-6,2,2,-8,-8,-8,2,3,3,1,5,1,-6,-6,-6,-6,-8,-8,-8,-8,-8,-8,bas25_09151,149.57205807,2,24005,-7,9,6,09:14:32,9,6,09:47:01,2,1,2,-6,-6,4,-8,-8,0,1
4,3,2,2,2,2,2,2,2,3,2,2,3,2,2,2,3,1,2,4,2,2,2,3,2,3,2,1,2,2,3,3,4,3,2,3,1,1,1,1,2,2,2,1,2,4,4,2,4,4,4,-7,4,3,3,3,3,3,3,1,1,1,2,1,1,3,1,2,1,1,0,0,0,1,0,0,0,0,0,0,0,1,0,0,0,1,0,0,0,1,0,0,0,-8,-8,-8,-8,-8,-8,0,0,1,1,1,0,0,0,0,1,1,0,0,0,0,0,1,0,0,2,1,0,0,0,0,0,0,3,-7,-7,-7,-7,-7,-7,-7,-7,5,-7,-7,-7,500000,20000,3,4,3,4,3,3,3,2,-7,2,2,3,2,2,2,4,1,2,2,1,1,3,3,1,1,1,0,1,0,0,0,0,0,0,NA,0,1,0,0,0,0,0,0,0,0,0,5,5,2,1,1,0,0,0,2,2,NA,2,-7,-7,1,-7,2,-7,-7,-7,2,7,3,1954,71,2,-7,2,2,1,1,1,1,7,African Methodist Episcopalian,-7,-7,9,2,-7,2,7,2,2,2,2,2,2,4,2,1,1,-7,1,1,1,1,0,1,0,0,0,0,bas25_09157,345.43751654,1,24510,Hampden/Remington,8,28,12:06:41,8,28,12:48:06,1,1,2,1,3,4,2,5,0,1
12,4,1,1,1,1,4,3,1,1,3,1,3,1,1,4,4,1,1,1,1,1,1,4,2,1,2,4,3,2,3,2,4,2,2,2,2,1,1,1,2,2,1,2,1,4,3,2,2,2,2,3,-7,3,3,3,3,3,3,1,1,1,2,2,2,2,1,1,6,1,0,0,0,1,1,1,1,0,1,0,0,0,0,0,1,1,1,1,1,1,0,0,0,-8,-8,-8,-8,-8,-8,0,0,0,0,1,0,0,0,0,1,1,0,0,0,0,0,1,1,0,1,-8,-8,-8,-8,-8,-8,-8,2,-7,0,0,0,0,0,0,1,1,1,4,1,500000,40000,3,3,3,4,3,3,3,2,-7,2,2,1,1,1,1,1,1,1,1,1,1,1,2,1,1,1,-8,-8,-8,-8,-8,-8,-8,-8,NA,-8,0,0,0,0,0,0,0,0,1,0,1,5,2,1,1,0,0,0,1,2,NA,2,-7,-7,2,1,1,0,1,1,2,7,1,1978,47,1,-7,3,2,1,1,1,8,-7,-7,-7,-7,5,2,-7,6,11,2,2,2,2,2,2,5,2,1,1,-7,2,2,2,2,0,0,1,0,0,0,bas25_09161,313.65682314,2,24005,-7,9,3,13:28:02,9,3,13:47:54,2,1,1,2,4,4,1,3,0,1
8,3,2,3,3,3,2,2,4,5,4,4,4,3,3,3,2,1,2,1,1,1,2,4,3,5,3,3,3,2,3,3,4,4,3,4,1,1,1,1,2,2,2,1,2,2,2,4,3,3,2,4,-7,3,2,3,3,2,3,1,5,1,3,2,1,3,2,1,6,1,0,0,0,0,0,0,1,0,1,0,0,1,1,1,0,0,0,0,1,1,1,0,0,0,0,0,0,0,1,0,1,0,0,1,1,0,0,0,1,1,0,0,0,0,0,0,0,1,1,-8,-8,-8,-8,-8,-8,-8,3,-7,-7,-7,-7,-7,-7,-7,-7,1,1,2,3,125000,25000,4,3,4,5,3,3,3,2,-7,2,2,1,3,3,4,3,2,2,2,2,1,4,4,1,1,4,0,0,0,0,0,0,0,0,NA,1,1,0,0,0,0,0,0,0,0,0,5,5,2,1,1,0,0,0,1,2,NA,1,1,-7,1,-7,2,-7,-7,-7,2,6,5,1987,38,2,-7,2,2,1,1,1,9,-7,-7,-7,-7,1,1,5,-7,5,2,2,2,2,2,2,2,1,1,1,-7,2,2,2,2,0,0,1,0,0,0,bas25_09166,664.68163359,2,24005,-7,9,5,13:27:11,9,5,13:47:03,2,1,1,2,2,4,2,3,2,2
4,3,2,2,3,3,2,2,4,4,3,3,3,3,1,1,3,2,1,4,1,4,4,4,3,4,3,2,2,3,4,3,4,5,2,4,2,1,1,1,2,2,2,2,2,5,5,5,5,5,5,-7,5,2,1,1,1,1,1,2,4,2,2,2,2,3,2,1,1,0,0,0,0,1,0,0,0,0,0,0,0,0,0,0,0,0,0,0,0,1,0,0,0,-8,-8,-8,-8,-8,-8,-8,-8,-8,-8,-8,-8,-8,0,0,1,0,0,-8,-8,-8,-8,-8,-8,-8,2,0,0,0,0,1,1,0,2,-7,0,0,1,0,0,0,0,1,1,4,3,200000,20000,4,2,4,3,1,1,2,1,2,-8,1,3,5,5,5,5,5,4,3,3,3,3,3,1,1,4,0,0,0,0,1,0,0,0,NA,0,0,0,0,0,0,0,0,0,0,1,3,1,2,3,1,1,0,0,1,2,NA,2,-7,-7,2,1,1,0,2,2,2,4,1,1988,37,1,-7,2,2,1,1,1,8,-7,-7,-7,-7,1,1,3,-7,3,1,1,2,2,2,2,3,2,1,1,-7,1,1,1,1,0,1,0,0,0,0,bas25_09172,603.07196266,1,24510,Greater Govans,8,27,20:31:12,9,4,19:13:00,1,1,2,1,2,3,1,3,11,3
0,2,4,3,3,2,3,2,5,4,3,2,3,4,3,5,3,1,2,1,1,1,2,2,2,2,3,2,2,2,4,4,4,1,2,3,1,1,1,1,1,1,1,1,2,3,5,3,3,5,5,4,-7,2,1,1,1,1,2,1,2,2,1,2,2,3,4,1,2,1,1,0,0,0,0,1,1,0,0,0,0,0,0,0,0,0,0,0,1,1,0,0,0,-8,-8,-8,-8,-8,-8,-8,-8,-8,-8,-8,-8,-8,0,0,1,1,0,0,0,0,0,0,0,1,1,0,0,0,0,1,0,0,3,-7,-7,-7,-7,-7,-7,-7,-7,8,-7,-7,-7,700000,10000,3,4,3,4,1,1,1,1,1,1,1,3,4,4,4,4,4,5,5,5,3,4,4,1,1,1,0,0,0,1,1,1,0,0,NA,0,0,0,0,1,0,0,0,1,1,0,3,4,1,3,1,0,0,0,1,4,NA,2,-7,-7,1,-7,2,-7,-7,-7,1,2,5,1998,27,1,-7,2,2,1,1,1,9,-7,-7,-7,-7,1,1,1,-7,1,1,1,2,2,1,2,3,4,1,5,2,1,1,1,1,0,1,0,0,0,0,bas25_09176,889.278346,1,24510,Orchard Ridge/Armistead,9,2,18:42:40,9,2,18:58:42,1,2,1,1,1,1,1,2,10,3
6,5,1,2,2,2,4,3,2,4,3,2,3,2,1,1,2,1,1,2,1,1,1,2,2,3,2,2,2,2,3,3,4,3,3,3,1,1,1,1,1,1,1,1,2,4,4,3,4,3,4,2,-7,3,3,3,3,3,3,1,4,1,2,2,1,2,1,2,1,1,0,0,0,0,0,0,1,0,0,0,0,0,0,0,0,0,0,0,1,1,0,0,0,0,0,1,0,0,1,0,1,0,1,1,1,0,0,0,1,1,0,0,0,0,0,1,1,0,3,-8,-8,-8,-8,-8,-8,-8,2,-7,0,0,1,1,1,0,1,5,-7,-7,-7,1000000,15000,3,5,3,4,3,3,3,2,-7,2,2,2,2,2,3,3,2,2,1,1,3,3,3,1,1,2,0,1,0,1,0,0,0,0,NA,0,0,1,0,0,0,0,0,0,0,0,5,5,2,1,0,0,1,0,1,2,NA,2,-7,-7,2,2,1,1,1,0,1,5,3,1955,70,1,-7,2,2,1,1,1,1,7,Seventh Day Adventist,-7,-7,8,2,-7,1,6,2,2,2,2,2,2,3,2,1,1,-7,1,1,1,1,0,1,0,0,0,0,bas25_09194,1290.4145051,2,24005,-7,8,27,22:42:40,8,27,23:14:11,2,1,1,1,3,3,1,5,0,1
64,4,2,1,2,1,3,4,2,1,2,1,3,2,1,1,1,1,1,1,1,1,1,2,1,1,1,1,1,1,2,2,2,2,-8,-8,1,1,1,1,1,1,2,1,2,2,2,1,-8,-8,-8,2,-7,3,3,3,3,2,3,1,5,1,1,2,1,1,1,1,1,1,0,0,0,0,0,0,0,0,0,0,0,1,0,0,0,0,0,0,0,0,0,0,0,-8,-8,-8,-8,-8,-8,-8,-8,-8,-8,-8,-8,-8,0,0,1,1,0,0,0,0,0,0,0,1,1,-8,-8,-8,-8,-8,-8,-8,3,-7,-7,-7,-7,-7,-7,-7,-7,5,-7,-7,-7,100000,35000,3,3,3,3,3,3,3,2,-7,2,2,1,1,1,1,1,1,1,1,1,1,3,2,1,1,1,0,0,0,0,0,0,0,0,NA,1,1,0,0,0,0,0,0,0,0,0,4,5,2,1,0,0,0,1,1,2,NA,2,-7,-7,3,2,2,-7,-7,-7,1,4,1,1937,88,1,-7,2,2,1,1,1,1,1,-7,-7,-7,8,2,-7,-8,-6,2,2,2,2,2,2,2,1,1,1,-7,2,2,2,2,0,0,1,0,0,0,bas25_09198,1376.3163607,2,24005,-7,8,28,10:22:00,8,28,11:33:33,1,2,1,2,-6,3,1,5,1,1
7,5,1,2,2,2,3,3,1,3,2,2,3,2,2,2,1,1,1,1,1,1,1,3,2,2,2,6,-7,1,3,2,3,3,2,2,1,1,1,1,1,2,1,2,1,3,2,2,3,3,3,3,-7,3,3,3,3,3,3,1,4,1,1,2,1,3,1,1,1,1,0,0,1,0,0,1,1,1,0,0,0,0,0,0,0,0,0,0,1,1,0,0,0,-8,-8,-8,-8,-8,-8,-8,-8,-8,-8,-8,-8,-8,1,0,0,0,1,0,0,0,0,0,0,1,3,-8,-8,-8,-8,-8,-8,-8,2,-7,1,0,1,0,0,0,1,2,1,2,3,120000,40000,3,3,3,4,3,3,3,2,-7,2,2,1,1,1,1,1,1,1,1,1,2,4,1,1,1,1,0,0,0,0,0,0,0,0,NA,1,1,0,0,0,0,0,0,0,0,0,5,5,2,2,1,0,0,0,1,2,NA,2,-7,-7,3,1,2,-7,-7,-7,2,6,5,1998,27,2,-7,2,2,1,3,3,5,-7,-7,-7,-7,1,1,2,-7,2,2,1,2,2,2,2,3,2,1,1,-7,3,4,3,4,0,0,0,0,1,0,bas25_09200,3952.8236347,2,24005,-7,8,27,16:55:23,8,27,17:14:40,1,2,1,3,1,4,2,2,0,1
18,4,3,3,3,2,3,3,4,4,2,2,2,3,2,3,3,2,4,2,2,2,2,5,4,4,3,4,3,3,3,2,3,3,2,3,1,1,1,1,1,1,2,2,2,3,4,4,4,3,3,-7,4,3,3,3,3,3,3,1,1,1,2,3,3,3,2,1,1,1,0,0,1,1,0,1,0,1,0,0,0,0,0,0,0,0,0,0,0,1,0,0,0,0,0,0,1,0,1,0,0,0,1,0,0,0,0,0,1,1,0,0,0,0,0,0,0,1,2,1,0,0,0,1,1,0,3,-7,-7,-7,-7,-7,-7,-7,-7,1,4,4,1,450000,65000,3,4,4,5,2,2,2,1,2,1,1,2,4,3,5,2,2,3,2,2,3,4,4,1,1,1,0,0,0,0,0,0,0,0,NA,1,0,0,0,0,0,0,0,1,1,0,5,5,2,1,1,1,0,0,1,2,NA,2,-7,-7,3,1,1,0,0,1,1,7,3,1977,48,1,-7,2,2,1,1,1,9,-7,-7,-7,-7,2,2,-7,4,9,2,2,2,2,2,2,4,2,1,1,-7,2,2,2,2,0,0,1,0,0,0,bas25_09211,367.02985066,1,24510,Hamilton Hills,10,3,09:13:41,10,3,09:36:55,1,1,2,2,4,4,1,3,0,1
3,3,2,1,2,2,4,3,2,4,2,2,3,3,3,3,3,2,2,5,4,3,1,3,2,3,2,1,2,2,3,3,4,3,3,3,-8,1,1,-8,1,1,-8,1,2,4,4,3,5,5,4,4,-7,3,3,3,3,3,3,1,1,1,4,3,3,3,4,1,1,0,0,0,0,0,0,1,1,0,0,0,0,0,0,0,0,0,0,1,1,0,0,0,0,-8,-8,-8,-8,-8,-8,0,1,1,0,1,0,1,-8,-8,-8,-8,-8,-8,-8,-8,-8,-8,-8,-8,2,0,1,0,0,1,1,0,3,-7,-7,-7,-7,-7,-7,-7,-7,2,1,4,4,300000,40000,3,2,4,5,3,3,3,2,-7,2,2,3,3,3,5,5,2,2,2,1,1,2,2,1,1,3,0,1,1,1,0,1,1,0,NA,0,0,0,0,0,0,0,0,0,0,1,5,5,2,1,1,0,0,0,2,2,NA,-8,-7,-7,-8,-7,-8,-7,-7,-7,-8,6,-8,-8,-8,-8,-6,-8,-8,1,-8,-8,-8,-6,-7,-7,-7,-8,-8,-7,-7,-6,2,-8,2,-8,-8,-8,-8,-8,-8,1,-7,-6,-6,-6,-6,-8,-8,-8,-8,-8,-8,bas25_09223,256.05739732,1,24510,Patterson Park North & East,10,5,19:58:17,10,5,20:20:27,1,1,1,-6,-6,4,-8,-8,0,1
3,1,1,2,2,1,4,3,2,2,2,1,1,1,1,1,1,1,1,1,1,1,1,3,1,1,1,1,1,2,4,3,4,4,3,-8,1,2,1,1,1,2,1,2,2,5,4,2,5,5,5,3,-7,-8,1,2,1,1,3,1,4,2,3,2,1,1,1,1,1,1,0,0,0,0,0,1,0,0,0,0,0,1,0,0,0,0,0,1,0,1,0,0,0,-8,-8,-8,-8,-8,-8,1,1,1,1,0,0,0,1,0,1,0,0,1,1,1,0,0,0,0,3,-8,-8,-8,-8,-8,-8,-8,1,3,-7,-7,-7,-7,-7,-7,-7,1,1,4,2,100000,40000,3,2,4,4,1,1,1,1,2,1,1,3,4,3,-8,-8,-8,2,1,1,2,3,4,1,1,4,0,0,0,0,1,0,1,0,NA,0,0,0,0,1,0,0,0,0,0,0,5,5,1,2,1,0,0,0,1,4,NA,1,1,-7,3,2,2,-7,-7,-7,1,4,5,1999,26,2,-7,2,2,1,1,1,9,-7,-7,-7,-7,1,1,4,-7,4,1,1,-8,2,1,2,3,2,1,1,-7,1,1,1,1,0,1,0,0,0,0,bas25_09227,2487.1905866,1,24510,Pimlico/Arlington/Hilltop,8,27,23:40:55,9,18,16:34:59,2,1,1,1,2,3,2,2,8.399999999999999,3
34,4,2,2,2,2,3,3,2,2,1,2,2,3,2,2,3,3,2,3,2,3,2,2,2,1,2,2,2,3,3,3,4,3,3,2,1,1,1,1,1,1,1,2,1,5,5,3,5,5,5,3,-7,3,3,3,3,3,3,1,4,1,4,1,1,3,2,2,1,1,1,1,0,0,0,1,0,1,1,0,0,1,1,1,1,1,0,0,1,1,0,0,0,0,0,0,1,0,0,0,0,1,1,1,1,0,1,0,0,1,0,1,1,1,1,1,0,0,2,-8,-8,-8,-8,-8,-8,-8,3,-7,-7,-7,-7,-7,-7,-7,-7,5,-7,-7,-7,250000,15000,3,4,3,4,3,3,3,2,-7,2,2,1,1,1,4,2,2,1,1,2,2,4,1,1,1,2,0,0,0,0,1,0,1,0,NA,0,1,0,0,0,0,0,0,0,0,0,5,5,2,1,0,1,0,0,1,4,NA,2,-7,-7,1,-7,2,-7,-7,-7,1,7,2,1959,66,1,-7,2,2,1,1,1,1,7,Pentecostal/Apostolic,-7,-7,6,1,5,-7,5,2,2,2,2,2,2,3,2,1,1,-7,1,1,1,1,0,1,0,0,0,0,bas25_09232,163.08407719,1,24510,Greater Govans,9,1,20:40:26,9,1,21:05:48,2,1,1,1,2,4,1,5,0,1
25,4,2,2,2,3,3,3,3,4,3,3,3,4,2,1,4,3,2,3,2,3,1,3,3,3,2,1,1,3,3,3,4,3,3,3,1,1,1,1,1,1,1,2,1,4,4,3,4,3,4,2,-7,3,3,3,-8,-8,3,1,2,1,3,2,2,3,1,1,1,1,0,0,0,0,0,1,0,0,0,0,0,1,0,0,0,1,0,0,1,1,0,0,0,-8,-8,-8,-8,-8,-8,0,1,0,0,0,0,0,0,0,1,1,0,0,1,0,0,0,1,0,3,-8,-8,-8,-8,-8,-8,-8,1,1,-7,-7,-7,-7,-7,-7,-7,1,3,4,3,"900, 000,",20000,3,3,4,5,3,3,3,2,-7,2,2,2,2,1,1,2,1,1,1,1,1,3,2,1,1,1,0,0,0,0,0,0,0,0,NA,1,0,0,0,0,0,0,0,0,0,1,4,5,2,1,0,1,0,0,1,2,NA,2,-7,-7,1,-7,2,-7,-7,-7,2,6,5,1965,60,1,-7,2,2,1,1,1,9,-7,-7,-7,-7,1,2,-7,-8,-6,2,2,2,2,2,2,5,2,1,1,-7,2,2,2,2,0,0,1,0,0,0,bas25_09239,160.2246664,1,24510,Patterson Park North & East,8,27,18:38:27,8,27,19:04:49,2,1,1,2,-6,4,1,4,0,1
0,3,2,2,2,2,3,3,3,3,3,2,2,1,1,2,2,1,1,1,1,1,1,3,2,3,1,2,4,2,3,3,3,3,2,3,1,1,1,1,2,1,2,2,2,3,5,3,4,5,4,-7,4,3,3,3,3,3,3,1,4,1,1,3,1,2,1,1,5,0,0,0,0,1,0,0,1,0,0,0,0,0,1,0,0,1,0,0,1,1,0,0,0,0,0,0,0,0,1,0,1,0,0,1,0,0,1,0,1,0,0,0,0,1,1,0,0,0,4,-8,-8,-8,-8,-8,-8,-8,2,-7,0,0,1,0,0,0,1,1,3,3,4,200000,25000,3,3,4,4,3,3,3,2,-7,2,2,2,1,2,2,1,1,2,1,1,1,3,3,1,2,1,0,0,0,0,0,0,0,0,NA,1,0,1,0,0,0,0,0,0,0,0,5,4,2,1,0,0,1,0,1,2,NA,2,-7,-7,2,1,2,-7,-7,-7,2,6,5,1990,35,2,-7,1,2,1,1,1,1,4,-7,-7,-7,3,2,-7,1,6,2,2,2,2,2,2,4,2,2,1,-7,2,2,2,2,0,0,1,0,0,0,bas25_09245,656.33868543,1,24510,Greater Lauraville,8,29,14:42:01,9,3,13:26:11,2,2,2,2,3,4,2,3,0,1
5,4,3,4,4,4,2,1,4,3,4,3,3,3,3,3,3,1,1,3,1,1,3,4,3,4,2,2,4,3,3,3,4,4,4,4,1,1,1,1,1,1,1,1,2,4,2,2,2,2,2,-7,4,2,2,2,2,1,3,1,5,2,3,2,2,3,3,1,1,1,0,0,0,1,0,1,1,1,0,0,0,1,0,0,0,1,0,0,1,1,0,0,0,0,0,0,1,0,0,0,0,0,0,0,1,0,0,1,1,0,0,0,1,0,0,0,0,0,2,-8,-8,-8,-8,-8,-8,-8,3,-7,-7,-7,-7,-7,-7,-7,-7,8,-7,-7,-7,150000,10000,4,4,4,4,1,2,3,1,2,1,1,2,4,5,5,2,3,3,2,4,2,5,2,1,1,1,0,0,0,1,0,1,0,0,NA,0,0,1,0,0,0,0,0,0,1,0,5,5,3,1,0,1,0,0,2,2,NA,2,-7,-7,6,1,1,1,1,0,1,1,1,1970,55,2,-7,2,2,1,1,1,9,-7,-7,-7,-7,1,1,1,-7,1,1,1,2,1,2,2,2,2,3,5,1,2,2,2,2,0,0,1,0,0,0,bas25_09260,4639.6060813,2,24005,-7,9,5,12:29:51,9,5,12:53:15,1,2,2,2,1,1,2,4,6,3
6,2,2,2,2,3,3,2,3,5,3,2,3,2,3,2,5,3,1,4,2,4,2,1,1,4,1,2,4,3,3,2,2,4,3,3,1,2,1,1,2,1,1,1,2,5,4,1,5,5,5,-7,3,3,3,3,3,1,3,1,2,1,1,2,3,3,1,1,1,0,0,0,0,1,0,0,0,0,0,0,0,0,0,0,0,1,0,0,1,1,0,0,0,0,1,0,0,0,0,0,1,0,0,0,1,0,0,0,1,1,0,0,1,0,0,1,1,0,2,0,0,0,0,0,1,0,1,4,-7,-7,-7,-7,-7,-7,-7,4,-7,-7,-7,200000,50000,4,3,4,4,3,3,3,2,-7,2,-8,3,3,2,2,2,2,3,3,2,2,3,5,2,2,1,0,0,0,0,0,0,0,0,NA,1,0,0,0,0,0,0,0,0,1,0,5,5,1,1,1,0,0,0,1,2,NA,2,-7,-7,2,1,1,4,1,1,2,7,1,1990,35,1,-7,2,2,3,3,3,6,-7,-7,-7,-7,2,2,-7,2,7,2,2,-8,2,2,2,4,2,3,5,2,3,4,3,4,0,0,0,0,1,0,bas25_09272,140.48314433,1,24510,Downtown/Seton Hill,9,15,22:16:19,9,15,23:09:11,2,2,2,3,3,4,1,3,2,2
24,5,1,1,2,1,3,2,2,3,3,2,3,3,2,2,2,1,1,3,3,2,2,3,1,2,1,1,1,2,1,1,4,1,3,3,1,1,1,1,2,2,2,2,2,3,3,2,4,4,4,4,-7,3,3,3,3,3,3,1,1,1,1,1,1,1,1,1,1,0,0,0,0,0,0,0,0,0,0,0,1,1,1,0,0,0,0,0,1,0,0,0,0,0,1,0,1,0,1,-8,-8,-8,-8,-8,-8,-8,0,0,1,1,0,1,0,0,1,0,0,0,1,1,0,0,0,0,0,0,2,-7,0,0,1,0,0,0,0,2,3,5,4,150000,35000,3,4,3,5,3,3,3,2,-7,2,2,1,1,1,1,1,1,1,1,1,1,2,2,1,1,-8,0,0,0,0,0,0,0,1,Amazement at the comfortable weather,0,0,1,0,0,0,0,0,1,0,0,1,1,2,4,1,0,0,0,2,2,NA,2,-7,-7,2,2,2,-7,-7,-7,2,7,1,1957,68,2,-7,2,2,1,1,1,1,3,-7,-7,-7,3,2,-7,1,6,2,2,2,2,2,2,3,3,1,1,-7,2,2,2,2,0,0,1,0,0,0,bas25_09283,319.49357221,2,24005,-7,9,2,15:46:08,9,2,16:18:27,2,1,1,2,3,4,2,5,0,1
22,4,2,2,2,2,3,3,2,2,2,2,3,3,2,2,2,1,1,3,1,3,1,3,2,2,1,4,4,3,3,3,3,3,2,3,1,1,1,1,1,1,1,2,2,5,3,3,3,3,4,4,-7,3,3,3,3,3,3,1,4,1,2,1,1,3,2,2,1,0,0,0,1,1,0,1,1,0,1,0,0,1,0,0,0,1,0,1,1,1,1,0,0,0,0,0,1,0,0,1,1,1,1,1,1,1,0,0,1,1,0,0,0,1,1,0,1,0,2,0,0,1,0,0,0,0,1,1,-7,-7,-7,-7,-7,-7,-7,1,2,2,4,225000,75000,4,4,4,4,3,3,3,2,-7,2,2,1,1,1,1,1,1,1,1,1,1,3,3,1,1,3,0,0,0,1,0,1,0,0,NA,0,1,0,0,1,0,0,0,1,1,0,5,5,2,1,1,0,1,0,1,2,NA,1,3,1,2,1,1,1,0,0,2,6,1,1991,34,1,-7,2,2,1,1,1,9,-7,-7,-7,-7,1,2,-7,5,10,2,2,2,2,2,2,3,3,1,1,-7,2,2,2,2,0,0,1,0,0,0,bas25_09285,2183.0181103,2,24005,-7,8,31,17:46:38,8,31,18:07:15,1,2,1,2,4,4,1,2,0,1
44,6,2,1,1,1,4,1,1,3,1,4,5,4,4,4,5,1,3,5,4,3,5,3,4,2,1,1,1,2,3,3,4,3,3,4,-8,-8,-8,-8,-8,-8,-8,-8,1,5,4,5,5,5,5,4,-7,3,1,1,1,1,1,1,1,1,3,1,1,4,3,1,1,1,1,0,1,0,0,1,1,0,0,0,0,1,1,0,1,1,0,0,1,1,0,0,0,0,0,0,0,0,1,0,0,0,0,1,1,0,0,1,0,1,0,0,0,0,0,0,0,1,2,0,0,0,0,0,1,1,1,4,-7,-7,-7,-7,-7,-7,-7,5,-7,-7,-7,NA,NA,3,3,4,5,3,3,3,2,-7,2,2,2,1,1,4,3,1,1,1,1,1,2,1,1,1,1,0,0,0,0,0,0,0,0,NA,1,0,1,0,0,0,0,0,0,0,0,5,5,2,1,1,0,0,0,1,2,NA,2,-7,-7,1,-7,2,-7,-7,-7,2,7,2,1952,73,1,-7,2,2,1,1,1,9,-7,-7,-7,-7,1,1,2,-7,2,2,2,2,2,2,2,4,2,1,1,-7,2,2,2,2,0,0,1,0,0,0,bas25_09301,85.584681187,1,24510,Fells Point,9,6,08:15:45,9,6,08:45:03,1,2,1,2,1,4,1,5,10,3
50,6,2,2,3,2,4,3,4,5,5,2,4,1,1,1,3,1,1,2,1,2,1,5,1,5,4,1,1,2,4,4,1,2,4,4,2,1,-8,1,-8,1,1,1,2,5,3,5,5,3,5,-7,4,3,3,3,3,3,3,1,1,1,4,1,1,2,1,1,2,0,0,0,0,0,0,0,1,0,0,0,0,0,0,0,0,0,0,0,0,1,0,0,0,1,0,0,0,0,0,0,0,0,0,0,1,1,0,0,1,1,0,1,0,1,1,0,0,0,5,-8,-8,-8,-8,-8,-8,-8,1,4,-7,-7,-7,-7,-7,-7,-7,2,5,1,4,400000,35000,3,5,1,1,3,3,3,2,-7,2,2,2,1,1,1,1,1,1,1,1,1,3,2,1,1,1,0,0,0,1,0,0,0,0,NA,0,0,1,0,1,1,0,0,0,1,0,4,2,2,4,1,0,0,0,2,2,NA,-8,-7,-7,2,1,2,-7,-7,-7,2,7,1,1953,72,1,-7,2,2,3,3,1,1,6,-7,-7,-7,1,2,-7,4,9,2,2,2,2,2,2,3,3,1,1,-7,2,2,2,2,0,0,1,0,0,0,bas25_09305,571.34015058,2,24005,-7,9,16,16:54:54,9,16,17:12:24,2,2,2,2,4,4,1,5,0,1
0,3,2,2,3,2,3,3,2,-8,-8,2,-8,2,2,3,-8,-8,-8,-8,-8,-8,2,1,3,3,3,2,3,2,2,1,4,3,4,-8,1,1,1,1,2,2,2,2,2,3,-8,3,4,4,4,4,-7,3,3,3,3,2,3,1,4,2,1,3,1,2,1,1,1,0,0,0,0,0,0,0,0,0,0,0,1,0,0,0,0,1,0,0,0,0,1,0,0,-8,-8,-8,-8,-8,-8,-8,-8,-8,-8,-8,-8,-8,1,0,0,1,0,0,0,0,0,1,1,0,2,-8,-8,-8,-8,-8,-8,-8,3,-7,-7,-7,-7,-7,-7,-7,-7,6,-7,-7,-7,NA,NA,3,3,3,4,3,3,3,2,-7,2,2,1,1,1,2,2,2,1,1,2,1,3,4,1,1,1,0,1,0,0,0,0,1,0,NA,0,0,0,0,1,0,0,0,1,1,0,5,5,1,1,1,0,0,0,2,4,NA,2,-7,-7,1,-7,2,-7,-7,-7,2,4,5,-8,-8,3,-7,3,2,1,1,1,9,-7,-7,-7,-7,1,-8,-7,-7,-6,2,2,2,2,2,2,5,2,3,1,-7,2,2,2,2,0,0,1,0,0,0,bas25_09307,534.74526085,2,24005,-7,8,28,13:09:51,8,28,13:27:30,1,1,1,2,-6,3,-8,-8,1,1
14,3,2,2,2,2,4,2,2,4,3,2,4,3,2,3,4,3,3,2,1,3,2,2,2,4,2,3,3,3,4,4,2,1,1,3,1,1,1,1,2,2,2,2,1,5,5,5,5,5,5,-7,3,2,2,3,2,2,2,1,4,1,3,1,3,3,1,2,2,1,1,0,0,1,0,1,1,0,1,0,0,1,0,0,1,1,0,1,0,1,0,0,0,1,0,0,1,1,0,0,1,1,1,1,1,0,0,0,0,1,1,0,0,1,1,1,0,0,5,0,1,0,0,0,0,0,2,-7,1,1,1,1,0,0,0,1,5,3,4,1200000,30000,3,4,2,2,3,3,3,2,-7,2,2,3,3,2,4,5,3,3,2,1,3,1,1,2,2,1,0,0,0,0,0,0,0,0,NA,1,0,0,0,0,0,0,0,0,0,1,2,2,2,1,1,0,0,0,1,2,NA,2,-7,-7,2,1,1,0,0,3,2,6,1,1976,49,2,-7,2,2,1,1,1,1,1,-7,-7,-7,8,2,-7,4,9,2,2,2,2,2,2,2,1,1,1,-7,1,1,1,1,0,1,0,0,0,0,bas25_09313,1319.1117789,1,24510,Greater Lauraville,9,5,07:48:57,9,5,09:13:08,1,1,2,1,4,4,2,3,5,2
6,4,1,2,2,2,3,3,1,1,2,2,3,2,2,1,2,1,1,1,1,1,1,3,1,1,1,2,2,2,1,1,3,2,-8,-8,1,1,1,1,2,2,1,2,2,2,2,1,2,2,2,3,-7,3,3,3,3,3,3,1,1,1,1,1,1,2,1,1,3,0,0,0,0,0,0,0,1,0,0,0,0,0,0,0,0,0,0,0,1,0,0,0,0,-8,-8,-8,-8,-8,-8,0,0,1,0,0,0,0,0,0,1,1,0,0,0,0,0,0,0,1,1,-8,-8,-8,-8,-8,-8,-8,1,4,-7,-7,-7,-7,-7,-7,-7,1,1,1,3,450000,50000,2,2,1,2,3,3,3,2,-7,2,2,1,1,1,1,1,1,1,1,1,1,1,1,1,1,1,0,0,0,0,0,1,0,0,NA,0,0,0,0,0,0,0,0,0,0,1,5,5,2,1,1,1,0,0,1,2,NA,2,-7,-7,2,1,1,0,1,1,2,7,1,1978,47,2,-7,2,2,1,1,1,9,-7,-7,-7,-7,3,2,-7,6,11,2,2,2,2,2,2,4,2,1,1,-7,2,2,2,2,0,0,1,0,0,0,bas25_09318,393.93074976,2,24005,-7,9,3,12:18:48,9,3,12:39:26,2,2,1,2,4,4,2,3,0,1
3,5,2,1,1,1,3,3,1,3,3,3,3,3,2,3,3,3,2,2,1,1,2,2,2,3,2,1,2,2,3,3,4,3,2,3,1,1,1,1,1,1,1,2,2,3,4,3,4,3,4,-7,5,3,3,3,3,3,2,1,1,2,1,2,2,3,1,1,1,0,0,0,1,1,0,0,1,0,0,0,0,0,0,0,0,0,0,0,0,1,0,0,0,-8,-8,-8,-8,-8,-8,0,1,1,1,1,1,1,0,0,1,1,0,1,0,1,1,0,0,0,2,0,0,0,0,1,1,0,1,4,-7,-7,-7,-7,-7,-7,-7,1,1,2,4,500000,50000,3,3,3,4,3,3,3,2,-7,2,2,1,1,1,1,1,1,1,1,1,1,3,4,1,1,1,0,0,0,0,0,0,0,0,NA,1,0,0,0,0,0,0,0,1,1,0,5,5,2,1,1,0,0,0,1,2,NA,2,-7,-7,1,-7,2,-7,-7,-7,2,6,3,1983,42,1,-7,2,2,1,1,1,9,-7,-7,-7,-7,1,2,-7,6,11,2,2,2,2,2,2,5,2,1,1,-7,2,2,2,2,0,0,1,0,0,0,bas25_09320,151.35165387,1,24510,Fells Point,8,29,19:59:18,8,29,20:44:53,2,1,2,2,4,4,1,3,1,1
40,5,5,3,3,2,3,3,3,3,4,2,4,2,1,2,2,1,1,2,2,3,1,2,3,3,1,3,3,2,4,4,2,5,1,3,2,1,1,1,2,2,2,1,2,5,3,1,3,3,4,1,-7,3,3,3,3,3,3,1,1,1,4,1,1,3,2,1,1,1,0,0,1,0,0,0,0,0,0,0,0,1,1,1,1,1,0,0,1,0,0,0,0,-8,-8,-8,-8,-8,-8,-8,-8,-8,-8,-8,-8,-8,0,0,1,1,0,0,0,0,0,0,0,1,2,-8,-8,-8,-8,-8,-8,-8,1,1,-7,-7,-7,-7,-7,-7,-7,1,1,4,2,225000,35000,3,4,3,2,3,3,3,2,-7,2,2,3,1,1,1,1,1,1,1,1,1,3,2,1,1,1,0,0,0,0,0,0,0,0,NA,1,1,0,0,0,0,1,0,0,0,0,4,4,2,1,1,0,0,0,1,2,NA,1,2,3,2,1,2,-7,-7,-7,2,3,1,1955,70,2,-7,2,2,1,1,1,8,-7,-7,-7,-7,4,2,-7,3,8,2,2,2,2,2,2,3,3,1,1,-7,2,2,2,2,0,0,1,0,0,0,bas25_09324,1686.3334876,2,24005,-7,9,1,15:18:16,9,1,15:51:21,2,2,1,2,4,2,2,5,0,1
62,5,1,3,2,2,3,3,1,1,3,2,3,3,3,3,3,2,1,3,3,3,2,5,4,2,1,2,2,2,3,3,2,3,3,3,1,1,1,1,1,1,1,1,2,3,3,3,3,3,3,4,-7,1,1,1,1,1,1,2,5,2,5,2,3,3,3,1,1,1,1,0,1,0,0,1,0,1,0,0,0,0,0,0,1,0,0,1,0,1,0,0,0,0,1,0,1,0,1,0,0,0,1,1,1,1,0,0,1,1,0,1,1,1,1,1,1,0,2,0,0,0,0,1,1,0,3,-7,-7,-7,-7,-7,-7,-7,-7,8,-7,-7,-7,1 million,1000,3,3,3,3,1,1,2,1,1,1,1,2,4,5,5,5,5,5,5,5,1,3,2,1,2,5,0,0,1,1,0,0,0,0,NA,0,1,1,1,0,0,0,0,0,1,0,5,5,3,4,1,0,0,0,2,2,NA,2,-7,-7,4,1,2,-7,-7,-7,1,3,2,1962,63,1,-7,3,2,1,1,1,8,-7,-7,-7,-7,2,1,2,-7,2,1,1,2,1,2,2,3,3,1,1,-7,2,2,2,2,0,0,1,0,0,0,bas25_09332,1553.6327979,2,24005,-7,9,8,13:31:31,9,8,14:09:09,1,1,1,2,1,2,1,4,12,3
3,2,1,2,2,2,3,3,2,2,3,1,3,3,1,1,2,1,1,1,1,1,1,3,2,1,2,2,2,2,3,3,4,3,4,4,1,1,1,1,2,1,2,1,2,3,4,4,5,5,4,-7,3,3,3,3,3,3,3,1,-8,1,1,3,3,2,1,1,1,0,0,1,0,0,0,0,0,0,0,0,0,0,0,0,0,0,0,0,0,0,0,0,1,0,0,0,0,0,1,0,1,0,0,1,1,0,0,0,1,1,0,0,0,1,0,0,1,0,1,-8,-8,-8,-8,-8,-8,-8,3,-7,-7,-7,-7,-7,-7,-7,-7,5,-7,-7,-7,150000,40000,4,5,4,5,3,3,3,2,-7,2,2,1,1,1,1,1,1,1,1,1,1,4,2,1,1,1,0,0,0,1,0,0,0,0,NA,0,1,1,0,1,1,0,1,0,0,0,5,5,3,4,1,0,0,0,2,2,NA,2,-7,-7,1,-7,2,-7,-7,-7,2,7,2,1934,91,1,-7,2,2,3,3,3,9,-7,-7,-7,-7,1,2,-7,3,8,2,2,2,2,2,2,5,2,1,2,-7,2,2,2,2,0,0,1,0,0,0,bas25_09334,96.444260719,1,24510,Hampden/Remington,8,29,17:04:13,8,29,17:42:21,1,2,2,2,4,4,1,5,0,1
19,2,3,2,3,4,3,2,5,3,3,3,3,3,2,1,2,3,4,4,3,2,4,5,3,3,1,1,1,4,3,3,3,1,2,3,1,1,1,1,1,1,1,1,2,5,5,2,2,5,2,5,-7,2,3,3,3,3,3,1,2,2,2,2,2,3,1,3,1,1,0,0,1,0,0,1,1,1,0,0,0,0,0,0,1,0,0,1,0,1,0,0,0,0,1,0,0,0,0,0,0,0,0,1,1,0,0,0,1,1,0,0,0,0,0,1,0,0,5,0,0,0,0,1,0,0,3,-7,-7,-7,-7,-7,-7,-7,-7,8,-7,-7,-7,5400,500,3,3,3,3,3,3,3,2,-7,2,2,1,1,1,1,1,1,1,1,1,1,4,1,1,1,4,0,0,0,0,0,0,1,0,NA,0,1,1,0,1,0,0,0,0,0,0,5,5,1,1,1,0,0,0,1,5,NA,2,-7,-7,1,-7,2,-7,-7,-7,1,3,3,1956,69,1,-7,2,2,1,1,1,2,-7,-7,-7,-7,1,1,2,-7,2,1,1,1,1,1,2,3,4,1,1,-7,1,1,1,1,0,1,0,0,0,0,bas25_09346,515.1543306,1,24510,Greater Charles Village/Barclay,9,3,08:53:42,9,3,09:51:09,2,2,1,1,1,2,1,5,1,1
7,4,2,2,3,2,4,3,-8,4,3,2,4,4,3,5,3,1,1,1,1,1,1,3,2,3,1,2,2,3,3,2,3,3,5,5,1,1,1,1,1,1,2,1,1,5,5,5,5,5,5,-7,4,3,3,3,3,2,2,1,2,2,1,3,1,3,1,1,1,1,0,0,1,1,0,0,1,1,1,0,0,1,1,0,1,1,1,0,1,1,0,0,0,-8,-8,-8,-8,-8,-8,0,0,1,1,1,0,0,-8,-8,-8,-8,-8,1,0,1,0,1,1,0,2,-8,-8,-8,-8,-8,-8,-8,3,-7,-7,-7,-7,-7,-7,-7,-7,5,-7,-7,-7,NA,NA,3,2,3,3,3,3,3,2,-7,-8,2,1,4,4,5,4,4,1,1,1,3,3,4,1,1,-8,0,0,0,0,0,0,0,0,NA,1,1,0,0,1,1,0,0,1,1,0,4,5,1,1,1,0,0,0,1,2,NA,2,-7,-7,2,1,2,-7,-7,-7,2,4,1,1951,74,1,-7,2,-8,1,1,1,1,6,-7,-7,-7,-8,1,4,-7,4,2,2,2,2,2,2,2,3,1,1,-7,1,1,1,1,0,1,0,0,0,-8,bas25_09352,548.4772047,1,24510,Dickeyville/Franklintown,10,3,19:12:12,10,3,19:48:00,2,2,2,1,2,3,1,5,2,2
6,6,1,1,2,3,3,3,1,3,3,1,3,-8,1,1,2,1,1,1,1,1,4,1,3,1,1,6,-7,4,4,4,4,3,2,2,1,1,1,1,1,1,1,1,2,2,3,2,4,4,4,-7,5,3,3,3,3,3,3,2,-8,2,1,2,3,3,1,3,1,1,0,0,1,1,0,0,1,0,1,0,0,1,1,1,0,1,0,1,1,1,1,0,0,-8,-8,-8,-8,-8,-8,-8,-8,-8,-8,-8,-8,-8,-8,-8,-8,-8,-8,0,0,0,0,0,0,1,1,-8,-8,-8,-8,-8,-8,-8,2,-7,0,0,0,0,0,0,1,5,-7,-7,-7,200000,20000,3,5,4,5,3,3,3,2,-7,2,2,1,1,1,1,1,1,1,1,1,1,2,1,1,1,1,0,0,0,0,0,0,0,0,NA,1,1,0,0,0,1,1,0,0,0,0,1,5,1,1,1,0,0,0,1,2,NA,2,-7,-7,1,-7,1,0,0,0,2,4,2,1939,86,1,-7,2,2,1,1,1,2,-7,-7,-7,-7,9,-8,-7,-7,-6,1,2,2,2,2,2,1,4,1,1,-7,1,1,1,1,0,1,0,0,0,0,bas25_09353,564.77230434,2,24005,-7,9,8,14:31:06,9,8,15:18:51,1,2,2,1,-6,3,1,5,0,1
23,4,2,2,2,3,3,3,3,3,3,4,4,3,3,3,5,1,3,2,1,1,4,2,2,2,2,4,2,3,4,3,4,3,3,2,1,1,1,1,1,1,1,1,1,5,5,4,5,5,5,-7,2,2,2,2,2,2,2,1,3,1,4,2,3,3,2,2,2,1,1,1,1,1,0,0,0,0,0,0,0,-8,-8,-8,-8,-8,-8,-8,-8,-8,-8,-8,-8,0,0,0,1,0,0,0,1,0,0,0,1,0,0,0,1,1,0,1,1,1,0,1,1,0,4,0,0,0,0,1,0,0,1,4,-7,-7,-7,-7,-7,-7,-7,2,3,2,1,200000,50000,3,4,3,5,1,1,1,1,1,1,1,4,5,5,5,5,4,5,2,3,2,4,1,1,1,5,0,1,0,0,1,1,0,0,NA,0,1,1,0,0,0,0,0,0,0,0,1,1,2,2,1,0,0,0,1,2,NA,2,-7,-7,1,-7,2,-7,-7,-7,1,6,3,1956,69,1,-7,2,2,1,1,1,8,-7,-7,-7,-7,5,1,3,-7,3,1,1,2,2,2,2,3,2,1,1,-7,1,1,1,1,0,1,0,0,0,0,bas25_09354,240.13295981,1,24510,Chinquapin Park/Belvedere,10,2,15:57:06,10,2,16:37:12,2,2,2,1,2,4,1,5,6,3
5,6,1,2,1,3,4,4,1,1,2,1,3,5,5,1,5,3,1,5,5,5,2,4,2,1,1,2,1,2,4,4,4,5,3,3,1,1,1,1,1,1,1,1,1,5,5,3,5,5,5,4,-7,1,1,1,1,1,1,2,1,2,1,2,3,1,1,1,1,1,0,1,1,1,0,1,0,0,0,0,0,1,0,0,0,0,0,0,0,0,0,0,0,0,0,0,0,1,0,0,0,0,0,0,0,1,-8,-8,-8,-8,-8,0,0,0,0,0,0,1,1,0,0,0,0,0,1,0,1,4,-7,-7,-7,-7,-7,-7,-7,8,-7,-7,-7,150000,60000,4,5,4,5,1,1,1,1,1,1,1,4,5,5,5,5,5,5,5,3,3,3,4,1,1,1,0,0,0,0,0,0,0,0,NA,1,0,0,0,0,0,0,0,1,1,0,3,5,1,3,1,0,0,0,2,2,NA,2,-7,-7,1,-7,1,0,1,1,1,2,5,1991,34,1,-7,2,2,1,1,1,2,-7,-7,-7,-7,1,1,4,-7,4,1,1,2,2,2,2,3,1,1,1,-7,2,2,2,2,0,0,1,0,0,0,bas25_09359,445.40783047,1,24510,Northwood,8,28,08:47:17,8,28,09:11:58,2,1,1,2,2,1,1,2,12,3
4,4,1,2,2,2,3,3,2,4,4,2,3,2,3,3,3,1,3,3,1,1,2,3,2,3,3,1,1,2,3,3,4,4,3,5,1,1,1,1,2,2,2,2,1,5,3,3,4,4,4,4,-7,3,3,3,3,3,3,1,2,1,2,2,2,3,3,1,1,0,0,0,1,0,0,0,0,0,0,0,0,0,0,0,0,0,0,0,0,1,0,0,0,0,1,0,0,0,0,1,0,1,0,0,0,0,0,0,1,1,0,0,1,0,1,1,0,0,3,-8,-8,-8,-8,-8,-8,-8,3,-7,-7,-7,-7,-7,-7,-7,-7,3,5,4,2,150000,50000,2,2,3,4,3,2,3,2,-7,2,2,2,2,2,2,3,3,3,3,3,1,3,3,1,1,1,0,1,0,1,0,0,0,0,NA,0,0,0,0,0,1,0,0,0,0,0,4,5,1,1,1,0,0,0,2,2,NA,1,1,-7,2,1,2,-7,-7,-7,2,6,1,1994,31,2,-7,2,2,1,1,1,2,-7,-7,-7,-7,7,2,-7,4,9,2,2,2,2,2,2,4,2,1,1,-7,2,2,2,2,0,0,1,0,0,0,bas25_09369,1028.935541,1,24510,South Baltimore,8,27,21:52:40,8,27,22:17:17,2,1,1,2,4,4,2,2,0,1
42,6,3,2,3,2,3,3,4,3,4,2,3,3,1,2,2,1,2,1,1,1,1,3,2,3,2,2,2,3,3,3,3,2,3,3,1,1,1,1,1,1,1,1,2,4,3,3,3,3,3,-7,3,3,3,3,3,3,3,1,1,1,2,2,3,3,2,1,1,1,1,0,0,0,0,0,0,0,0,0,0,1,1,1,0,0,0,0,0,0,0,0,0,-8,-8,-8,-8,-8,-8,0,0,0,0,0,1,0,0,0,1,1,0,1,0,0,0,1,0,0,2,-8,-8,-8,-8,-8,-8,-8,3,-7,-7,-7,-7,-7,-7,-7,-7,5,-7,-7,-7,150000,50000,3,4,4,5,3,3,3,2,-7,2,2,1,1,1,1,1,1,1,1,1,1,2,1,1,1,1,0,0,0,0,0,0,0,0,NA,1,0,0,0,0,0,0,0,0,0,1,5,5,2,1,1,0,0,0,1,2,NA,2,-7,-7,1,-7,2,-7,-7,-7,2,7,5,1947,78,1,-7,2,2,1,1,1,2,-7,-7,-7,-7,8,2,-7,3,8,2,2,2,2,2,2,4,2,1,1,-7,2,2,2,2,0,0,1,0,0,0,bas25_09370,166.51987571,2,24005,-7,9,5,06:32:00,9,8,15:41:45,2,1,2,2,4,4,1,5,0,1
24,6,2,3,3,2,3,1,4,3,3,2,3,3,1,3,2,1,1,2,1,1,4,3,2,2,1,2,2,2,4,4,4,4,3,3,1,1,1,1,1,1,1,1,2,4,3,2,4,-8,4,-7,4,3,3,3,3,3,3,1,3,1,3,3,3,3,1,2,1,1,0,0,0,0,0,0,0,0,0,0,0,1,1,0,0,0,0,0,0,0,0,0,0,0,1,1,0,0,1,1,1,0,0,1,0,0,0,0,1,1,0,1,0,0,0,0,0,0,2,1,0,1,0,0,0,0,3,-7,-7,-7,-7,-7,-7,-7,-7,5,-7,-7,-7,450000,60000,4,5,4,5,3,3,3,2,-7,2,2,2,3,1,2,2,1,1,1,1,1,3,3,1,1,1,0,0,0,0,0,0,0,0,NA,1,1,1,0,0,1,0,0,0,0,0,5,5,2,1,1,0,0,0,1,2,NA,2,-7,-7,1,-7,2,-7,-7,-7,2,6,2,-8,-8,-8,-6,-8,-8,1,1,1,9,-7,-7,-7,-7,2,2,-7,-8,-6,2,2,2,2,2,2,3,3,1,1,-7,-6,-6,-6,-6,-8,-8,-8,-8,-8,-8,bas25_09377,751.14809126,2,24005,-7,9,9,14:21:41,9,9,15:02:50,1,2,2,-6,-6,4,-8,-8,0,1
42,3,1,1,2,1,4,3,2,4,3,2,3,3,2,2,4,1,2,1,1,1,2,2,2,4,1,2,2,1,3,3,3,5,4,4,1,1,1,1,1,1,2,2,1,4,3,3,4,4,4,3,-7,3,3,3,3,3,3,1,1,1,2,2,2,2,1,1,1,1,0,1,1,1,0,0,0,1,0,0,0,1,1,1,1,1,0,0,1,1,0,0,0,-8,-8,-8,-8,-8,-8,0,1,0,0,1,1,0,0,0,1,1,0,0,0,0,0,0,1,0,2,-8,-8,-8,-8,-8,-8,-8,1,2,-7,-7,-7,-7,-7,-7,-7,5,-7,-7,-7,150000,15000,3,4,3,4,3,3,3,2,-7,2,2,2,1,1,3,2,2,1,1,1,1,2,2,1,1,1,0,0,0,0,0,0,0,0,NA,1,1,1,0,0,0,1,0,0,0,0,5,5,2,4,0,0,1,0,1,2,NA,2,-7,-7,2,2,2,-7,-7,-7,2,6,1,1952,73,2,-7,2,2,1,1,1,2,-7,-7,-7,-7,7,2,-7,2,7,2,2,2,2,2,2,1,3,1,1,-7,2,2,2,2,0,0,1,0,0,0,bas25_09380,451.34828909,1,24510,Highlandtown,9,9,11:55:01,9,9,12:25:06,2,2,1,2,3,4,2,5,0,1
3,6,2,2,2,2,3,2,3,5,3,2,3,3,3,1,2,1,1,2,2,1,1,2,1,3,2,1,1,2,3,3,4,3,3,4,2,2,2,2,2,2,2,2,2,5,4,3,5,5,5,-7,4,3,3,3,3,3,3,1,1,1,1,2,2,3,1,2,1,0,0,0,0,0,0,0,0,0,0,0,1,0,0,0,0,0,0,0,0,1,0,0,0,-8,-8,-8,-8,-8,-8,0,1,1,1,0,1,0,0,0,0,1,1,0,0,0,0,0,0,1,1,-8,-8,-8,-8,-8,-8,-8,3,-7,-7,-7,-7,-7,-7,-7,-7,1,1,4,4,200000,30000,3,3,3,3,3,3,3,2,-7,2,2,1,1,1,1,1,1,1,1,1,1,2,1,1,1,1,0,0,0,0,0,0,0,0,NA,1,0,0,0,0,0,0,0,0,0,1,5,5,1,1,1,0,0,0,2,2,NA,2,-7,-7,1,-7,2,-7,-7,-7,2,7,1,1990,35,2,-7,2,2,1,1,1,1,1,-7,-7,-7,2,2,-7,6,11,2,2,2,2,2,2,3,3,1,1,-7,2,2,2,2,0,0,1,0,0,0,bas25_09386,207.52354726,1,24510,Oldtown/Middle East,10,8,10:02:58,10,8,10:17:16,1,2,2,2,4,4,2,3,0,1
2,4,4,2,3,2,3,2,2,5,4,4,4,4,1,2,3,1,1,1,1,1,2,3,2,5,3,6,-7,2,3,3,4,3,4,3,1,1,1,1,1,1,1,2,2,3,3,2,3,4,4,4,-7,3,3,3,3,3,3,1,1,1,3,2,2,3,2,2,1,0,0,0,0,0,0,0,1,0,0,0,0,0,0,0,0,0,0,0,1,0,0,0,0,-8,-8,-8,-8,-8,-8,-8,-8,-8,-8,-8,-8,-8,0,0,1,1,0,0,0,0,0,0,0,1,2,-8,-8,-8,-8,-8,-8,-8,1,4,-7,-7,-7,-7,-7,-7,-7,1,1,2,3,400000,50000,4,3,3,4,3,3,3,2,-7,2,2,1,1,1,1,1,1,1,1,1,1,3,1,1,1,1,0,0,0,0,0,0,0,0,NA,1,1,1,0,0,0,0,0,0,0,0,5,4,2,1,1,0,0,0,2,2,NA,2,-7,-7,2,2,1,2,0,0,2,7,1,1990,35,2,-7,2,2,3,1,1,8,-7,-7,-7,-7,7,2,-7,6,11,2,2,2,2,2,2,3,2,1,1,-7,1,1,1,1,0,1,0,0,0,0,bas25_09399,975.338698,1,24510,Greektown/Bayview,9,21,19:52:33,9,21,20:14:41,1,1,1,1,4,4,2,3,0,1
44,3,1,1,2,2,3,3,2,2,3,1,3,2,2,2,1,1,1,1,1,1,1,2,1,1,1,2,2,2,3,3,3,4,3,3,1,1,1,1,1,1,1,1,2,3,3,2,3,3,3,4,-7,3,3,3,3,3,3,1,5,1,1,3,3,2,1,1,2,1,1,0,0,0,0,0,0,0,0,0,0,1,1,0,0,1,0,0,1,1,0,0,0,0,0,0,1,0,0,-8,-8,-8,-8,-8,-8,-8,0,0,1,1,0,0,0,0,0,0,0,1,1,-8,-8,-8,-8,-8,-8,-8,1,1,-7,-7,-7,-7,-7,-7,-7,5,-7,-7,-7,75000,25000,2,3,3,3,3,3,3,2,-7,2,2,1,1,1,1,1,1,1,-8,1,1,2,2,1,1,1,0,0,0,0,0,0,0,0,NA,1,0,0,0,0,0,0,0,0,0,1,5,5,2,4,1,0,0,0,1,2,NA,2,-7,-7,1,-7,2,-7,-7,-7,2,6,5,1946,79,1,-7,2,2,1,1,1,2,-7,-7,-7,-7,8,2,-7,1,6,2,2,2,2,2,2,3,3,1,1,-7,2,2,2,2,0,0,1,0,0,0,bas25_09433,381.20842186,2,24005,-7,8,28,13:31:17,8,28,14:00:11,1,1,1,2,3,4,1,5,0,1
5,6,2,2,-8,3,3,3,2,4,3,3,3,5,4,5,5,2,1,1,1,2,1,1,4,1,1,1,2,4,4,4,4,5,5,5,1,1,1,1,1,1,1,1,2,5,2,5,5,5,5,1,-7,2,1,1,1,1,2,2,4,2,4,1,2,2,4,1,1,0,0,0,0,0,0,0,0,0,0,0,1,1,0,0,0,0,0,1,0,1,0,0,0,1,0,1,0,0,1,0,1,0,0,1,0,1,1,0,1,0,0,0,1,1,1,1,1,0,5,1,0,0,1,0,0,0,3,-7,-7,-7,-7,-7,-7,-7,-7,5,-7,-7,-7,10 million,-26000,4,5,4,5,1,1,1,1,1,1,1,3,5,5,5,5,5,5,5,3,3,4,4,1,1,5,0,0,0,1,0,0,0,0,NA,0,1,0,0,0,0,0,0,1,1,0,5,5,1,3,1,0,0,0,2,4,NA,2,-7,-7,2,1,2,-7,-7,-7,1,3,5,1958,67,1,-7,2,2,1,1,1,9,-7,-7,-7,-7,2,1,4,-7,4,1,1,2,1,2,2,2,2,1,1,-7,1,1,1,1,0,1,0,0,0,0,bas25_09445,1004.561987,1,24510,Belair-Edison,8,27,14:38:42,8,27,15:32:42,2,2,1,1,2,2,1,5,10,3
0,4,2,3,3,3,3,3,3,5,4,4,3,4,3,2,3,2,2,4,4,4,4,3,4,3,3,4,4,2,2,2,3,2,2,3,1,2,1,1,1,2,2,2,1,4,3,3,4,4,4,5,-7,3,3,3,3,3,3,1,3,1,2,1,1,3,2,2,1,0,0,0,1,0,0,1,1,0,1,0,0,0,0,1,1,1,0,1,1,1,0,0,0,-8,-8,-8,-8,-8,-8,0,1,1,1,1,1,1,1,0,1,0,0,0,0,0,0,1,1,0,2,-8,-8,-8,-8,-8,-8,-8,1,3,-7,-7,-7,-7,-7,-7,-7,1,2,2,2,250k,50k,4,3,4,4,3,3,3,2,-7,2,2,1,1,1,1,1,1,3,2,1,1,2,1,1,1,1,0,0,0,1,0,0,0,0,NA,0,0,0,0,0,0,0,0,0,0,1,5,5,1,1,1,0,0,0,2,2,NA,2,-7,-7,1,-7,2,-7,-7,-7,2,6,3,1993,32,1,-7,3,2,1,1,1,9,-7,-7,-7,-7,1,2,-7,1,6,2,2,2,2,2,2,5,2,1,1,-7,2,2,2,2,0,0,1,0,0,0,bas25_09451,237.41588403,1,24510,Midtown,9,2,08:29:46,9,2,08:48:25,1,1,1,2,3,4,1,2,0,1
4,2,5,4,4,4,4,1,5,5,5,5,5,5,2,5,5,5,5,5,5,5,5,5,5,5,5,6,-7,4,4,4,4,2,3,5,1,1,1,1,1,1,1,1,1,5,5,5,5,5,5,-7,1,1,1,1,1,1,1,1,1,2,2,2,2,4,1,4,2,1,0,0,0,0,0,0,0,0,0,0,0,1,0,0,0,0,0,0,0,0,0,0,0,0,1,0,0,0,0,0,0,1,0,0,0,0,1,0,0,0,0,1,0,0,0,0,0,0,5,1,0,0,0,1,1,0,1,1,-7,-7,-7,-7,-7,-7,-7,1,1,1,4,50000,50000,2,1,4,2,1,1,1,1,1,1,1,1,5,5,5,5,5,1,1,1,1,2,1,1,1,5,0,1,0,0,0,0,0,0,NA,0,1,1,0,1,0,0,0,0,1,0,4,2,1,1,1,0,0,0,2,2,NA,2,-7,-7,2,1,1,0,0,1,2,2,5,1980,45,1,-7,2,2,1,1,1,8,-7,-7,-7,-7,1,1,3,-7,3,2,1,1,2,2,2,1,2,1,5,1,1,1,1,1,0,1,0,0,0,0,bas25_09454,1035.2577056,1,24510,Oliver/Johnston Square,8,27,22:12:17,8,27,22:32:20,1,2,2,1,2,1,1,3,12,3
4,2,1,2,2,1,4,3,2,3,3,1,2,2,1,1,2,1,1,1,1,1,1,3,3,3,1,3,3,3,2,2,2,2,2,3,1,1,1,1,1,1,1,1,2,5,5,2,5,4,4,4,-7,3,3,3,3,3,3,1,1,1,1,2,2,4,5,1,2,1,0,0,0,0,0,0,0,0,0,0,0,1,0,0,0,0,0,0,0,0,0,0,0,1,0,0,0,0,0,0,1,0,0,0,0,0,1,0,0,0,0,0,0,0,0,0,0,1,3,0,0,0,0,0,1,0,2,-7,0,0,0,1,0,0,0,1,3,5,4,200000,50000,3,2,2,2,3,3,3,2,-7,2,2,2,1,1,1,1,1,3,1,1,2,2,2,1,1,1,0,0,0,0,0,0,0,0,NA,1,0,0,0,0,0,0,0,0,0,1,3,3,2,2,1,0,0,0,1,2,NA,1,1,-7,5,1,1,1,0,0,1,4,1,1982,43,1,-7,2,2,1,1,1,8,-7,-7,-7,-7,4,2,-7,3,8,1,1,2,1,2,2,3,2,1,1,-7,1,1,1,1,0,1,0,0,0,0,bas25_09461,4893.7055367,2,24005,-7,8,27,14:32:47,8,27,15:09:58,2,1,1,1,4,3,1,3,0,1
8,3,1,2,2,2,3,3,3,2,3,1,3,3,1,1,2,1,2,1,1,1,1,2,3,2,3,1,1,2,2,2,4,2,4,3,1,1,1,1,1,2,2,2,2,2,2,2,2,2,2,-7,3,3,3,3,3,3,3,1,3,1,1,3,3,3,1,1,4,0,0,0,0,0,0,0,1,0,0,0,0,0,0,0,0,0,0,0,0,1,0,0,0,0,1,0,0,0,0,-8,-8,-8,-8,-8,-8,-8,0,1,1,0,0,0,0,0,0,0,1,0,1,-8,-8,-8,-8,-8,-8,-8,1,3,-7,-7,-7,-7,-7,-7,-7,1,3,4,4,300000,40000,3,3,2,5,3,3,3,2,-7,2,2,2,1,1,1,1,2,2,2,1,1,2,3,1,1,1,0,0,0,0,0,0,0,0,NA,1,0,0,0,0,0,0,0,0,0,1,5,5,2,1,1,0,0,0,2,2,NA,2,-7,-7,2,1,2,-7,-7,-7,2,7,1,1963,62,1,-7,2,2,1,1,1,9,-7,-7,-7,-7,1,2,-7,2,7,2,2,2,2,2,2,5,2,1,1,-7,2,2,2,2,0,0,1,0,0,0,bas25_09478,461.89397902,2,24005,-7,9,6,14:52:33,9,6,15:12:06,2,2,2,2,3,4,1,4,0,1
7,4,5,4,4,4,1,1,5,5,3,5,3,5,5,5,5,5,5,5,5,5,1,1,5,5,5,6,-7,3,3,3,2,3,2,3,1,1,1,1,1,2,1,2,2,5,5,5,5,5,5,3,-7,3,3,3,3,3,3,1,1,1,1,3,3,3,1,1,1,0,0,0,0,0,0,0,0,0,0,0,1,0,0,0,1,0,0,0,0,0,0,0,0,-8,-8,-8,-8,-8,-8,-8,-8,-8,-8,-8,-8,-8,1,0,1,0,0,0,0,0,0,0,0,1,1,-8,-8,-8,-8,-8,-8,-8,1,3,-7,-7,-7,-7,-7,-7,-7,1,1,2,4,2000000,20000,3,3,3,2,3,3,3,2,-7,2,2,1,1,1,1,1,1,1,1,1,1,2,1,1,1,1,0,0,0,0,0,0,0,0,NA,1,0,0,0,1,0,0,0,0,0,0,5,5,1,1,1,0,0,0,2,2,NA,2,-7,-7,1,-7,1,0,0,1,2,4,3,1984,41,2,-7,2,2,1,1,1,1,6,-7,-7,-7,1,1,4,-7,4,2,2,2,2,2,2,3,3,1,1,-7,1,1,1,1,0,1,0,0,0,0,bas25_09483,683.73148438,1,24510,Pimlico/Arlington/Hilltop,9,19,07:11:14,9,19,07:32:21,1,1,1,1,2,3,2,3,0,1
3,4,2,2,2,2,3,3,2,3,2,3,3,3,2,2,3,2,2,2,2,2,3,3,2,2,3,3,3,2,3,2,3,3,2,3,1,1,1,1,1,1,1,1,2,4,4,3,3,3,4,4,-7,3,3,3,3,3,3,1,1,1,2,2,2,3,3,1,2,1,1,0,0,1,0,1,1,1,0,0,0,0,0,0,0,0,0,0,1,1,0,0,0,0,1,0,0,0,0,0,0,0,1,0,0,0,0,0,1,1,0,1,1,0,0,0,0,0,2,1,0,0,0,0,0,0,1,1,-7,-7,-7,-7,-7,-7,-7,1,3,4,4,200000,30000,4,4,4,4,2,2,2,2,-7,2,2,3,2,2,2,2,-8,2,2,1,3,3,3,1,2,4,0,0,0,0,0,1,0,0,NA,0,1,0,1,0,0,1,0,0,0,0,4,5,2,2,1,0,0,0,1,2,NA,2,-7,-7,2,2,2,-7,-7,-7,2,4,5,1969,56,1,-7,2,2,1,1,1,8,-7,-7,-7,-7,9,2,-7,1,6,2,2,2,2,2,2,2,2,1,1,-7,1,1,1,1,0,1,0,0,0,0,bas25_09490,494.16410961,1,24510,Belair-Edison,9,4,16:47:10,9,4,17:05:57,2,2,1,1,3,3,1,4,0,1
9,2,1,2,2,1,4,3,4,2,2,1,3,2,1,1,1,1,1,1,1,1,2,3,3,2,1,2,2,2,3,2,3,3,3,3,2,1,1,1,2,2,1,2,2,2,2,2,2,3,2,4,-7,3,3,3,3,2,3,1,1,1,2,3,1,3,2,1,1,0,0,0,0,0,0,0,1,0,0,0,0,0,0,0,0,0,0,0,1,1,0,0,0,-8,-8,-8,-8,-8,-8,-8,-8,-8,-8,-8,-8,-8,0,0,1,1,0,0,0,0,0,0,0,1,2,-8,-8,-8,-8,-8,-8,-8,3,-7,-7,-7,-7,-7,-7,-7,-7,1,1,5,2,150000,40000,3,4,4,5,3,3,2,2,-7,2,2,3,2,1,2,2,2,2,2,1,1,2,2,2,2,4,0,1,0,0,0,1,0,0,NA,0,0,0,0,0,0,0,0,0,0,1,5,5,2,1,1,0,0,0,2,2,NA,2,-7,-7,1,-7,2,-7,-7,-7,2,7,3,1968,57,1,-7,2,2,1,1,1,1,6,-7,-7,-7,4,1,4,-7,4,2,1,2,2,2,2,3,3,1,1,-7,2,2,2,2,0,0,1,0,0,0,bas25_09495,150.14006332,2,24005,-7,9,8,14:22:23,9,8,16:48:58,2,1,1,2,2,4,1,4,1,1
8,5,1,2,2,2,3,3,3,3,3,1,3,2,1,2,2,2,2,2,3,2,2,4,3,3,3,2,2,3,2,2,3,2,3,3,2,2,2,2,2,2,2,2,2,3,4,3,4,4,4,-7,4,3,3,3,3,3,3,1,4,1,2,3,3,3,3,1,1,1,1,0,0,0,0,0,1,0,0,0,0,1,1,0,0,0,0,0,1,0,0,0,0,-8,-8,-8,-8,-8,-8,-8,-8,-8,-8,-8,-8,-8,1,0,0,1,0,0,0,0,0,0,0,1,2,-8,-8,-8,-8,-8,-8,-8,2,-7,0,0,0,0,0,0,1,1,1,4,2,500000,40000,3,4,3,4,3,3,3,2,-7,2,2,3,2,2,2,2,1,1,2,1,1,3,3,1,2,1,0,0,0,0,0,0,0,0,NA,1,0,0,0,0,0,0,0,0,0,1,5,5,2,1,1,0,0,0,1,2,NA,2,-7,-7,2,1,2,-7,-7,-7,2,6,1,1976,49,2,-7,2,2,1,1,1,9,-7,-7,-7,-7,3,2,-7,4,9,2,2,2,2,2,2,4,2,1,1,-7,2,2,2,2,0,0,1,0,0,0,bas25_09498,607.90684939,1,24510,Hampden/Remington,10,5,15:32:15,10,5,15:51:54,2,1,2,2,4,4,2,3,0,1
1,3,1,2,2,2,3,3,3,3,3,2,3,3,2,2,2,2,2,2,2,2,2,4,3,3,3,1,2,3,3,3,4,3,4,3,2,2,2,2,2,2,2,2,2,3,3,3,3,3,3,5,-7,3,3,3,3,3,3,1,1,1,2,2,2,3,2,1,1,0,0,0,0,0,0,0,1,0,0,0,0,0,0,0,0,0,0,0,1,0,0,0,0,0,0,1,0,0,0,0,1,0,0,0,0,1,0,0,1,1,0,0,1,0,0,0,0,0,2,0,1,0,0,0,0,0,1,2,-7,-7,-7,-7,-7,-7,-7,1,1,4,2,500000,75000,3,3,3,4,3,3,3,2,-7,2,2,2,1,2,2,2,1,2,2,1,1,3,4,1,1,3,0,1,0,1,0,1,0,0,NA,0,0,0,0,0,0,0,0,1,1,0,5,5,2,1,1,0,0,0,1,2,NA,1,1,-7,2,1,2,-7,-7,-7,2,7,1,1983,42,1,-7,2,2,1,3,1,9,-7,-7,-7,-7,1,2,-7,6,11,2,2,2,2,2,2,4,2,1,1,-7,3,5,3,5,1,0,1,0,1,0,bas25_09501,206.95377807,1,24510,Highlandtown,9,23,10:53:03,9,23,11:44:08,1,1,1,3,4,4,1,3,0,1
47,2,1,2,2,2,3,3,3,3,3,2,3,2,1,1,2,2,2,2,2,2,2,2,2,2,2,2,2,2,3,3,3,3,5,3,1,1,1,1,1,1,1,2,2,4,3,3,4,4,4,-7,4,2,2,3,3,3,3,1,5,1,3,2,1,2,1,1,1,0,0,0,0,1,0,0,0,1,0,0,0,0,0,0,0,0,0,0,1,1,0,0,0,-8,-8,-8,-8,-8,-8,-8,-8,-8,-8,-8,-8,-8,0,0,1,1,0,0,0,0,0,0,0,1,2,-8,-8,-8,-8,-8,-8,-8,3,-7,-7,-7,-7,-7,-7,-7,-7,2,1,4,4,500000,25000,3,4,3,5,3,3,3,2,-7,2,2,2,1,1,1,2,2,-8,-8,1,1,3,3,1,1,1,0,0,0,1,0,0,0,0,NA,0,0,1,0,0,0,1,0,0,0,0,5,5,2,4,1,0,0,0,2,4,NA,1,1,-7,1,-7,2,-7,-7,-7,2,6,2,1953,72,2,-7,2,2,1,1,1,2,-7,-7,-7,-7,2,2,-7,3,8,2,2,2,2,2,2,4,2,1,1,-7,2,2,2,2,0,0,1,0,0,0,bas25_09515,213.87796173,1,24510,Beechfield/Ten Hills/West Hills,10,2,19:21:03,10,2,20:30:55,2,2,2,2,4,4,2,5,2,2
10,4,1,1,2,2,3,2,2,2,2,2,3,3,2,2,3,1,2,2,2,2,1,3,2,2,2,1,1,2,2,2,3,2,-8,2,1,1,1,1,1,1,1,1,2,3,4,3,4,4,4,3,-7,3,3,3,3,3,3,1,-8,1,2,1,1,2,2,1,1,1,0,0,0,0,0,0,1,1,0,0,0,0,0,0,1,1,0,0,0,1,0,0,0,-8,-8,-8,-8,-8,-8,0,1,0,1,0,1,1,0,0,1,1,0,0,0,1,0,1,0,0,1,-8,-8,-8,-8,-8,-8,-8,1,3,-7,-7,-7,-7,-7,-7,-7,5,-7,-7,-7,300000,50000,3,2,3,4,3,3,3,2,-7,2,2,1,1,1,1,1,1,1,1,1,1,1,1,1,1,1,0,0,0,0,0,0,0,0,NA,1,0,0,0,0,0,0,0,0,0,1,5,5,2,1,1,0,0,0,2,2,NA,2,-7,-7,2,2,2,-7,-7,-7,2,7,1,1951,74,1,-7,2,2,1,1,1,9,-7,-7,-7,-7,2,2,-7,5,10,2,2,2,1,2,2,5,2,1,1,-7,2,2,2,2,0,0,1,0,0,0,bas25_09517,228.67108804,1,24510,Inner Harbor/Federal Hill,8,28,16:52:25,8,28,17:20:19,2,2,1,2,4,4,1,5,0,1
14,2,1,2,3,1,3,3,3,2,3,1,3,1,1,1,1,1,1,1,1,1,1,3,3,1,1,1,1,2,3,2,4,3,3,3,1,2,1,2,1,1,2,1,2,2,2,3,4,4,3,-7,3,3,3,3,3,3,3,1,1,1,1,1,3,1,1,1,1,0,0,0,0,1,0,0,0,0,0,0,0,0,0,0,0,1,0,0,1,1,1,0,0,0,0,0,1,0,0,0,1,0,1,1,1,0,0,0,1,1,0,0,1,0,1,0,1,0,1,-8,-8,-8,-8,-8,-8,-8,1,4,-7,-7,-7,-7,-7,-7,-7,1,2,3,4,200000,70000,2,4,3,4,3,3,3,2,-7,2,2,1,1,1,1,1,1,2,2,1,1,1,3,1,1,1,0,1,0,1,0,0,0,0,NA,0,0,0,0,0,0,0,0,1,0,0,5,5,2,1,1,1,0,0,1,2,NA,1,1,-7,2,1,1,3,1,2,2,6,1,1979,46,1,-7,2,2,1,1,1,9,-7,-7,-7,-7,1,2,-7,4,9,2,2,2,2,2,2,5,2,1,1,-7,2,2,2,2,0,0,1,0,0,0,bas25_09522,1285.2515931,2,24005,-7,8,27,14:03:37,8,27,15:03:59,2,1,2,2,4,4,1,3,0,1
2,3,1,1,2,2,4,4,1,2,2,2,3,2,2,2,3,2,1,3,3,3,1,3,2,2,2,1,1,2,2,2,4,3,2,2,2,1,2,1,2,1,1,1,2,4,4,4,4,4,4,-7,1,3,2,2,3,3,3,1,1,1,2,3,1,2,1,1,1,0,0,0,0,0,0,0,0,0,0,0,1,0,0,0,0,0,0,1,1,1,0,0,0,-8,-8,-8,-8,-8,-8,-8,-8,-8,-8,-8,-8,-8,0,0,1,1,0,0,0,0,0,0,0,1,2,-8,-8,-8,-8,-8,-8,-8,1,4,-7,-7,-7,-7,-7,-7,-7,1,2,5,4,150000,45000,3,4,3,5,3,3,3,2,-7,2,2,2,1,1,1,1,1,1,1,1,1,2,2,2,2,3,0,1,0,0,0,0,0,0,NA,0,1,0,0,0,0,0,0,0,0,0,4,4,1,1,1,0,0,0,2,2,NA,2,-7,-7,2,1,2,-7,-7,-7,2,7,1,1965,60,2,-7,2,2,1,1,1,9,-7,-7,-7,-7,1,2,-7,1,6,2,2,2,2,2,2,5,2,1,1,-7,2,2,2,2,0,0,1,0,0,0,bas25_09530,329.18621796,1,24510,Patterson Park North & East,8,27,16:11:54,8,28,13:13:00,1,1,2,2,3,4,2,4,2,2
16,4,3,2,3,3,3,2,3,4,3,3,4,3,2,2,2,2,2,1,1,1,4,4,3,3,2,2,2,2,4,3,3,3,3,3,1,1,1,1,1,1,1,1,2,3,4,3,3,3,3,-7,2,3,3,3,3,3,3,1,4,1,1,1,2,3,1,1,3,1,1,0,1,1,0,1,1,0,1,0,0,1,1,1,1,1,0,0,1,0,0,0,0,0,0,0,0,1,0,1,1,0,1,1,1,0,1,0,0,0,1,1,1,1,1,1,1,0,1,-8,-8,-8,-8,-8,-8,-8,1,2,-7,-7,-7,-7,-7,-7,-7,5,-7,-7,-7,1000000,30000,3,3,3,5,3,3,3,2,-7,2,2,2,3,3,3,4,1,2,2,2,2,2,2,1,1,1,0,0,0,0,0,0,0,0,NA,1,1,1,0,0,0,0,0,0,0,0,3,4,2,1,1,0,0,0,1,2,NA,2,-7,-7,1,-7,2,-7,-7,-7,2,6,3,1957,68,1,-7,-8,2,3,3,3,9,-7,-7,-7,-7,2,1,2,-7,2,2,2,2,2,2,2,3,2,1,1,-7,3,4,3,4,0,0,0,0,1,0,bas25_09531,502.07134241,2,24005,-7,9,3,21:39:18,9,3,22:13:31,2,1,2,3,1,4,1,5,0,1
10,5,2,2,3,2,3,3,4,3,3,2,3,3,1,1,1,1,1,2,2,2,3,2,3,2,2,2,2,2,3,3,4,3,2,3,1,1,1,1,1,1,1,2,2,3,4,3,4,3,3,4,-7,3,3,3,3,3,3,1,1,1,1,2,3,3,1,1,1,0,0,0,0,1,0,0,0,0,0,0,0,0,0,0,0,0,0,0,1,0,0,0,0,-8,-8,-8,-8,-8,-8,-8,-8,-8,-8,-8,-8,-8,1,0,0,1,0,0,0,0,1,0,0,0,2,-8,-8,-8,-8,-8,-8,-8,1,3,-7,-7,-7,-7,-7,-7,-7,1,1,4,4,100000,40000,3,3,3,4,3,3,3,2,-7,2,2,3,1,1,4,2,1,1,1,1,2,2,2,1,1,1,0,0,0,0,0,1,0,0,NA,0,-8,-8,-8,-8,-8,-8,-8,-8,-8,-8,4,4,2,1,0,0,1,0,2,2,NA,2,-7,-7,2,1,1,0,1,1,2,6,1,1977,48,1,-7,2,2,1,1,1,1,4,-7,-7,-7,2,1,5,-7,5,2,1,2,2,2,2,3,2,1,1,-7,2,2,2,2,0,0,1,0,0,0,bas25_09540,291.62428228,1,24510,Hamilton,8,29,08:01:10,9,9,14:32:28,2,1,1,2,2,4,1,3,0,1
3,4,2,2,2,2,3,3,3,3,3,3,2,2,1,1,2,4,4,5,2,2,1,2,2,2,3,1,1,3,3,3,3,4,3,3,2,2,2,2,1,2,1,1,2,5,4,5,5,4,5,3,-7,3,3,3,3,3,3,1,1,1,3,2,3,2,3,3,1,1,0,0,0,0,0,0,0,0,0,0,0,1,1,0,1,0,0,1,1,0,0,0,0,0,1,0,0,0,0,0,1,0,0,1,1,0,1,0,1,0,0,0,0,0,0,1,0,0,4,0,0,0,0,1,0,0,1,3,-7,-7,-7,-7,-7,-7,-7,7,-7,-7,-7,100000,20000,3,4,3,4,2,2,2,2,-7,1,1,2,4,2,4,1,1,2,2,2,2,3,4,1,1,4,0,1,0,1,0,0,0,0,NA,0,0,0,0,1,0,0,0,1,1,0,4,2,1,2,1,0,0,0,1,2,NA,2,-7,-7,2,1,1,0,1,0,2,3,1,1987,38,1,-7,2,2,1,1,1,2,-7,-7,-7,-7,5,1,2,-7,2,1,1,1,2,2,2,3,3,1,1,-7,2,2,2,2,0,0,1,0,0,0,bas25_09551,603.6941376,1,24510,Upton/Druid Heights,9,7,08:13:40,9,7,08:32:27,2,1,1,2,1,2,1,3,0,1
35,4,2,2,3,2,3,2,3,3,2,2,4,3,2,2,2,3,3,4,3,4,2,2,4,2,2,2,2,2,3,3,4,2,2,3,1,1,1,1,2,1,2,2,1,4,5,5,5,5,5,-7,3,3,3,3,3,2,3,1,4,2,2,2,2,3,1,1,1,1,0,0,0,0,0,0,0,0,0,0,0,1,1,0,0,0,0,0,0,0,0,0,0,0,1,0,0,0,0,0,0,0,1,1,1,0,1,0,1,0,0,0,1,0,0,1,0,0,2,1,0,0,0,0,0,0,1,3,-7,-7,-7,-7,-7,-7,-7,5,-7,-7,-7,90000,30000,3,4,4,5,3,3,3,2,-7,2,2,2,2,1,2,2,1,1,1,1,2,4,2,1,1,3,0,1,0,0,0,0,0,0,NA,0,1,0,0,0,0,0,0,0,0,0,5,5,2,4,0,1,0,0,1,2,NA,1,3,3,1,-7,2,-7,-7,-7,2,4,5,1955,70,1,-7,2,2,1,1,1,1,1,-7,-7,-7,7,1,4,-7,4,2,2,2,2,2,2,4,2,1,1,-7,1,1,1,1,0,1,0,0,0,0,bas25_09552,212.99336985,1,24510,Midway/Coldstream,8,28,12:50:11,8,28,13:25:58,2,1,2,1,2,3,1,5,1,1
7,1,3,3,2,4,3,2,3,3,3,3,3,2,3,3,3,3,3,3,3,3,3,3,3,3,3,3,3,2,2,2,3,3,3,3,2,2,2,2,2,2,2,2,2,3,3,3,3,3,3,-7,2,3,3,3,3,3,2,1,1,2,3,1,3,3,3,3,1,0,0,0,1,1,0,1,1,1,1,0,0,0,0,0,1,1,0,1,1,1,0,0,0,1,1,0,0,1,0,0,0,0,1,0,0,0,0,0,1,0,0,1,0,1,1,0,0,0,3,0,1,1,0,1,0,0,3,-7,-7,-7,-7,-7,-7,-7,-7,4,-7,-7,-7,3500,2000,3,3,3,3,2,2,2,2,-7,2,1,3,3,3,3,3,3,3,3,3,1,2,2,2,1,3,0,0,0,0,0,0,0,0,NA,1,0,0,0,0,0,0,0,1,0,0,4,3,1,1,0,1,0,0,2,3,Complete,2,-7,-7,1,-7,2,-7,-7,-7,1,4,5,1998,27,2,-7,2,2,1,1,1,5,-7,-7,-7,-7,7,1,1,-7,1,2,2,2,2,2,2,3,3,1,1,-7,1,1,1,1,0,1,0,0,0,0,bas25_09569,875.08937585,1,24510,Orchard Ridge/Armistead,9,4,19:00:57,9,4,19:35:57,2,1,2,1,1,3,2,2,1,1
32,3,1,2,2,2,3,3,4,3,2,3,4,3,3,3,3,2,3,3,3,3,2,3,3,3,2,6,-7,3,4,4,4,4,4,4,1,1,1,1,1,1,1,2,1,3,2,3,4,4,4,-7,5,3,3,3,3,3,3,1,5,1,3,3,3,3,1,1,1,1,0,0,0,1,0,0,0,0,0,0,0,1,0,0,0,1,0,0,1,0,0,0,0,0,0,1,0,0,0,0,0,0,0,1,1,0,1,0,0,1,0,0,0,0,0,0,0,1,3,-8,-8,-8,-8,-8,-8,-8,1,1,-7,-7,-7,-7,-7,-7,-7,5,-7,-7,-7,100000,50000,3,4,3,2,2,2,1,1,1,1,1,3,4,3,4,3,3,3,3,1,1,3,3,1,1,4,0,1,0,1,1,0,0,0,NA,0,1,1,0,0,1,0,0,0,0,0,2,5,2,1,0,1,0,0,2,4,NA,1,3,1,2,2,2,-7,-7,-7,2,4,1,1945,80,2,-7,2,2,1,1,1,1,2,-7,-7,-7,1,1,2,-7,2,1,2,2,2,2,2,3,1,1,1,-7,2,2,2,2,0,0,1,0,0,0,bas25_09586,926.27061962,2,24005,-7,8,28,17:54:14,8,29,11:21:58,2,2,2,2,1,3,2,5,0,1
3,5,4,2,3,3,2,2,4,4,3,5,5,5,3,5,4,5,3,5,5,5,3,2,3,4,3,3,4,3,3,3,3,4,4,4,1,-8,1,-8,-8,1,-8,-8,2,4,5,3,5,5,5,-7,3,2,2,2,2,2,3,1,1,2,4,2,3,4,3,1,2,0,1,0,0,0,1,1,0,0,1,0,0,0,0,0,0,0,0,1,0,1,1,0,0,-8,-8,-8,-8,-8,-8,0,1,1,0,0,0,1,0,0,1,0,1,0,1,0,0,1,0,0,3,-8,-8,-8,-8,-8,-8,-8,3,-7,-7,-7,-7,-7,-7,-7,-7,4,-7,-7,-7,16,3,3,3,1,2,1,1,2,1,2,1,2,2,5,5,5,3,5,4,3,4,3,4,3,1,1,4,0,1,0,0,0,1,0,0,NA,0,0,1,0,0,1,1,0,0,0,0,4,3,1,3,1,0,0,0,2,2,NA,2,-7,-7,4,1,1,3,2,1,1,3,5,1975,50,1,-7,2,2,1,1,1,9,-7,-7,-7,-7,2,1,3,-7,3,1,1,1,2,2,2,3,3,1,1,-7,1,1,1,1,0,1,0,0,0,0,bas25_09609,2270.6814627,1,24510,Oldtown/Middle East,9,1,16:31:17,9,1,17:11:30,1,1,2,1,2,2,1,4,5,2
25,4,2,2,2,2,3,3,2,3,3,4,4,3,3,3,3,2,3,2,2,2,4,3,3,3,2,2,2,2,2,2,2,3,2,2,1,1,1,1,1,1,1,1,2,3,2,4,4,3,4,3,-7,3,3,3,3,3,3,1,4,1,1,2,2,2,2,2,1,0,0,0,1,0,0,0,1,0,0,0,0,0,0,0,1,1,0,0,0,0,0,0,0,0,0,1,0,0,0,0,1,0,0,0,0,0,1,0,0,1,0,0,0,0,0,0,0,1,2,0,0,0,0,1,0,0,2,-7,0,0,1,0,0,0,0,1,2,3,4,250000,35000,2,3,2,2,3,3,3,2,-7,2,2,2,1,2,2,1,1,3,2,1,3,2,1,1,2,2,0,0,0,0,0,0,0,0,NA,1,1,0,0,0,0,0,0,0,0,0,4,5,2,1,0,1,0,0,1,2,NA,2,-7,-7,3,1,1,0,0,1,2,4,1,1979,46,1,-7,2,2,1,1,1,4,-7,-7,1,-7,9,2,-7,3,8,2,1,2,2,2,2,1,2,1,1,-7,2,2,2,2,0,0,1,0,0,0,bas25_09614,533.3333336,1,24510,Cross-Country/Cheswolde,8,28,00:57:39,8,28,01:23:21,2,1,1,2,4,3,1,3,0,1
16,2,1,1,2,2,4,3,2,4,4,3,3,3,1,1,1,1,1,1,1,1,1,1,1,4,1,4,4,3,4,4,4,5,3,4,1,1,1,1,1,1,1,2,2,4,1,1,2,2,2,5,-7,3,3,3,3,3,3,1,3,1,3,2,2,2,1,1,1,0,0,0,0,0,0,0,1,0,0,0,0,0,0,0,0,0,0,0,1,0,0,0,0,-8,-8,-8,-8,-8,-8,-8,-8,-8,-8,-8,-8,-8,1,0,1,0,0,0,0,0,0,0,0,1,1,-8,-8,-8,-8,-8,-8,-8,2,-7,0,0,1,0,0,0,0,1,1,2,4,200000,100000,4,5,4,5,2,2,1,2,-7,1,1,1,3,3,3,2,1,5,3,2,3,3,4,1,1,4,0,1,0,0,0,1,0,0,NA,0,0,0,0,0,0,0,0,0,0,1,3,4,2,3,1,0,0,0,1,2,NA,1,1,-7,3,2,1,1,0,1,1,7,3,1982,43,1,-7,2,2,1,1,1,8,-7,-7,-7,-7,1,2,-7,2,7,2,2,2,2,2,2,3,2,1,1,-7,1,1,1,1,0,1,0,0,0,0,bas25_09615,1262.0863504,2,24005,-7,9,19,16:41:44,9,19,16:59:43,2,2,1,1,3,4,1,3,0,1
0,4,2,3,3,3,3,3,4,4,5,2,2,3,3,4,3,2,3,3,2,3,1,2,4,4,2,1,1,2,3,3,3,2,1,1,2,2,2,2,2,2,2,2,2,5,5,5,5,5,5,-7,1,3,3,3,3,3,3,-8,5,1,3,3,3,2,4,4,1,0,0,0,0,0,0,0,0,0,0,0,1,0,0,0,0,0,0,0,0,1,0,0,0,0,1,0,0,0,0,1,0,0,1,1,0,0,0,1,1,0,0,0,1,0,0,0,0,0,5,0,0,1,0,0,0,0,1,4,-7,-7,-7,-7,-7,-7,-7,1,2,5,1,300000,35000,3,2,3,2,3,3,2,2,-7,2,2,4,5,5,5,5,5,5,3,4,3,3,3,1,1,5,0,1,0,1,0,0,0,0,NA,0,-8,-8,-8,-8,-8,-8,-8,-8,-8,-8,4,5,2,1,1,0,0,0,2,2,NA,2,-7,-7,2,1,2,-7,-7,-7,1,7,3,1970,55,1,-7,2,1,1,3,3,2,-7,-7,-7,-7,8,1,4,-7,4,2,2,2,2,2,2,3,2,1,1,-7,-6,-6,4,6,0,0,0,0,0,1,bas25_09646,204.09070945,1,24510,South Baltimore,9,15,12:30:52,9,15,12:49:44,2,2,2,3,2,4,1,4,0,1
20,4,1,1,1,2,3,2,2,3,2,1,3,2,2,2,1,1,1,1,1,1,1,1,3,2,1,1,2,2,4,3,4,4,3,4,1,1,1,1,1,1,1,1,2,4,4,4,4,4,4,3,-7,3,-8,3,3,3,3,1,2,1,2,2,2,2,1,2,1,1,0,0,0,0,1,0,1,0,0,0,0,0,0,0,1,0,0,0,0,0,0,0,0,-8,-8,-8,-8,-8,-8,0,0,0,0,0,1,0,0,0,1,0,1,1,1,0,0,0,0,0,3,-8,-8,-8,-8,-8,-8,-8,3,-7,-7,-7,-7,-7,-7,-7,-7,-8,-7,-7,-7,NA,NA,3,3,4,5,2,2,2,2,-7,2,2,2,4,4,4,5,2,-8,-8,2,2,3,3,1,1,1,0,0,0,0,0,0,0,0,NA,1,1,0,0,0,0,1,0,0,0,0,3,4,-8,-8,0,1,0,0,1,2,NA,2,-7,-7,3,2,2,-7,-7,-7,1,3,1,1962,63,1,-7,2,2,1,1,1,8,-7,-7,-7,-7,3,1,2,-7,2,2,-8,2,-8,1,2,-8,-8,1,1,-7,1,1,1,1,0,1,0,0,0,0,bas25_09650,1783.8300914,1,24510,Hamilton,9,19,15:38:15,9,19,16:51:23,2,1,1,1,1,2,1,4,0,1
9,3,1,1,1,1,4,3,1,2,3,2,3,3,1,2,2,1,2,1,1,1,1,1,2,3,4,2,2,3,3,3,2,3,3,1,1,1,1,1,1,1,2,2,2,2,3,5,2,2,3,-7,2,2,2,3,3,3,3,1,1,1,1,3,1,2,1,1,1,1,1,1,0,0,0,1,1,0,0,0,0,0,0,0,1,0,0,1,1,0,1,0,0,0,0,0,1,0,0,0,0,0,0,0,1,1,0,0,1,0,0,0,1,0,0,0,0,0,1,0,0,0,0,1,0,0,1,4,-7,-7,-7,-7,-7,-7,-7,1,3,1,4,400000,30000,3,2,3,3,3,2,2,2,-7,1,2,3,3,3,4,3,3,1,1,2,2,4,4,1,1,2,0,0,0,0,0,0,0,0,NA,1,0,0,0,1,0,0,0,1,0,0,2,3,1,1,1,0,0,0,1,2,NA,2,-7,-7,5,2,1,4,4,1,1,3,5,1992,33,1,-7,2,2,1,1,1,9,-7,-7,-7,-7,1,1,1,-7,1,1,1,1,2,2,1,3,4,3,5,1,1,5,1,5,1,1,1,0,0,0,bas25_09658,2193.388405,1,24510,Hamilton,8,27,17:55:10,8,27,18:21:14,1,2,2,1,1,2,1,2,2,2
10,4,1,2,1,1,3,3,3,4,2,1,2,3,1,1,1,1,1,2,1,1,1,2,2,3,1,2,3,2,3,3,3,3,3,3,1,1,1,1,1,1,1,1,2,4,3,4,4,5,5,-7,2,3,2,2,2,3,2,1,3,1,2,2,1,3,2,1,2,0,0,0,1,1,0,1,1,0,0,0,0,0,0,0,0,1,0,1,1,1,0,0,0,0,0,0,0,0,1,0,1,1,1,1,1,1,0,1,1,0,0,0,0,1,0,1,1,0,2,0,0,0,0,1,1,0,3,-7,-7,-7,-7,-7,-7,-7,-7,1,1,3,2,100000,40000,3,4,3,4,1,1,2,2,-7,1,1,3,3,3,4,3,3,4,3,1,1,2,2,1,1,1,0,1,0,0,0,1,1,0,NA,0,0,0,0,0,0,0,0,1,1,0,5,1,1,1,0,1,0,0,1,2,NA,2,-7,-7,1,-7,2,-7,-7,-7,2,6,5,1997,28,2,-7,2,1,1,3,3,5,-7,-7,-7,-7,2,1,4,-7,4,2,2,2,2,2,2,4,2,1,1,-7,2,2,4,6,0,0,1,0,0,1,bas25_09659,445.18910308,1,24510,Greater Charles Village/Barclay,10,16,16:32:56,10,16,16:54:24,1,2,2,3,2,4,2,2,4,2
4,6,2,2,2,2,3,3,3,3,3,2,3,2,1,1,1,1,1,1,2,2,2,2,2,2,2,2,2,3,-8,-8,-8,-8,2,-8,1,1,1,1,1,1,1,1,2,-8,-8,-8,-8,-8,-8,-8,-7,3,3,3,3,3,3,1,4,1,2,2,2,2,1,1,1,1,1,0,0,1,0,1,1,1,1,0,0,1,1,1,1,1,0,1,1,1,0,0,0,0,0,0,1,0,0,0,1,0,0,0,0,0,1,0,1,0,0,0,1,0,0,1,0,0,2,-8,-8,-8,-8,-8,-8,-8,3,-7,-7,-7,-7,-7,-7,-7,-7,1,3,4,2,250000,10000,3,3,2,2,3,3,3,2,-7,2,2,2,1,1,2,2,1,1,1,1,1,3,3,2,2,2,0,0,0,0,0,0,0,0,NA,1,0,0,0,0,0,0,0,0,0,1,-8,-8,2,1,1,0,0,0,2,2,NA,2,-7,-7,1,-7,2,-7,-7,-7,2,7,1,1983,42,1,-7,2,2,3,3,3,2,-7,-7,-7,-7,8,2,-7,2,7,2,2,2,2,2,2,-8,-8,1,-8,-7,1,1,1,1,0,1,0,0,0,0,bas25_09671,336.45857641,2,24005,-7,8,30,11:19:21,8,30,11:39:49,1,1,1,1,3,4,1,3,0,1
33,2,2,2,3,3,3,3,3,4,3,2,3,3,3,3,2,1,2,2,1,2,2,3,2,2,2,2,4,2,3,3,4,3,4,4,-8,1,1,1,1,1,1,2,1,5,4,3,4,5,4,2,-7,3,3,3,3,3,3,1,1,1,4,2,2,3,1,1,1,1,1,0,0,0,0,0,1,1,1,0,0,1,1,0,1,1,0,0,1,1,1,0,0,0,0,1,0,0,0,0,0,1,0,1,0,0,1,0,0,0,1,0,1,1,1,1,0,0,4,-8,-8,-8,-8,-8,-8,-8,2,-7,0,0,1,1,1,0,1,1,3,5,1,500000,50000,3,3,4,5,2,2,2,1,1,2,2,2,4,3,5,4,3,1,1,1,3,3,2,1,1,3,0,0,0,0,0,0,0,0,NA,1,1,0,0,0,1,0,0,0,0,0,4,5,2,1,1,1,0,0,2,2,NA,2,-7,-7,1,-7,2,-7,-7,-7,2,7,3,1964,61,1,-7,2,2,1,1,1,1,2,-7,-7,-7,4,2,-7,1,6,2,2,2,2,2,2,3,2,1,1,-7,1,5,1,5,1,1,1,0,0,0,bas25_09704,102.04163655,1,24510,Hamilton Hills,8,30,21:48:29,8,30,23:51:26,1,2,1,1,3,4,1,4,0,1
4,2,4,2,3,2,3,3,3,3,3,2,4,2,3,3,3,1,1,1,2,1,2,5,3,3,2,6,-7,3,3,3,4,3,3,3,2,1,2,2,2,1,2,2,2,4,2,3,1,2,1,4,-7,3,3,3,1,3,2,1,4,1,4,1,1,3,2,1,6,0,1,0,0,1,0,0,1,1,0,0,0,0,1,0,1,1,0,0,1,1,0,0,0,0,1,0,1,1,1,0,1,0,1,1,1,1,0,0,1,1,0,0,1,1,1,1,1,0,3,0,0,1,0,0,1,0,1,3,-7,-7,-7,-7,-7,-7,-7,1,2,5,2,450000,70000,4,5,4,5,3,3,3,2,-7,2,2,3,1,1,2,4,3,1,2,2,1,2,3,2,2,1,0,0,0,1,0,0,1,0,NA,0,1,0,0,0,0,0,0,1,1,0,5,5,2,1,1,0,0,0,1,2,NA,2,-7,-7,2,1,2,-7,-7,-7,2,6,1,1962,63,2,-7,1,2,1,3,3,9,-7,-7,-7,-7,2,2,-7,4,9,2,2,2,2,2,2,5,2,1,1,-7,2,2,2,2,0,0,1,0,0,0,bas25_09710,1849.6288377,2,24005,-7,8,28,15:22:54,8,28,15:50:21,1,1,1,2,4,4,2,4,3,2
23,4,3,2,1,2,3,2,4,3,2,3,3,3,2,3,2,5,5,5,3,4,3,1,4,2,2,3,5,2,4,2,4,1,2,2,1,1,1,1,1,1,1,1,1,5,5,5,5,5,5,3,-7,2,-8,3,3,3,3,1,2,1,4,2,2,5,5,3,1,1,0,0,0,0,0,0,0,0,0,0,0,1,1,1,1,1,1,1,1,1,1,0,0,0,0,0,0,0,1,0,1,1,1,0,1,0,0,0,1,1,0,1,1,0,1,1,0,0,2,1,1,1,0,1,1,0,3,-7,-7,-7,-7,-7,-7,-7,-7,5,-7,-7,-7,200000,30000,4,4,4,5,3,2,3,2,-7,2,-8,2,5,5,5,5,5,3,3,2,2,2,2,1,1,1,0,0,0,0,0,0,0,0,NA,1,0,0,0,0,0,1,0,0,0,0,-8,5,2,1,0,1,0,0,2,-8,NA,2,-7,-7,1,-7,2,-7,-7,-7,2,7,3,1949,76,2,-7,-8,2,1,1,-8,1,7,7th-Day Adventist,-7,-7,8,1,5,-7,5,2,2,2,2,2,2,3,2,1,1,-7,1,1,1,1,0,1,0,0,0,0,bas25_09739,303.86979132,1,24510,Greater Govans,9,26,12:43:51,9,26,13:34:49,2,1,1,1,2,4,2,5,1.2000000000000002,1
2,6,1,1,2,2,3,3,2,3,3,2,3,3,3,3,3,2,3,2,2,2,2,4,3,3,2,1,1,2,3,3,3,3,3,3,2,1,1,2,2,1,1,1,2,4,3,4,4,3,3,-7,4,3,3,3,3,3,3,1,2,1,2,3,1,3,2,1,1,0,0,0,0,1,0,1,0,0,0,0,0,0,0,0,0,1,0,1,1,0,0,0,0,-8,-8,-8,-8,-8,-8,-8,-8,-8,-8,-8,-8,-8,1,0,0,1,0,0,0,0,0,1,0,0,2,0,0,0,0,1,0,0,1,2,-7,-7,-7,-7,-7,-7,-7,1,1,4,2,300000,50000,3,3,3,4,3,3,3,2,-7,2,2,2,2,2,2,2,2,2,2,1,1,2,3,2,1,1,0,0,0,0,0,0,0,0,NA,1,0,0,0,0,0,0,0,0,0,1,4,4,1,1,1,0,0,0,2,2,NA,1,1,-7,2,1,2,-7,-7,-7,2,7,5,1999,26,1,-7,2,2,3,1,3,9,-7,-7,-7,-7,1,2,-7,4,9,2,2,2,2,2,2,3,3,3,5,2,2,2,2,2,0,0,1,0,0,0,bas25_09742,315.47023639,1,24510,Highlandtown,9,4,13:32:42,9,4,13:53:06,2,1,2,2,4,4,1,2,0,1
3,2,2,2,2,2,3,2,3,3,3,2,3,3,2,2,3,3,2,4,4,3,2,2,2,2,2,2,2,3,4,3,4,3,4,3,1,1,1,1,1,1,2,2,2,4,4,4,4,4,4,3,-7,3,3,3,3,3,3,2,3,2,3,2,2,3,2,1,1,0,0,0,0,0,0,1,1,0,0,0,0,0,0,0,0,0,0,0,1,0,0,0,0,-8,-8,-8,-8,-8,-8,-8,-8,-8,-8,-8,-8,-8,-8,-8,-8,-8,-8,0,0,0,0,0,0,1,2,-8,-8,-8,-8,-8,-8,-8,1,2,-7,-7,-7,-7,-7,-7,-7,1,3,3,4,60000,15000,3,4,4,5,1,1,1,1,1,1,-8,-8,5,5,5,5,5,5,5,4,3,3,4,2,1,3,0,0,0,1,0,0,0,0,NA,0,0,0,0,0,0,0,0,0,0,1,3,3,1,3,1,0,0,0,2,2,NA,2,-7,-7,1,-7,1,3,0,2,2,4,5,1983,42,1,-7,2,2,1,1,1,8,-7,-7,-7,-7,7,1,2,-7,2,1,1,2,2,2,2,4,3,1,5,2,1,1,1,1,0,1,0,0,0,0,bas25_09751,307.7492825,1,24510,Madison/East End,8,28,22:52:30,8,28,23:14:16,2,2,1,1,1,3,1,3,0,1
28,1,1,2,2,2,3,3,3,4,5,2,4,3,3,3,2,1,1,1,1,1,1,-8,2,5,-8,2,2,2,4,4,1,3,4,4,1,1,1,1,1,1,1,1,2,3,1,-8,3,3,3,1,-7,3,3,3,3,3,3,1,4,1,3,1,3,2,2,1,1,1,0,0,0,1,0,0,0,0,0,0,0,1,0,0,0,0,0,0,0,1,0,0,0,-8,-8,-8,-8,-8,-8,-8,-8,-8,-8,-8,-8,-8,0,0,1,0,1,0,1,0,0,0,0,0,5,-8,-8,-8,-8,-8,-8,-8,1,4,-7,-7,-7,-7,-7,-7,-7,5,-7,-7,-7,500000,20000,2,3,2,1,2,3,1,2,-7,2,2,-8,2,1,2,2,1,1,1,1,1,2,3,2,2,1,-8,-8,-8,-8,-8,-8,-8,-8,NA,-8,1,1,0,0,0,0,0,0,1,0,3,4,2,1,1,0,0,0,1,2,NA,1,-8,-8,2,2,1,-8,2,-8,2,3,1,1962,63,1,-7,2,2,1,1,1,2,-7,-7,-7,-7,8,1,-8,-7,-6,1,1,2,2,2,2,2,1,1,1,-7,2,2,2,2,0,0,1,0,0,0,bas25_09752,1182.4947658,2,24005,-7,10,2,14:07:48,10,2,14:44:09,1,2,1,2,-6,2,1,4,0,1
23,2,1,2,3,2,4,3,2,3,3,2,3,3,1,2,1,2,1,1,1,1,1,2,2,2,1,1,2,3,3,3,4,3,3,3,2,1,2,1,2,2,2,2,1,4,3,3,4,3,3,-7,4,3,3,3,3,3,3,1,1,1,1,2,3,2,2,2,1,1,1,0,0,0,0,0,1,0,0,0,0,1,1,0,0,1,0,1,1,0,0,0,0,0,0,0,1,0,1,0,0,0,0,0,1,0,0,0,1,1,0,0,1,0,1,0,1,0,1,0,0,1,0,0,0,0,1,1,-7,-7,-7,-7,-7,-7,-7,1,2,4,2,200000,45000,3,5,4,5,3,2,2,2,-7,2,2,3,4,3,5,4,3,3,2,2,2,4,4,1,1,1,0,1,0,0,0,1,0,0,NA,0,1,0,0,0,0,0,0,0,1,0,5,5,2,1,1,0,0,0,2,2,NA,2,-7,-7,2,1,1,0,0,1,2,6,1,1971,54,1,-7,2,2,1,1,1,1,6,-7,-7,-7,8,2,-7,1,6,1,1,2,2,2,2,3,3,1,1,-7,2,2,2,2,0,0,1,0,0,0,bas25_09758,1265.8934776,2,24005,-7,9,9,17:48:49,9,9,18:13:43,1,2,2,2,3,4,1,4,0,1
10,3,3,3,4,2,3,2,5,4,4,2,3,1,1,2,2,1,1,3,2,2,1,5,1,4,3,2,3,3,4,4,4,5,2,3,2,1,2,1,2,2,2,2,2,5,1,1,3,3,3,-7,4,2,3,1,1,1,1,1,4,2,2,2,3,3,1,1,1,0,0,0,0,0,0,0,0,0,0,0,1,0,0,0,0,0,0,1,0,1,0,0,0,0,0,0,0,0,1,0,0,0,0,0,1,1,0,1,1,0,0,0,1,0,0,0,0,0,3,-8,-8,-8,-8,-8,-8,-8,1,4,-7,-7,-7,-7,-7,-7,-7,1,2,5,2,400000,35000,4,3,4,5,2,2,2,1,3,1,1,4,4,4,5,5,5,5,4,5,3,3,5,2,2,1,0,0,0,0,0,0,0,0,NA,1,0,0,0,0,0,0,0,1,1,0,5,5,1,3,1,0,0,0,2,2,NA,2,-7,-7,2,1,1,0,0,1,1,6,5,1996,29,1,-7,2,2,1,1,1,9,-7,-7,-7,-7,1,1,4,-7,4,2,2,2,2,2,2,4,2,1,1,-7,1,1,1,1,0,1,0,0,0,0,bas25_09768,3908.3115444,2,24005,-7,9,8,18:15:55,9,8,19:07:33,2,2,2,1,2,4,1,2,9,3
8,3,2,2,2,2,3,3,2,2,3,5,1,4,5,4,5,5,3,4,4,4,2,4,3,2,3,1,1,2,3,2,4,2,3,3,1,1,1,1,1,1,1,1,2,5,5,3,5,4,4,2,-7,3,3,3,3,3,3,1,2,1,2,2,1,3,3,2,6,0,0,0,0,0,0,0,0,0,0,0,1,0,0,0,0,0,0,0,0,1,0,0,0,0,1,0,0,0,0,1,1,1,1,1,1,1,0,0,1,0,1,1,1,1,1,1,1,0,5,0,0,0,0,1,0,0,1,3,-7,-7,-7,-7,-7,-7,-7,1,4,2,3,300-400k,50k,3,4,3,4,3,3,3,2,-7,2,2,2,1,1,1,2,1,1,1,1,1,2,2,1,1,5,0,0,0,0,0,0,0,0,NA,1,0,0,0,0,0,0,0,0,0,1,4,4,2,1,1,0,0,0,2,2,NA,2,-7,-7,4,2,1,0,2,2,2,6,1,1981,44,1,-7,2,2,1,1,1,2,-7,-7,-7,-7,5,2,-7,5,10,2,1,2,1,1,2,3,2,1,1,-7,2,2,2,2,0,0,1,0,0,0,bas25_09773,808.82475124,1,24510,Fells Point,8,28,15:26:49,8,28,15:50:18,1,2,1,2,4,4,1,3,0,1
18,2,1,1,1,1,4,4,1,4,3,2,3,4,2,2,2,1,3,2,1,1,2,1,3,3,1,1,1,2,3,3,3,1,3,3,1,1,1,1,1,1,1,1,2,5,5,5,5,5,5,4,-7,3,3,3,3,3,3,1,1,1,4,2,1,2,3,2,2,0,0,0,0,1,0,0,1,0,0,0,0,0,0,0,0,1,0,0,1,1,0,0,0,-8,-8,-8,-8,-8,-8,0,1,0,0,1,1,0,0,0,1,1,0,1,0,0,0,0,1,0,2,-8,-8,-8,-8,-8,-8,-8,2,-7,0,0,0,0,0,0,1,1,1,2,3,1000000,75000,2,3,3,3,3,3,3,2,-7,2,2,1,1,1,1,1,1,2,1,1,1,2,2,1,1,1,0,0,0,0,0,0,0,0,NA,1,1,1,0,0,0,0,0,0,0,0,5,5,2,1,1,1,0,0,1,2,NA,2,-7,-7,3,2,2,-7,-7,-7,1,5,1,1967,58,2,-7,1,2,1,1,1,2,-7,-7,-7,-7,2,2,-7,6,11,2,2,2,2,2,2,3,3,1,1,-7,2,2,2,2,0,0,1,0,0,0,bas25_09779,747.72725957,1,24510,Greater Roland Park/Poplar Hill,9,8,07:30:56,9,8,07:50:57,1,2,1,2,4,3,2,4,0,1
47,2,2,2,2,2,3,3,2,4,3,4,5,5,4,5,5,1,3,3,2,2,2,2,3,3,2,-8,3,2,3,3,4,2,3,-8,-8,-8,-8,-8,-8,-8,-8,-8,2,5,5,3,5,4,5,4,-7,3,3,3,3,3,3,1,1,1,2,2,2,2,1,1,5,1,1,1,0,1,0,0,0,1,1,0,0,1,1,1,1,1,0,1,1,1,1,0,0,-8,-8,-8,-8,-8,-8,-8,-8,-8,-8,-8,-8,-8,0,0,1,1,0,1,0,0,1,1,0,0,1,0,0,1,0,0,0,0,2,-7,0,0,1,0,0,0,1,2,2,3,4,750000,35000,4,3,4,5,3,3,3,2,-7,2,2,1,1,1,1,2,1,1,1,1,1,2,2,1,1,1,0,0,0,0,0,0,0,0,NA,1,1,1,0,0,0,0,0,0,0,0,5,5,2,1,1,0,0,0,2,2,NA,2,-7,-7,1,-7,2,-7,-7,-7,2,7,2,1951,74,1,-7,2,2,1,1,1,2,-7,-7,-7,-7,2,2,-7,4,9,2,2,2,2,2,2,3,3,1,1,-7,2,2,2,2,0,0,1,0,0,0,bas25_09788,84.563073449,1,24510,Chinquapin Park/Belvedere,9,5,10:58:49,9,5,11:28:50,1,2,1,2,4,4,1,5,0,1
0,3,3,2,2,3,3,3,4,3,3,2,3,2,1,1,2,1,1,1,1,1,3,3,3,3,3,3,3,3,3,3,3,4,3,-8,2,2,2,2,1,2,1,2,2,4,2,1,2,2,3,-7,5,3,3,3,3,3,3,1,1,1,1,2,3,3,2,1,4,1,1,0,0,0,0,1,0,0,1,0,0,1,1,0,0,0,0,1,1,1,1,0,0,0,1,0,0,0,0,0,0,0,0,1,0,1,1,0,1,0,0,0,0,0,0,0,0,1,5,0,0,0,1,0,0,0,3,-7,-7,-7,-7,-7,-7,-7,-7,1,3,3,4,6figures,60000,3,3,3,3,2,2,2,2,-7,2,2,2,2,2,3,2,3,3,2,2,2,3,4,1,1,1,0,0,0,0,0,0,0,0,NA,1,0,0,0,1,0,0,0,0,0,0,3,5,1,2,1,0,0,0,2,5,NA,2,-7,-7,1,-7,1,1,0,1,2,3,5,1991,34,1,-7,2,2,1,1,1,9,-7,-7,-7,-7,5,1,4,-7,4,2,1,2,2,2,2,3,2,1,1,-7,1,1,1,1,0,1,0,0,0,0,bas25_09801,1865.8975373,2,24005,-7,10,9,17:33:42,10,9,18:03:02,1,1,2,1,2,2,1,2,0,1
25,2,1,1,1,2,4,3,2,4,3,4,4,4,4,2,3,4,3,2,1,1,1,2,1,2,2,1,1,3,3,3,3,3,3,3,1,1,1,1,1,1,1,1,1,5,4,3,3,4,3,-7,4,3,3,3,3,3,3,1,1,1,3,2,2,2,1,1,2,0,0,0,1,0,0,1,0,0,1,0,0,1,0,0,0,0,0,1,0,0,1,0,0,0,0,0,1,0,0,0,0,0,0,1,0,0,0,0,0,0,1,0,1,0,1,1,0,0,5,-8,-8,-8,-8,-8,-8,-8,1,4,-7,-7,-7,-7,-7,-7,-7,9,-7,-7,-7,NA,NA,4,5,3,5,1,3,2,2,-7,2,-8,2,4,2,4,3,2,1,1,1,2,3,3,1,1,1,0,0,0,0,0,0,0,0,NA,1,1,0,0,1,0,0,0,1,1,0,2,3,2,4,0,1,0,0,2,1,NA,-8,-7,-7,2,1,1,6,6,0,2,3,2,1961,64,1,-7,5,2,1,1,1,2,-7,-7,-7,-7,4,-8,-7,-7,-6,2,2,2,-8,2,2,1,2,1,1,-7,1,1,1,1,0,1,0,0,0,0,bas25_09812,1155.0094336,1,24510,Greater Lauraville,8,29,13:14:02,10,1,18:28:34,1,2,2,1,-6,2,1,4,0,1
49,4,1,2,2,2,4,-8,2,5,3,1,2,2,2,2,3,1,1,1,1,1,1,3,1,5,3,1,1,2,4,4,1,4,4,4,1,1,1,1,-8,1,-8,1,1,5,4,4,5,5,5,3,-7,3,3,3,3,3,3,1,1,1,1,2,2,3,1,1,3,0,0,1,0,0,0,0,0,0,0,0,0,0,0,1,0,0,0,0,0,0,0,0,0,-8,-8,-8,-8,-8,-8,0,1,0,0,0,0,0,0,0,1,1,0,0,0,0,0,0,0,1,1,-8,-8,-8,-8,-8,-8,-8,1,4,-7,-7,-7,-7,-7,-7,-7,2,5,3,4,NA,NA,4,3,2,2,3,3,3,2,-7,2,2,1,1,1,1,1,1,1,1,1,1,1,1,1,2,1,0,1,0,0,0,0,0,0,NA,0,0,0,0,0,0,0,0,0,0,1,4,5,2,1,1,0,0,0,1,2,NA,1,1,-7,2,1,2,-7,-7,-7,2,6,1,1944,81,1,-7,2,2,3,3,3,1,6,-7,-7,-7,2,2,-7,5,10,2,2,2,2,2,2,2,1,1,1,-7,2,2,2,2,0,0,1,0,0,0,bas25_09813,286.68049146,1,24510,North Baltimore/Guilford/Homeland,8,27,18:16:16,8,27,18:44:39,2,1,1,2,4,4,1,5,0,1
36,2,2,2,3,2,3,3,4,4,3,3,3,3,3,2,2,1,1,1,1,1,3,3,3,3,3,3,3,3,3,3,4,3,3,3,1,2,1,2,2,1,2,2,2,5,5,4,4,5,4,2,-7,3,3,3,3,3,3,1,4,1,1,3,3,3,1,1,1,1,0,0,1,0,0,0,0,0,0,0,0,1,0,0,0,0,0,0,0,1,0,0,0,-8,-8,-8,-8,-8,-8,0,1,0,0,0,1,0,0,0,1,1,0,0,0,1,0,1,0,0,2,0,0,0,0,0,1,0,2,-7,0,0,1,0,1,1,0,5,-7,-7,-7,1000000,40000,4,5,4,5,3,3,3,2,-7,2,2,2,1,2,2,2,2,1,1,1,1,3,3,1,1,2,0,0,0,1,0,0,0,0,NA,0,1,0,0,0,0,0,0,1,0,0,5,5,2,1,1,0,0,0,2,2,NA,2,-7,-7,1,-7,2,-7,-7,-7,1,7,4,1959,66,1,-7,2,2,1,1,1,1,6,-7,-7,-7,5,1,5,-7,5,2,2,2,2,2,2,3,-8,1,1,-7,1,1,1,1,0,1,0,0,0,0,bas25_09818,166.63818873,1,24510,Belair-Edison,9,14,13:34:11,9,14,14:28:16,1,1,1,1,2,4,1,5,0,1
1,4,2,3,3,3,3,3,4,3,4,3,4,4,3,3,2,3,2,3,2,3,3,2,2,2,2,3,2,3,1,3,4,3,3,3,1,1,1,1,1,1,1,2,2,4,5,3,3,4,4,2,-7,1,1,1,1,1,1,2,5,2,4,1,1,3,3,1,4,1,0,0,0,1,0,1,1,0,1,0,0,1,0,0,1,1,0,1,1,1,1,0,0,1,0,0,0,0,0,0,1,0,1,0,1,1,1,0,0,1,0,0,1,0,0,1,0,0,3,1,0,0,0,1,1,0,3,-7,-7,-7,-7,-7,-7,-7,-7,4,-7,-7,-7,100000,12000,3,2,4,4,1,1,1,1,1,1,1,3,5,5,5,5,5,4,4,4,2,4,5,1,1,1,1,1,0,0,1,1,0,0,NA,0,1,0,0,0,0,0,0,1,1,0,4,5,3,3,0,1,0,0,2,2,NA,1,1,-7,2,1,2,-7,-7,-7,1,6,5,2001,24,1,-7,3,2,1,1,1,9,-7,-7,-7,-7,4,1,1,-7,1,2,2,2,2,2,2,3,4,1,1,-7,1,1,1,1,0,1,0,0,0,0,bas25_09824,1080.3711112,1,24510,Edmondson Village,8,27,20:49:51,8,27,21:15:48,1,2,1,1,1,4,1,1,12,3
35,3,1,2,2,2,3,3,2,5,3,2,3,3,1,3,2,1,1,2,1,1,4,5,2,5,1,6,-7,1,2,2,4,2,3,3,2,1,1,2,2,2,1,2,2,3,4,2,4,4,4,-7,4,3,3,3,3,3,3,1,1,1,2,1,1,3,1,1,1,1,0,0,0,0,0,0,1,0,0,0,0,1,0,0,0,0,0,0,1,1,0,0,0,0,0,0,0,0,1,0,1,0,0,1,0,0,0,0,1,1,0,0,0,0,0,0,0,1,1,1,0,0,0,0,0,0,3,-7,-7,-7,-7,-7,-7,-7,-7,5,-7,-7,-7,100000,40000,3,3,4,5,3,3,3,2,-7,2,2,1,1,1,1,1,1,1,1,1,1,3,1,1,1,4,0,1,0,0,0,1,0,0,NA,0,0,1,1,0,0,0,0,0,0,0,5,5,2,4,1,0,0,0,1,2,NA,2,-7,-7,2,2,2,-7,-7,-7,2,7,1,1954,71,2,-7,3,2,3,3,3,1,3,-7,-7,-7,3,2,-7,1,6,2,2,2,2,2,2,4,2,1,1,-7,2,2,2,2,0,0,1,0,0,0,bas25_09830,364.30578928,1,24510,Northwood,8,28,14:21:20,8,28,14:57:21,2,2,2,2,3,4,2,5,0,1
26,-8,1,2,2,-8,4,3,3,5,-8,1,3,3,2,1,2,1,1,2,1,1,1,2,1,3,1,1,1,3,3,3,3,3,-8,3,2,2,2,2,2,2,2,2,2,4,4,-8,4,4,4,-7,4,3,3,3,-8,3,3,1,1,1,1,3,1,1,1,1,1,1,0,1,0,0,0,0,0,0,0,0,0,1,0,1,0,0,0,0,0,0,0,0,0,0,0,0,0,1,0,0,0,0,0,1,0,0,0,0,1,1,0,0,0,0,0,0,0,1,1,-8,-8,-8,-8,-8,-8,-8,3,-7,-7,-7,-7,-7,-7,-7,-7,5,-7,-7,-7,NA,NA,3,4,3,4,3,3,-8,2,-7,2,2,1,1,1,1,1,1,1,1,1,1,2,2,1,1,1,0,0,0,0,0,0,0,0,NA,1,1,1,0,0,0,0,0,0,0,0,5,5,2,1,1,0,0,0,1,2,NA,2,-7,-7,1,-7,2,-7,-7,-7,2,6,5,1951,74,2,-7,4,2,1,1,1,1,1,-7,-7,-7,1,2,-7,2,7,2,2,2,2,2,2,2,1,1,1,-7,2,2,2,2,0,0,1,0,0,0,bas25_09857,255.45103314,1,24510,North Baltimore/Guilford/Homeland,8,29,17:11:52,9,5,15:33:32,1,2,2,2,3,4,2,5,0,1
9,2,3,2,4,4,2,2,4,4,5,4,4,5,3,1,3,2,1,3,2,2,1,2,2,5,2,5,5,2,3,3,3,1,3,3,1,1,1,2,2,1,2,2,2,5,3,2,5,5,5,-7,4,3,1,3,1,1,3,2,5,2,1,3,1,3,3,5,1,1,0,0,0,0,0,1,0,0,1,0,0,1,0,0,0,0,0,1,1,0,0,0,0,-8,-8,-8,-8,-8,-8,0,0,0,1,0,0,0,0,1,1,0,0,0,0,0,0,1,0,0,2,-8,-8,-8,-8,-8,-8,-8,3,-7,-7,-7,-7,-7,-7,-7,-7,4,-7,-7,-7,90000,14000,3,4,2,4,1,1,1,1,1,1,1,2,4,5,3,2,5,5,5,5,4,4,3,1,2,1,0,1,0,0,0,1,0,0,NA,0,0,0,0,0,1,0,0,0,1,0,3,4,1,3,0,1,0,0,2,2,NA,2,-7,-7,2,2,2,-7,-7,-7,1,1,5,2007,18,2,-7,1,2,1,1,1,9,-7,-7,-7,-7,1,1,4,-7,4,1,1,2,2,2,2,3,4,2,5,2,1,1,1,1,0,1,0,0,0,0,bas25_09877,1741.3037599,1,24510,Westport/Mount Winans/Lakeland,8,27,18:44:32,8,27,19:25:22,1,1,2,1,2,1,2,1,6,3
12,3,1,2,3,1,3,3,3,3,3,1,4,2,2,1,2,1,2,1,1,1,1,3,2,3,5,6,-7,2,4,4,4,4,2,2,2,2,2,2,2,2,2,2,2,5,5,4,5,5,5,-7,4,3,3,3,3,3,3,1,4,1,1,2,2,3,1,1,2,0,0,0,0,0,0,0,0,0,0,0,1,0,0,0,0,0,0,0,1,1,0,0,0,-8,-8,-8,-8,-8,-8,-8,-8,-8,-8,-8,-8,-8,1,0,1,0,0,0,0,0,0,0,0,1,1,-8,-8,-8,-8,-8,-8,-8,2,-7,0,0,1,0,1,0,1,1,4,5,3,300000,30000,2,4,2,2,3,3,3,2,-7,2,2,1,1,1,1,1,1,1,1,1,1,1,2,1,1,1,0,0,0,0,0,0,0,0,NA,1,0,0,0,0,0,0,0,0,0,1,3,3,2,1,1,0,0,0,2,2,NA,2,-7,-7,2,1,2,-7,-7,-7,2,6,1,1982,43,2,-7,2,2,1,1,1,9,-7,-7,-7,-7,1,2,-7,5,10,2,2,2,2,2,2,1,1,1,1,-7,2,2,2,2,0,0,1,0,0,0,bas25_09898,1414.2564299,2,24005,-7,9,1,09:06:28,9,1,09:22:44,1,1,2,2,4,4,2,3,0,1
5,2,1,2,2,2,3,-8,2,3,3,2,3,3,2,2,2,1,1,1,1,1,1,3,2,3,1,2,2,3,3,4,2,3,3,3,1,1,1,1,1,1,2,1,1,3,2,1,3,2,3,2,-7,3,3,3,3,3,3,1,5,1,4,2,3,2,1,2,1,0,0,0,1,1,0,0,1,0,1,0,0,0,0,0,0,1,0,1,1,0,1,0,0,-8,-8,-8,-8,-8,-8,1,0,1,0,1,0,0,0,0,1,1,0,0,0,0,0,0,0,1,4,-8,-8,-8,-8,-8,-8,-8,2,-7,1,1,1,1,1,0,0,1,2,4,3,350000,30000,3,4,3,2,3,3,3,2,-7,2,2,2,1,2,2,1,1,1,1,1,1,5,3,1,1,1,0,0,0,0,0,0,0,0,NA,1,0,0,0,1,1,0,0,0,0,0,2,1,2,1,1,0,0,0,2,2,NA,2,-7,-7,-8,-7,2,-7,-7,-7,1,5,5,-8,-8,1,-7,2,2,1,1,1,1,1,-7,-7,-7,8,1,5,-7,5,2,2,2,2,2,2,2,3,1,1,-7,-6,-6,-6,-6,-8,-8,-8,-8,-8,0,bas25_09908,1208.3740668,2,24005,-7,10,2,11:16:53,10,2,11:49:47,1,1,1,-6,2,3,1,-8,0,1
11,5,2,2,2,2,3,3,2,3,3,2,4,3,2,2,3,1,1,3,3,3,1,1,2,2,1,1,2,2,3,3,3,3,3,3,1,1,1,1,1,1,1,2,2,3,3,2,4,4,3,5,-7,3,3,3,3,-8,3,1,1,1,2,2,2,2,3,1,2,0,1,0,0,0,0,0,0,0,0,0,0,1,1,0,0,0,0,0,0,0,0,0,0,0,0,0,1,0,0,0,1,0,1,0,0,0,0,0,1,1,0,0,0,0,0,0,0,1,1,-8,-8,-8,-8,-8,-8,-8,3,-7,-7,-7,-7,-7,-7,-7,-7,1,2,3,2,299999,29999,4,4,4,4,3,3,3,2,-7,2,2,2,2,2,2,2,1,1,2,3,1,3,3,1,1,4,0,0,0,0,0,0,0,0,NA,1,1,0,0,0,0,0,0,0,0,0,4,4,1,1,1,0,0,0,1,2,NA,2,-7,-7,3,1,1,3,2,1,2,4,1,1968,57,1,-7,2,2,1,1,1,8,-7,-7,-7,-7,3,2,-7,3,8,2,2,2,2,2,2,2,2,1,1,-7,2,2,2,2,0,0,1,0,0,0,bas25_09934,1967.3326831,2,24005,-7,8,29,12:23:20,8,29,12:40:04,1,2,1,2,4,3,1,4,0,1
18,4,1,1,1,1,1,4,1,4,4,1,3,1,1,1,1,1,1,1,1,1,1,5,2,4,1,6,-7,1,3,3,4,4,3,4,2,2,2,2,2,2,2,2,2,2,2,1,2,3,2,5,-7,3,3,3,3,3,3,1,1,1,1,1,1,1,1,4,6,1,0,0,0,1,0,0,0,0,0,0,0,1,0,0,0,1,0,0,0,0,0,0,0,0,0,0,0,1,0,-8,-8,-8,-8,-8,-8,-8,0,0,1,1,0,0,0,0,0,0,0,1,1,-8,-8,-8,-8,-8,-8,-8,1,4,-7,-7,-7,-7,-7,-7,-7,1,1,5,1,600000,40000,3,4,4,5,3,3,3,2,-7,2,2,1,1,1,4,3,1,1,1,1,1,3,4,1,1,1,0,0,0,0,0,0,0,0,NA,1,0,1,0,0,0,0,0,0,0,0,5,5,2,1,1,0,0,0,1,2,NA,1,2,3,3,1,1,0,0,1,2,7,1,1978,47,2,-7,2,2,1,1,1,8,-7,-7,-7,-7,1,2,-7,6,11,2,2,2,2,2,2,5,4,1,1,-7,2,2,2,2,0,0,1,0,0,0,bas25_09947,640.75035642,2,24005,-7,9,22,11:52:02,9,22,12:06:26,2,2,1,2,4,4,2,3,0,1
30,3,1,2,2,2,3,3,3,2,4,2,3,2,2,3,2,1,1,1,1,1,1,-8,3,-8,1,1,2,2,3,3,4,2,4,4,1,1,1,1,1,1,1,1,1,4,3,2,3,3,3,4,-7,3,3,3,3,3,3,1,1,1,1,1,1,2,1,1,1,0,0,0,0,1,0,1,1,0,1,0,0,0,0,0,0,1,0,1,1,0,0,0,0,0,0,0,1,0,0,0,1,1,1,1,1,0,0,0,1,1,0,1,1,1,1,1,1,0,3,0,0,1,1,1,0,0,3,-7,-7,-7,-7,-7,-7,-7,-7,1,2,4,3,150000,20000,4,4,4,5,3,3,3,2,-7,2,2,2,1,1,2,1,1,1,2,1,1,2,3,1,1,1,0,0,0,0,0,0,0,0,NA,1,0,1,0,0,0,0,0,0,1,0,4,5,2,1,1,0,0,0,2,2,NA,2,-7,-7,2,1,2,-7,-7,-7,2,7,1,1993,32,1,-7,2,2,1,1,1,8,-7,-7,-7,-7,1,2,-7,4,9,2,2,2,2,2,2,4,2,1,1,-7,2,2,2,2,0,0,1,0,0,0,bas25_09948,1828.9846031,2,24005,-7,8,29,08:52:02,8,29,09:22:17,2,2,1,2,4,4,1,2,0,1
10,2,3,2,2,2,3,3,3,4,3,2,3,3,1,1,3,4,3,3,3,3,1,3,3,2,3,3,3,1,4,4,4,4,2,3,1,2,1,1,2,2,1,2,1,4,5,3,5,5,5,5,-7,2,2,2,2,2,2,2,3,2,3,1,3,3,1,1,1,1,0,0,0,0,0,0,0,0,0,0,0,1,0,0,0,0,0,0,0,0,0,0,0,0,1,0,0,0,0,0,1,0,0,0,0,0,0,0,0,0,1,1,1,1,0,0,1,0,2,0,0,0,0,0,1,0,3,-7,-7,-7,-7,-7,-7,-7,-7,5,-7,-7,-7,NA,40000,4,2,3,2,2,2,3,2,-7,2,2,2,2,3,3,3,3,2,3,2,2,2,2,1,1,1,-8,-8,-8,-8,-8,-8,-8,-8,NA,-8,1,1,0,0,0,0,0,0,0,0,3,3,1,1,1,0,0,0,2,2,NA,2,-7,-7,-8,-7,2,-7,-7,-7,1,7,3,1940,85,1,-7,2,2,3,3,3,2,-7,-7,-7,-7,8,1,4,-7,4,2,2,2,2,2,2,1,1,2,5,2,2,2,2,2,0,0,1,0,0,0,bas25_09955,94.549693818,1,24510,Midtown,9,4,11:04:48,-9,-9,NA:NA:NA,2,2,1,2,2,4,1,5,6,3
10,4,1,2,2,2,3,3,2,2,3,1,3,2,1,1,2,2,1,1,1,1,1,2,1,1,1,1,1,2,2,2,4,3,2,3,-8,1,1,1,-8,1,-8,-8,1,4,3,1,3,3,3,-7,3,3,3,3,3,3,3,1,1,1,2,2,2,1,1,1,1,1,0,0,0,0,0,0,0,0,0,0,0,1,1,0,0,0,0,0,0,1,0,0,0,-8,-8,-8,-8,-8,-8,0,0,0,0,1,0,0,1,0,1,0,0,0,0,0,0,0,0,1,5,-8,-8,-8,-8,-8,-8,-8,3,-7,-7,-7,-7,-7,-7,-7,-7,5,-7,-7,-7,200000,35000,3,3,2,5,3,3,3,2,-7,2,2,1,1,1,1,2,1,1,1,1,1,2,2,1,1,2,0,0,0,0,0,0,0,0,NA,1,1,1,0,0,0,0,0,0,0,0,5,4,2,1,1,0,0,0,1,2,NA,2,-7,-7,2,2,2,-7,-7,-7,2,6,1,1951,74,1,-7,2,2,1,1,1,2,-7,-7,-7,-7,2,2,-7,3,8,2,2,2,2,2,2,2,3,1,1,-7,2,2,2,2,0,0,1,0,0,0,bas25_09970,1131.81674,2,24005,-7,8,29,11:32:45,8,29,11:55:18,2,2,2,2,4,4,1,5,0,1
21,4,1,1,1,1,3,3,2,4,3,2,4,3,3,3,4,2,3,3,3,3,2,2,3,4,4,5,4,3,3,3,3,4,3,3,1,1,1,1,1,1,1,1,2,5,5,5,5,5,5,-7,2,2,2,3,3,3,3,1,3,1,3,3,3,3,2,1,2,0,0,0,1,0,0,0,0,0,0,0,0,0,0,1,0,0,0,1,1,0,0,0,0,-8,-8,-8,-8,-8,-8,-8,-8,-8,-8,-8,-8,-8,1,0,1,0,0,0,0,0,0,0,0,1,2,-8,-8,-8,-8,-8,-8,-8,3,-7,-7,-7,-7,-7,-7,-7,-7,2,3,3,2,1000000,25000,3,4,3,4,3,2,3,2,-7,2,2,3,1,1,2,3,1,2,1,1,1,3,3,1,1,1,0,1,0,0,0,0,0,0,NA,0,0,0,0,0,0,0,0,0,0,1,5,5,2,1,1,0,0,0,2,2,NA,2,-7,-7,1,-7,2,-7,-7,-7,2,6,2,1957,68,1,-7,2,2,1,1,1,4,-7,-7,1,-7,8,1,4,-7,4,2,2,2,2,2,2,3,3,1,1,-7,2,2,2,2,0,0,1,0,0,0,bas25_09974,142.03774181,1,24510,Cross-Country/Cheswolde,8,27,15:15:12,8,27,15:32:55,2,2,2,2,2,4,1,5,2,2
1,4,2,2,3,1,4,4,2,2,3,1,2,2,1,1,1,1,1,1,1,1,1,2,3,3,2,1,2,2,3,2,3,4,3,4,2,2,2,2,2,2,2,2,2,3,4,3,5,5,3,4,-7,3,3,3,3,3,3,1,1,1,2,1,1,2,2,1,1,0,0,0,0,1,0,0,1,0,1,0,0,0,0,0,0,0,0,0,1,1,0,0,0,0,0,0,0,0,1,-8,-8,-8,-8,-8,-8,-8,0,0,1,1,0,0,0,1,0,1,0,0,3,-8,-8,-8,-8,-8,-8,-8,3,-7,-7,-7,-7,-7,-7,-7,-7,1,3,4,4,250000,40000,3,3,3,5,3,3,3,2,-7,2,2,1,1,1,1,1,1,1,1,1,1,3,3,2,1,1,0,1,0,1,0,0,0,0,NA,0,1,0,0,0,0,0,0,1,1,0,5,5,1,1,1,0,0,0,1,2,NA,2,-7,-7,1,-7,2,-7,-7,-7,2,7,5,1993,32,2,-7,1,2,1,1,1,9,-7,-7,-7,-7,3,2,-7,1,6,2,2,2,2,2,2,5,2,1,1,-7,2,2,2,2,0,0,1,0,0,0,bas25_09977,284.90457655,1,24510,Midtown,8,28,10:08:12,8,28,10:35:30,2,2,1,2,3,4,2,2,0,1
3,2,2,2,2,2,3,3,4,3,2,2,3,3,2,1,2,1,2,2,1,1,2,2,2,2,3,2,2,3,3,3,3,4,2,3,1,1,1,1,1,1,1,2,2,5,4,4,5,5,5,-7,4,3,3,3,3,3,3,2,1,1,3,2,3,3,1,1,1,1,0,0,0,0,0,1,0,1,1,0,0,1,1,1,1,1,1,1,1,1,1,0,0,0,1,0,0,0,1,1,0,0,0,0,1,1,1,0,0,1,0,1,0,1,1,1,1,0,3,0,0,0,1,0,0,0,2,-7,0,0,1,0,0,0,0,1,3,3,2,150000,50000,4,5,4,5,1,1,1,1,1,1,1,3,5,5,5,5,5,5,4,3,3,4,3,1,1,5,0,0,0,0,0,1,0,0,NA,0,1,1,0,0,1,0,0,0,0,0,3,5,2,3,1,1,0,0,1,2,NA,1,1,-7,3,2,1,0,1,0,1,7,3,1978,47,1,-7,2,1,1,1,3,8,-7,-7,-7,-7,4,1,5,-7,5,2,2,2,2,2,2,2,2,1,1,-7,1,1,4,6,0,1,0,0,0,1,bas25_09989,384.74447663,1,24510,Hamilton,8,27,21:25:11,8,27,22:19:04,1,2,2,3,2,4,1,3,0,1
